Album_id,Artist_id,Title,Release_date,Cover_art_url
1,1,Driving,2015-10-05,https://example.com/covers/1.jpg
2,2,Home For Christmas,2024-04-27,https://example.com/covers/2.jpg
3,2,No Strings Attached,2011-09-26,https://example.com/covers/3.jpg
4,3,Coastal Walks,2020-02-16,https://example.com/covers/4.jpg
5,4,Guilty Conscience,2019-09-01,https://example.com/covers/5.jpg
6,5,"Campfire Songs: The Popular, Obscure and Unknown Recordings of 10,000 Maniacs",2012-04-16,https://example.com/covers/6.jpg
7,6,R&B Hits,2016-08-10,https://example.com/covers/7.jpg
8,7,beatmewithaflower,2019-04-26,https://example.com/covers/8.jpg
9,8,Fatal Line,2021-12-01,https://example.com/covers/9.jpg
10,9,Ghetto: Misfortune's Wealth,2018-07-06,https://example.com/covers/10.jpg
11,10,Celloverse,2014-03-11,https://example.com/covers/11.jpg
12,11,All Eyez On Me,2014-06-19,https://example.com/covers/12.jpg
13,11,Greatest Hits,2024-05-17,https://example.com/covers/13.jpg
14,12,Away From The Sun,2010-06-15,https://example.com/covers/14.jpg
15,12,The Better Life,2009-09-27,https://example.com/covers/15.jpg
16,13,Dancing in My Room,2011-12-24,https://example.com/covers/16.jpg
17,14,"Bigger, Better, Faster, More !",2012-07-21,https://example.com/covers/17.jpg
18,15,Tales Of Love,2016-04-09,https://example.com/covers/18.jpg
19,15,Upstairs,2016-01-24,https://example.com/covers/19.jpg
20,16,5 Seconds Of Summer,2009-09-09,https://example.com/covers/20.jpg
21,16,Amnesia,2008-08-03,https://example.com/covers/21.jpg
22,16,She's Kinda Hot,2007-08-27,https://example.com/covers/22.jpg
23,16,What I Like About You,2008-12-19,https://example.com/covers/23.jpg
24,16,Youngblood,2015-08-11,https://example.com/covers/24.jpg
25,17,Get Low,2016-05-29,https://example.com/covers/25.jpg
26,17,Get Rich Or Die Tryin',2016-12-28,https://example.com/covers/26.jpg
27,17,The Massacre,2014-06-26,https://example.com/covers/27.jpg
28,18,DUMMY BOY,2015-02-07,https://example.com/covers/28.jpg
29,19,Homesick (Special Edition),2007-08-07,https://example.com/covers/29.jpg
30,20,Is There Anybody Out There?,2014-10-16,https://example.com/covers/30.jpg
31,21,Oceans Away,2017-03-04,https://example.com/covers/31.jpg
32,22,People's Instinctive Travels and the Paths of Rhythm (25th Anniversary Edition),2022-05-25,https://example.com/covers/32.jpg
33,22,The Low End Theory,2017-05-19,https://example.com/covers/33.jpg
34,23,Sundress,2015-07-21,https://example.com/covers/34.jpg
35,24,From KK To Kumbia All-Starz,2013-02-02,https://example.com/covers/35.jpg
36,24,Fuego,2021-06-25,https://example.com/covers/36.jpg
37,25,"A.B. Quintanilla III Presents Kumbia Kings Greatest Hits ""Album Versions""",2015-08-22,https://example.com/covers/37.jpg
38,25,From KK To Kumbia All-Starz,2011-11-28,https://example.com/covers/38.jpg
39,25,La Historia,2015-04-04,https://example.com/covers/39.jpg
40,25,Lo Mejor De...,2022-01-23,https://example.com/covers/40.jpg
41,25,Shhh!,2018-09-11,https://example.com/covers/41.jpg
42,26,Abba,2012-11-03,https://example.com/covers/42.jpg
43,26,Arrival,2010-10-05,https://example.com/covers/43.jpg
44,26,Gracias Por La Musica,2019-05-28,https://example.com/covers/44.jpg
45,26,I Still Have Faith In You / Don't Shut Me Down,2014-11-06,https://example.com/covers/45.jpg
46,26,Ring Ring,2019-12-06,https://example.com/covers/46.jpg
47,26,Super Trouper,2010-03-11,https://example.com/covers/47.jpg
48,26,The Album,2011-02-26,https://example.com/covers/48.jpg
49,26,The Visitors,2018-06-12,https://example.com/covers/49.jpg
50,26,Voulez-Vous,2009-11-11,https://example.com/covers/50.jpg
51,26,Voyage,2017-02-24,https://example.com/covers/51.jpg
52,26,Waterloo,2016-02-13,https://example.com/covers/52.jpg
53,27,Time Is Golden,2009-08-27,https://example.com/covers/53.jpg
54,28,Back In Black,2015-03-15,https://example.com/covers/54.jpg
55,28,Black Ice,2007-07-05,https://example.com/covers/55.jpg
56,28,Dirty Deeds Done Dirt Cheap,2014-12-16,https://example.com/covers/56.jpg
57,28,High Voltage,2006-05-21,https://example.com/covers/57.jpg
58,28,Highway to Hell,2012-05-02,https://example.com/covers/58.jpg
59,28,Iron Man 2,2014-11-13,https://example.com/covers/59.jpg
60,28,Let There Be Rock,2013-12-05,https://example.com/covers/60.jpg
61,28,Stiff Upper Lip,2009-12-03,https://example.com/covers/61.jpg
62,28,The Razors Edge,2015-04-04,https://example.com/covers/62.jpg
63,28,Who Made Who,2014-05-10,https://example.com/covers/63.jpg
64,29,Estamos Locos,2015-05-06,https://example.com/covers/64.jpg
65,29,Sonido Animal,2021-01-14,https://example.com/covers/65.jpg
66,30,SummerThing!,2009-07-22,https://example.com/covers/66.jpg
67,31,Prospect,2019-07-13,https://example.com/covers/67.jpg
68,31,Until You,2020-11-19,https://example.com/covers/68.jpg
69,32,I'm Ready - EP,2013-06-02,https://example.com/covers/69.jpg
70,32,Living Room,2013-09-27,https://example.com/covers/70.jpg
71,33,Exhibition,2014-03-27,https://example.com/covers/71.jpg
72,34,Te Vas - Single,2020-11-09,https://example.com/covers/72.jpg
73,35,Lisboa-Madrid,2016-02-11,https://example.com/covers/73.jpg
74,36,Song For Abdullah,2015-11-18,https://example.com/covers/74.jpg
75,37,Angel Miners & The Lightning Riders,2018-03-24,https://example.com/covers/75.jpg
76,37,Fifty Shades Of Grey - Original Motion Picture Soundtrack,2009-04-08,https://example.com/covers/76.jpg
77,37,Here Come the Runts,2009-08-10,https://example.com/covers/77.jpg
78,37,Hollow Moon (Bad Wolf),2009-04-04,https://example.com/covers/78.jpg
79,37,Megalithic Symphony,2008-11-06,https://example.com/covers/79.jpg
80,37,Megalithic Symphony Deluxe,2007-03-01,https://example.com/covers/80.jpg
81,37,Passion,2016-07-15,https://example.com/covers/81.jpg
82,37,Run,2006-12-09,https://example.com/covers/82.jpg
83,37,Run (Beautiful Things),2009-04-21,https://example.com/covers/83.jpg
84,37,Slam (Angel Miners),2013-09-02,https://example.com/covers/84.jpg
85,37,We Are All Insane,2018-10-11,https://example.com/covers/85.jpg
86,38,"Copland: Appalachian Spring, Rodeo, Billy the Kid & Fanfare for the Common Man",2009-08-25,https://example.com/covers/86.jpg
87,38,"Copland: Appalachian Spring; Lincoln Portrait; Fanfare; Rodeo, etc.",2017-05-11,https://example.com/covers/87.jpg
88,38,"Copland: Billy the Kid, Rodeo, El Salón México & An Outdoor Overture",2014-07-14,https://example.com/covers/88.jpg
89,38,"Copland: Rodeo, Dance Panels, El Salón México & Danzón Cubano",2014-12-13,https://example.com/covers/89.jpg
90,39,Silver Tears,2016-11-21,https://example.com/covers/90.jpg
91,39,Tasjan! Tasjan! Tasjan!,2012-02-18,https://example.com/covers/91.jpg
92,40,The Notebook (Original Motion Picture Soundtrack),2020-11-23,https://example.com/covers/92.jpg
93,41,Re:Brahim,2013-12-22,https://example.com/covers/93.jpg
94,42,Viva la Casta!,2013-04-10,https://example.com/covers/94.jpg
95,43,Getaway,2021-01-02,https://example.com/covers/95.jpg
96,44,Gratitude,2017-12-01,https://example.com/covers/96.jpg
97,45,Loco Enamorado,2016-01-16,https://example.com/covers/97.jpg
98,45,No Encuentro Palabras,2014-11-17,https://example.com/covers/98.jpg
99,46,American Animals (Original Motion Picture Soundtrack),2020-03-14,https://example.com/covers/99.jpg
100,47,Suicide Squad: The Album (Collector's Edition),2013-07-31,https://example.com/covers/100.jpg
101,48,Minor Love,2019-08-14,https://example.com/covers/101.jpg
102,49,Lost Stars,2009-09-01,https://example.com/covers/102.jpg
103,49,V,2006-03-12,https://example.com/covers/103.jpg
104,49,V - Deluxe,2011-12-11,https://example.com/covers/104.jpg
105,50,Fanfare,2018-06-16,https://example.com/covers/105.jpg
106,51,21,2013-04-21,https://example.com/covers/106.jpg
107,51,25,2010-04-06,https://example.com/covers/107.jpg
108,51,30,2019-05-29,https://example.com/covers/108.jpg
109,51,Hello,2006-04-05,https://example.com/covers/109.jpg
110,51,Pay Close Attention : XL Recordings,2011-06-01,https://example.com/covers/110.jpg
111,51,When We Were Young,2011-09-29,https://example.com/covers/111.jpg
112,52,Hailstork: Orchestral Music,2014-05-11,https://example.com/covers/112.jpg
113,53,Nascondiglio,2015-10-29,https://example.com/covers/113.jpg
114,54,Aventura,2010-09-24,https://example.com/covers/114.jpg
115,55,Dusk,2013-09-19,https://example.com/covers/115.jpg
116,56,444 X Tipo Need For Speed,2014-08-08,https://example.com/covers/116.jpg
117,56,Al Millón,2019-02-12,https://example.com/covers/117.jpg
118,56,Así Tocó Mi Vida,2015-12-02,https://example.com/covers/118.jpg
119,56,Cosas Del Diablo,2020-01-17,https://example.com/covers/119.jpg
120,56,EL BO,2016-06-05,https://example.com/covers/120.jpg
121,56,Lágrimas De Miel,2016-08-16,https://example.com/covers/121.jpg
122,56,Maldito,2020-05-05,https://example.com/covers/122.jpg
123,56,Miami Vibe,2018-07-15,https://example.com/covers/123.jpg
124,56,Señalado por Costumbre,2014-02-26,https://example.com/covers/124.jpg
125,57,Beyond,2017-03-28,https://example.com/covers/125.jpg
126,58,Aerosmith,2007-12-30,https://example.com/covers/126.jpg
127,58,Aerosmith's Greatest Hits,2012-11-02,https://example.com/covers/127.jpg
128,58,Get A Grip,2011-09-14,https://example.com/covers/128.jpg
129,58,I Don't Want To Miss A Thing,2011-11-11,https://example.com/covers/129.jpg
130,58,I Don't Want To Miss A Thing EP,2015-05-04,https://example.com/covers/130.jpg
131,58,The Essential Aerosmith,2010-07-01,https://example.com/covers/131.jpg
132,58,The Very Best of Aerosmith: Devil's Got a New Disguise,2015-09-27,https://example.com/covers/132.jpg
133,58,Toys In The Attic,2008-03-16,https://example.com/covers/133.jpg
134,59,Along The River Bed,2022-07-16,https://example.com/covers/134.jpg
135,60,The Good Times,2012-05-24,https://example.com/covers/135.jpg
136,61,I Milanesi Ammazzano Il Sabato,2015-02-24,https://example.com/covers/136.jpg
137,62,Myopia,2022-10-23,https://example.com/covers/137.jpg
138,63,Blue Something,2017-02-12,https://example.com/covers/138.jpg
139,63,Days of Rain,2021-06-20,https://example.com/covers/139.jpg
140,63,Swatches,2019-07-17,https://example.com/covers/140.jpg
141,64,Amore,2022-02-21,https://example.com/covers/141.jpg
142,64,Le canta a México,2013-05-02,https://example.com/covers/142.jpg
143,64,Mexicano (Remasterizado),2017-04-10,https://example.com/covers/143.jpg
144,64,RCA 100 Años de Música,2021-07-11,https://example.com/covers/144.jpg
145,65,Listen To The Ahmad Jamal Quintet,2011-08-09,https://example.com/covers/145.jpg
146,66,Habibi Funk: An Eclectic Selection of Music from the Arab World (Habibi Funk 007),2020-07-06,https://example.com/covers/146.jpg
147,66,Sans Titre / Ayonha,2023-10-20,https://example.com/covers/147.jpg
148,67,Session 1,2012-02-16,https://example.com/covers/148.jpg
149,68,Afgangurinn,2013-09-15,https://example.com/covers/149.jpg
150,69,MILLONES,2013-12-04,https://example.com/covers/150.jpg
151,69,Uno,2012-11-24,https://example.com/covers/151.jpg
152,70,Oh the Gold,2020-07-21,https://example.com/covers/152.jpg
153,71,Delilah,2016-10-09,https://example.com/covers/153.jpg
154,72,The Way Back Home,2017-05-20,https://example.com/covers/154.jpg
155,73,Abrada,2017-07-29,https://example.com/covers/155.jpg
156,74,Angel,2014-09-13,https://example.com/covers/156.jpg
157,74,Konvicted,2018-04-27,https://example.com/covers/157.jpg
158,75,Street Bangerz Volume 8,2015-06-02,https://example.com/covers/158.jpg
159,76,Let's Stay Together,2016-05-11,https://example.com/covers/159.jpg
160,77,Always Alright,2022-09-02,https://example.com/covers/160.jpg
161,77,Boys & Girls,2016-03-14,https://example.com/covers/161.jpg
162,77,Sound & Color,2011-07-13,https://example.com/covers/162.jpg
163,78,"Hovhaness, A.: Symphony No. 2 ,""Mysterious Mountain"" / Prayer of St. Gregory / And God Created Great Whales (Seattle Symphony)",2020-12-20,https://example.com/covers/163.jpg
164,79,A Lot About Livin' (And A Little 'Bout Love),2023-02-10,https://example.com/covers/164.jpg
165,80,Savaloy Dip,2018-01-07,https://example.com/covers/165.jpg
166,81,Francis Trouble,2016-11-07,https://example.com/covers/166.jpg
167,82,King Of The Blues Guitar,2010-01-18,https://example.com/covers/167.jpg
168,83,Creep 2 (Music from the Motion Picture),2018-08-03,https://example.com/covers/168.jpg
169,84,Albert Pla Supone A Fonollosa,2019-10-10,https://example.com/covers/169.jpg
170,85,Mineral,2020-02-18,https://example.com/covers/170.jpg
171,86,Aunque Me Cueste la Vida,2014-11-02,https://example.com/covers/171.jpg
172,87,Castillos en el aire,2019-04-23,https://example.com/covers/172.jpg
173,88,Coincidir,2020-07-10,https://example.com/covers/173.jpg
174,89,Las Dos Caras De La Cumbia,2016-01-10,https://example.com/covers/174.jpg
175,90,Magnard: Orchestral Works,2018-06-12,https://example.com/covers/175.jpg
176,91,Mélodies en noir & blanc,2016-07-17,https://example.com/covers/176.jpg
177,92,Aegean,2020-06-27,https://example.com/covers/177.jpg
178,93,De Piel Negra,2013-01-01,https://example.com/covers/178.jpg
179,94,A Corazón Abierto,2016-07-11,https://example.com/covers/179.jpg
180,94,Alejandro Fernandez 15 Años De Exitos,2008-09-25,https://example.com/covers/180.jpg
181,94,Arrullo De Estrellas,2017-02-14,https://example.com/covers/181.jpg
182,94,Caballero,2011-03-31,https://example.com/covers/182.jpg
183,94,Confidencias,2015-10-29,https://example.com/covers/183.jpg
184,94,Decepciones,2018-09-09,https://example.com/covers/184.jpg
185,94,Dos Mundos,2018-03-05,https://example.com/covers/185.jpg
186,94,Dos Mundos - Evolución,2008-03-18,https://example.com/covers/186.jpg
187,94,Duele,2013-04-27,https://example.com/covers/187.jpg
188,94,Eso Y Más,2015-03-01,https://example.com/covers/188.jpg
189,94,Hecho En México,2014-04-20,https://example.com/covers/189.jpg
190,94,Lo Esencial De Alejandro Fernández,2008-03-15,https://example.com/covers/190.jpg
191,94,Piel De Niña,2016-03-23,https://example.com/covers/191.jpg
192,94,Rompiendo Fronteras,2010-10-18,https://example.com/covers/192.jpg
193,94,Sé Que Te Duele,2010-09-20,https://example.com/covers/193.jpg
194,95,1978/1988,2018-10-16,https://example.com/covers/194.jpg
195,95,Caín,2021-09-27,https://example.com/covers/195.jpg
196,95,En Directo,2012-09-01,https://example.com/covers/196.jpg
197,95,Mujer Que Camina,2011-10-20,https://example.com/covers/197.jpg
198,95,Un Secreto a Voces,2014-05-27,https://example.com/covers/198.jpg
199,96,Encima De Mil,2018-10-07,https://example.com/covers/199.jpg
200,97,A Que No Me Dejas,2014-10-18,https://example.com/covers/200.jpg
201,97,Coleccion definitiva,2006-12-05,https://example.com/covers/201.jpg
202,97,El tren de los momentos - En vivo desde Buenos Aires,2015-01-18,https://example.com/covers/202.jpg
203,97,Más,2007-03-24,https://example.com/covers/203.jpg
204,97,No Tengo Nada,2019-04-18,https://example.com/covers/204.jpg
205,97,Sirope,2011-12-20,https://example.com/covers/205.jpg
206,97,Un Zombie A La Intemperie,2006-01-08,https://example.com/covers/206.jpg
207,98,1989-2009,2006-06-30,https://example.com/covers/207.jpg
208,98,Leccion De Vuelo,2018-10-12,https://example.com/covers/208.jpg
209,98,Mundo Lite,2010-12-27,https://example.com/covers/209.jpg
210,98,Romántico Desliz,2005-12-05,https://example.com/covers/210.jpg
211,98,Trasatlántico,2020-07-18,https://example.com/covers/211.jpg
212,99,The Best Of The Alessi Brothers,2014-01-22,https://example.com/covers/212.jpg
213,100,Four Pink Walls,2006-12-12,https://example.com/covers/213.jpg
214,101,Forever,2012-12-22,https://example.com/covers/214.jpg
215,102,As Seen On TV,2008-06-09,https://example.com/covers/215.jpg
216,102,It's About Us,2009-07-16,https://example.com/covers/216.jpg
217,103,Young & Foolish,2006-01-22,https://example.com/covers/217.jpg
218,104,Precipicio,2016-12-05,https://example.com/covers/218.jpg
219,104,Uno de nosotros (feat. Javiera Mena),2023-11-01,https://example.com/covers/219.jpg
220,105,Sealong Hair - Single,2008-07-30,https://example.com/covers/220.jpg
221,106,The Lateness Of the Hour,2004-10-14,https://example.com/covers/221.jpg
222,107,Solo Mía,2015-12-15,https://example.com/covers/222.jpg
223,108,Carnaval,2011-04-15,https://example.com/covers/223.jpg
224,109,Sigue la Dinastía,2022-03-06,https://example.com/covers/224.jpg
225,110,De Verdad,2020-10-13,https://example.com/covers/225.jpg
226,111,Unison EP,2017-03-03,https://example.com/covers/226.jpg
227,112,Gárgolas Forever,2021-03-11,https://example.com/covers/227.jpg
228,113,Destination Calabria (Radio Edit) [feat. Crystal Waters],2011-12-24,https://example.com/covers/228.jpg
229,114,LOST,2014-02-19,https://example.com/covers/229.jpg
230,115,Pictures,2017-04-25,https://example.com/covers/230.jpg
231,116,Submarine - Original Songs From The Film By Alex Turner,2018-12-12,https://example.com/covers/231.jpg
232,117,A gritos de esperanza (feat. Jesús Navarro),2017-12-27,https://example.com/covers/232.jpg
233,117,Fantasía o realidad,2012-09-06,https://example.com/covers/233.jpg
234,117,Las Mejores Baladas del Pop,2008-08-08,https://example.com/covers/234.jpg
235,117,Mentiras sinceras,2013-12-27,https://example.com/covers/235.jpg
236,117,Siempre en mi mente,2019-02-03,https://example.com/covers/236.jpg
237,117,¿Qué pides tú?,2023-01-31,https://example.com/covers/237.jpg
238,118,Navigator Truck (feat. Calez & Chance The Rapper) - Single,2009-04-08,https://example.com/covers/238.jpg
239,119,Alex Winston,2007-05-18,https://example.com/covers/239.jpg
240,120,Daydreaming,2018-07-08,https://example.com/covers/240.jpg
241,120,Deep End,2017-12-27,https://example.com/covers/241.jpg
242,120,Restless Sea,2014-06-26,https://example.com/covers/242.jpg
243,120,The Longing,2016-04-01,https://example.com/covers/243.jpg
244,120,Winterland,2016-07-21,https://example.com/covers/244.jpg
245,121,Borodin: Prince Igor (Highlights) / In the Steppes of Central Asia,2016-09-30,https://example.com/covers/245.jpg
246,121,Mussorgsky: Pictures at an Exhibition - Expanded Edition,2019-02-26,https://example.com/covers/246.jpg
247,122,Cello Moods,2020-07-02,https://example.com/covers/247.jpg
248,123,The Way You Move,2018-03-15,https://example.com/covers/248.jpg
249,124,Scriabin: 24 Preludes - Sonatas Nos. 4 & 10,2019-09-06,https://example.com/covers/249.jpg
250,125,Morgenstund,2014-02-09,https://example.com/covers/250.jpg
251,126,We Wanna,2011-02-19,https://example.com/covers/251.jpg
252,126,We wanna (feat. Daddy Yankee),2014-09-11,https://example.com/covers/252.jpg
253,127,Fantastic Mr. Fox (Original Soundtrack),2019-03-15,https://example.com/covers/253.jpg
254,127,"Harry Potter and the Deathly Hallows, Pt. 1 (Original Motion Picture Soundtrack)",2013-06-14,https://example.com/covers/254.jpg
255,127,"Harry Potter and the Deathly Hallows, Pt. 2 (Original Motion Picture Soundtrack)",2016-04-17,https://example.com/covers/255.jpg
256,128,Maybe Tomorrow It Will Change,2017-09-01,https://example.com/covers/256.jpg
257,129,Walk With Us,2016-07-09,https://example.com/covers/257.jpg
258,130,Alexis Korner's Blues Incorporated,2009-03-13,https://example.com/covers/258.jpg
259,131,Down To Earth,2015-10-21,https://example.com/covers/259.jpg
260,131,La Esencia,2010-03-17,https://example.com/covers/260.jpg
261,131,La Esencia World Edition,2011-11-17,https://example.com/covers/261.jpg
262,131,Perreología,2013-05-30,https://example.com/covers/262.jpg
263,131,Reggaeton Ton,2017-11-11,https://example.com/covers/263.jpg
264,131,The Pitbulls,2011-11-20,https://example.com/covers/264.jpg
265,131,Una en un Millón,2010-09-17,https://example.com/covers/265.jpg
266,132,Absyrations,2018-01-19,https://example.com/covers/266.jpg
267,133,Valses eróticos del rio de la concha de tu madre,2012-09-04,https://example.com/covers/267.jpg
268,134,Adoro,2013-05-28,https://example.com/covers/268.jpg
269,135,La Librería (The Bookshop) - Banda Sonora Original,2021-09-10,https://example.com/covers/269.jpg
270,136,Pure - Maria Callas,2012-10-04,https://example.com/covers/270.jpg
271,137,The Stars Are Bright,2019-04-08,https://example.com/covers/271.jpg
272,138,Asi Es Esto,2010-03-22,https://example.com/covers/272.jpg
273,139,Coral Way,2017-04-17,https://example.com/covers/273.jpg
274,139,El Llamado,2021-04-03,https://example.com/covers/274.jpg
275,139,Tocororo,2012-04-04,https://example.com/covers/275.jpg
276,140,Mis Favoritas,2016-10-18,https://example.com/covers/276.jpg
277,141,The Best Of Alice Cooper,2009-01-14,https://example.com/covers/277.jpg
278,141,Trash,2013-05-29,https://example.com/covers/278.jpg
279,142,Who Needs Guitars Anyway?,2018-09-02,https://example.com/covers/279.jpg
280,143,Tropical Deco,2017-05-10,https://example.com/covers/280.jpg
281,144,As I Am,2008-09-04,https://example.com/covers/281.jpg
282,145,"Nadales de sofà, Vol. II",2014-09-04,https://example.com/covers/282.jpg
283,146,Trust,2015-10-25,https://example.com/covers/283.jpg
284,147,Misty Midnight,2020-02-29,https://example.com/covers/284.jpg
285,148,Lake Shore Drive,2018-08-17,https://example.com/covers/285.jpg
286,149,Monalisa,2015-07-21,https://example.com/covers/286.jpg
287,149,Pura Playa,2018-11-29,https://example.com/covers/287.jpg
288,149,Una Cita,2009-03-15,https://example.com/covers/288.jpg
289,150,"So Wrong, It's Right",2015-09-20,https://example.com/covers/289.jpg
290,150,"So Wrong, It's Right (Deluxe Version)",2013-03-15,https://example.com/covers/290.jpg
291,151,Loners Are Cool,2007-11-28,https://example.com/covers/291.jpg
292,152,120 Km/Hr.,2016-04-13,https://example.com/covers/292.jpg
293,152,Allison (Edición Especial),2021-09-27,https://example.com/covers/293.jpg
294,152,Memorama,2021-06-25,https://example.com/covers/294.jpg
295,152,Todo Está Encendido,2015-03-18,https://example.com/covers/295.jpg
296,153,At Fillmore East,2011-12-16,https://example.com/covers/296.jpg
297,153,Brothers And Sisters,2011-10-06,https://example.com/covers/297.jpg
298,153,Eat A Peach,2016-08-22,https://example.com/covers/298.jpg
299,153,Idlewild South,2013-11-18,https://example.com/covers/299.jpg
300,154,O Yinne!,2021-11-27,https://example.com/covers/300.jpg
301,155,Hear Me Tonight,2019-04-14,https://example.com/covers/301.jpg
302,156,Raise Em Up [Ellington House Remix],2019-01-23,https://example.com/covers/302.jpg
303,157,Yuck,2016-12-27,https://example.com/covers/303.jpg
304,158,La Parranda Va a Empezar,2014-12-28,https://example.com/covers/304.jpg
305,159,Les Misérables (10th Anniversary Concert Live at Royal Albert Hall),2021-02-12,https://example.com/covers/305.jpg
306,159,Les Misérables (Original 1985 London Cast Recording),2015-11-19,https://example.com/covers/306.jpg
307,160,15 Exitos De Alvaro Carillo Con Sus Mejors,2020-07-07,https://example.com/covers/307.jpg
308,160,La Coleccion Del Siglo,2022-01-13,https://example.com/covers/308.jpg
309,161,Africa,2019-11-23,https://example.com/covers/309.jpg
310,162,Mamma Mia! The Movie Soundtrack,2011-08-23,https://example.com/covers/310.jpg
311,163,Wish You Were Here,2012-05-14,https://example.com/covers/311.jpg
312,164,Homecoming,2012-01-30,https://example.com/covers/312.jpg
313,165,I Wanna Go Out,2012-08-02,https://example.com/covers/313.jpg
314,165,"Oh, What A Life",2008-08-06,https://example.com/covers/314.jpg
315,165,What We Live For,2014-10-18,https://example.com/covers/315.jpg
316,166,Showers of Peace,2018-01-17,https://example.com/covers/316.jpg
317,167,Cielo e mar,2017-08-22,https://example.com/covers/317.jpg
318,167,Favourite Ballet,2013-04-01,https://example.com/covers/318.jpg
319,168,Good For You,2020-10-18,https://example.com/covers/319.jpg
320,168,Spider-Man: Into the Spider-Verse,2016-09-26,https://example.com/covers/320.jpg
321,169,eye of the beholder,2015-04-18,https://example.com/covers/321.jpg
322,170,Amos Lee,2011-05-12,https://example.com/covers/322.jpg
323,170,Spirit,2015-05-26,https://example.com/covers/323.jpg
324,171,"4 Sketches, Op. 15: III. Dreaming",2014-06-30,https://example.com/covers/324.jpg
325,172,Home For Christmas,2009-09-15,https://example.com/covers/325.jpg
326,173,Back To Black: B-Sides,2007-01-07,https://example.com/covers/326.jpg
327,174,A La Sombra De Un León,2017-08-31,https://example.com/covers/327.jpg
328,174,Esencial Ana y Victor,2022-09-03,https://example.com/covers/328.jpg
329,174,Los Grandes Exitos... Y Mas,2011-02-10,https://example.com/covers/329.jpg
330,174,Mucho Mas Que Dos (Live In Concert),2021-07-20,https://example.com/covers/330.jpg
331,175,Color Esperanza / Sólo le Pido a Dios,2020-01-07,https://example.com/covers/331.jpg
332,175,Te Atraparé Bandido,2013-12-04,https://example.com/covers/332.jpg
333,176,La Bala,2020-01-04,https://example.com/covers/333.jpg
334,177,Carita Feliz,2014-06-18,https://example.com/covers/334.jpg
335,178,Anaïs Mitchell,2013-09-11,https://example.com/covers/335.jpg
336,179,Shang-Chi and The Legend of The Ten Rings: The Album,2012-06-21,https://example.com/covers/336.jpg
337,180,Fifty Shades Darker,2019-03-12,https://example.com/covers/337.jpg
338,181,Amor,2012-10-07,https://example.com/covers/338.jpg
339,181,Amor - Edición Especial En Español,2014-12-30,https://example.com/covers/339.jpg
340,181,Amore (Version II),2015-11-06,https://example.com/covers/340.jpg
341,181,Andrea Bocelli Spotify Sessions,2013-03-12,https://example.com/covers/341.jpg
342,181,Bocelli,2017-08-07,https://example.com/covers/342.jpg
343,181,Cinema,2016-10-11,https://example.com/covers/343.jpg
344,181,Il Mare Calmo Della Sera - Remastered,2017-03-02,https://example.com/covers/344.jpg
345,181,My Love Songs (Expanded Edition),2018-10-20,https://example.com/covers/345.jpg
346,181,Pasión,2017-02-27,https://example.com/covers/346.jpg
347,181,Pasión - Edición Especial En Español,2016-06-23,https://example.com/covers/347.jpg
348,181,Pianissimo,2019-11-14,https://example.com/covers/348.jpg
349,181,Return To Love,2013-11-30,https://example.com/covers/349.jpg
350,181,Sì - Edición Especial En Español,2012-10-24,https://example.com/covers/350.jpg
351,182,"Rock En Tu Idioma, Eléctrico",2020-05-14,https://example.com/covers/351.jpg
352,183,Uomo Donna,2018-09-15,https://example.com/covers/352.jpg
353,184,That Spell,2016-11-24,https://example.com/covers/353.jpg
354,185,Kohala,2017-01-20,https://example.com/covers/354.jpg
355,186,Strange Trails,2014-07-05,https://example.com/covers/355.jpg
356,187,Ocean,2014-05-10,https://example.com/covers/356.jpg
357,188,Cast Away,2016-10-08,https://example.com/covers/357.jpg
358,189,My Finest Work Yet,2015-07-15,https://example.com/covers/358.jpg
359,190,Haven,2015-12-10,https://example.com/covers/359.jpg
360,190,Plain Sight,2014-10-19,https://example.com/covers/360.jpg
361,190,Wayside,2021-05-25,https://example.com/covers/361.jpg
362,191,Cats,2012-02-23,https://example.com/covers/362.jpg
363,191,Highlights From The Phantom Of The Opera,2013-04-08,https://example.com/covers/363.jpg
364,191,The Phantom Of The Opera,2008-02-26,https://example.com/covers/364.jpg
365,191,The Phantom of the Opera (Original Motion Picture Soundtrack),2015-06-11,https://example.com/covers/365.jpg
366,191,The Phantom of the Opera (Original Motion Picture Soundtrack) [Expanded Edition],2011-06-05,https://example.com/covers/366.jpg
367,192,Best Of,2014-09-11,https://example.com/covers/367.jpg
368,193,Double d'or : du Paso au Tango,2015-08-04,https://example.com/covers/368.jpg
369,194,Alta Suciedad,2015-08-26,https://example.com/covers/369.jpg
370,194,Bohemio,2021-08-29,https://example.com/covers/370.jpg
371,194,Dios Los Cría,2019-04-06,https://example.com/covers/371.jpg
372,194,El cantante,2019-09-25,https://example.com/covers/372.jpg
373,194,Honestidad Brutal,2020-11-20,https://example.com/covers/373.jpg
374,195,El Equivocado,2017-09-14,https://example.com/covers/374.jpg
375,196,Andy Y Lucas,2016-05-18,https://example.com/covers/375.jpg
376,197,Change of Pace,2012-10-05,https://example.com/covers/376.jpg
377,197,Dancin' Around My Grave,2014-04-15,https://example.com/covers/377.jpg
378,198,Andy Grammer,2010-01-02,https://example.com/covers/378.jpg
379,198,Fresh Eyes,2014-02-28,https://example.com/covers/379.jpg
380,198,Magazines Or Novels,2020-02-18,https://example.com/covers/380.jpg
381,198,Magazines or Novels,2011-09-26,https://example.com/covers/381.jpg
382,199,Mejor Que Él,2008-03-20,https://example.com/covers/382.jpg
383,200,Romaria,2022-11-23,https://example.com/covers/383.jpg
384,201,It's the Most Wonderful Time of the Year,2017-02-16,https://example.com/covers/384.jpg
385,201,The Andy Williams Christmas Album,2013-07-08,https://example.com/covers/385.jpg
386,202,Latin Fitness Dance 2012,2009-07-22,https://example.com/covers/386.jpg
387,202,Reggaeton!,2013-04-24,https://example.com/covers/387.jpg
388,202,Showtime,2008-12-02,https://example.com/covers/388.jpg
389,202,Tu Tan Lejos,2006-10-13,https://example.com/covers/389.jpg
390,202,Ven Bailalo,2016-10-21,https://example.com/covers/390.jpg
391,203,When We Lay Down,2016-09-27,https://example.com/covers/391.jpg
392,204,Winter Parade Hit 2012,2006-01-14,https://example.com/covers/392.jpg
393,205,The Ballad of Betty and Barney Hill,2022-04-10,https://example.com/covers/393.jpg
394,206,Les Emotifs Anonymes (Original Motion Picture Soundtrack),2015-05-15,https://example.com/covers/394.jpg
395,207,Autumn Leaves,2017-07-03,https://example.com/covers/395.jpg
396,208,Ani DiFranco,2006-09-14,https://example.com/covers/396.jpg
397,209,Fall Apart,2011-09-04,https://example.com/covers/397.jpg
398,210,Downtown,2010-10-08,https://example.com/covers/398.jpg
399,211,Flow,2018-08-28,https://example.com/covers/399.jpg
400,211,Vague / E la nave va,2020-05-26,https://example.com/covers/400.jpg
401,212,Cups (Pitch Perfect’s “When I’m Gone”),2011-06-19,https://example.com/covers/401.jpg
402,212,Pitch Perfect Soundtrack,2009-12-03,https://example.com/covers/402.jpg
403,213,Idle Mind,2015-01-25,https://example.com/covers/403.jpg
404,214,Les Misérables: The Motion Picture Soundtrack Deluxe,2018-04-15,https://example.com/covers/404.jpg
405,215,Nostalgia,2018-01-28,https://example.com/covers/405.jpg
406,215,The Lord of the Rings: The Return of the King,2011-10-15,https://example.com/covers/406.jpg
407,216,Mischa Maisky - Song of the Cello,2013-04-09,https://example.com/covers/407.jpg
408,216,"Orchestral Music - Verdi, G. / Mozart, W.A. / Puccini, G. (Symphonic Opera)",2015-09-24,https://example.com/covers/408.jpg
409,217,Les Misérables (10th Anniversary Concert Live at Royal Albert Hall),2015-04-07,https://example.com/covers/409.jpg
410,218,1960s Cool Jazz,2022-03-03,https://example.com/covers/410.jpg
411,219,Pacifiquement,2020-11-01,https://example.com/covers/411.jpg
412,220,Natural,2013-05-10,https://example.com/covers/412.jpg
413,221,15 Corridos De Caballos - Antonio Aguilar,2012-09-07,https://example.com/covers/413.jpg
414,221,15 Exitos Corridos - Antonio Aguilar,2012-10-23,https://example.com/covers/414.jpg
415,221,15 Éxitos: Corridos de Caballos Famosos,2013-10-10,https://example.com/covers/415.jpg
416,221,Animas Que Amanezca,2008-09-16,https://example.com/covers/416.jpg
417,221,"Antonio Aguilar Con Tambora, Vol. 2",2019-11-10,https://example.com/covers/417.jpg
418,221,Bala Perdida,2016-12-12,https://example.com/covers/418.jpg
419,221,Cantares de la Revolución Mexicana y Canciones Norteñas,2016-10-13,https://example.com/covers/419.jpg
420,221,Corridos,2014-03-04,https://example.com/covers/420.jpg
421,221,Corridos Antonio Aguilar,2013-04-13,https://example.com/covers/421.jpg
422,221,Mi Historia - Antonio Aguilar,2012-12-16,https://example.com/covers/422.jpg
423,221,Personalidad,2011-11-25,https://example.com/covers/423.jpg
424,221,"Rancheras, Corridos y Huapangos",2012-04-15,https://example.com/covers/424.jpg
425,221,"Rancherísimo, Vol. 2",2012-03-24,https://example.com/covers/425.jpg
426,221,Sus 25 Canciones Imprescindibles,2015-08-19,https://example.com/covers/426.jpg
427,222,Elegia,2022-10-19,https://example.com/covers/427.jpg
428,222,Guitarras Latinas,2020-01-17,https://example.com/covers/428.jpg
429,223,Llegará,2015-01-28,https://example.com/covers/429.jpg
430,224,Salieri: Veneziana (La) / Cimarosa: Symphony in D Major / Paisiello: Symphony in D Major / Clementi: Symphony in D Major / Rossini: Bologna,2017-09-26,https://example.com/covers/430.jpg
431,225,Básico,2017-07-27,https://example.com/covers/431.jpg
432,226,Sinkovsky Plays and Sings Vivaldi,2015-05-26,https://example.com/covers/432.jpg
433,226,Vivaldi: Concertos for Strings,2019-05-25,https://example.com/covers/433.jpg
434,226,Vivaldi: The Four Seasons,2014-07-25,https://example.com/covers/434.jpg
435,226,Vivaldi: The Four Seasons • Concertos for Bassoon & Violin 'in tromba marina',2016-10-14,https://example.com/covers/435.jpg
436,227,Dvorak,2019-05-30,https://example.com/covers/436.jpg
437,227,Piano 101,2013-04-23,https://example.com/covers/437.jpg
438,227,The Dvorák Album,2022-02-03,https://example.com/covers/438.jpg
439,228,Amanece,2012-08-30,https://example.com/covers/439.jpg
440,228,China,2016-08-21,https://example.com/covers/440.jpg
441,228,Emmanuel,2010-09-07,https://example.com/covers/441.jpg
442,228,Keii,2016-03-13,https://example.com/covers/442.jpg
443,228,Real Hasta la Muerte,2010-07-18,https://example.com/covers/443.jpg
444,228,Secreto,2020-03-19,https://example.com/covers/444.jpg
445,228,Sola (Remix),2011-03-31,https://example.com/covers/445.jpg
446,229,Age of Apathy,2020-04-07,https://example.com/covers/446.jpg
447,229,B61,2020-06-26,https://example.com/covers/447.jpg
448,230,Midnight,2014-11-17,https://example.com/covers/448.jpg
449,231,"Khachaturian : Gayaneh, Masquerade & Spartacus [Excerpts]",2018-10-24,https://example.com/covers/449.jpg
450,232,Creature Comfort,2012-12-30,https://example.com/covers/450.jpg
451,232,Everything Now,2009-12-24,https://example.com/covers/451.jpg
452,232,Funeral,2014-01-17,https://example.com/covers/452.jpg
453,232,Her (Original Score),2020-02-27,https://example.com/covers/453.jpg
454,232,Neon Bible,2013-12-11,https://example.com/covers/454.jpg
455,232,Reflektor,2012-09-05,https://example.com/covers/455.jpg
456,232,"The Lightning I, II",2016-04-16,https://example.com/covers/456.jpg
457,232,The Suburbs,2009-03-30,https://example.com/covers/457.jpg
458,232,The Suburbs (Deluxe),2014-03-10,https://example.com/covers/458.jpg
459,233,Places Like This,2011-08-20,https://example.com/covers/459.jpg
460,234,AM,2008-09-04,https://example.com/covers/460.jpg
461,234,Do I Wanna Know?,2005-09-27,https://example.com/covers/461.jpg
462,234,Favourite Worst Nightmare,2014-04-12,https://example.com/covers/462.jpg
463,234,Humbug,2012-04-07,https://example.com/covers/463.jpg
464,234,Suck It And See,2014-02-19,https://example.com/covers/464.jpg
465,234,Suck It and See,2010-10-06,https://example.com/covers/465.jpg
466,234,The Car,2021-01-04,https://example.com/covers/466.jpg
467,234,Tranquility Base Hotel & Casino,2013-07-01,https://example.com/covers/467.jpg
468,234,"Whatever People Say I Am, That's What I'm Not",2013-04-29,https://example.com/covers/468.jpg
469,234,When The Sun Goes Down,2007-02-26,https://example.com/covers/469.jpg
470,234,Who The F*** Are Arctic Monkeys?,2012-01-01,https://example.com/covers/470.jpg
471,235,El Fenomeno,2011-04-27,https://example.com/covers/471.jpg
472,235,Los Favoritos,2010-04-11,https://example.com/covers/472.jpg
473,235,"Sentimiento, Elegancia y Maldad",2014-11-17,https://example.com/covers/473.jpg
474,235,Si Te Veo,2019-05-03,https://example.com/covers/474.jpg
475,235,Sigues Con El,2012-08-08,https://example.com/covers/475.jpg
476,235,Sigues Con El (Remix),2021-08-21,https://example.com/covers/476.jpg
477,235,Sr. Santos,2016-07-14,https://example.com/covers/477.jpg
478,236,Aretha Now,2018-06-12,https://example.com/covers/478.jpg
479,236,This Girl's in Love with You,2015-08-04,https://example.com/covers/479.jpg
480,237,STARLIGHT 99,2012-07-25,https://example.com/covers/480.jpg
481,238,White Sands,2020-08-27,https://example.com/covers/481.jpg
482,239,BABYDOLL,2012-09-29,https://example.com/covers/482.jpg
483,240,Christmas Kisses,2023-04-08,https://example.com/covers/483.jpg
484,240,Dangerous Woman,2015-06-11,https://example.com/covers/484.jpg
485,240,My Everything,2007-11-12,https://example.com/covers/485.jpg
486,240,My Everything - Deluxe,2007-09-05,https://example.com/covers/486.jpg
487,240,Santa Tell Me,2018-12-07,https://example.com/covers/487.jpg
488,240,Yours Truly,2014-01-26,https://example.com/covers/488.jpg
489,240,"thank u, next",2014-02-25,https://example.com/covers/489.jpg
490,241,El Karma,2006-11-23,https://example.com/covers/490.jpg
491,241,El Karma (Deluxe Version),2018-02-27,https://example.com/covers/491.jpg
492,242,Dos Bandas y un Destino,2013-12-29,https://example.com/covers/492.jpg
493,243,ROXANNE,2014-10-07,https://example.com/covers/493.jpg
494,244,The Longest Night,2021-02-25,https://example.com/covers/494.jpg
495,245,Adoro,2017-09-02,https://example.com/covers/495.jpg
496,245,Le canta a México,2015-12-11,https://example.com/covers/496.jpg
497,246,Habanera,2016-08-23,https://example.com/covers/497.jpg
498,246,Winter Wonderland,2018-11-06,https://example.com/covers/498.jpg
499,247,Blah Blah Blah,2012-10-27,https://example.com/covers/499.jpg
500,247,Blah Blah Blah EP,2022-02-03,https://example.com/covers/500.jpg
501,247,Intense,2017-10-01,https://example.com/covers/501.jpg
502,248,Backwards Record,2017-11-13,https://example.com/covers/502.jpg
503,249,Schoenberg: Notturno for Strings and Harp,2013-07-07,https://example.com/covers/503.jpg
504,250,I'm an Albatraoz,2005-09-18,https://example.com/covers/504.jpg
505,251,Moanin',2014-12-15,https://example.com/covers/505.jpg
506,252,On the Yorkshire Moors,2014-10-29,https://example.com/covers/506.jpg
507,253,Blue Berlin,2016-04-04,https://example.com/covers/507.jpg
508,254,The Future,2012-09-06,https://example.com/covers/508.jpg
509,255,Anna (Go To Him),2019-06-14,https://example.com/covers/509.jpg
510,256,Hawaiian Sunset,2011-09-25,https://example.com/covers/510.jpg
511,257,Iowa Dream,2017-07-01,https://example.com/covers/511.jpg
512,258,Begin The Beguine,2016-02-19,https://example.com/covers/512.jpg
513,259,Fiesta,2016-07-10,https://example.com/covers/513.jpg
514,260,Pärt: Fratres,2015-08-21,https://example.com/covers/514.jpg
515,261,Conducción,2013-10-05,https://example.com/covers/515.jpg
516,262,Kablammo!,2006-04-21,https://example.com/covers/516.jpg
517,263,Memory,2008-06-11,https://example.com/covers/517.jpg
518,264,Alone With You,2013-05-02,https://example.com/covers/518.jpg
519,265,Les Misérables Live! (2010 London Cast Recording),2021-06-11,https://example.com/covers/519.jpg
520,265,Les Misérables Live! (The 2010 Cast Album),2018-04-04,https://example.com/covers/520.jpg
521,266,Aspirante,2013-09-07,https://example.com/covers/521.jpg
522,267,"Rock En Tu Idioma Sinfónico, Vol.2 (En Vivo)",2020-08-20,https://example.com/covers/522.jpg
523,268,Athletic Progression,2021-04-24,https://example.com/covers/523.jpg
524,269,Through the Glass EP,2012-06-20,https://example.com/covers/524.jpg
525,269,When It Was Now,2013-06-17,https://example.com/covers/525.jpg
526,270,Take a Walk,2016-06-02,https://example.com/covers/526.jpg
527,271,Tribute to Hannah Montana,2009-02-10,https://example.com/covers/527.jpg
528,272,Audioslave,2010-06-14,https://example.com/covers/528.jpg
529,273,Estranged,2016-01-02,https://example.com/covers/529.jpg
530,274,Sandrina,2019-12-06,https://example.com/covers/530.jpg
531,275,You and Me for Now,2016-03-27,https://example.com/covers/531.jpg
532,276,Dirty Work,2009-02-27,https://example.com/covers/532.jpg
533,276,Till I Find You,2008-09-19,https://example.com/covers/533.jpg
534,276,What About Love,2012-12-30,https://example.com/covers/534.jpg
535,277,The Greatest Showman (Original Motion Picture Soundtrack),2011-12-10,https://example.com/covers/535.jpg
536,278,Rolling Hills,2020-05-19,https://example.com/covers/536.jpg
537,279,Fragile Dreams,2020-05-23,https://example.com/covers/537.jpg
538,280,Hail to the King,2014-02-19,https://example.com/covers/538.jpg
539,281,Volví,2021-05-12,https://example.com/covers/539.jpg
540,282,All Is Well Feat. Joy Williams,2018-12-26,https://example.com/covers/540.jpg
541,283,AVĪCI - 01,2018-03-17,https://example.com/covers/541.jpg
542,283,Levels,2011-05-20,https://example.com/covers/542.jpg
543,283,Pure Grinding For A Better Day,2006-11-12,https://example.com/covers/543.jpg
544,283,Silhouettes,2014-06-21,https://example.com/covers/544.jpg
545,283,Stories,2014-03-28,https://example.com/covers/545.jpg
546,283,TIM,2014-01-03,https://example.com/covers/546.jpg
547,283,TRUE,2006-02-14,https://example.com/covers/547.jpg
548,283,The Days / Nights,2012-04-26,https://example.com/covers/548.jpg
549,283,Waiting For Love,2010-04-20,https://example.com/covers/549.jpg
550,283,You Make Me,2007-08-08,https://example.com/covers/550.jpg
551,284,Fly,2008-06-16,https://example.com/covers/551.jpg
552,284,Let Go,2015-02-17,https://example.com/covers/552.jpg
553,285,Grandes Éxitos 2005/2011,2014-05-14,https://example.com/covers/553.jpg
554,286,Si Te Enamoras,2006-11-15,https://example.com/covers/554.jpg
555,287,Lights,2016-07-17,https://example.com/covers/555.jpg
556,287,Summer Is Our Ecstasy,2017-05-15,https://example.com/covers/556.jpg
557,288,Something New,2010-03-31,https://example.com/covers/557.jpg
558,288,Sun Is Shining,2014-01-09,https://example.com/covers/558.jpg
559,289,Ayurvedic Massage Music,2013-09-28,https://example.com/covers/559.jpg
560,290,El Sapo,2015-07-25,https://example.com/covers/560.jpg
561,291,Amor x Hoy (Vuelvo a Caer),2021-02-09,https://example.com/covers/561.jpg
562,292,Deep Blue Sea,2022-08-16,https://example.com/covers/562.jpg
563,292,Dorival,2018-05-06,https://example.com/covers/563.jpg
564,293,Telecommunication,2015-03-28,https://example.com/covers/564.jpg
565,294,Anthology,2015-03-25,https://example.com/covers/565.jpg
566,294,B.B. King & Friends - 80,2012-06-27,https://example.com/covers/566.jpg
567,294,Blues History,2010-10-07,https://example.com/covers/567.jpg
568,294,Blues Kingpins,2014-06-02,https://example.com/covers/568.jpg
569,294,Classic Masters,2008-04-02,https://example.com/covers/569.jpg
570,294,Deuces Wild,2007-11-14,https://example.com/covers/570.jpg
571,294,Get Yer Ya-Ya's Out! The Rolling Stones In Concert,2014-04-12,https://example.com/covers/571.jpg
572,294,In London,2006-11-25,https://example.com/covers/572.jpg
573,294,Ladies And Gentlemen… Mr. B.B. King,2013-02-07,https://example.com/covers/573.jpg
574,294,Live At The Regal,2015-10-24,https://example.com/covers/574.jpg
575,294,Live In Cook County Jail,2014-07-27,https://example.com/covers/575.jpg
576,294,Lucille,2011-08-02,https://example.com/covers/576.jpg
577,295,Psycadelik Thoughtz,2005-11-06,https://example.com/covers/577.jpg
578,296,Thrilled To Be Here,2014-09-10,https://example.com/covers/578.jpg
579,297,"No Me Conocen (Remix) (Con Duki, Rei & Tiago Pzk)",2016-02-28,https://example.com/covers/579.jpg
580,298,Fuck With Myself,2008-11-05,https://example.com/covers/580.jpg
581,298,Gemini Feed,2012-12-01,https://example.com/covers/581.jpg
582,298,Goddess - Deluxe,2011-12-22,https://example.com/covers/582.jpg
583,298,Mind Games,2011-06-05,https://example.com/covers/583.jpg
584,299,BANNERS,2014-07-21,https://example.com/covers/584.jpg
585,300,Esther / Touch Me (Hold My Hand),2016-11-24,https://example.com/covers/585.jpg
586,301,Mutual Friends (Bonus Version),2011-01-17,https://example.com/covers/586.jpg
587,302,Boys Like Girls,2008-03-03,https://example.com/covers/587.jpg
588,302,Love Drunk,2015-02-12,https://example.com/covers/588.jpg
589,303,Wreck,2014-11-16,https://example.com/covers/589.jpg
590,304,Jessico,2013-11-17,https://example.com/covers/590.jpg
591,305,The Babe Rainbow (AUS),2012-03-01,https://example.com/covers/591.jpg
592,306,Babik joue Django,2018-11-21,https://example.com/covers/592.jpg
593,307,Amor Prohibido,2008-04-12,https://example.com/covers/593.jpg
594,307,Me Niegas,2012-11-05,https://example.com/covers/594.jpg
595,307,Qué Será de Mi,2011-12-06,https://example.com/covers/595.jpg
596,308,Sequel To The Prequel,2008-11-01,https://example.com/covers/596.jpg
597,308,Shotter's Nation,2007-05-14,https://example.com/covers/597.jpg
598,309,Gold,2008-07-15,https://example.com/covers/598.jpg
599,310,Bacilos,2016-01-14,https://example.com/covers/599.jpg
600,310,Caraluna,2010-05-02,https://example.com/covers/600.jpg
601,310,Grandes Exitos,2010-12-28,https://example.com/covers/601.jpg
602,310,Sinverguenza,2015-07-03,https://example.com/covers/602.jpg
603,310,¿Dónde Nos Quedamos?,2009-10-26,https://example.com/covers/603.jpg
604,311,Backstreet Boys,2014-03-22,https://example.com/covers/604.jpg
605,311,Backstreet's Back,2012-04-10,https://example.com/covers/605.jpg
606,311,Chances,2021-09-08,https://example.com/covers/606.jpg
607,311,DNA,2016-04-12,https://example.com/covers/607.jpg
608,311,Don't Go Breaking My Heart,2020-11-20,https://example.com/covers/608.jpg
609,311,Millennium,2016-01-14,https://example.com/covers/609.jpg
610,311,Never Gone,2016-12-29,https://example.com/covers/610.jpg
611,311,The Hits--Chapter One,2006-05-20,https://example.com/covers/611.jpg
612,312,II,2011-07-20,https://example.com/covers/612.jpg
613,313,Callaita,2019-01-20,https://example.com/covers/613.jpg
614,313,Dime Si Te Acuerdas,2009-11-02,https://example.com/covers/614.jpg
615,313,EL ÚLTIMO TOUR DEL MUNDO,2018-02-11,https://example.com/covers/615.jpg
616,313,Ignorantes,2014-09-21,https://example.com/covers/616.jpg
617,313,MIA (feat. Drake),2014-07-06,https://example.com/covers/617.jpg
618,313,Más de un Siglo,2016-06-07,https://example.com/covers/618.jpg
619,313,Un Verano Sin Ti,2014-02-04,https://example.com/covers/619.jpg
620,313,Vete,2019-06-25,https://example.com/covers/620.jpg
621,313,WHERE SHE GOES,2017-01-18,https://example.com/covers/621.jpg
622,313,X 100PRE,2015-06-22,https://example.com/covers/622.jpg
623,313,YHLQMDLG,2014-10-01,https://example.com/covers/623.jpg
624,313,Yonaguni,2013-01-26,https://example.com/covers/624.jpg
625,314,10 from 6,2008-08-31,https://example.com/covers/625.jpg
626,314,Run With The Pack,2015-03-11,https://example.com/covers/626.jpg
627,314,Straight Shooter,2013-08-12,https://example.com/covers/627.jpg
628,315,Forgiveness Don't Grow on Trees,2016-11-29,https://example.com/covers/628.jpg
629,315,I Said a Prayer Twice for Both My Faces,2015-04-01,https://example.com/covers/629.jpg
630,315,Summer of Love,2015-09-18,https://example.com/covers/630.jpg
631,316,Slow Wine Mixtape,2016-04-07,https://example.com/covers/631.jpg
632,317,Hell: The Sequel,2008-03-08,https://example.com/covers/632.jpg
633,318,Language & Perspective,2007-08-06,https://example.com/covers/633.jpg
634,319,Magic Christian Music,2018-01-12,https://example.com/covers/634.jpg
635,319,No Dice,2017-08-14,https://example.com/covers/635.jpg
636,320,"Bang Gang 12s Compilation, Pt. 1: A Selection",2015-06-15,https://example.com/covers/636.jpg
637,321,Garfield: The Movie (Original Motion Picture Soundtrack),2013-09-05,https://example.com/covers/637.jpg
638,321,Holla,2018-12-14,https://example.com/covers/638.jpg
639,322,Barchords,2014-05-01,https://example.com/covers/639.jpg
640,322,Pink Strat,2022-08-25,https://example.com/covers/640.jpg
641,322,Sad Hunk,2015-04-16,https://example.com/covers/641.jpg
642,323,All My Life,2014-05-16,https://example.com/covers/642.jpg
643,324,Hell N Back,2020-02-05,https://example.com/covers/643.jpg
644,325,Baby,2011-12-15,https://example.com/covers/644.jpg
645,325,Baianá,2011-07-25,https://example.com/covers/645.jpg
646,325,Ballade,2009-11-27,https://example.com/covers/646.jpg
647,325,Dreamreacher (feat. Dumang),2012-02-01,https://example.com/covers/647.jpg
648,325,Games (feat. Marie Plassard),2016-02-20,https://example.com/covers/648.jpg
649,325,Games Continued (feat. Marie Plassard),2009-01-18,https://example.com/covers/649.jpg
650,325,"Kittball Konspiracy, Vol. 6",2011-07-16,https://example.com/covers/650.jpg
651,325,Living (Remixes) (feat. Alex Clare),2015-11-19,https://example.com/covers/651.jpg
652,325,Living (feat. Alex Clare),2015-02-19,https://example.com/covers/652.jpg
653,325,Madan (King),2014-02-23,https://example.com/covers/653.jpg
654,325,One Day (Vandaag),2010-08-03,https://example.com/covers/654.jpg
655,325,Teach Me,2009-05-06,https://example.com/covers/655.jpg
656,325,Uitzicht - EP,2011-01-09,https://example.com/covers/656.jpg
657,325,Zomer,2015-08-20,https://example.com/covers/657.jpg
658,326,Wimudo,2019-01-04,https://example.com/covers/658.jpg
659,327,Jenny of Oldstones (From 'Game of Thrones'),2015-09-02,https://example.com/covers/659.jpg
660,328,Living In The Background,2020-05-07,https://example.com/covers/660.jpg
661,329,I Know What I Am digital single,2015-11-27,https://example.com/covers/661.jpg
662,330,Cease To Begin,2021-02-28,https://example.com/covers/662.jpg
663,330,Everything All The Time,2018-12-14,https://example.com/covers/663.jpg
664,330,Infinite Arms,2016-05-09,https://example.com/covers/664.jpg
665,330,Mirage Rock,2014-10-28,https://example.com/covers/665.jpg
666,330,Why Are You OK,2008-11-13,https://example.com/covers/666.jpg
667,331,La Mejor De Todas,2013-05-07,https://example.com/covers/667.jpg
668,331,Te Presumo,2006-10-21,https://example.com/covers/668.jpg
669,332,Ando Bien Pedo,2017-03-29,https://example.com/covers/669.jpg
670,333,El Trabajo Es La Suerte,2020-08-22,https://example.com/covers/670.jpg
671,333,En Preparación,2019-07-15,https://example.com/covers/671.jpg
672,333,Mi Colección,2017-12-13,https://example.com/covers/672.jpg
673,333,Mi Mayor Anhelo,2013-12-12,https://example.com/covers/673.jpg
674,333,No Me Pidas Perdón,2008-03-28,https://example.com/covers/674.jpg
675,333,Piénsalo,2007-08-06,https://example.com/covers/675.jpg
676,333,Que Bendición,2008-05-12,https://example.com/covers/676.jpg
677,334,Tusa y Tequila,2020-12-11,https://example.com/covers/677.jpg
678,335,"De Lo Bueno, Lo Mejor",2007-07-31,https://example.com/covers/678.jpg
679,336,Suite...,2007-08-16,https://example.com/covers/679.jpg
680,337,Stunt,2019-06-21,https://example.com/covers/680.jpg
681,338,The Attractions Of Youth,2018-02-04,https://example.com/covers/681.jpg
682,339,Dreams EP,2019-04-04,https://example.com/covers/682.jpg
683,340,Naturally Sweetened,2014-03-22,https://example.com/covers/683.jpg
684,341,I Died of Boredom and Came Back as Me,2016-08-16,https://example.com/covers/684.jpg
685,342,All This Bad Blood,2008-06-19,https://example.com/covers/685.jpg
686,342,Bad Blood,2011-06-18,https://example.com/covers/686.jpg
687,342,Good Grief,2015-06-16,https://example.com/covers/687.jpg
688,342,Wild World - Complete Edition,2010-10-12,https://example.com/covers/688.jpg
689,343,Keep On Rocking,2012-03-21,https://example.com/covers/689.jpg
690,344,Mine,2013-09-29,https://example.com/covers/690.jpg
691,345,Depression Cherry,2007-07-15,https://example.com/covers/691.jpg
692,346,BE,2009-05-07,https://example.com/covers/692.jpg
693,346,"Different Gear, Still Speeding",2012-06-25,https://example.com/covers/693.jpg
694,347,Hello Nasty,2014-03-03,https://example.com/covers/694.jpg
695,347,Ill Communication,2022-12-11,https://example.com/covers/695.jpg
696,347,Licensed To Ill,2020-06-27,https://example.com/covers/696.jpg
697,347,Paul's Boutique,2018-07-25,https://example.com/covers/697.jpg
698,348,All Your Fault: Pt. 2,2013-08-01,https://example.com/covers/698.jpg
699,349,La Historia Del Piano De América,2020-09-29,https://example.com/covers/699.jpg
700,350,Sea Change,2012-08-02,https://example.com/covers/700.jpg
701,351,Bubalu,2017-06-03,https://example.com/covers/701.jpg
702,351,CHANEL,2019-07-19,https://example.com/covers/702.jpg
703,351,MALA SANTA,2014-03-13,https://example.com/covers/703.jpg
704,351,Shower,2005-10-25,https://example.com/covers/704.jpg
705,352,Smetana: Ma Vlast (My Country),2012-07-02,https://example.com/covers/705.jpg
706,352,"Smetana: Piano Works, Vol. 4",2012-09-27,https://example.com/covers/706.jpg
707,353,Children Of The World,2019-12-06,https://example.com/covers/707.jpg
708,353,Greatest,2019-10-17,https://example.com/covers/708.jpg
709,353,More Than A Woman,2014-11-24,https://example.com/covers/709.jpg
710,353,Timeless - The All-Time Greatest Hits,2015-10-17,https://example.com/covers/710.jpg
711,354,An Affair To Remember: Romantic Movie Songs Of The 1950's,2013-06-26,https://example.com/covers/711.jpg
712,354,The Way You Look Tonight,2006-11-12,https://example.com/covers/712.jpg
713,355,Cocktail,2016-08-27,https://example.com/covers/713.jpg
714,356,Habibi Funk: An Eclectic Selection of Music from the Arab World (Habibi Funk 007),2023-06-20,https://example.com/covers/714.jpg
715,357,Belinda,2016-03-08,https://example.com/covers/715.jpg
716,358,Heaven on Earth (30th Anniversary Edition),2018-08-22,https://example.com/covers/716.jpg
717,359,Gatita,2020-09-26,https://example.com/covers/717.jpg
718,359,Kittyponeo,2016-01-08,https://example.com/covers/718.jpg
719,360,The Life Pursuit,2012-07-04,https://example.com/covers/719.jpg
720,361,Meet Me Under the Mistletoe,2019-10-28,https://example.com/covers/720.jpg
721,362,Up For Days,2017-11-04,https://example.com/covers/721.jpg
722,363,Don't Play That Song,2009-06-26,https://example.com/covers/722.jpg
723,364,Mask of the Muse,2020-12-17,https://example.com/covers/723.jpg
724,365,Songs For Silverman,2020-10-27,https://example.com/covers/724.jpg
725,366,Whatever And Ever Amen,2019-12-02,https://example.com/covers/725.jpg
726,367,By the Throat,2016-05-18,https://example.com/covers/726.jpg
727,368,Diamonds On The Inside,2021-04-27,https://example.com/covers/727.jpg
728,368,Fight For Your Mind,2013-03-09,https://example.com/covers/728.jpg
729,369,Every Kingdom,2004-12-02,https://example.com/covers/729.jpg
730,369,I Forget Where We Were,2014-04-22,https://example.com/covers/730.jpg
731,370,Changing Horses,2021-03-19,https://example.com/covers/731.jpg
732,371,Brand New,2015-01-20,https://example.com/covers/732.jpg
733,372,The Legendary Sessions,2009-10-26,https://example.com/covers/733.jpg
734,373,II,2011-12-29,https://example.com/covers/734.jpg
735,374,Mr. Music / Ring of Love,2018-05-12,https://example.com/covers/735.jpg
736,375,6 Ring (Tributo Koby Bryant),2015-10-04,https://example.com/covers/736.jpg
737,376,Acoustified: Disney Edition,2012-04-18,https://example.com/covers/737.jpg
738,377,Last Smoke Before the Snowstorm,2017-01-30,https://example.com/covers/738.jpg
739,377,Shine,2014-01-26,https://example.com/covers/739.jpg
740,377,Super 8 Eyes,2007-04-01,https://example.com/covers/740.jpg
741,378,Former Lives,2015-11-16,https://example.com/covers/741.jpg
742,379,Stairs,2020-05-03,https://example.com/covers/742.jpg
743,380,Cielo,2018-06-16,https://example.com/covers/743.jpg
744,380,Ximena Sarinana & Benny / Frente a Frente,2016-06-10,https://example.com/covers/744.jpg
745,381,Small Groups: 1941-1945,2015-10-05,https://example.com/covers/745.jpg
746,382,RCA 100 Años De Musica,2018-08-07,https://example.com/covers/746.jpg
747,383,The Essential Bessie Smith,2010-07-18,https://example.com/covers/747.jpg
748,384,U So Fine EP,2015-12-09,https://example.com/covers/748.jpg
749,385,Give It,2016-07-19,https://example.com/covers/749.jpg
750,386,Better Oblivion Community Center,2020-04-23,https://example.com/covers/750.jpg
751,387,Heartbreak Dream,2008-11-04,https://example.com/covers/751.jpg
752,388,Crazy In Love,2014-11-06,https://example.com/covers/752.jpg
753,388,Dangerously In Love,2021-07-31,https://example.com/covers/753.jpg
754,389,Loco,2017-10-19,https://example.com/covers/754.jpg
755,390,Cuba: Bienvenido Granda,2014-01-15,https://example.com/covers/755.jpg
756,391,MTV Unplugged,2015-02-08,https://example.com/covers/756.jpg
757,392,Mis Ojos Lloran Por Ti,2019-04-21,https://example.com/covers/757.jpg
758,392,Virus,2015-06-22,https://example.com/covers/758.jpg
759,393,Cheap Thrills,2008-06-19,https://example.com/covers/759.jpg
760,394,Good Times Roll,2009-04-22,https://example.com/covers/760.jpg
761,395,Lights On,2006-06-29,https://example.com/covers/761.jpg
762,396,The Best of Big Mountain,2010-08-09,https://example.com/covers/762.jpg
763,397,How Long Do You Think It's Gonna Last?,2019-04-14,https://example.com/covers/763.jpg
764,398,Animal,2016-09-07,https://example.com/covers/764.jpg
765,399,Man's Not Hot,2015-12-23,https://example.com/covers/765.jpg
766,400,#1 Record,2019-04-24,https://example.com/covers/766.jpg
767,401,Dragon New Warm Mountain I Believe In You,2022-07-02,https://example.com/covers/767.jpg
768,402,Superdream,2013-07-18,https://example.com/covers/768.jpg
769,402,Touch (Poolside Remix),2019-07-04,https://example.com/covers/769.jpg
770,403,Big Yamo o Nada,2021-06-26,https://example.com/covers/770.jpg
771,403,Solo Exitos,2014-09-22,https://example.com/covers/771.jpg
772,404,Plays George Gershwin: The American Soul,2013-05-07,https://example.com/covers/772.jpg
773,404,Stardust: The Music Of Hoagy Carmichael,2015-05-16,https://example.com/covers/773.jpg
774,405,I'll Know,2015-05-31,https://example.com/covers/774.jpg
775,405,"Uptown, Downtown",2014-04-19,https://example.com/covers/775.jpg
776,406,Rocky II: Music From The Motion Picture,2012-07-20,https://example.com/covers/776.jpg
777,406,Rocky III: Music From The Motion Picture,2015-03-08,https://example.com/covers/777.jpg
778,406,Sports Arena Anthems,2018-08-08,https://example.com/covers/778.jpg
779,407,Everybody Digs Bill Evans,2013-03-04,https://example.com/covers/779.jpg
780,407,Portrait In Jazz [Keepnews Collection],2015-08-09,https://example.com/covers/780.jpg
781,407,You Must Believe In Spring,2022-06-10,https://example.com/covers/781.jpg
782,408,Guitar in the Space Age,2020-05-12,https://example.com/covers/782.jpg
783,409,LOVE,2018-05-15,https://example.com/covers/783.jpg
784,410,The Longing for You,2018-10-12,https://example.com/covers/784.jpg
785,411,Adjacent,2021-03-04,https://example.com/covers/785.jpg
786,412,Menagerie,2014-05-30,https://example.com/covers/786.jpg
787,413,Monkey Grip (Deluxe),2018-12-20,https://example.com/covers/787.jpg
788,414,Happier Than Ever,2014-08-27,https://example.com/covers/788.jpg
789,414,Six Feet Under,2012-05-21,https://example.com/covers/789.jpg
790,414,"WHEN WE ALL FALL ASLEEP, WHERE DO WE GO?",2011-08-31,https://example.com/covers/790.jpg
791,414,everything i wanted,2011-12-15,https://example.com/covers/791.jpg
792,414,lovely (with Khalid),2013-02-17,https://example.com/covers/792.jpg
793,415,Billie Holiday Love Songs,2014-04-29,https://example.com/covers/793.jpg
794,415,Recital,2008-10-13,https://example.com/covers/794.jpg
795,415,Solitude,2011-06-05,https://example.com/covers/795.jpg
796,415,The Commodore Master Takes,2016-07-31,https://example.com/covers/796.jpg
797,416,Best Of,2017-08-13,https://example.com/covers/797.jpg
798,417,Life's a Riot with Spy vs. Spy,2013-08-18,https://example.com/covers/798.jpg
799,417,Mermaid Avenue,2014-09-17,https://example.com/covers/799.jpg
800,417,Shine a Light: Field Recordings from the Great American Railroad,2017-08-01,https://example.com/covers/800.jpg
801,418,Vital Idol,2023-09-07,https://example.com/covers/801.jpg
802,419,52nd Street,2016-06-16,https://example.com/covers/802.jpg
803,419,An Innocent Man,2008-11-19,https://example.com/covers/803.jpg
804,419,Cold Spring Harbor,2014-02-23,https://example.com/covers/804.jpg
805,419,Glass Houses,2013-11-18,https://example.com/covers/805.jpg
806,419,Greatest Hits Volume I & Volume II,2012-09-18,https://example.com/covers/806.jpg
807,419,New York State of Mind / Everybody Loves You Now,2017-11-28,https://example.com/covers/807.jpg
808,419,Piano Man,2008-04-21,https://example.com/covers/808.jpg
809,419,Piano Man (Legacy Edition),2016-02-02,https://example.com/covers/809.jpg
810,419,Piano Man: The Very Best of Billy Joel,2008-05-05,https://example.com/covers/810.jpg
811,419,River Of Dreams,2012-09-16,https://example.com/covers/811.jpg
812,419,Storm Front,2007-05-22,https://example.com/covers/812.jpg
813,419,Streetlife Serenade,2011-04-03,https://example.com/covers/813.jpg
814,419,The Essential Billy Joel,2016-10-10,https://example.com/covers/814.jpg
815,419,The Nylon Curtain,2014-03-21,https://example.com/covers/815.jpg
816,419,The Stranger,2012-02-23,https://example.com/covers/816.jpg
817,419,The Stranger (Legacy Edition),2016-02-09,https://example.com/covers/817.jpg
818,419,Turnstiles,2016-02-19,https://example.com/covers/818.jpg
819,420,Love Actually (Original Motion Picture Score),2015-09-19,https://example.com/covers/819.jpg
820,421,Bing Crosby - Christmas Classics,2008-03-27,https://example.com/covers/820.jpg
821,421,Bing Sings Whilst Bregman Swings / Fancy Meeting You Here,2012-10-07,https://example.com/covers/821.jpg
822,421,Christmas,2013-03-15,https://example.com/covers/822.jpg
823,421,Holiday Inn,2011-12-21,https://example.com/covers/823.jpg
824,421,The Merry Christmas Collection,2012-04-03,https://example.com/covers/824.jpg
825,421,White Christmas,2018-12-04,https://example.com/covers/825.jpg
826,422,Heavy,2019-04-24,https://example.com/covers/826.jpg
827,423,Beautiful Lies,2009-05-05,https://example.com/covers/827.jpg
828,423,Birdy,2014-10-19,https://example.com/covers/828.jpg
829,423,Fire Within,2010-04-13,https://example.com/covers/829.jpg
830,423,Let It All Go,2016-06-28,https://example.com/covers/830.jpg
831,424,Bishop Briggs,2020-05-22,https://example.com/covers/831.jpg
832,424,Church Of Scars,2015-04-15,https://example.com/covers/832.jpg
833,424,Fifty Shades Freed,2004-09-27,https://example.com/covers/833.jpg
834,424,Fifty Shades Freed - Original Motion Picture Soundtrack,2014-08-22,https://example.com/covers/834.jpg
835,425,"Nicky Jam: Bzrp Music Sessions, Vol. 41",2015-09-21,https://example.com/covers/835.jpg
836,425,"Quevedo: Bzrp Music Sessions, Vol. 52",2021-07-26,https://example.com/covers/836.jpg
837,425,"Shakira: Bzrp Music Sessions, Vol. 53",2017-11-17,https://example.com/covers/837.jpg
838,426,Dream Awake,2014-04-20,https://example.com/covers/838.jpg
839,426,Pain & Pleasure,2013-11-09,https://example.com/covers/839.jpg
840,427,Subconsciously,2016-04-07,https://example.com/covers/840.jpg
841,428,Elephunk,2009-07-30,https://example.com/covers/841.jpg
842,428,RITMO (Bad Boys For Life),2011-11-21,https://example.com/covers/842.jpg
843,429,Electric Slave,2013-08-18,https://example.com/covers/843.jpg
844,430,200 Million Thousand,2010-10-16,https://example.com/covers/844.jpg
845,431,Black Pumas,2014-02-17,https://example.com/covers/845.jpg
846,432,Gods Of Guitar,2009-09-03,https://example.com/covers/846.jpg
847,432,Greatest Hits,2019-03-27,https://example.com/covers/847.jpg
848,432,Paranoid,2012-11-01,https://example.com/covers/848.jpg
849,432,Reunion,2009-06-12,https://example.com/covers/849.jpg
850,432,The Ultimate Collection,2010-05-17,https://example.com/covers/850.jpg
851,432,We Sold Our Soul for Rock 'N' Roll,2010-04-10,https://example.com/covers/851.jpg
852,433,"Joe Bataan's Latin Soul Party: Black Sugar, Coco Lagos Y Sus Orates, Lu Logia Sarabanda & Joe Bataan",2019-07-05,https://example.com/covers/852.jpg
853,434,The Dub Factor,2022-05-12,https://example.com/covers/853.jpg
854,435,Bad Luck Ain't No Crime,2013-04-15,https://example.com/covers/854.jpg
855,435,Like an Arrow,2013-11-13,https://example.com/covers/855.jpg
856,435,Little Piece of Dixie,2014-08-11,https://example.com/covers/856.jpg
857,435,The Whippoorwill,2014-05-08,https://example.com/covers/857.jpg
858,436,DOCE,2013-06-23,https://example.com/covers/858.jpg
859,437,Spider-Man: Into the Spider-Verse,2011-11-19,https://example.com/covers/859.jpg
860,438,Obliqua,2015-03-14,https://example.com/covers/860.jpg
861,439,Blake Mills,2015-06-27,https://example.com/covers/861.jpg
862,440,"Cheers, It's Christmas",2012-09-28,https://example.com/covers/862.jpg
863,441,Most Precious Love,2022-08-15,https://example.com/covers/863.jpg
864,442,Chinatown,2011-06-08,https://example.com/covers/864.jpg
865,442,Don't Take The Money,2010-06-26,https://example.com/covers/865.jpg
866,442,How Dare You Want More,2018-12-03,https://example.com/covers/866.jpg
867,442,Secret Life (feat. Lana Del Rey),2013-07-25,https://example.com/covers/867.jpg
868,442,Strange Desire,2018-11-14,https://example.com/covers/868.jpg
869,442,Take the Sadness Out of Saturday Night,2019-05-13,https://example.com/covers/869.jpg
870,443,Here's That Rainy Day,2020-10-08,https://example.com/covers/870.jpg
871,444,Erase You,2021-07-25,https://example.com/covers/871.jpg
872,445,Origami,2024-05-16,https://example.com/covers/872.jpg
873,446,Hyde Park '69,2015-11-03,https://example.com/covers/873.jpg
874,447,Blind Melon,2014-08-07,https://example.com/covers/874.jpg
875,448,Dark Was The Night (Mojo Workin'- Blues For The Next Generation),2012-05-01,https://example.com/covers/875.jpg
876,449,Furr,2020-01-11,https://example.com/covers/876.jpg
877,450,Bloc Party EP,2005-09-03,https://example.com/covers/877.jpg
878,450,Silent Alarm,2007-09-22,https://example.com/covers/878.jpg
879,451,My Someday,2011-08-14,https://example.com/covers/879.jpg
880,452,Atomic/Atomix,2008-05-08,https://example.com/covers/880.jpg
881,452,Autoamerican,2015-03-24,https://example.com/covers/881.jpg
882,452,Best Of Blondie,2011-01-14,https://example.com/covers/882.jpg
883,452,Greatest Hits,2017-02-21,https://example.com/covers/883.jpg
884,453,The Essentials: Bloodstone,2023-04-22,https://example.com/covers/884.jpg
885,454,Best Of Blue,2018-10-16,https://example.com/covers/885.jpg
886,455,Life Of A Ghost,2017-09-10,https://example.com/covers/886.jpg
887,456,Melting Pot - The Best of Blue Mink,2012-05-11,https://example.com/covers/887.jpg
888,457,Blue Scholars,2006-07-15,https://example.com/covers/888.jpg
889,457,Cinemetropolis,2008-06-04,https://example.com/covers/889.jpg
890,458,Hooked On A Feeling,2014-08-08,https://example.com/covers/890.jpg
891,459,Agents of Fortune,2015-08-12,https://example.com/covers/891.jpg
892,459,Blue Öyster Cult,2008-07-22,https://example.com/covers/892.jpg
893,460,13,2020-06-19,https://example.com/covers/893.jpg
894,460,Blur,2013-03-20,https://example.com/covers/894.jpg
895,460,Blur: The Best Of,2010-10-14,https://example.com/covers/895.jpg
896,460,Parklife,2019-04-10,https://example.com/covers/896.jpg
897,460,The Magic Whip,2006-09-22,https://example.com/covers/897.jpg
898,461,Gambrels of the Sky,2022-03-02,https://example.com/covers/898.jpg
899,462,Disco 80 Italo Hits,2020-06-09,https://example.com/covers/899.jpg
900,462,Tequila,2021-04-12,https://example.com/covers/900.jpg
901,463,The Chess Box,2010-11-23,https://example.com/covers/901.jpg
902,464,The Campfire Headphase,2016-04-21,https://example.com/covers/902.jpg
903,465,Blonde On Blonde,2012-01-21,https://example.com/covers/903.jpg
904,465,Blood On The Tracks,2007-09-27,https://example.com/covers/904.jpg
905,465,Bob Dylan,2016-07-17,https://example.com/covers/905.jpg
906,465,Bringing It All Back Home,2014-02-03,https://example.com/covers/906.jpg
907,465,Desire,2013-09-09,https://example.com/covers/907.jpg
908,465,False Prophet,2016-07-20,https://example.com/covers/908.jpg
909,465,"Fragments - Time Out of Mind Sessions (1996-1997): The Bootleg Series, Vol. 17",2019-04-03,https://example.com/covers/909.jpg
910,465,"Fragments - Time Out of Mind Sessions (1996-1997): The Bootleg Series, Vol. 17 (Deluxe Edition)",2018-08-22,https://example.com/covers/910.jpg
911,465,Highway 61 Revisited,2007-08-12,https://example.com/covers/911.jpg
912,465,I Contain Multitudes,2013-11-10,https://example.com/covers/912.jpg
913,465,John Wesley Harding,2009-09-11,https://example.com/covers/913.jpg
914,465,Modern Times,2015-05-30,https://example.com/covers/914.jpg
915,465,"More Blood, More Tracks: The Bootleg Series, Vol. 14 (Sampler)",2009-07-05,https://example.com/covers/915.jpg
916,465,Nashville Skyline,2019-08-27,https://example.com/covers/916.jpg
917,465,New Morning,2014-11-30,https://example.com/covers/917.jpg
918,465,Oh Mercy,2013-07-07,https://example.com/covers/918.jpg
919,465,Pat Garrett & Billy The Kid,2006-05-03,https://example.com/covers/919.jpg
920,465,Planet Waves,2013-07-12,https://example.com/covers/920.jpg
921,465,Rough and Rowdy Ways,2012-11-04,https://example.com/covers/921.jpg
922,465,Self Portrait,2015-12-04,https://example.com/covers/922.jpg
923,465,Side Tracks,2011-12-31,https://example.com/covers/923.jpg
924,465,Slow Train Coming,2012-06-10,https://example.com/covers/924.jpg
925,465,Tell Tale Signs: The Bootleg Series Vol. 8,2015-05-04,https://example.com/covers/925.jpg
926,465,Tempest,2013-10-30,https://example.com/covers/926.jpg
927,465,The Best of The Bootleg Series,2019-03-21,https://example.com/covers/927.jpg
928,465,The Essential Johnny Cash,2009-12-30,https://example.com/covers/928.jpg
929,465,The Freewheelin' Bob Dylan,2015-02-02,https://example.com/covers/929.jpg
930,465,The Times They Are A-Changin',2008-08-26,https://example.com/covers/930.jpg
931,465,Together Through Life,2010-07-28,https://example.com/covers/931.jpg
932,465,"Travelin' Thru, 1967 - 1969: The Bootleg Series, Vol. 15 (Sampler)",2010-01-26,https://example.com/covers/932.jpg
933,465,Wanted Man,2013-09-21,https://example.com/covers/933.jpg
934,466,Confrontation,2017-01-16,https://example.com/covers/934.jpg
935,466,Exodus,2011-05-13,https://example.com/covers/935.jpg
936,466,Exodus 40,2016-01-03,https://example.com/covers/936.jpg
937,466,Gold,2006-06-16,https://example.com/covers/937.jpg
938,466,Legend,2011-11-29,https://example.com/covers/938.jpg
939,466,Uprising,2013-01-09,https://example.com/covers/939.jpg
940,467,Ramblin' Gamblin' Man,2019-03-18,https://example.com/covers/940.jpg
941,468,Cameo Parkway 1957-1967,2006-05-17,https://example.com/covers/941.jpg
942,469,Cat in the Hat,2018-02-09,https://example.com/covers/942.jpg
943,469,What You Won't Do for Love,2020-08-05,https://example.com/covers/943.jpg
944,470,Beyond the Sea,2010-07-24,https://example.com/covers/944.jpg
945,470,Bobby Darin,2008-10-03,https://example.com/covers/945.jpg
946,470,Capitol Collectors Series,2009-04-17,https://example.com/covers/946.jpg
947,470,Golden Folk Hits,2013-05-11,https://example.com/covers/947.jpg
948,470,I Got Rhythm,2010-09-02,https://example.com/covers/948.jpg
949,470,Mack The Knife,2010-11-21,https://example.com/covers/949.jpg
950,470,Sing & Swing with Bobby Darin,2016-09-04,https://example.com/covers/950.jpg
951,470,That's All,2014-07-24,https://example.com/covers/951.jpg
952,470,The Legendary Bobby Darin,2010-06-03,https://example.com/covers/952.jpg
953,470,The Swinging Side Of Bobby Darin,2009-03-18,https://example.com/covers/953.jpg
954,470,The Ultimate Bobby Darin,2013-03-02,https://example.com/covers/954.jpg
955,470,You're The Reason I'm Living,2007-12-07,https://example.com/covers/955.jpg
956,471,The Ultimate Bobby Darin,2007-12-21,https://example.com/covers/956.jpg
957,472,Latin Lounge Café,2011-07-11,https://example.com/covers/957.jpg
958,473,Jingle Bell Rock/Captain Santa Claus (And His Reindeer Space Patrol),2018-01-21,https://example.com/covers/958.jpg
959,473,Mercy Me - Christmas Needs Love,2016-03-14,https://example.com/covers/959.jpg
960,473,Presenting Bobby Helms,2020-10-02,https://example.com/covers/960.jpg
961,473,Rockin' Little Christmas,2008-06-26,https://example.com/covers/961.jpg
962,473,The Classic Years: 1956-1962,2019-07-06,https://example.com/covers/962.jpg
963,474,Candy,2013-09-14,https://example.com/covers/963.jpg
964,474,Components,2012-09-05,https://example.com/covers/964.jpg
965,475,This Love,2016-10-13,https://example.com/covers/965.jpg
966,476,My Thing Is Your Thing: Jetstar Strut From Bobby Patterson,2017-12-17,https://example.com/covers/966.jpg
967,477,Fly Me To The Moon,2011-11-30,https://example.com/covers/967.jpg
968,478,Dum Dum,2019-01-11,https://example.com/covers/968.jpg
969,479,The Collection Vol. 3,2010-04-24,https://example.com/covers/969.jpg
970,480,Amanecer,2017-11-06,https://example.com/covers/970.jpg
971,480,Amanecer (Remixed),2016-07-02,https://example.com/covers/971.jpg
972,481,I Had The Blues But I Shook Them Loose,2014-03-28,https://example.com/covers/972.jpg
973,481,"So Long, See You Tomorrow",2009-01-07,https://example.com/covers/973.jpg
974,481,Terrapin Station,2020-04-10,https://example.com/covers/974.jpg
975,482,Don't Look Up (Soundtrack from the Netflix Film),2012-05-30,https://example.com/covers/975.jpg
976,482,"For Emma, Forever Ago",2006-10-04,https://example.com/covers/976.jpg
977,483,Slippery When Wet,2006-07-10,https://example.com/covers/977.jpg
978,484,Lo Que Nunca Nos Contamos,2017-06-07,https://example.com/covers/978.jpg
979,485,Streetlights,2015-05-09,https://example.com/covers/979.jpg
980,486,The Very Best of Bonnie Tyler,2011-08-14,https://example.com/covers/980.jpg
981,487,Brouillard épais,2019-05-26,https://example.com/covers/981.jpg
982,488,California,2015-01-20,https://example.com/covers/982.jpg
983,489,Animal Magic,2022-02-14,https://example.com/covers/983.jpg
984,490,That's It,2013-11-03,https://example.com/covers/984.jpg
985,491,Green Onions / Behave Yourself,2013-09-19,https://example.com/covers/985.jpg
986,492,Visions of Backbeat,2021-11-27,https://example.com/covers/986.jpg
987,493,Y o Y,2018-09-09,https://example.com/covers/987.jpg
988,494,"Uncle, Duke & The Chief",2011-05-14,https://example.com/covers/988.jpg
989,495,Boston,2012-09-03,https://example.com/covers/989.jpg
990,496,A Hangover You Don't Deserve,2012-09-15,https://example.com/covers/990.jpg
991,496,I've Never Done Anything Like This,2011-10-22,https://example.com/covers/991.jpg
992,496,The Great Burrito Extortion Case,2007-07-29,https://example.com/covers/992.jpg
993,497,"Cover Sessions, Vol. 1",2015-05-29,https://example.com/covers/993.jpg
994,497,"Cover Sessions, Vol. 2",2016-05-17,https://example.com/covers/994.jpg
995,497,"Cover Sessions, Vol. 3",2012-11-29,https://example.com/covers/995.jpg
996,497,"Cover Sessions, Vol. 4",2015-05-30,https://example.com/covers/996.jpg
997,497,"Cover Sessions, Vol. 5",2016-11-02,https://example.com/covers/997.jpg
998,497,Live At The Royal Albert Hall,2017-07-17,https://example.com/covers/998.jpg
999,497,No Limits,2014-08-09,https://example.com/covers/999.jpg
1000,497,Road Less Traveled,2009-12-30,https://example.com/covers/1000.jpg
1001,498,Orion,2024-03-23,https://example.com/covers/1001.jpg
1002,499,THE WINTER MISSION,2014-04-05,https://example.com/covers/1002.jpg
1003,500,Introducing Brad Mehldau,2013-02-15,https://example.com/covers/1003.jpg
1004,501,Play,2014-06-22,https://example.com/covers/1004.jpg
1005,502,A Star Is Born Soundtrack,2013-10-28,https://example.com/covers/1005.jpg
1006,503,In These Silent Days,2017-05-09,https://example.com/covers/1006.jpg
1007,503,The Eye,2015-04-10,https://example.com/covers/1007.jpg
1008,503,The Story,2006-08-05,https://example.com/covers/1008.jpg
1009,504,Brandon Deshon,2014-09-08,https://example.com/covers/1009.jpg
1010,505,Flamingo,2011-03-27,https://example.com/covers/1010.jpg
1011,505,George Fest: A Night to Celebrate the Music of George Harrison,2019-12-14,https://example.com/covers/1011.jpg
1012,505,The Desired Effect,2013-06-12,https://example.com/covers/1012.jpg
1013,506,Burning Ground,2019-08-05,https://example.com/covers/1013.jpg
1014,507,time remembered,2015-05-11,https://example.com/covers/1014.jpg
1015,508,MUSIC FROM MO' BETTER BLUES (feat. Terence Blanchard),2009-07-07,https://example.com/covers/1015.jpg
1016,509,Note to Self,2013-03-24,https://example.com/covers/1016.jpg
1017,510,Another You,2017-07-19,https://example.com/covers/1017.jpg
1018,511,Savages,2012-02-08,https://example.com/covers/1018.jpg
1019,512,Anthology 1956-1980,2010-02-07,https://example.com/covers/1019.jpg
1020,512,Merry Christmas From Brenda Lee,2015-07-07,https://example.com/covers/1020.jpg
1021,512,Rockin' Around The Christmas Tree/The Decca Christmas Recordings,2016-04-10,https://example.com/covers/1021.jpg
1022,513,See the World,2013-01-19,https://example.com/covers/1022.jpg
1023,514,Glow,2008-01-26,https://example.com/covers/1023.jpg
1024,515,Poetic Tale,2021-10-28,https://example.com/covers/1024.jpg
1025,516,I Just Wasn't Made For These Times,2012-01-08,https://example.com/covers/1025.jpg
1026,517,"I'm Wide Awake, It's Morning",2016-12-07,https://example.com/covers/1026.jpg
1027,517,Lua,2013-08-11,https://example.com/covers/1027.jpg
1028,518,Angelo,2022-10-09,https://example.com/covers/1028.jpg
1029,518,Feelings,2021-12-17,https://example.com/covers/1029.jpg
1030,519,Quentin Tarantino's Once Upon a Time in Hollywood Original Motion Picture Soundtrack,2012-02-20,https://example.com/covers/1030.jpg
1031,520,Freakin' Out On The Interstate,2021-04-13,https://example.com/covers/1031.jpg
1032,521,In The Zone,2019-05-12,https://example.com/covers/1032.jpg
1033,522,Broken Bells,2017-01-06,https://example.com/covers/1033.jpg
1034,522,We're Not In Orbit Yet…,2014-06-17,https://example.com/covers/1034.jpg
1035,523,Rompiendo Barreras,2007-08-06,https://example.com/covers/1035.jpg
1036,524,Fields of Gold,2015-09-11,https://example.com/covers/1036.jpg
1037,525,Say A Little Prayer,2019-03-17,https://example.com/covers/1037.jpg
1038,526,#1s ... and then some,2024-08-13,https://example.com/covers/1038.jpg
1039,527,Us,2012-02-02,https://example.com/covers/1039.jpg
1040,528,United We Stand,2023-06-17,https://example.com/covers/1040.jpg
1041,529,Bruce Cockburn,2013-08-26,https://example.com/covers/1041.jpg
1042,530,Born In The U.S.A.,2006-03-25,https://example.com/covers/1042.jpg
1043,530,Born To Run,2013-06-10,https://example.com/covers/1043.jpg
1044,530,Darkness On the Edge of Town,2005-11-28,https://example.com/covers/1044.jpg
1045,530,Dream Baby Dream,2014-09-17,https://example.com/covers/1045.jpg
1046,530,Magic,2018-06-24,https://example.com/covers/1046.jpg
1047,530,Nebraska,2015-12-19,https://example.com/covers/1047.jpg
1048,530,"The Wild, the Innocent & The E Street Shuffle",2019-08-11,https://example.com/covers/1048.jpg
1049,531,Blanco Bootleg,2023-06-26,https://example.com/covers/1049.jpg
1050,532,24K Magic,2010-11-19,https://example.com/covers/1050.jpg
1051,532,An Evening With Silk Sonic,2013-10-29,https://example.com/covers/1051.jpg
1052,532,Doo-Wops & Hooligans,2009-06-17,https://example.com/covers/1052.jpg
1053,532,Finesse (Remix) [feat. Cardi B],2009-10-27,https://example.com/covers/1053.jpg
1054,532,It Will Rain,2013-06-11,https://example.com/covers/1054.jpg
1055,532,Unorthodox Jukebox,2015-04-12,https://example.com/covers/1055.jpg
1056,533,Living On The Outside,2010-11-04,https://example.com/covers/1056.jpg
1057,534,ballads by midnight,2012-04-10,https://example.com/covers/1057.jpg
1058,535,Get Up,2013-05-11,https://example.com/covers/1058.jpg
1059,535,Reckless,2016-12-02,https://example.com/covers/1059.jpg
1060,536,Dylanesque,2019-11-12,https://example.com/covers/1060.jpg
1061,537,I'm so Jealous of Me,2015-03-02,https://example.com/covers/1061.jpg
1062,538,Heaven on Hold,2019-05-01,https://example.com/covers/1062.jpg
1063,539,Carnival,2019-07-14,https://example.com/covers/1063.jpg
1064,539,Lazy Fair,2020-03-15,https://example.com/covers/1064.jpg
1065,540,A N N I V E R S A R Y,2018-11-02,https://example.com/covers/1065.jpg
1066,541,Since I Had You,2015-08-11,https://example.com/covers/1066.jpg
1067,542,Quentin Tarantino's Once Upon a Time in Hollywood Original Motion Picture Soundtrack,2016-04-04,https://example.com/covers/1067.jpg
1068,543,All the Greatest Hits Ever Made,2009-01-24,https://example.com/covers/1068.jpg
1069,544,Buddy Holly,2016-06-04,https://example.com/covers/1069.jpg
1070,544,Down The Line Rarities,2009-05-03,https://example.com/covers/1070.jpg
1071,544,Greatest Hits,2014-03-11,https://example.com/covers/1071.jpg
1072,544,The Definitive Collection,2013-07-05,https://example.com/covers/1072.jpg
1073,544,The Great Buddy Holly,2015-03-10,https://example.com/covers/1073.jpg
1074,545,Down The Line Rarities,2015-02-04,https://example.com/covers/1074.jpg
1075,546,Big Swing Face,2013-10-28,https://example.com/covers/1075.jpg
1076,547,Buena Vista Social Club,2020-01-29,https://example.com/covers/1076.jpg
1077,548,Buffalo Springfield,2019-12-08,https://example.com/covers/1077.jpg
1078,549,Quentin Tarantino's Once Upon a Time in Hollywood Original Motion Picture Soundtrack,2013-04-11,https://example.com/covers/1078.jpg
1079,550,Crackles,2016-08-09,https://example.com/covers/1079.jpg
1080,551,Hijos del pueblo,2016-09-27,https://example.com/covers/1080.jpg
1081,552,"Christmas Classics Featuring Rudolph The Red-Nosed Reindeer, Frosty The Snowman & The Little Drummer Boy",2016-09-24,https://example.com/covers/1081.jpg
1082,552,Have A Holly Jolly Christmas,2015-07-23,https://example.com/covers/1082.jpg
1083,553,Amor De Los Dos,2011-07-11,https://example.com/covers/1083.jpg
1084,554,Hollywood Actors,2017-05-31,https://example.com/covers/1084.jpg
1085,554,John Lennon Is My Jesus Christ,2014-10-22,https://example.com/covers/1085.jpg
1086,555,Candy,2011-12-12,https://example.com/covers/1086.jpg
1087,555,Dopamine,2013-10-22,https://example.com/covers/1087.jpg
1088,555,Electric Love,2021-10-31,https://example.com/covers/1088.jpg
1089,555,Seeing Stars,2008-12-22,https://example.com/covers/1089.jpg
1090,556,Siempre Siempre,2014-08-19,https://example.com/covers/1090.jpg
1091,557,Clasificacion C Vol. 2,2012-05-19,https://example.com/covers/1091.jpg
1092,558,El Madrileño,2015-10-11,https://example.com/covers/1092.jpg
1093,559,Prolonging the Magic,2018-03-17,https://example.com/covers/1093.jpg
1094,560,Ege Bamyasi,2018-05-01,https://example.com/covers/1094.jpg
1095,561,Dirty,2020-09-27,https://example.com/covers/1095.jpg
1096,562,C'est Chic,2018-02-13,https://example.com/covers/1096.jpg
1097,563,Me Before You,2009-07-21,https://example.com/covers/1097.jpg
1098,564,Cortes Modernos,2019-10-31,https://example.com/covers/1098.jpg
1099,564,Destellos,2017-08-02,https://example.com/covers/1099.jpg
1100,564,Templos,2018-07-02,https://example.com/covers/1100.jpg
1101,565,Dear Old Stockholm,2020-03-18,https://example.com/covers/1101.jpg
1102,566,CNCO,2017-11-17,https://example.com/covers/1102.jpg
1103,566,Hey DJ,2017-06-02,https://example.com/covers/1103.jpg
1104,566,Primera Cita,2012-08-19,https://example.com/covers/1104.jpg
1105,566,Tan Fácil (Remixes),2008-10-06,https://example.com/covers/1105.jpg
1106,567,Dreamland,2020-12-21,https://example.com/covers/1106.jpg
1107,568,Reflections,2021-09-26,https://example.com/covers/1107.jpg
1108,569,Broken Bones,2016-08-24,https://example.com/covers/1108.jpg
1109,570,Believe,2021-09-25,https://example.com/covers/1109.jpg
1110,570,By and By,2019-08-22,https://example.com/covers/1110.jpg
1111,570,Caamp,2014-11-12,https://example.com/covers/1111.jpg
1112,570,"Fall, Fall, Fall",2016-03-11,https://example.com/covers/1112.jpg
1113,570,No Sleep,2017-11-05,https://example.com/covers/1113.jpg
1114,570,Square One,2015-02-10,https://example.com/covers/1114.jpg
1115,571,Payaso de rodeo,2014-12-20,https://example.com/covers/1115.jpg
1116,572,39 Minutes of Bliss (In An Otherwise Meaningless World),2010-03-21,https://example.com/covers/1116.jpg
1117,573,Caetano Veloso,2014-04-14,https://example.com/covers/1117.jpg
1118,574,Avalancha de éxitos,2008-02-05,https://example.com/covers/1118.jpg
1119,574,Cuatro Caminos,2009-09-25,https://example.com/covers/1119.jpg
1120,574,SINO,2013-09-20,https://example.com/covers/1120.jpg
1121,575,Broken Boy (feat. Iggy Pop),2015-11-10,https://example.com/covers/1121.jpg
1122,575,Cage The Elephant,2013-12-11,https://example.com/covers/1122.jpg
1123,575,Cage The Elephant (Expanded Edition),2016-11-14,https://example.com/covers/1123.jpg
1124,575,Melophobia,2016-08-31,https://example.com/covers/1124.jpg
1125,575,Skin and Bones,2017-02-17,https://example.com/covers/1125.jpg
1126,575,Social Cues,2011-09-10,https://example.com/covers/1126.jpg
1127,575,Tell Me I'm Pretty,2014-08-21,https://example.com/covers/1127.jpg
1128,575,Thank You Happy Birthday,2012-05-27,https://example.com/covers/1128.jpg
1129,575,Unpeeled,2011-11-10,https://example.com/covers/1129.jpg
1130,576,Only Real When Shared,2015-08-06,https://example.com/covers/1130.jpg
1131,577,Perfect Time of Year,2015-10-02,https://example.com/covers/1131.jpg
1132,578,Rock en Tu Idioma Sinfónico,2016-10-04,https://example.com/covers/1132.jpg
1133,579,Algiers,2020-06-29,https://example.com/covers/1133.jpg
1134,579,Carried To Dust,2012-11-23,https://example.com/covers/1134.jpg
1135,579,Convict Pool,2012-10-18,https://example.com/covers/1135.jpg
1136,579,Edge of the Sun,2016-02-25,https://example.com/covers/1136.jpg
1137,579,Even My Sure Things Fall Through,2015-01-03,https://example.com/covers/1137.jpg
1138,579,Feast of Wire,2019-11-24,https://example.com/covers/1138.jpg
1139,579,Hot Rail,2020-05-01,https://example.com/covers/1139.jpg
1140,579,In The Reins,2012-04-03,https://example.com/covers/1140.jpg
1141,579,Selections from Road Atlas 1998-2011,2012-05-17,https://example.com/covers/1141.jpg
1142,579,The Black Light,2013-07-16,https://example.com/covers/1142.jpg
1143,579,The Thread That Keeps Us,2016-02-14,https://example.com/covers/1143.jpg
1144,579,Years to Burn,2020-04-13,https://example.com/covers/1144.jpg
1145,580,Colegio,2016-07-17,https://example.com/covers/1145.jpg
1146,580,POR ELLA,2018-03-04,https://example.com/covers/1146.jpg
1147,580,Por Fin Te Encontré,2013-03-19,https://example.com/covers/1147.jpg
1148,580,Sirena,2014-06-05,https://example.com/covers/1148.jpg
1149,580,Voy Por Ti,2011-11-07,https://example.com/covers/1149.jpg
1150,580,Yo Te Esperaré,2007-01-17,https://example.com/covers/1150.jpg
1151,581,Contigo,2010-05-23,https://example.com/covers/1151.jpg
1152,581,Cuidando El Territorio,2016-05-17,https://example.com/covers/1152.jpg
1153,581,El Buen Ejemplo,2015-09-13,https://example.com/covers/1153.jpg
1154,581,La Recompensa,2019-10-31,https://example.com/covers/1154.jpg
1155,581,Lo Mejor De...,2020-09-23,https://example.com/covers/1155.jpg
1156,581,Vamos Bien,2011-12-30,https://example.com/covers/1156.jpg
1157,582,Stitches,2008-10-09,https://example.com/covers/1157.jpg
1158,583,Calle 13 (Explicit Version),2013-06-18,https://example.com/covers/1158.jpg
1159,583,Entren Los Que Quieran,2017-01-09,https://example.com/covers/1159.jpg
1160,583,Los De Atrás Vienen Conmigo,2018-01-10,https://example.com/covers/1160.jpg
1161,583,MultiViral,2020-01-25,https://example.com/covers/1161.jpg
1162,584,Amor Violento,2015-09-09,https://example.com/covers/1162.jpg
1163,584,Bien del puerco,2016-01-02,https://example.com/covers/1163.jpg
1164,584,Buen Pez,2019-10-04,https://example.com/covers/1164.jpg
1165,584,Bálsamo,2014-08-14,https://example.com/covers/1165.jpg
1166,584,Bésame Morenita,2013-10-23,https://example.com/covers/1166.jpg
1167,584,Corazón Atómico,2013-08-21,https://example.com/covers/1167.jpg
1168,584,"De día bien, de noche mal",2020-06-30,https://example.com/covers/1168.jpg
1169,584,Dime pa saber,2019-01-21,https://example.com/covers/1169.jpg
1170,584,Epitafio,2018-01-25,https://example.com/covers/1170.jpg
1171,584,Fresh,2023-10-20,https://example.com/covers/1171.jpg
1172,584,Fruta,2022-09-24,https://example.com/covers/1172.jpg
1173,584,Luna Completa,2018-03-16,https://example.com/covers/1173.jpg
1174,584,Malvadisco,2022-04-08,https://example.com/covers/1174.jpg
1175,584,Medio Oriente,2019-08-05,https://example.com/covers/1175.jpg
1176,584,Medusa,2018-02-04,https://example.com/covers/1176.jpg
1177,584,PA,2018-05-12,https://example.com/covers/1177.jpg
1178,584,Palmar,2013-12-23,https://example.com/covers/1178.jpg
1179,584,Regalo,2021-08-14,https://example.com/covers/1179.jpg
1180,584,Shulaguapa,2020-05-14,https://example.com/covers/1180.jpg
1181,584,Superdeli,2014-11-07,https://example.com/covers/1181.jpg
1182,584,Tofu,2020-03-25,https://example.com/covers/1182.jpg
1183,584,Wacha Checa,2016-10-03,https://example.com/covers/1183.jpg
1184,584,unas acústicas,2017-09-11,https://example.com/covers/1184.jpg
1185,584,Ánimo,2022-09-17,https://example.com/covers/1185.jpg
1186,585,Vamonos de Fiesta,2016-08-23,https://example.com/covers/1186.jpg
1187,586,18 Months,2012-04-13,https://example.com/covers/1187.jpg
1188,586,Funk Wav Bounces Vol.1,2015-04-08,https://example.com/covers/1188.jpg
1189,586,Giant (with Rag'n'Bone Man),2011-05-15,https://example.com/covers/1189.jpg
1190,586,How Deep Is Your Love,2007-07-22,https://example.com/covers/1190.jpg
1191,586,Motion,2006-08-26,https://example.com/covers/1191.jpg
1192,586,One Kiss (with Dua Lipa) [Remixes],2017-04-22,https://example.com/covers/1192.jpg
1193,586,Over Now (with The Weeknd),2017-12-04,https://example.com/covers/1193.jpg
1194,586,"Stay With Me (with Justin Timberlake, Halsey, & Pharrell)",2018-05-27,https://example.com/covers/1194.jpg
1195,586,This Is What You Came For,2009-01-19,https://example.com/covers/1195.jpg
1196,587,Déjate Llevar,2023-02-18,https://example.com/covers/1196.jpg
1197,588,My Maudlin Career,2012-01-27,https://example.com/covers/1197.jpg
1198,589,"Ripe Dreams, Pipe Dreams",2017-08-08,https://example.com/covers/1198.jpg
1199,590,Dejarte De Amar,2010-12-25,https://example.com/covers/1199.jpg
1200,590,Elypse,2012-10-01,https://example.com/covers/1200.jpg
1201,590,Todo Cambio,2013-06-03,https://example.com/covers/1201.jpg
1202,591,Romance,2015-01-12,https://example.com/covers/1202.jpg
1203,592,Ratatouille,2019-11-19,https://example.com/covers/1203.jpg
1204,593,Danse Macabre,2018-03-23,https://example.com/covers/1204.jpg
1205,593,Prokofiev: Peter and the Wolf; Saint-Saens: Carnival of the Animals; Britten: The Young Person's Guide to the Orchestra,2015-09-06,https://example.com/covers/1205.jpg
1206,593,Pure - Maria Callas,2018-07-28,https://example.com/covers/1206.jpg
1207,593,Saint-Saens (The Best Of),2016-04-13,https://example.com/covers/1207.jpg
1208,593,Saint-Saëns: Carnival of the Animals - Prokofiev: Peter and the Wolf,2020-09-19,https://example.com/covers/1208.jpg
1209,593,Saint-Saëns: Organ Symphony; Bacchanale; Danse Macabre; Carnaval des Animaux,2017-05-18,https://example.com/covers/1209.jpg
1210,593,"Saint-Saëns: Symphony No. 3 ""Organ Symphony"", The Carnival of the Animals, Danse macabre & Bacchanale from Samson and Delilah",2018-05-04,https://example.com/covers/1210.jpg
1211,593,Songs from the Arc of Life,2022-03-10,https://example.com/covers/1211.jpg
1212,594,KESI,2018-01-12,https://example.com/covers/1212.jpg
1213,594,Machu Picchu,2019-04-27,https://example.com/covers/1213.jpg
1214,594,Por Primera Vez,2012-07-02,https://example.com/covers/1214.jpg
1215,594,Tutu,2012-02-20,https://example.com/covers/1215.jpg
1216,595,Salzburger Winter,2016-05-10,https://example.com/covers/1216.jpg
1217,596,Young Hearts Run Free,2019-01-21,https://example.com/covers/1217.jpg
1218,597,Canned Heat,2012-07-25,https://example.com/covers/1218.jpg
1219,597,On the Road Again,2019-08-20,https://example.com/covers/1219.jpg
1220,597,Same Old Games (Remix/Single Edit),2014-12-25,https://example.com/covers/1220.jpg
1221,598,Somethin' Else,2006-07-27,https://example.com/covers/1221.jpg
1222,599,"Quédate Señor Conmigo, Vol. 1",2019-09-03,https://example.com/covers/1222.jpg
1223,600,Belgium To Bordeaux,2016-04-24,https://example.com/covers/1223.jpg
1224,601,Teens of Denial,2012-02-18,https://example.com/covers/1224.jpg
1225,602,Siento por Ciento,2020-01-27,https://example.com/covers/1225.jpg
1226,603,Ranchero,2020-05-26,https://example.com/covers/1226.jpg
1227,604,Invasion of Privacy,2013-06-09,https://example.com/covers/1227.jpg
1228,605,Colmillo De Leche,2016-05-05,https://example.com/covers/1228.jpg
1229,605,Cura Local,2022-05-17,https://example.com/covers/1229.jpg
1230,605,El Malo,2014-12-16,https://example.com/covers/1230.jpg
1231,605,Encerrados Pero Enfiestados Vol. 1,2015-04-08,https://example.com/covers/1231.jpg
1232,605,No Es Por Acá,2016-10-23,https://example.com/covers/1232.jpg
1233,605,Pedazo De Tonto,2013-11-12,https://example.com/covers/1233.jpg
1234,605,Primera Cita,2017-10-16,https://example.com/covers/1234.jpg
1235,605,Que Vuelvas,2021-12-19,https://example.com/covers/1235.jpg
1236,606,"Dittersdorf: Sinfonias On Ovid's Metamorphoses, Nos. 1 - 3",2013-07-10,https://example.com/covers/1236.jpg
1237,607,The Best Of Carl Perkins,2010-03-05,https://example.com/covers/1237.jpg
1238,607,The Dance Album,2011-09-01,https://example.com/covers/1238.jpg
1239,608,Carl Philipp Emanuel Bach: Der Frühling,2016-07-07,https://example.com/covers/1239.jpg
1240,609,Relaxin',2016-09-01,https://example.com/covers/1240.jpg
1241,610,Déjenme Llorar,2021-12-13,https://example.com/covers/1241.jpg
1242,611,Songs by the bay,2011-07-26,https://example.com/covers/1242.jpg
1243,612,Ewigkeit,2017-12-07,https://example.com/covers/1243.jpg
1244,612,Nuovi inizi,2020-12-12,https://example.com/covers/1244.jpg
1245,613,Carla,2014-02-06,https://example.com/covers/1245.jpg
1246,614,De mi puño y letra - Edicion Coleccionista,2012-05-02,https://example.com/covers/1246.jpg
1247,615,"Correlations B-Sides (on Yamaha Upright, 1981)",2022-02-23,https://example.com/covers/1247.jpg
1248,616,por qué está tan cabrón crecer?,2014-06-27,https://example.com/covers/1248.jpg
1249,617,50 Greatest Tracks,2020-01-05,https://example.com/covers/1249.jpg
1250,617,El Album De Oro De Carlos Gardel,2015-02-08,https://example.com/covers/1250.jpg
1251,617,Los Exitos De Sus Peliculas,2010-12-23,https://example.com/covers/1251.jpg
1252,618,Christmas with You,2015-03-20,https://example.com/covers/1252.jpg
1253,619,The Queen's Gambit (Music from the Netflix Limited Series),2012-02-27,https://example.com/covers/1253.jpg
1254,620,Cielito Lindo,2009-03-18,https://example.com/covers/1254.jpg
1255,620,Guerra,2014-07-26,https://example.com/covers/1255.jpg
1256,620,Perdiendo la Cabeza,2017-03-20,https://example.com/covers/1256.jpg
1257,620,Un Velero Llamado Libertad,2015-09-23,https://example.com/covers/1257.jpg
1258,620,Yo Creo,2013-08-28,https://example.com/covers/1258.jpg
1259,621,Diferentes Tipos de Luz,2016-01-22,https://example.com/covers/1259.jpg
1260,621,Semilla Negra,2022-11-05,https://example.com/covers/1260.jpg
1261,621,Tropical Jesus,2023-03-11,https://example.com/covers/1261.jpg
1262,622,Santana Brothers,2014-01-26,https://example.com/covers/1262.jpg
1263,623,Nubes,2012-05-23,https://example.com/covers/1263.jpg
1264,624,Canción Bonita,2020-04-17,https://example.com/covers/1264.jpg
1265,624,El Dorado,2011-05-11,https://example.com/covers/1265.jpg
1266,624,"El Sombrero de Alejo (feat. Alfonso Zuleta, Jorge Oñate, Felipe Peláez, Peter Manjarres, Jorge Celedón, Silvestre Dangond & Ivan Villazon)",2009-10-02,https://example.com/covers/1266.jpg
1267,624,La Bicicleta,2009-10-20,https://example.com/covers/1267.jpg
1268,624,Robarte un Beso,2008-08-29,https://example.com/covers/1268.jpg
1269,624,VIVES,2017-11-29,https://example.com/covers/1269.jpg
1270,625,PUETA PAL’ GYM,2013-03-01,https://example.com/covers/1270.jpg
1271,625,Roto,2020-01-04,https://example.com/covers/1271.jpg
1272,625,Sueńos,2014-03-30,https://example.com/covers/1272.jpg
1273,626,Emotion,2013-11-29,https://example.com/covers/1273.jpg
1274,626,I Really Like You,2010-06-27,https://example.com/covers/1274.jpg
1275,627,100 ans de jazz,2009-11-21,https://example.com/covers/1275.jpg
1276,628,Woody Allen et la musique,2016-11-02,https://example.com/covers/1276.jpg
1277,629,Frozen Canciones de una Aventura Congelada,2015-01-12,https://example.com/covers/1277.jpg
1278,630,Sail For Toumain,2016-01-08,https://example.com/covers/1278.jpg
1279,631,True North,2016-08-20,https://example.com/covers/1279.jpg
1280,632,A Song For You,2016-12-06,https://example.com/covers/1280.jpg
1281,633,Les feuilles mortes,2022-04-29,https://example.com/covers/1281.jpg
1282,634,Love & Rage,2019-11-01,https://example.com/covers/1282.jpg
1283,635,Shorty Party,2015-08-30,https://example.com/covers/1283.jpg
1284,636,Mangy Love,2011-02-18,https://example.com/covers/1284.jpg
1285,636,Sweet Lucy / Wild Mountain Thyme,2017-06-02,https://example.com/covers/1285.jpg
1286,637,R&B Party,2013-08-07,https://example.com/covers/1286.jpg
1287,638,Legendary,2017-04-03,https://example.com/covers/1287.jpg
1288,639,A Star Is Born Soundtrack,2010-07-02,https://example.com/covers/1288.jpg
1289,640,Mamma Mia! The Movie Soundtrack,2010-12-07,https://example.com/covers/1289.jpg
1290,641,triple j Like A Version,2017-07-21,https://example.com/covers/1290.jpg
1291,642,Cheesin',2016-10-25,https://example.com/covers/1291.jpg
1292,643,Dancing at the Blue Lagoon,2016-09-30,https://example.com/covers/1292.jpg
1293,643,Moony Eyed Walrus,2011-08-28,https://example.com/covers/1293.jpg
1294,644,Turista,2022-08-25,https://example.com/covers/1294.jpg
1295,645,Hou Van Me,2016-05-22,https://example.com/covers/1295.jpg
1296,646,Boleros,2023-11-04,https://example.com/covers/1296.jpg
1297,646,Exitos Eternos,2014-01-12,https://example.com/covers/1297.jpg
1298,647,Quentin Tarantino's Once Upon a Time in Hollywood Original Motion Picture Soundtrack,2014-07-16,https://example.com/covers/1298.jpg
1299,648,Santosha,2018-06-17,https://example.com/covers/1299.jpg
1300,649,Todo Cambio,2008-04-04,https://example.com/covers/1300.jpg
1301,650,50 Electric Blues Classics,2013-12-19,https://example.com/covers/1301.jpg
1302,651,Acid Rap,2015-03-06,https://example.com/covers/1302.jpg
1303,651,Acid Rap (10th Anniversary - Complete Edition),2021-06-09,https://example.com/covers/1303.jpg
1304,651,Coloring Book,2016-02-13,https://example.com/covers/1304.jpg
1305,652,Mutual Attraction (Disco Mix - Original 12 Inch Version),2019-10-24,https://example.com/covers/1305.jpg
1306,653,Nature Boy,2018-05-13,https://example.com/covers/1306.jpg
1307,654,No Nos Pararan,2023-03-21,https://example.com/covers/1307.jpg
1308,655,Smile,2022-09-25,https://example.com/covers/1308.jpg
1309,656,No Time For Dreaming,2009-05-07,https://example.com/covers/1309.jpg
1310,657,Yodeling Walmart Kid,2011-12-01,https://example.com/covers/1310.jpg
1311,658,Andrea Bocelli - Sacred Arias,2010-12-30,https://example.com/covers/1311.jpg
1312,658,Gounod,2017-06-30,https://example.com/covers/1312.jpg
1313,658,Songs from the Arc of Life,2021-10-05,https://example.com/covers/1313.jpg
1314,658,The Art Of Renée Fleming,2008-06-26,https://example.com/covers/1314.jpg
1315,659,Mingus Ah Um,2012-07-27,https://example.com/covers/1315.jpg
1316,660,Lonesome as a Shadow,2013-07-18,https://example.com/covers/1316.jpg
1317,661,SUCKER,2015-03-28,https://example.com/covers/1317.jpg
1318,662,Sigo Aqui,2013-09-19,https://example.com/covers/1318.jpg
1319,663,All the Things You Are,2012-01-17,https://example.com/covers/1319.jpg
1320,663,Bird of Paradise,2007-07-10,https://example.com/covers/1320.jpg
1321,663,Charlie Parker With Strings: Complete Master Takes,2008-10-11,https://example.com/covers/1321.jpg
1322,663,Jazz Masters,2012-03-02,https://example.com/covers/1322.jpg
1323,663,Keep Be-Bop Alive - Years Between 1940 - 1950,2009-07-26,https://example.com/covers/1323.jpg
1324,663,"Savoy's Charlie, Vol. 1",2013-01-03,https://example.com/covers/1324.jpg
1325,664,Last of the Better Days Ahead,2013-09-12,https://example.com/covers/1325.jpg
1326,665,Nine Track Mind,2012-08-03,https://example.com/covers/1326.jpg
1327,665,Some Type of Love,2011-01-04,https://example.com/covers/1327.jpg
1328,666,Gyal You A Party Animal,2016-08-11,https://example.com/covers/1328.jpg
1329,667,Clics Modernos,2017-11-03,https://example.com/covers/1329.jpg
1330,667,Parte De La Religion,2016-08-10,https://example.com/covers/1330.jpg
1331,667,Piano Bar,2020-05-08,https://example.com/covers/1331.jpg
1332,667,Tango 4,2015-04-17,https://example.com/covers/1332.jpg
1333,667,Unplugged,2020-10-10,https://example.com/covers/1333.jpg
1334,668,Chase Atlantic,2016-04-15,https://example.com/covers/1334.jpg
1335,669,Atado a Tu Amor,2019-09-05,https://example.com/covers/1335.jpg
1336,669,En Todo Estaré (Deluxe Edition),2018-10-12,https://example.com/covers/1336.jpg
1337,669,Mi Tiempo,2010-03-14,https://example.com/covers/1337.jpg
1338,670,In Color,2017-10-15,https://example.com/covers/1338.jpg
1339,671,Mil Tequilas,2011-06-07,https://example.com/covers/1339.jpg
1340,672,I Wanna Do,2019-05-19,https://example.com/covers/1340.jpg
1341,673,Música para verse bien,2014-01-21,https://example.com/covers/1341.jpg
1342,673,Sorpresa,2018-10-19,https://example.com/covers/1342.jpg
1343,674,Sorry I'm Late,2013-11-09,https://example.com/covers/1343.jpg
1344,675,Sampled Moods,2020-03-08,https://example.com/covers/1344.jpg
1345,676,Year of the Caprese,2008-07-26,https://example.com/covers/1345.jpg
1346,677,Old Devil Moon,2013-04-09,https://example.com/covers/1346.jpg
1347,678,The Essential Chet Atkins,2019-12-18,https://example.com/covers/1347.jpg
1348,679,Chet For Lovers,2015-01-26,https://example.com/covers/1348.jpg
1349,679,My Funny Valentine: The Best Of Chet Baker,2016-06-12,https://example.com/covers/1349.jpg
1350,680,1998 (feat. Banks),2014-09-18,https://example.com/covers/1350.jpg
1351,680,Built On Glass,2012-11-01,https://example.com/covers/1351.jpg
1352,680,Digging the Blogosphere,2016-12-22,https://example.com/covers/1352.jpg
1353,680,Thinking In Textures,2019-11-14,https://example.com/covers/1353.jpg
1354,681,Community (Music from the Original Television Series),2012-09-04,https://example.com/covers/1354.jpg
1355,682,Pa' Otro La 'O,2016-12-18,https://example.com/covers/1355.jpg
1356,683,Chicago II,2013-11-12,https://example.com/covers/1356.jpg
1357,684,Háblame / Corazón De Roca,2018-08-21,https://example.com/covers/1357.jpg
1358,685,A contratiempo,2020-01-12,https://example.com/covers/1358.jpg
1359,686,Spinnin' The Webb,2019-10-19,https://example.com/covers/1359.jpg
1360,687,Make It Better,2019-12-31,https://example.com/covers/1360.jpg
1361,688,3.15.20,2013-04-01,https://example.com/covers/1361.jpg
1362,688,"Awaken, My Love!",2011-09-09,https://example.com/covers/1362.jpg
1363,688,Because the Internet,2015-10-21,https://example.com/covers/1363.jpg
1364,688,Camp,2010-10-24,https://example.com/covers/1364.jpg
1365,688,Kauai,2015-08-04,https://example.com/covers/1365.jpg
1366,688,Stay High,2012-08-19,https://example.com/covers/1366.jpg
1367,688,This Is America,2012-11-26,https://example.com/covers/1367.jpg
1368,689,Rueda,2013-10-05,https://example.com/covers/1368.jpg
1369,690,Andas En Mi Cabeza,2011-07-26,https://example.com/covers/1369.jpg
1370,690,Me Voy Enamorando,2009-05-14,https://example.com/covers/1370.jpg
1371,690,Mi Niña Bonita - Reloaded,2019-01-31,https://example.com/covers/1371.jpg
1372,690,Radio Universo,2011-11-12,https://example.com/covers/1372.jpg
1373,691,Dijeron Que No La Iba Lograr,2017-08-04,https://example.com/covers/1373.jpg
1374,691,El Gordo Trae El Mando,2018-07-19,https://example.com/covers/1374.jpg
1375,692,Sonido De Valencia - 1990 - 1999,2015-06-18,https://example.com/covers/1375.jpg
1376,693,Polaris,2006-06-28,https://example.com/covers/1376.jpg
1377,694,Pa Olvidarte (feat. Manuel Turizo),2015-07-01,https://example.com/covers/1377.jpg
1378,694,Sin Miedo,2016-10-14,https://example.com/covers/1378.jpg
1379,695,2000 Grandes Exitos,2016-11-26,https://example.com/covers/1379.jpg
1380,696,I Am The Cosmos (Deluxe Version),2019-02-24,https://example.com/covers/1380.jpg
1381,697,The Gentlemen (Original Motion Picture Soundtrack),2018-11-16,https://example.com/covers/1381.jpg
1382,698,Exclusive (Expanded Edition),2015-10-11,https://example.com/covers/1382.jpg
1383,698,F.A.M.E. (Expanded Edition),2014-04-27,https://example.com/covers/1383.jpg
1384,698,Fan of A Fan The Album (Expanded Edition),2016-11-16,https://example.com/covers/1384.jpg
1385,698,Indigo,2015-06-17,https://example.com/covers/1385.jpg
1386,699,Chris Cornell,2015-05-13,https://example.com/covers/1386.jpg
1387,700,San Francisco Days,2011-09-15,https://example.com/covers/1387.jpg
1388,701,Ahora Dice,2009-04-10,https://example.com/covers/1388.jpg
1389,702,Santa´s Way Back Home,2022-03-04,https://example.com/covers/1389.jpg
1390,703,Traveller,2009-05-02,https://example.com/covers/1390.jpg
1391,703,White Horse,2019-01-13,https://example.com/covers/1391.jpg
1392,704,How To Grow A Woman From The Ground,2017-12-21,https://example.com/covers/1392.jpg
1393,705,Trouble,2016-12-21,https://example.com/covers/1393.jpg
1394,706,Standing in the Doorway: Chrissie Hynde Sings Bob Dylan,2015-07-22,https://example.com/covers/1394.jpg
1395,707,Para Siempre,2014-06-05,https://example.com/covers/1395.jpg
1396,708,Toroka,2018-04-21,https://example.com/covers/1396.jpg
1397,709,Out Here,2015-04-04,https://example.com/covers/1397.jpg
1398,710,AYAYAY!,2021-03-15,https://example.com/covers/1398.jpg
1399,710,Adiós Amor,2010-12-03,https://example.com/covers/1399.jpg
1400,710,Ahora,2016-03-26,https://example.com/covers/1400.jpg
1401,710,Aquí Abajo,2012-10-20,https://example.com/covers/1401.jpg
1402,710,De Los Besos Que Te Di,2017-06-30,https://example.com/covers/1402.jpg
1403,710,Forajido EP 1,2021-01-26,https://example.com/covers/1403.jpg
1404,710,La Sinvergüenza,2016-01-12,https://example.com/covers/1404.jpg
1405,710,Me Dejé Llevar,2014-09-12,https://example.com/covers/1405.jpg
1406,710,Se Me Olvidó,2012-05-09,https://example.com/covers/1406.jpg
1407,710,Ya No Somos Ni Seremos,2021-08-22,https://example.com/covers/1407.jpg
1408,711,a thousand years,2017-09-29,https://example.com/covers/1408.jpg
1409,712,Mamma Mia! Here We Go Again,2010-05-14,https://example.com/covers/1409.jpg
1410,712,Mamma Mia! The Movie Soundtrack,2010-05-09,https://example.com/covers/1410.jpg
1411,713,"Piano Recital: Raekallio, Matti - Mozart, W.A. / Gluck, C.W. / Wagner, R. / Liszt, F. / Busoni, F. (Transcriptions - A Night at the Opera)",2014-04-05,https://example.com/covers/1411.jpg
1412,714,Head Over Heels,2011-11-26,https://example.com/covers/1412.jpg
1413,715,After School Session,2008-10-25,https://example.com/covers/1413.jpg
1414,715,Berry Is On Top,2008-02-15,https://example.com/covers/1414.jpg
1415,715,Chuck Berry On Stage,2018-04-11,https://example.com/covers/1415.jpg
1416,715,Gold,2011-08-24,https://example.com/covers/1416.jpg
1417,715,Lady B. Goode,2011-07-10,https://example.com/covers/1417.jpg
1418,715,New Juke Box Hits,2015-12-25,https://example.com/covers/1418.jpg
1419,715,One Dozen Berry's,2010-12-28,https://example.com/covers/1419.jpg
1420,715,Pulp Fiction,2013-06-03,https://example.com/covers/1420.jpg
1421,715,Rock 'N' Roll Rarities,2015-11-13,https://example.com/covers/1421.jpg
1422,715,Rockin' At The Hops,2014-02-09,https://example.com/covers/1422.jpg
1423,715,San Francisco Dues,2016-08-17,https://example.com/covers/1423.jpg
1424,715,St. Louis To Liverpool,2012-06-15,https://example.com/covers/1424.jpg
1425,715,St. Louis to Liverpool,2008-07-17,https://example.com/covers/1425.jpg
1426,715,You Never Can Tell: His Complete Chess Recordings 1960 -1966,2009-06-01,https://example.com/covers/1426.jpg
1427,716,Bobby Fuller Died for Your Sins,2013-11-04,https://example.com/covers/1427.jpg
1428,716,The Age of Miracles,2022-01-19,https://example.com/covers/1428.jpg
1429,716,The Land That Time Forgot,2014-05-12,https://example.com/covers/1429.jpg
1430,717,Everybody's Going to Die,2014-04-14,https://example.com/covers/1430.jpg
1431,718,Dunmore,2016-11-16,https://example.com/covers/1431.jpg
1432,718,Gap of Dunloe,2013-12-23,https://example.com/covers/1432.jpg
1433,719,Everywhere I Go,2014-12-05,https://example.com/covers/1433.jpg
1434,720,El Potaje,2019-12-20,https://example.com/covers/1434.jpg
1435,720,Terapia,2016-08-05,https://example.com/covers/1435.jpg
1436,721,"Authorized Bootleg - Live/Tokyo Dome - Tokyo, Japan Dec 31, 1990",2015-02-24,https://example.com/covers/1436.jpg
1437,722,T-Shirt Weather,2011-08-31,https://example.com/covers/1437.jpg
1438,723,The Rolling Stones Rock And Roll Circus,2014-02-08,https://example.com/covers/1438.jpg
1439,724,Charmer,2011-10-22,https://example.com/covers/1439.jpg
1440,724,Fantast,2020-10-07,https://example.com/covers/1440.jpg
1441,724,No Eyes,2015-08-19,https://example.com/covers/1441.jpg
1442,724,No Eyes (Remixes) [feat. Jaw],2012-01-23,https://example.com/covers/1442.jpg
1443,725,Dancin' With Nobody But You Babe,2018-03-16,https://example.com/covers/1443.jpg
1444,726,Una Noche Loca,2012-08-26,https://example.com/covers/1444.jpg
1445,727,Hanging Gardens,2015-02-07,https://example.com/covers/1445.jpg
1446,728,Bolling Rampal - Suite for Flute and Jazz Piano Trio,2014-12-05,https://example.com/covers/1446.jpg
1447,729,Cello Moods,2019-04-11,https://example.com/covers/1447.jpg
1448,729,Debussy Piano Edition,2018-03-17,https://example.com/covers/1448.jpg
1449,729,Debussy: 2 Arabesques / Preludes (Selections) / Pour L'Egyptienne,2017-06-07,https://example.com/covers/1449.jpg
1450,729,Debussy: Bruyères,2013-12-23,https://example.com/covers/1450.jpg
1451,729,Debussy: Clair De Lune and Other Piano Favourites,2019-02-08,https://example.com/covers/1451.jpg
1452,729,"Debussy: Suite bergamasque, L. 75, 3. Clair de lune",2019-09-08,https://example.com/covers/1452.jpg
1453,729,Träumerei - Liebestraum - Für Elise - Clair de lune - Gymnopédie - Sony Classical Masters,2016-09-26,https://example.com/covers/1453.jpg
1454,730,I Wish You Met Her,2022-07-01,https://example.com/covers/1454.jpg
1455,731,Fantastica Fisarmonica 16 Beguine,2015-03-28,https://example.com/covers/1455.jpg
1456,732,Solo (feat. Demi Lovato),2011-12-04,https://example.com/covers/1456.jpg
1457,733,The Ghost of Fashion,2012-12-09,https://example.com/covers/1457.jpg
1458,734,Biggest Baddest Jazz Cats,2014-04-28,https://example.com/covers/1458.jpg
1459,734,Finest Hour: Clifford Brown,2009-07-31,https://example.com/covers/1459.jpg
1460,734,The Blues Walk,2008-12-05,https://example.com/covers/1460.jpg
1461,734,The Definitive Clifford Brown,2011-05-31,https://example.com/covers/1461.jpg
1462,734,The Duke and His Domain,2014-10-24,https://example.com/covers/1462.jpg
1463,734,Ultimate Clifford Brown,2017-01-16,https://example.com/covers/1463.jpg
1464,735,Unforgiven - Original Motion Picture Soundtrack,2013-05-18,https://example.com/covers/1464.jpg
1465,736,KPM 1000 Series: Marchtime USA / Hollywood Heyday,2017-05-03,https://example.com/covers/1465.jpg
1466,737,"Get Schwifty (From ""Rick and Morty"")",2011-01-31,https://example.com/covers/1466.jpg
1467,738,Sustancia,2019-09-30,https://example.com/covers/1467.jpg
1468,739,Chick Bromea,2017-01-19,https://example.com/covers/1468.jpg
1469,740,Coast Modern,2023-01-26,https://example.com/covers/1469.jpg
1470,741,CAMALOVE,2016-02-12,https://example.com/covers/1470.jpg
1471,742,4 U EP,2012-06-01,https://example.com/covers/1471.jpg
1472,742,Free,2006-07-07,https://example.com/covers/1472.jpg
1473,742,No Ceiling,2007-04-26,https://example.com/covers/1473.jpg
1474,742,Surfers Paradise,2008-08-04,https://example.com/covers/1474.jpg
1475,743,愛犬と共に過ごす暖かい冬の日,2022-11-07,https://example.com/covers/1475.jpg
1476,744,Christmas In The Sand,2013-12-18,https://example.com/covers/1476.jpg
1477,745,The Beatpatch,2016-02-23,https://example.com/covers/1477.jpg
1478,746,Hold My Home,2015-12-14,https://example.com/covers/1478.jpg
1479,746,Robbers & Cowards,2019-07-15,https://example.com/covers/1479.jpg
1480,747,A Head Full of Dreams,2011-03-05,https://example.com/covers/1480.jpg
1481,747,A Rush of Blood to the Head,2012-07-29,https://example.com/covers/1481.jpg
1482,747,All I Can Think About Is You,2008-01-04,https://example.com/covers/1482.jpg
1483,747,Christmas Lights,2013-02-09,https://example.com/covers/1483.jpg
1484,747,Coloratura,2018-05-13,https://example.com/covers/1484.jpg
1485,747,Everyday Life,2016-12-15,https://example.com/covers/1485.jpg
1486,747,Flags,2019-06-13,https://example.com/covers/1486.jpg
1487,747,Ghost Stories,2008-08-16,https://example.com/covers/1487.jpg
1488,747,Higher Power,2018-02-12,https://example.com/covers/1488.jpg
1489,747,Hypnotised,2014-01-01,https://example.com/covers/1489.jpg
1490,747,Kaleidoscope EP,2007-11-01,https://example.com/covers/1490.jpg
1491,747,Life in Technicolor ii,2013-12-31,https://example.com/covers/1491.jpg
1492,747,Music Of The Spheres,2021-07-19,https://example.com/covers/1492.jpg
1493,747,Mylo Xyloto,2005-02-14,https://example.com/covers/1493.jpg
1494,747,Parachutes,2012-03-09,https://example.com/covers/1494.jpg
1495,747,Talk,2010-02-07,https://example.com/covers/1495.jpg
1496,747,Violet Hill,2011-08-24,https://example.com/covers/1496.jpg
1497,747,Viva La Vida or Death and All His Friends,2010-03-19,https://example.com/covers/1497.jpg
1498,747,X&Y,2005-02-24,https://example.com/covers/1498.jpg
1499,748,Musical Classics,2018-05-30,https://example.com/covers/1499.jpg
1500,749,Saga Jazz: European Delights 1933-1939,2009-03-09,https://example.com/covers/1500.jpg
1501,749,Soul,2012-09-20,https://example.com/covers/1501.jpg
1502,750,Going Somewhere,2011-05-29,https://example.com/covers/1502.jpg
1503,750,Next Year People,2006-06-30,https://example.com/covers/1503.jpg
1504,751,Act Two,2013-09-06,https://example.com/covers/1504.jpg
1505,752,Collie Buddz,2012-08-27,https://example.com/covers/1505.jpg
1506,753,Les Misérables (10th Anniversary Concert Live at Royal Albert Hall),2012-06-29,https://example.com/covers/1506.jpg
1507,753,Les Misérables (Original 1985 London Cast Recording),2016-08-27,https://example.com/covers/1507.jpg
1508,754,Colter Wall,2018-12-22,https://example.com/covers/1508.jpg
1509,754,Songs of the Plains,2016-05-09,https://example.com/covers/1509.jpg
1510,755,Combo Cadre,2020-12-14,https://example.com/covers/1510.jpg
1511,756,Instinto Felino,2015-03-29,https://example.com/covers/1511.jpg
1512,757,Commodores,2013-11-25,https://example.com/covers/1512.jpg
1513,757,In The Pocket,2010-02-24,https://example.com/covers/1513.jpg
1514,757,The Very Best Of The Commodores,2019-06-12,https://example.com/covers/1514.jpg
1515,758,Tobacco Road,2011-09-24,https://example.com/covers/1515.jpg
1516,759,Midnight in Paris (Music from the Motion Picture),2015-12-10,https://example.com/covers/1516.jpg
1517,760,Nada Es Igual,2013-11-26,https://example.com/covers/1517.jpg
1518,761,Spinnin,2016-01-23,https://example.com/covers/1518.jpg
1519,762,One of My Kind,2012-02-27,https://example.com/covers/1519.jpg
1520,763,Too Gentle,2021-04-03,https://example.com/covers/1520.jpg
1521,764,Le canta a México,2007-04-24,https://example.com/covers/1521.jpg
1522,765,Y Es el Contacto ¡Raza!,2016-01-25,https://example.com/covers/1522.jpg
1523,766,Cumbias Sin Control,2015-03-17,https://example.com/covers/1523.jpg
1524,767,Soul Messin',2019-05-06,https://example.com/covers/1524.jpg
1525,768,These Daze,2013-10-28,https://example.com/covers/1525.jpg
1526,769,La hora de los gigantes - Edicion especial,2017-05-06,https://example.com/covers/1526.jpg
1527,769,Mujeres,2019-12-29,https://example.com/covers/1527.jpg
1528,770,The Lost Boy,2012-02-01,https://example.com/covers/1528.jpg
1529,771,Sunday Breeze,2018-01-17,https://example.com/covers/1529.jpg
1530,772,Corinne Bailey Rae,2007-06-11,https://example.com/covers/1530.jpg
1531,773,When I Was Born For The 7th Time,2014-07-13,https://example.com/covers/1531.jpg
1532,774,Luna Lunera,2019-09-09,https://example.com/covers/1532.jpg
1533,775,Just Coolin',2020-07-12,https://example.com/covers/1533.jpg
1534,776,Elevator Music for an Elevated Mood,2015-02-10,https://example.com/covers/1534.jpg
1535,776,Motivational Music for the Syncopated Soul,2013-05-08,https://example.com/covers/1535.jpg
1536,777,A Donde Voy (feat. Daddy Yankee),2006-11-24,https://example.com/covers/1536.jpg
1537,777,El Principe,2012-06-26,https://example.com/covers/1537.jpg
1538,777,The Ultimate Collection,2015-09-30,https://example.com/covers/1538.jpg
1539,778,Yesteryear,2014-05-03,https://example.com/covers/1539.jpg
1540,779,Esta Mañana Y Otros Cuentos,2017-12-04,https://example.com/covers/1540.jpg
1541,780,Quentin Tarantino's Once Upon a Time in Hollywood Original Motion Picture Soundtrack,2011-10-16,https://example.com/covers/1541.jpg
1542,781,Black Bear Lane,2013-02-27,https://example.com/covers/1542.jpg
1543,781,COUCH,2021-01-17,https://example.com/covers/1543.jpg
1544,781,Conjunction Junction,2021-10-04,https://example.com/covers/1544.jpg
1545,781,Easy to Love,2020-06-20,https://example.com/covers/1545.jpg
1546,781,Fall Into Place,2017-02-22,https://example.com/covers/1546.jpg
1547,781,I'm Leavin' (The Na-Na Song),2017-11-16,https://example.com/covers/1547.jpg
1548,782,Deep End (feat. Eastside and Mayer Hawthorne),2010-03-27,https://example.com/covers/1548.jpg
1549,783,April In Paris - Expanded Edition,2014-05-09,https://example.com/covers/1549.jpg
1550,784,August And Everything After,2009-08-11,https://example.com/covers/1550.jpg
1551,784,Butter Miracle Suite One,2012-12-09,https://example.com/covers/1551.jpg
1552,784,Films About Ghosts: The Best Of...,2008-07-18,https://example.com/covers/1552.jpg
1553,785,San Francisco,2016-11-27,https://example.com/covers/1553.jpg
1554,786,The Double EP: A Sea of Split Peas,2018-05-22,https://example.com/covers/1554.jpg
1555,787,Take a Walk (Soul Step Remix),2012-06-15,https://example.com/covers/1555.jpg
1556,788,Love Actually (Original Motion Picture Score),2015-06-29,https://example.com/covers/1556.jpg
1557,789,Goodnight (Go Home),2015-02-10,https://example.com/covers/1557.jpg
1558,790,The Greatest Showman: Reimagined,2014-06-26,https://example.com/covers/1558.jpg
1559,791,I Need A New War,2016-02-09,https://example.com/covers/1559.jpg
1560,792,Paris Nights: French Gyspy Jazz,2020-03-18,https://example.com/covers/1560.jpg
1561,793,Sexy Funky House Grooves,2019-04-06,https://example.com/covers/1561.jpg
1562,794,Disraeli Gears,2009-05-23,https://example.com/covers/1562.jpg
1563,794,Fresh Cream,2006-10-26,https://example.com/covers/1563.jpg
1564,794,Wheels Of Fire,2011-09-11,https://example.com/covers/1564.jpg
1565,795,The 80's,2020-10-26,https://example.com/covers/1565.jpg
1566,796,Chronicle: 20 Greatest Hits,2013-02-10,https://example.com/covers/1566.jpg
1567,796,Cosmo's Factory,2007-05-28,https://example.com/covers/1567.jpg
1568,796,Green River,2011-04-26,https://example.com/covers/1568.jpg
1569,796,Mardi Gras,2012-08-30,https://example.com/covers/1569.jpg
1570,796,Pendulum,2011-06-13,https://example.com/covers/1570.jpg
1571,796,Willy And The Poor Boys,2012-10-22,https://example.com/covers/1571.jpg
1572,797,Canciones De Amor,2010-06-26,https://example.com/covers/1572.jpg
1573,797,Cristian Castro En Primera Fila - Día 1,2013-03-25,https://example.com/covers/1573.jpg
1574,797,"El Romántico, El Príncipe",2015-12-20,https://example.com/covers/1574.jpg
1575,797,Grandes Hits,2019-10-19,https://example.com/covers/1575.jpg
1576,797,Lo Mejor De Cristian Castro Y Aleks Syntek,2014-12-06,https://example.com/covers/1576.jpg
1577,798,How I Met Your Music: Deluxe (Original Television Soundtrack),2010-04-08,https://example.com/covers/1577.jpg
1578,799,Vera,2020-04-17,https://example.com/covers/1578.jpg
1579,800,Dignity and Shame,2012-02-22,https://example.com/covers/1579.jpg
1580,801,Hop High,2016-07-07,https://example.com/covers/1580.jpg
1581,802,Crosby & Nash,2014-07-06,https://example.com/covers/1581.jpg
1582,803,"Crosby, Stills & Nash",2013-11-22,https://example.com/covers/1582.jpg
1583,804,Deja Vu,2009-12-05,https://example.com/covers/1583.jpg
1584,805,Cave Rave,2012-07-13,https://example.com/covers/1584.jpg
1585,805,Kitsuné: I Love London,2018-02-20,https://example.com/covers/1585.jpg
1586,806,Forevermore,2018-04-29,https://example.com/covers/1586.jpg
1587,807,The Marina,2018-09-12,https://example.com/covers/1587.jpg
1588,808,The Soul Condor,2012-11-24,https://example.com/covers/1588.jpg
1589,809,Dream Most Wild,2021-05-12,https://example.com/covers/1589.jpg
1590,810,Broadcast,2021-02-10,https://example.com/covers/1590.jpg
1591,811,Cypress Hill,2008-03-31,https://example.com/covers/1591.jpg
1592,812,Midnight in Paris (Music from the Motion Picture),2010-05-03,https://example.com/covers/1592.jpg
1593,813,Czech Philharmonic Orchestra Plays Studio Ghibli Symphonies,2018-01-08,https://example.com/covers/1593.jpg
1594,814,On ne change pas,2010-06-10,https://example.com/covers/1594.jpg
1595,814,These are Special Times,2013-07-18,https://example.com/covers/1595.jpg
1596,815,Andrea Bocelli - Sacred Arias,2012-08-17,https://example.com/covers/1596.jpg
1597,816,Billetes Verdes,2013-12-09,https://example.com/covers/1597.jpg
1598,817,Lo Esencial de Belinda,2019-03-09,https://example.com/covers/1598.jpg
1599,818,Angelito Sin Alas (feat. Juan Magán),2008-02-14,https://example.com/covers/1599.jpg
1600,819,Guerrera,2011-12-29,https://example.com/covers/1600.jpg
1601,819,París,2012-12-04,https://example.com/covers/1601.jpg
1602,820,Bella Vita,2006-12-05,https://example.com/covers/1602.jpg
1603,820,Welcome To DJ Antoine,2013-07-18,https://example.com/covers/1603.jpg
1604,820,Woke up Like This,2009-09-26,https://example.com/covers/1604.jpg
1605,821,Stashboxxx,2017-10-21,https://example.com/covers/1605.jpg
1606,822,Greatest Hits,2009-05-12,https://example.com/covers/1606.jpg
1607,823,Grateful,2009-09-23,https://example.com/covers/1607.jpg
1608,823,Major Key,2019-12-04,https://example.com/covers/1608.jpg
1609,823,Victory,2013-06-12,https://example.com/covers/1609.jpg
1610,824,Sarà Perché Ti Amo,2017-08-18,https://example.com/covers/1610.jpg
1611,825,Carte Blanche,2020-10-01,https://example.com/covers/1611.jpg
1612,825,U Are My High,2014-11-16,https://example.com/covers/1612.jpg
1613,825,You Know You Like It,2015-06-04,https://example.com/covers/1613.jpg
1614,826,Good Times (feat. Triciq),2013-08-10,https://example.com/covers/1614.jpg
1615,826,In My Bones,2023-03-16,https://example.com/covers/1615.jpg
1616,827,Hotel Engel,2024-01-28,https://example.com/covers/1616.jpg
1617,828,Girls in Luv,2010-12-12,https://example.com/covers/1617.jpg
1618,829,Cake By The Ocean,2014-08-04,https://example.com/covers/1618.jpg
1619,830,Honey Bones,2016-08-03,https://example.com/covers/1619.jpg
1620,831,KIRK,2022-04-02,https://example.com/covers/1620.jpg
1621,832,Barrio Fino (Bonus Track Version),2016-07-09,https://example.com/covers/1621.jpg
1622,832,Barrio Fino En Directo,2011-05-10,https://example.com/covers/1622.jpg
1623,832,Daddy Yankee Mundial,2012-05-31,https://example.com/covers/1623.jpg
1624,832,Definitivamente,2018-01-29,https://example.com/covers/1624.jpg
1625,832,Dura,2009-12-01,https://example.com/covers/1625.jpg
1626,832,King Daddy,2013-03-06,https://example.com/covers/1626.jpg
1627,832,La Rompe Corazones,2018-01-24,https://example.com/covers/1627.jpg
1628,832,Pasarela,2014-03-11,https://example.com/covers/1628.jpg
1629,832,Prestige,2015-12-22,https://example.com/covers/1629.jpg
1630,832,Que Tire Pa Lante,2019-08-27,https://example.com/covers/1630.jpg
1631,832,Reggaeton!,2009-05-29,https://example.com/covers/1631.jpg
1632,832,Shaky Shaky,2015-04-23,https://example.com/covers/1632.jpg
1633,832,Si Supieras,2018-11-22,https://example.com/covers/1633.jpg
1634,832,Sígueme Y Te Sigo,2009-09-10,https://example.com/covers/1634.jpg
1635,832,Talento de Barrio,2014-04-16,https://example.com/covers/1635.jpg
1636,832,Vaivén,2006-12-20,https://example.com/covers/1636.jpg
1637,833,Discovery,2019-02-23,https://example.com/covers/1637.jpg
1638,833,Homework,2017-07-15,https://example.com/covers/1638.jpg
1639,833,Random Access Memories,2011-10-02,https://example.com/covers/1639.jpg
1640,834,Dale Watson Presents: The Memphians,2020-03-21,https://example.com/covers/1640.jpg
1641,835,#NAME?,2012-08-05,https://example.com/covers/1641.jpg
1642,835,Bellaquita,2019-07-11,https://example.com/covers/1642.jpg
1643,835,Climaxxx,2018-09-18,https://example.com/covers/1643.jpg
1644,835,Modo Avión,2010-12-07,https://example.com/covers/1644.jpg
1645,836,Alech / Soul Brother,2017-04-06,https://example.com/covers/1645.jpg
1646,837,Ghost Of David,2018-09-17,https://example.com/covers/1646.jpg
1647,838,O,2018-04-05,https://example.com/covers/1647.jpg
1648,839,19 You + Me,2008-03-23,https://example.com/covers/1648.jpg
1649,840,Cars 3,2012-05-22,https://example.com/covers/1649.jpg
1650,840,Cellophane Angel,2010-08-20,https://example.com/covers/1650.jpg
1651,840,Keep It Hid,2009-02-28,https://example.com/covers/1651.jpg
1652,840,King of a One Horse Town,2011-03-01,https://example.com/covers/1652.jpg
1653,840,Waiting on a Song,2017-05-03,https://example.com/covers/1653.jpg
1654,840,We Gotta Get Out of This Place,2019-09-17,https://example.com/covers/1654.jpg
1655,841,"thank u, next",2012-05-14,https://example.com/covers/1655.jpg
1656,842,Teach Me Tonight,2018-09-20,https://example.com/covers/1656.jpg
1657,843,Christmas Time,2021-12-26,https://example.com/covers/1657.jpg
1658,843,Hush,2017-06-23,https://example.com/covers/1658.jpg
1659,843,Lost in Orbit,2015-07-18,https://example.com/covers/1659.jpg
1660,844,The Sound Of Belgium Vol. 3,2016-05-27,https://example.com/covers/1660.jpg
1661,845,Midnight in Paris (Music from the Motion Picture),2016-01-14,https://example.com/covers/1661.jpg
1662,846,NQP (No Quiero Parar),2016-06-26,https://example.com/covers/1662.jpg
1663,847,Aquamarine (feat. Michael Kiwanuka),2017-05-18,https://example.com/covers/1663.jpg
1664,847,Baby Driver (Music from the Motion Picture),2014-06-15,https://example.com/covers/1664.jpg
1665,847,"Because (feat. Joey Bada$$, Russ, and Dylan Cartlidge)",2013-11-01,https://example.com/covers/1665.jpg
1666,847,No Gold Teeth,2017-09-04,https://example.com/covers/1666.jpg
1667,848,Dieciocho,2011-11-17,https://example.com/covers/1667.jpg
1668,848,La Mentira (feat. Joaquín Sabina),2014-09-04,https://example.com/covers/1668.jpg
1669,848,Lo Que Me Dé la Gana,2013-11-07,https://example.com/covers/1669.jpg
1670,849,Freudian,2012-12-10,https://example.com/covers/1670.jpg
1671,850,French Cafe Music,2019-07-13,https://example.com/covers/1671.jpg
1672,850,Passion Gitane,2020-02-22,https://example.com/covers/1672.jpg
1673,851,"Beauty and the Beast (From ""Beauty and the Beast"") [Violin Version]",2015-05-28,https://example.com/covers/1673.jpg
1674,852,1990,2012-08-09,https://example.com/covers/1674.jpg
1675,853,Acadie,2020-08-07,https://example.com/covers/1675.jpg
1676,854,"Fourth Floor: Ladies Shoes (As Featured In ""Breaking Bad"") (Original TV Series Soundtrack)",2020-01-18,https://example.com/covers/1676.jpg
1677,854,Midnight in Paris (Music from the Motion Picture),2008-03-03,https://example.com/covers/1677.jpg
1678,855,Wooh Dang,2020-11-29,https://example.com/covers/1678.jpg
1679,856,Luces De Ti,2016-08-28,https://example.com/covers/1679.jpg
1680,857,Cobra Poems,2017-09-04,https://example.com/covers/1680.jpg
1681,857,Finally Free,2018-04-20,https://example.com/covers/1681.jpg
1682,857,Modern Pressure,2020-04-11,https://example.com/covers/1682.jpg
1683,858,No Te Agüites,2020-08-21,https://example.com/covers/1683.jpg
1684,859,Am ende,2013-10-23,https://example.com/covers/1684.jpg
1685,860,Camas Separadas,2019-02-27,https://example.com/covers/1685.jpg
1686,861,S.C.O.T.C.H. Ultra Resistant Edition,2020-12-06,https://example.com/covers/1686.jpg
1687,862,Atrevete A Soñar,2015-12-13,https://example.com/covers/1687.jpg
1688,862,Oye Pablo,2019-02-21,https://example.com/covers/1688.jpg
1689,863,54+1,2013-10-27,https://example.com/covers/1689.jpg
1690,863,@dannocean,2020-09-23,https://example.com/covers/1690.jpg
1691,863,Dembow,2011-03-17,https://example.com/covers/1691.jpg
1692,863,Dime tú,2015-05-31,https://example.com/covers/1692.jpg
1693,863,Me Rehúso,2015-09-29,https://example.com/covers/1693.jpg
1694,863,Vuelve,2012-06-11,https://example.com/covers/1694.jpg
1695,864,Agachate,2010-11-02,https://example.com/covers/1695.jpg
1696,864,Bandida (feat. Maluma),2015-02-20,https://example.com/covers/1696.jpg
1697,865,It Could Happen To You,2019-03-02,https://example.com/covers/1697.jpg
1698,866,Cherry,2018-03-14,https://example.com/covers/1698.jpg
1699,867,Velitas,2011-12-02,https://example.com/covers/1699.jpg
1700,868,True Believers,2019-10-29,https://example.com/covers/1700.jpg
1701,869,Diamonds in the Dark,2013-02-19,https://example.com/covers/1701.jpg
1702,870,A Christmas Gift For You From Phil Spector,2015-01-07,https://example.com/covers/1702.jpg
1703,870,"Christmas (Baby, Please Come Home)",2017-08-04,https://example.com/covers/1703.jpg
1704,871,Extralife,2021-12-04,https://example.com/covers/1704.jpg
1705,872,Listen to My Song: The Music City Sessions,2019-01-01,https://example.com/covers/1705.jpg
1706,873,Bigger Than Both Of Us,2009-06-24,https://example.com/covers/1706.jpg
1707,873,Daryl Hall & John Oates (The Silver Album),2014-08-09,https://example.com/covers/1707.jpg
1708,873,H2O,2016-05-07,https://example.com/covers/1708.jpg
1709,873,Private Eyes (Expanded Edition),2017-02-10,https://example.com/covers/1709.jpg
1710,873,The Essential Daryl Hall & John Oates,2016-09-09,https://example.com/covers/1710.jpg
1711,873,Voices,2016-09-17,https://example.com/covers/1711.jpg
1712,874,Pitch Perfect 2 - Original Motion Picture Soundtrack,2009-04-10,https://example.com/covers/1712.jpg
1713,875,Driving Home for Christmas - Spotify Singles Holiday,2016-08-24,https://example.com/covers/1713.jpg
1714,875,What Happens Now?,2021-11-07,https://example.com/covers/1714.jpg
1715,876,Backbone,2009-06-19,https://example.com/covers/1715.jpg
1716,876,Baptized (Deluxe Version),2010-08-20,https://example.com/covers/1716.jpg
1717,876,Daughtry,2016-08-21,https://example.com/covers/1717.jpg
1718,876,Deep End,2012-10-11,https://example.com/covers/1718.jpg
1719,876,Leave This Town,2015-02-28,https://example.com/covers/1719.jpg
1720,876,Waiting for Superman,2008-04-24,https://example.com/covers/1720.jpg
1721,877,Crash,2009-10-20,https://example.com/covers/1721.jpg
1722,877,Live At Wrigley Field,2024-10-15,https://example.com/covers/1722.jpg
1723,878,Folk Music,2020-12-07,https://example.com/covers/1723.jpg
1724,879,Luciano Berio - The Complete Works For Solo Piano,2015-06-23,https://example.com/covers/1724.jpg
1725,880,Song Of Innocence,2019-06-07,https://example.com/covers/1725.jpg
1726,881,A Partir De Hoy,2015-03-12,https://example.com/covers/1726.jpg
1727,881,Corazon Latino,2017-02-21,https://example.com/covers/1727.jpg
1728,881,Corazón Latino,2007-10-26,https://example.com/covers/1728.jpg
1729,881,David Bisbal,2011-12-19,https://example.com/covers/1729.jpg
1730,881,Me Enamoré De Ti,2013-07-12,https://example.com/covers/1730.jpg
1731,881,Romances,2009-03-20,https://example.com/covers/1731.jpg
1732,881,Sin Mirar Atrás,2015-08-14,https://example.com/covers/1732.jpg
1733,881,Tú Y Yo,2009-10-14,https://example.com/covers/1733.jpg
1734,882,'Heroes' / 'Helden' / 'Héros',2009-05-20,https://example.com/covers/1734.jpg
1735,882,Aladdin Sane,2004-04-11,https://example.com/covers/1735.jpg
1736,882,Aladdin Sane - 2013 Remaster,2011-05-13,https://example.com/covers/1736.jpg
1737,882,ChangesBowie,2012-04-13,https://example.com/covers/1737.jpg
1738,882,David Bowie (aka Space Oddity),2012-10-02,https://example.com/covers/1738.jpg
1739,882,Diamond Dogs,2012-04-30,https://example.com/covers/1739.jpg
1740,882,Five Years (1969 - 1973),2007-05-20,https://example.com/covers/1740.jpg
1741,882,Heroes,2008-09-13,https://example.com/covers/1741.jpg
1742,882,Hunky Dory,2008-06-27,https://example.com/covers/1742.jpg
1743,882,Karma Man,2012-08-10,https://example.com/covers/1743.jpg
1744,882,Let's Dance,2006-09-16,https://example.com/covers/1744.jpg
1745,882,Low,2016-11-21,https://example.com/covers/1745.jpg
1746,882,Scary Monsters (And Super Creeps),2018-06-17,https://example.com/covers/1746.jpg
1747,882,The Man Who Sold the World - 2015 Remaster,2015-02-10,https://example.com/covers/1747.jpg
1748,882,The Next Day Extra,2015-06-24,https://example.com/covers/1748.jpg
1749,882,The Rise and Fall of Ziggy Stardust and the Spiders from Mars,2012-01-15,https://example.com/covers/1749.jpg
1750,882,Tryin' To Get To Heaven / Mother,2013-03-21,https://example.com/covers/1750.jpg
1751,882,Young Americans - 2016 Remaster,2008-06-21,https://example.com/covers/1751.jpg
1752,883,Everything That Happens Will Happen Today,2012-06-30,https://example.com/covers/1752.jpg
1753,884,Hell or Highwater,2016-03-16,https://example.com/covers/1753.jpg
1754,885,David Dundas,2022-09-22,https://example.com/covers/1754.jpg
1755,886,Standards Volume 1,2014-06-05,https://example.com/covers/1755.jpg
1756,887,Amore,2016-03-18,https://example.com/covers/1756.jpg
1757,888,About Face,2017-01-16,https://example.com/covers/1757.jpg
1758,888,David Gilmour,2017-05-27,https://example.com/covers/1758.jpg
1759,888,On An Island,2013-09-15,https://example.com/covers/1759.jpg
1760,889,White Ladder,2019-01-29,https://example.com/covers/1760.jpg
1761,890,I'm Good (Blue),2018-07-22,https://example.com/covers/1761.jpg
1762,890,Like I Do,2021-01-18,https://example.com/covers/1762.jpg
1763,890,Listen,2008-06-23,https://example.com/covers/1763.jpg
1764,890,Nothing but the Beat,2012-07-23,https://example.com/covers/1764.jpg
1765,890,One More Love,2020-01-31,https://example.com/covers/1765.jpg
1766,891,If I Should Lose You,2018-10-18,https://example.com/covers/1766.jpg
1767,892,Wildlife / Blütenstaub,2016-11-19,https://example.com/covers/1767.jpg
1768,893,Miserable Man,2013-11-02,https://example.com/covers/1768.jpg
1769,894,Siempre En Mi Mente,2020-02-12,https://example.com/covers/1769.jpg
1770,895,A Part Of Me/A Bit More Of Me,2016-08-26,https://example.com/covers/1770.jpg
1771,896,Poor David's Almanack,2011-07-12,https://example.com/covers/1771.jpg
1772,897,De Ellos Aprendí,2014-04-11,https://example.com/covers/1772.jpg
1773,898,Unsung Heroes,2014-06-16,https://example.com/covers/1773.jpg
1774,899,All Your Favorite Bands,2006-12-28,https://example.com/covers/1774.jpg
1775,899,North Hills,2018-02-10,https://example.com/covers/1775.jpg
1776,899,Passwords,2014-05-26,https://example.com/covers/1776.jpg
1777,900,Anhelos,2021-12-05,https://example.com/covers/1777.jpg
1778,900,Salto de Fe,2022-03-23,https://example.com/covers/1778.jpg
1779,901,Les Ondes,2016-10-14,https://example.com/covers/1779.jpg
1780,902,Harmony House,2020-11-30,https://example.com/covers/1780.jpg
1781,903,Baila Conmigo (feat. Kelly Ruiz),2017-05-06,https://example.com/covers/1781.jpg
1782,904,Back In The Day,2009-09-28,https://example.com/covers/1782.jpg
1783,904,Zonnestraal,2015-01-04,https://example.com/covers/1783.jpg
1784,905,Geezy Boyz The Album,2013-01-01,https://example.com/covers/1784.jpg
1785,906,The Best of Mexico,2013-10-28,https://example.com/covers/1785.jpg
1786,907,Drama Queen,2017-03-16,https://example.com/covers/1786.jpg
1787,908,Una Volta,2019-10-09,https://example.com/covers/1787.jpg
1788,909,My Mother the Moon,2016-01-17,https://example.com/covers/1788.jpg
1789,910,Fresh Fruit for Rotting Vegetables,2009-08-05,https://example.com/covers/1789.jpg
1790,911,Bang Your Drum,2017-11-24,https://example.com/covers/1790.jpg
1791,912,River of Regisfield,2017-06-21,https://example.com/covers/1791.jpg
1792,913,A Winter Romance,2015-12-08,https://example.com/covers/1792.jpg
1793,913,Amore,2009-10-16,https://example.com/covers/1793.jpg
1794,913,At The Movies,2011-12-23,https://example.com/covers/1794.jpg
1795,913,Cha Cha De Amor,2008-08-26,https://example.com/covers/1795.jpg
1796,913,Christmas Music 100 Hits,2014-10-09,https://example.com/covers/1796.jpg
1797,913,Christmas Songs & Hits - The Greatest 50 Christmas Songs & Hits,2016-04-10,https://example.com/covers/1797.jpg
1798,913,"Dean Martin: The Capitol Recordings, Vol. 11 (1960-1961)",2016-10-26,https://example.com/covers/1798.jpg
1799,913,"Dean Martin: The Capitol Recordings, Vol. 4 (1952-1954)",2014-09-25,https://example.com/covers/1799.jpg
1800,913,"Dean Martin: The Capitol Recordings, Vol. 5 (1954)",2016-12-25,https://example.com/covers/1800.jpg
1801,913,"Dean Martin: The Capitol Recordings, Vol. 9 (1958-1959)",2009-03-12,https://example.com/covers/1801.jpg
1802,913,Dino: The Essential Dean Martin,2010-03-28,https://example.com/covers/1802.jpg
1803,913,French Style,2014-03-19,https://example.com/covers/1803.jpg
1804,913,"Hey, Brother Pour The Wine",2011-05-27,https://example.com/covers/1804.jpg
1805,913,Italian Love Songs,2012-07-11,https://example.com/covers/1805.jpg
1806,913,Swingin' Down Yonder,2016-03-06,https://example.com/covers/1806.jpg
1807,913,The Capitol Years,2007-12-30,https://example.com/covers/1807.jpg
1808,913,The Dean Martin Christmas Album,2011-10-26,https://example.com/covers/1808.jpg
1809,913,The Essential Dean Martin,2009-09-02,https://example.com/covers/1809.jpg
1810,913,The Singles,2013-06-12,https://example.com/covers/1810.jpg
1811,913,This Is Dean Martin,2011-04-14,https://example.com/covers/1811.jpg
1812,914,Codes and Keys,2014-05-30,https://example.com/covers/1812.jpg
1813,914,Plans,2011-08-08,https://example.com/covers/1813.jpg
1814,914,The Georgia EP,2011-11-26,https://example.com/covers/1814.jpg
1815,914,The Open Door EP,2015-12-06,https://example.com/covers/1815.jpg
1816,914,Transatlanticism,2015-07-03,https://example.com/covers/1816.jpg
1817,915,Dolphin Style,2015-02-28,https://example.com/covers/1817.jpg
1818,915,Fucking Bitches In The Hood,2011-10-09,https://example.com/covers/1818.jpg
1819,916,Zeros,2020-08-12,https://example.com/covers/1819.jpg
1820,917,Quentin Tarantino's Once Upon a Time in Hollywood Original Motion Picture Soundtrack,2016-06-22,https://example.com/covers/1820.jpg
1821,918,Maya Bay,2014-08-02,https://example.com/covers/1821.jpg
1822,918,Parrot Cay,2015-05-02,https://example.com/covers/1822.jpg
1823,918,Sax on the Beach 2,2022-12-09,https://example.com/covers/1823.jpg
1824,918,Waikiki,2016-05-05,https://example.com/covers/1824.jpg
1825,919,Big Blue Chill,2014-04-01,https://example.com/covers/1825.jpg
1826,920,Deepest Purple: The Very Best of Deep Purple,2013-02-19,https://example.com/covers/1826.jpg
1827,920,Shades of Deep Purple,2010-10-16,https://example.com/covers/1827.jpg
1828,920,The Book of Taliesyn,2012-07-03,https://example.com/covers/1828.jpg
1829,921,Pour Some Sugar On Me (2012),2009-05-04,https://example.com/covers/1829.jpg
1830,921,Yeah!,2015-06-24,https://example.com/covers/1830.jpg
1831,922,What Is There,2016-11-22,https://example.com/covers/1831.jpg
1832,923,Fin De Un Viaje Infinito,2014-08-12,https://example.com/covers/1832.jpg
1833,924,Body Say,2012-08-29,https://example.com/covers/1833.jpg
1834,924,Cool for the Summer,2005-10-06,https://example.com/covers/1834.jpg
1835,924,Demi,2009-07-27,https://example.com/covers/1835.jpg
1836,924,Spotify Singles - Holiday,2023-02-19,https://example.com/covers/1836.jpg
1837,925,Mood,2014-09-05,https://example.com/covers/1837.jpg
1838,926,Exident,2015-02-12,https://example.com/covers/1838.jpg
1839,926,Leftovers,2019-01-01,https://example.com/covers/1839.jpg
1840,926,Nevermind,2017-07-18,https://example.com/covers/1840.jpg
1841,926,Snow White,2021-03-01,https://example.com/covers/1841.jpg
1842,926,Think About It,2013-05-14,https://example.com/covers/1842.jpg
1843,927,Alfie,2019-03-12,https://example.com/covers/1843.jpg
1844,928,Boombox,2010-02-03,https://example.com/covers/1844.jpg
1845,928,Five More Hours,2008-03-26,https://example.com/covers/1845.jpg
1846,928,Perdoname (feat. DyCy & Adrian Delgado),2016-02-21,https://example.com/covers/1846.jpg
1847,929,La increíble historia de un hombre bueno,2010-04-14,https://example.com/covers/1847.jpg
1848,929,Nubes de Papel,2014-08-15,https://example.com/covers/1848.jpg
1849,929,Te sigo soñando (feat. Luz Casal),2021-02-16,https://example.com/covers/1849.jpg
1850,930,Complete Clapton,2013-10-15,https://example.com/covers/1850.jpg
1851,930,Layla And Other Assorted Love Songs,2009-12-03,https://example.com/covers/1851.jpg
1852,931,Clinton Hill,2015-09-15,https://example.com/covers/1852.jpg
1853,932,Vertigo,2020-03-25,https://example.com/covers/1853.jpg
1854,933,Doves & Ravens,2018-01-08,https://example.com/covers/1854.jpg
1855,934,Let Me Live / Let Me Die,2016-09-29,https://example.com/covers/1855.jpg
1856,935,Streethawk: A Seduction,2014-04-18,https://example.com/covers/1856.jpg
1857,936,What Will We Be,2020-10-19,https://example.com/covers/1857.jpg
1858,937,Go!,2012-02-02,https://example.com/covers/1858.jpg
1859,938,Good Morning Music: Singing in the Shower,2010-07-09,https://example.com/covers/1859.jpg
1860,938,St. Paddys Day,2010-07-24,https://example.com/covers/1860.jpg
1861,938,Too Rye Ay,2016-09-11,https://example.com/covers/1861.jpg
1862,939,Buitres & Co.,2018-05-12,https://example.com/covers/1862.jpg
1863,939,Leche de Tigre,2016-08-13,https://example.com/covers/1863.jpg
1864,939,Mira Lo Que Me Hiciste Hacer,2021-07-24,https://example.com/covers/1864.jpg
1865,940,Top Jazz Singers,2006-06-24,https://example.com/covers/1865.jpg
1866,941,"Melbourne, Florida",2010-08-10,https://example.com/covers/1866.jpg
1867,942,Moog: The Electric Eclectics Of Dick Hyman,2020-09-18,https://example.com/covers/1867.jpg
1868,943,Big Fish (Music from the Motion Picture),2006-05-07,https://example.com/covers/1868.jpg
1869,944,Finna Get Loose (feat. Pharrell Williams),2006-05-08,https://example.com/covers/1869.jpg
1870,944,R&B Hits,2015-10-08,https://example.com/covers/1870.jpg
1871,945,Disco Pogo,2017-05-13,https://example.com/covers/1871.jpg
1872,946,Mis Favoritas,2010-10-30,https://example.com/covers/1872.jpg
1873,947,Anavilhanas,2016-04-02,https://example.com/covers/1873.jpg
1874,948,Adrienne,2013-12-18,https://example.com/covers/1874.jpg
1875,948,Mare,2016-02-07,https://example.com/covers/1875.jpg
1876,949,Wolves,2013-01-21,https://example.com/covers/1876.jpg
1877,950,La Vida De Alguien Más,2022-02-25,https://example.com/covers/1877.jpg
1878,951,This Mixtape is Fire.,2010-10-17,https://example.com/covers/1878.jpg
1879,952,Moments,2020-09-15,https://example.com/covers/1879.jpg
1880,953,Higher Place,2018-08-22,https://example.com/covers/1880.jpg
1881,953,Higher Place (Bassjackers Remix),2017-04-26,https://example.com/covers/1881.jpg
1882,953,Say My Name,2014-04-27,https://example.com/covers/1882.jpg
1883,954,Promesses,2011-07-08,https://example.com/covers/1883.jpg
1884,955,The Complete Dinah Washington On Mercury Vol. 6 (1958-1960),2016-07-20,https://example.com/covers/1884.jpg
1885,956,Diamonds - The Best Of Dio,2008-02-19,https://example.com/covers/1885.jpg
1886,957,Aguado Study in E Minor,2018-06-23,https://example.com/covers/1886.jpg
1887,958,Dire Straits,2019-04-11,https://example.com/covers/1887.jpg
1888,958,ExtendeDancEPlay,2020-10-09,https://example.com/covers/1888.jpg
1889,958,Making Movies,2013-09-12,https://example.com/covers/1889.jpg
1890,959,The Rolling Stones Rock and Roll Circus,2010-05-15,https://example.com/covers/1890.jpg
1891,960,Romance At Short Notice,2015-04-23,https://example.com/covers/1891.jpg
1892,961,City Of Dreams,2022-01-09,https://example.com/covers/1892.jpg
1893,962,Caracal,2018-10-24,https://example.com/covers/1893.jpg
1894,962,Magnets,2006-04-10,https://example.com/covers/1894.jpg
1895,962,Moog For Love,2013-01-01,https://example.com/covers/1895.jpg
1896,962,Omen,2013-02-15,https://example.com/covers/1896.jpg
1897,962,Settle,2008-07-31,https://example.com/covers/1897.jpg
1898,962,Settle - Deluxe,2020-05-18,https://example.com/covers/1898.jpg
1899,963,LP,2007-04-17,https://example.com/covers/1899.jpg
1900,964,The Sickness,2016-07-09,https://example.com/covers/1900.jpg
1901,965,Defecto Perfecto,2017-02-15,https://example.com/covers/1901.jpg
1902,966,Scooby Doo Pa Pa,2017-05-05,https://example.com/covers/1902.jpg
1903,967,All Star Sessions,2018-11-25,https://example.com/covers/1903.jpg
1904,967,Djangologie Vol3 / 1937,2018-10-05,https://example.com/covers/1904.jpg
1905,967,Djangologie Vol9 / 1939 - 1940,2018-07-10,https://example.com/covers/1905.jpg
1906,967,Peche A La Mouche,2014-08-30,https://example.com/covers/1906.jpg
1907,968,Shostakovich: Jazz Suites Nos. 1 - 2 / The Bolt / Tahiti Trot,2017-10-02,https://example.com/covers/1907.jpg
1908,968,Valses,2017-12-03,https://example.com/covers/1908.jpg
1909,969,"Kabalevsky, D.B.: Romeo and Juliet / Colas Breugnon / Comedians",2014-08-07,https://example.com/covers/1909.jpg
1910,970,Deep End,2016-10-26,https://example.com/covers/1910.jpg
1911,971,Hot Pink,2015-05-30,https://example.com/covers/1911.jpg
1912,971,Planet Her,2019-10-21,https://example.com/covers/1912.jpg
1913,972,9 To 5 And Odd Jobs,2016-11-12,https://example.com/covers/1913.jpg
1914,972,A Holly Dolly Christmas,2019-01-27,https://example.com/covers/1914.jpg
1915,972,Here You Come Again,2015-04-05,https://example.com/covers/1915.jpg
1916,972,Jolene,2021-10-18,https://example.com/covers/1916.jpg
1917,972,Once Upon A Christmas,2023-04-26,https://example.com/covers/1917.jpg
1918,972,Pure & Simple,2019-10-26,https://example.com/covers/1918.jpg
1919,972,Trio,2014-03-18,https://example.com/covers/1919.jpg
1920,973,The 50 Greatest Vocal Hits,2007-03-30,https://example.com/covers/1920.jpg
1921,974,Classic,2015-11-26,https://example.com/covers/1921.jpg
1922,975,Mamma Mia! The Movie Soundtrack,2011-09-08,https://example.com/covers/1922.jpg
1923,976,What Could Possibly Go Wrong,2017-06-22,https://example.com/covers/1923.jpg
1924,977,Agatha Christie's Marple (Music from the Television Series),2014-06-08,https://example.com/covers/1924.jpg
1925,978,Past.Present.Future.,2020-03-05,https://example.com/covers/1925.jpg
1926,979,American Pie,2021-12-24,https://example.com/covers/1926.jpg
1927,980,Don Omar Presents MTO2: New Generation,2006-06-29,https://example.com/covers/1927.jpg
1928,980,Guaya Guaya,2010-11-23,https://example.com/covers/1928.jpg
1929,980,King Of Kings,2022-05-06,https://example.com/covers/1929.jpg
1930,980,King Of Kings 10th Anniversary,2020-06-21,https://example.com/covers/1930.jpg
1931,980,Meet The Orphans,2021-07-28,https://example.com/covers/1931.jpg
1932,980,"Mi Historia: Fade ""El Que Pone la Presion""",2014-05-06,https://example.com/covers/1932.jpg
1933,980,Perdido En Tus Ojos,2019-11-21,https://example.com/covers/1933.jpg
1934,980,The Fast And The Furious: Tokyo Drift,2015-04-29,https://example.com/covers/1934.jpg
1935,980,The Last Don II,2009-01-17,https://example.com/covers/1935.jpg
1936,980,iDon,2016-08-04,https://example.com/covers/1936.jpg
1937,981,Contando Lunares (feat. Anitta & Rauw Alejandro),2017-05-12,https://example.com/covers/1937.jpg
1938,982,Community (Music from the Original Television Series),2016-02-06,https://example.com/covers/1938.jpg
1939,983,A Night In Toledo,2015-02-23,https://example.com/covers/1939.jpg
1940,984,Donavon Frankenreiter,2011-02-11,https://example.com/covers/1940.jpg
1941,985,What's Bin Did and What's Bin Hid,2012-06-22,https://example.com/covers/1941.jpg
1942,986,"Hard Settle, Ain't Troubled",2014-05-08,https://example.com/covers/1942.jpg
1943,987,Casablanca (1942 Film Score),2013-03-26,https://example.com/covers/1943.jpg
1944,987,Casablanca (Original Motion Picture Soundtrack),2011-08-26,https://example.com/covers/1944.jpg
1945,988,Lights,2015-09-24,https://example.com/covers/1945.jpg
1946,989,Personal Christmas Collection,2022-07-07,https://example.com/covers/1946.jpg
1947,990,Elva,2021-05-21,https://example.com/covers/1947.jpg
1948,991,Broken Coastline,2015-11-07,https://example.com/covers/1948.jpg
1949,992,Abandoned Mansion,2018-10-17,https://example.com/covers/1949.jpg
1950,992,Fate,2015-06-24,https://example.com/covers/1950.jpg
1951,992,Heart It Races,2015-09-30,https://example.com/covers/1951.jpg
1952,992,Live at a Flamingo Hotel,2016-10-19,https://example.com/covers/1952.jpg
1953,993,2001,2022-01-18,https://example.com/covers/1953.jpg
1954,993,"Danger ""The Hip Hop Collection 5""",2020-02-03,https://example.com/covers/1954.jpg
1955,993,Hip Hop: The Collection 2008,2015-03-15,https://example.com/covers/1955.jpg
1956,993,The Chronic,2016-12-21,https://example.com/covers/1956.jpg
1957,994,Desitively Bonnaroo,2023-07-13,https://example.com/covers/1957.jpg
1958,994,Gris Gris,2017-02-16,https://example.com/covers/1958.jpg
1959,994,In The Right Place,2021-10-17,https://example.com/covers/1959.jpg
1960,994,Swamp Blues,2010-04-26,https://example.com/covers/1960.jpg
1961,995,Back To Back,2009-12-04,https://example.com/covers/1961.jpg
1962,995,Certified Lover Boy,2014-09-25,https://example.com/covers/1962.jpg
1963,995,Forever,2017-12-27,https://example.com/covers/1963.jpg
1964,995,"Honestly, Nevermind",2017-08-09,https://example.com/covers/1964.jpg
1965,995,Hotline Bling,2006-04-18,https://example.com/covers/1965.jpg
1966,995,More Life,2008-05-17,https://example.com/covers/1966.jpg
1967,995,Nothing Was The Same,2014-06-04,https://example.com/covers/1967.jpg
1968,995,So Far Gone,2020-11-02,https://example.com/covers/1968.jpg
1969,995,Take Care,2020-01-15,https://example.com/covers/1969.jpg
1970,995,Views,2016-11-28,https://example.com/covers/1970.jpg
1971,996,Vivi En Do,2016-03-02,https://example.com/covers/1971.jpg
1972,997,No Hard Feelings,2019-04-19,https://example.com/covers/1972.jpg
1973,998,Lonely One EP,2013-06-08,https://example.com/covers/1973.jpg
1974,999,Without a Light,2021-09-10,https://example.com/covers/1974.jpg
1975,1000,Decoration Day,2014-03-26,https://example.com/covers/1975.jpg
1976,1000,The Dirty South,2018-06-25,https://example.com/covers/1976.jpg
1977,1001,A Dónde Vamos?,2017-04-06,https://example.com/covers/1977.jpg
1978,1001,El Rayo Vallecano,2020-02-22,https://example.com/covers/1978.jpg
1979,1001,Subcampeón,2013-07-08,https://example.com/covers/1979.jpg
1980,1001,Tu Forma,2015-10-01,https://example.com/covers/1980.jpg
1981,1002,Raw Honey,2015-05-04,https://example.com/covers/1981.jpg
1982,1003,Eventual Ghost,2011-08-18,https://example.com/covers/1982.jpg
1983,1004,Debut,2021-03-03,https://example.com/covers/1983.jpg
1984,1004,Si Fui Yo,2018-10-05,https://example.com/covers/1984.jpg
1985,1005,Don't Start Now,2011-04-13,https://example.com/covers/1985.jpg
1986,1005,Dua Lipa,2011-01-12,https://example.com/covers/1986.jpg
1987,1005,Future Nostalgia,2012-10-05,https://example.com/covers/1987.jpg
1988,1005,Live Acoustic EP,2015-12-28,https://example.com/covers/1988.jpg
1989,1005,New Love,2015-03-23,https://example.com/covers/1989.jpg
1990,1005,New Rules,2017-11-29,https://example.com/covers/1990.jpg
1991,1005,Want To,2016-06-26,https://example.com/covers/1991.jpg
1992,1006,Techno Prank,2019-08-17,https://example.com/covers/1992.jpg
1993,1007,"Serie De Coleción ""15 Auténticos Éxitos""",2012-09-11,https://example.com/covers/1993.jpg
1994,1008,Ocean Drive,2019-03-13,https://example.com/covers/1994.jpg
1995,1008,Red Light Green Light,2013-03-09,https://example.com/covers/1995.jpg
1996,1008,The Power,2011-08-21,https://example.com/covers/1996.jpg
1997,1009,Duke Ellington & John Coltrane,2010-01-28,https://example.com/covers/1997.jpg
1998,1009,Jazz Profiles,2011-01-04,https://example.com/covers/1998.jpg
1999,1009,Woody Allen et la musique,2018-02-16,https://example.com/covers/1999.jpg
2000,1010,She Don't Give a FO (feat. Khea),2016-05-27,https://example.com/covers/2000.jpg
2001,1011,Coupla Couplas,2009-09-20,https://example.com/covers/2001.jpg
2002,1012,Coleccion,2021-11-26,https://example.com/covers/2002.jpg
2003,1013,The Apple,2022-04-27,https://example.com/covers/2003.jpg
2004,1014,American Love Call,2016-01-08,https://example.com/covers/2004.jpg
2005,1015,Dusty In Memphis,2015-09-06,https://example.com/covers/2005.jpg
2006,1016,Justo Ahora,2012-05-21,https://example.com/covers/2006.jpg
2007,1016,Nada (feat. Leslie Grace),2013-03-26,https://example.com/covers/2007.jpg
2008,1016,Paraíso,2010-09-16,https://example.com/covers/2008.jpg
2009,1017,Adventures In Real Time,2012-10-06,https://example.com/covers/2009.jpg
2010,1018,Gentle On My Mind,2017-11-01,https://example.com/covers/2010.jpg
2011,1018,Pastimes,2015-02-12,https://example.com/covers/2011.jpg
2012,1019,A Foggy Day,2011-10-02,https://example.com/covers/2012.jpg
2013,1020,Young & Set,2007-01-30,https://example.com/covers/2013.jpg
2014,1021,Show Me You,2016-06-30,https://example.com/covers/2014.jpg
2015,1022,"ELEW Rockjazz, Vol. 1",2015-11-08,https://example.com/covers/2015.jpg
2016,1023,Can You Hear Me Now?,2021-11-16,https://example.com/covers/2016.jpg
2017,1024,flowers & sex,2013-04-24,https://example.com/covers/2017.jpg
2018,1025,FLOWER SHOPS (THE ALBUM),2024-01-28,https://example.com/covers/2018.jpg
2019,1026,Desperado,2010-12-04,https://example.com/covers/2019.jpg
2020,1026,Eagles,2014-12-24,https://example.com/covers/2020.jpg
2021,1026,Hotel California,2014-10-01,https://example.com/covers/2021.jpg
2022,1026,One of These Nights,2011-06-15,https://example.com/covers/2022.jpg
2023,1026,Please Come Home for Christmas / Funky New Year,2024-06-24,https://example.com/covers/2023.jpg
2024,1026,The Long Run,2011-07-07,https://example.com/covers/2024.jpg
2025,1027,Zipper Down,2015-06-20,https://example.com/covers/2025.jpg
2026,1028,Some Rap Songs,2020-05-22,https://example.com/covers/2026.jpg
2027,1029,I Am,2020-10-25,https://example.com/covers/2027.jpg
2028,1029,Raise!,2014-05-06,https://example.com/covers/2028.jpg
2029,1029,September (sped up + slowed),2015-09-22,https://example.com/covers/2029.jpg
2030,1029,"The Best Of Earth, Wind & Fire Vol. 1",2012-08-15,https://example.com/covers/2030.jpg
2031,1029,The Eternal Dance,2010-05-03,https://example.com/covers/2031.jpg
2032,1030,Echo in the Canyon (feat. Jakob Dylan) [Original Motion Picture Soundtrack],2014-11-14,https://example.com/covers/2032.jpg
2033,1031,Travelin',2019-04-08,https://example.com/covers/2033.jpg
2034,1032,ESTO NO TIENE NADA QUE VER CON eduardo,2016-02-27,https://example.com/covers/2034.jpg
2035,1032,Nos Queda Mucho Dolor Por Recorrer,2018-08-20,https://example.com/covers/2035.jpg
2036,1032,Ropa De Bazar,2012-06-06,https://example.com/covers/2036.jpg
2037,1032,Transiciones,2013-04-07,https://example.com/covers/2037.jpg
2038,1032,ed maverick en el metropólitan,2017-03-15,https://example.com/covers/2038.jpg
2039,1032,eduardo,2018-09-06,https://example.com/covers/2039.jpg
2040,1032,mix pa llorar en tu cuarto,2012-01-28,https://example.com/covers/2040.jpg
2041,1032,nadie va a pensar en ti mejor que yo,2019-08-15,https://example.com/covers/2041.jpg
2042,1032,"niño,",2017-08-04,https://example.com/covers/2042.jpg
2043,1033,+,2014-04-16,https://example.com/covers/2043.jpg
2044,1033,=,2020-09-01,https://example.com/covers/2044.jpg
2045,1033,Afterglow,2018-04-10,https://example.com/covers/2045.jpg
2046,1033,Bad Habits,2013-02-16,https://example.com/covers/2046.jpg
2047,1033,Castle on the Hill,2012-04-23,https://example.com/covers/2047.jpg
2048,1033,How Would You Feel (Paean),2007-04-19,https://example.com/covers/2048.jpg
2049,1033,Merry Christmas,2022-07-27,https://example.com/covers/2049.jpg
2050,1033,No.6 Collaborations Project,2015-03-31,https://example.com/covers/2050.jpg
2051,1033,Perfect Symphony (Ed Sheeran & Andrea Bocelli),2016-05-16,https://example.com/covers/2051.jpg
2052,1033,Shape of You,2016-02-10,https://example.com/covers/2052.jpg
2053,1033,Shape of You (feat. Zion & Lennox),2011-11-05,https://example.com/covers/2053.jpg
2054,1033,Shivers,2015-01-22,https://example.com/covers/2054.jpg
2055,1033,The Fault In Our Stars: Music From The Motion Picture,2010-02-25,https://example.com/covers/2055.jpg
2056,1033,Visiting Hours,2020-12-10,https://example.com/covers/2056.jpg
2057,1033,x,2010-08-23,https://example.com/covers/2057.jpg
2058,1033,÷,2015-06-19,https://example.com/covers/2058.jpg
2059,1034,The Sue Records Story: The Sound Of Soul,2018-04-15,https://example.com/covers/2059.jpg
2060,1035,Before the Bridge,2016-03-11,https://example.com/covers/2060.jpg
2061,1036,Sundown,2018-05-12,https://example.com/covers/2061.jpg
2062,1037,The Best Of Eddie Money,2015-10-16,https://example.com/covers/2062.jpg
2063,1038,Atrevido Y Diferente,2018-01-29,https://example.com/covers/2063.jpg
2064,1039,All The Way,2016-07-22,https://example.com/covers/2064.jpg
2065,1039,Into The Wild,2019-05-14,https://example.com/covers/2065.jpg
2066,1039,Long Way,2017-03-16,https://example.com/covers/2066.jpg
2067,1040,Golden State (Live),2008-07-06,https://example.com/covers/2067.jpg
2068,1041,Wet Cement,2015-01-21,https://example.com/covers/2068.jpg
2069,1042,Quemas,2014-07-22,https://example.com/covers/2069.jpg
2070,1043,Abcdario,2019-04-14,https://example.com/covers/2070.jpg
2071,1044,De Carne y Hueso,2019-02-19,https://example.com/covers/2071.jpg
2072,1044,"Sólo, Ni Tan Sólo, Vol. 2",2019-04-15,https://example.com/covers/2072.jpg
2073,1045,Protest Songs,2018-08-15,https://example.com/covers/2073.jpg
2074,1046,An End Has a Start,2019-12-04,https://example.com/covers/2074.jpg
2075,1046,In This Light and on This Evening,2020-12-08,https://example.com/covers/2075.jpg
2076,1047,'O sole mio,2016-02-02,https://example.com/covers/2076.jpg
2077,1047,50 Greatest Tracks,2014-11-10,https://example.com/covers/2077.jpg
2078,1047,Luciano Pavarotti - O Sole Mio - Favourite Neapolitan Songs,2018-07-05,https://example.com/covers/2078.jpg
2079,1047,Pavarotti Forever,2015-08-31,https://example.com/covers/2079.jpg
2080,1047,The Ultimate Collection,2016-08-11,https://example.com/covers/2080.jpg
2081,1048,111 Piano Hits - Vol. 5 (World Premiere Recordings),2021-02-28,https://example.com/covers/2081.jpg
2082,1048,Grieg: Works for Solo Piano (The LittleVoxBox Edition),2012-12-13,https://example.com/covers/2082.jpg
2083,1048,"Wonderland - Edvard Grieg: Piano Concerto, Lyric Pieces",2017-09-16,https://example.com/covers/2083.jpg
2084,1049,"English Fantasia: Vaughan Williams, Delius & Elgar",2017-05-11,https://example.com/covers/2084.jpg
2085,1050,HOPE Campaign Tribute Album 2010,2016-09-02,https://example.com/covers/2085.jpg
2086,1050,Here,2011-08-02,https://example.com/covers/2086.jpg
2087,1050,Up From Below (10th Anniversary Edition),2012-10-31,https://example.com/covers/2087.jpg
2088,1050,Up From Below - 10th Anniversary Edition,2020-01-15,https://example.com/covers/2088.jpg
2089,1051,Blinking Lights and Other Revelations,2018-06-27,https://example.com/covers/2089.jpg
2090,1051,Hombre Lobo,2018-01-19,https://example.com/covers/2090.jpg
2091,1052,"Ya Me Enteré (feat. Ozuna & Tito ""El Bambino"")",2009-08-02,https://example.com/covers/2091.jpg
2092,1053,Baai,2021-08-29,https://example.com/covers/2092.jpg
2093,1053,Baai (with Kronan),2012-01-14,https://example.com/covers/2093.jpg
2094,1053,Broken Glass,2014-09-27,https://example.com/covers/2094.jpg
2095,1053,Don't Wanna Miss You,2013-01-07,https://example.com/covers/2095.jpg
2096,1053,Elephant in the Room,2016-07-24,https://example.com/covers/2096.jpg
2097,1053,Give Me Summer,2018-04-08,https://example.com/covers/2097.jpg
2098,1053,High When Low,2015-06-01,https://example.com/covers/2098.jpg
2099,1053,Hurt Me (feat. WILHELM),2017-03-21,https://example.com/covers/2099.jpg
2100,1053,Last Time,2013-04-16,https://example.com/covers/2100.jpg
2101,1053,No Worries,2020-04-21,https://example.com/covers/2101.jpg
2102,1053,Ona Ona,2019-12-02,https://example.com/covers/2102.jpg
2103,1053,Sax Art,2016-06-25,https://example.com/covers/2103.jpg
2104,1053,Sunshine,2013-04-08,https://example.com/covers/2104.jpg
2105,1053,Thokoloshi,2017-01-10,https://example.com/covers/2105.jpg
2106,1053,Tonight,2015-05-28,https://example.com/covers/2106.jpg
2107,1053,Tropical Confessions,2011-03-22,https://example.com/covers/2107.jpg
2108,1053,Tropical Confessions Pt. 4,2019-02-10,https://example.com/covers/2108.jpg
2109,1053,"Tropical Confessions, Pt. 2",2014-04-03,https://example.com/covers/2109.jpg
2110,1053,"Tropical Confessions, Pt. 3",2015-03-13,https://example.com/covers/2110.jpg
2111,1053,"Tropical Confessions, Pt. 5",2011-02-13,https://example.com/covers/2111.jpg
2112,1053,You Say,2017-09-09,https://example.com/covers/2112.jpg
2113,1054,Ekkah x Real Love,2018-06-05,https://example.com/covers/2113.jpg
2114,1055,Besos Nuevos,2015-05-25,https://example.com/covers/2114.jpg
2115,1055,En Tu Mirada,2007-05-16,https://example.com/covers/2115.jpg
2116,1055,Ese Soy Yo,2012-06-29,https://example.com/covers/2116.jpg
2117,1055,No Fue Necesario,2007-04-21,https://example.com/covers/2117.jpg
2118,1056,En Paris,2013-07-08,https://example.com/covers/2118.jpg
2119,1057,Painting The Moment,2021-01-18,https://example.com/covers/2119.jpg
2120,1057,Viva Tirado,2021-01-11,https://example.com/covers/2120.jpg
2121,1058,Como una Huella Digital,2017-12-25,https://example.com/covers/2121.jpg
2122,1058,Decimo Aniversario,2018-05-19,https://example.com/covers/2122.jpg
2123,1058,La Más Completa Colección,2016-10-01,https://example.com/covers/2123.jpg
2124,1059,Raro,2020-04-19,https://example.com/covers/2124.jpg
2125,1060,Yo Sin Tú,2015-01-03,https://example.com/covers/2125.jpg
2126,1061,El Arte de Saltar,2021-01-18,https://example.com/covers/2126.jpg
2127,1061,El Día de Suerte de Juan Gómez,2016-04-07,https://example.com/covers/2127.jpg
2128,1061,Lo Mal Que Estoy y Lo Poco Que Me Quejo,2021-08-02,https://example.com/covers/2128.jpg
2129,1062,Belico,2010-11-05,https://example.com/covers/2129.jpg
2130,1062,Detras Del Miedo,2021-11-04,https://example.com/covers/2130.jpg
2131,1062,"El Movimiento Alterado, Vol. 3",2020-07-21,https://example.com/covers/2131.jpg
2132,1062,Soy De Rancho,2010-04-03,https://example.com/covers/2132.jpg
2133,1062,Y Seguimos La Borrachera,2014-02-11,https://example.com/covers/2133.jpg
2134,1063,La Dinastía Scorpio,2012-08-15,https://example.com/covers/2134.jpg
2135,1064,Return To The 37th Chamber,2018-02-26,https://example.com/covers/2135.jpg
2136,1064,Yeti Season - Deluxe Version,2023-06-10,https://example.com/covers/2136.jpg
2137,1065,Ojos Verdes,2016-11-08,https://example.com/covers/2137.jpg
2138,1066,Funky Punch,2017-12-21,https://example.com/covers/2138.jpg
2139,1067,La Declaración,2019-01-18,https://example.com/covers/2139.jpg
2140,1068,Insurreccion (En Directo),2017-04-14,https://example.com/covers/2140.jpg
2141,1069,3MEN2 KBRN,2014-02-07,https://example.com/covers/2141.jpg
2142,1069,Mi Error,2011-08-06,https://example.com/covers/2142.jpg
2143,1069,Mi Error (Remix),2012-09-22,https://example.com/covers/2143.jpg
2144,1069,Sauce Boyz,2011-04-30,https://example.com/covers/2144.jpg
2145,1070,Mondo,2022-07-20,https://example.com/covers/2145.jpg
2146,1071,A New World Record,2019-07-12,https://example.com/covers/2146.jpg
2147,1071,Discovery,2018-06-24,https://example.com/covers/2147.jpg
2148,1071,Out of the Blue,2014-12-22,https://example.com/covers/2148.jpg
2149,1071,When I Was a Boy,2020-01-15,https://example.com/covers/2149.jpg
2150,1072,With a Little Help from My Fwends,2009-04-24,https://example.com/covers/2150.jpg
2151,1073,"Los Miserables. Mas que un musical, una leyenda",2012-10-14,https://example.com/covers/2151.jpg
2152,1074,Soft Trash,2022-04-29,https://example.com/covers/2152.jpg
2153,1075,Autumn in New York,2013-01-02,https://example.com/covers/2153.jpg
2154,1076,Como la Nube Se Impone al Sol,2013-12-21,https://example.com/covers/2154.jpg
2155,1077,Altitude (feat. Briana Tyson),2011-03-08,https://example.com/covers/2155.jpg
2156,1078,Raconteur,2020-07-15,https://example.com/covers/2156.jpg
2157,1079,Heart Mouth Dialogues,2014-05-11,https://example.com/covers/2157.jpg
2158,1080,Corridos Famosos,2012-09-07,https://example.com/covers/2158.jpg
2159,1081,Amfora,2019-09-09,https://example.com/covers/2159.jpg
2160,1082,Christmas,2015-03-12,https://example.com/covers/2160.jpg
2161,1082,Christmas With Ella,2014-08-22,https://example.com/covers/2161.jpg
2162,1082,Ella & Friends,2015-11-14,https://example.com/covers/2162.jpg
2163,1082,Ella Wishes You A Swinging Christmas,2017-09-11,https://example.com/covers/2163.jpg
2164,1082,Ella Wishes You A Swinging Christmas - Expanded Edition,2014-06-24,https://example.com/covers/2164.jpg
2165,1083,Ella Mai,2014-06-09,https://example.com/covers/2165.jpg
2166,1084,Morse Code,2017-12-04,https://example.com/covers/2166.jpg
2167,1085,Drunk (And I Don't Wanna Go Home),2022-11-06,https://example.com/covers/2167.jpg
2168,1086,Situatie,2015-02-13,https://example.com/covers/2168.jpg
2169,1087,Fifty Shades Of Grey - Original Motion Picture Soundtrack,2010-05-31,https://example.com/covers/2169.jpg
2170,1087,Halcyon Days,2005-12-18,https://example.com/covers/2170.jpg
2171,1088,XO,2014-12-22,https://example.com/covers/2171.jpg
2172,1089,La Sete D'Amore,2014-08-08,https://example.com/covers/2172.jpg
2173,1090,Dust My Broom,2009-12-25,https://example.com/covers/2173.jpg
2174,1090,Shake Your Money Maker: The Best Of The Fire Sessions,2016-04-21,https://example.com/covers/2174.jpg
2175,1091,Mamacita,2017-12-12,https://example.com/covers/2175.jpg
2176,1092,Grecia,2019-01-01,https://example.com/covers/2176.jpg
2177,1092,Rey,2014-11-17,https://example.com/covers/2177.jpg
2178,1093,Solitude,2021-05-16,https://example.com/covers/2178.jpg
2179,1094,A Musical Affair,2005-10-19,https://example.com/covers/2179.jpg
2180,1094,After All,2014-11-25,https://example.com/covers/2180.jpg
2181,1094,Captain Fantastic And The Brown Dirt Cowboy,2017-06-24,https://example.com/covers/2181.jpg
2182,1094,Caribou,2021-12-18,https://example.com/covers/2182.jpg
2183,1094,Cold Heart,2012-10-17,https://example.com/covers/2183.jpg
2184,1094,Come Down In Time,2010-12-26,https://example.com/covers/2184.jpg
2185,1094,Diamonds,2018-08-19,https://example.com/covers/2185.jpg
2186,1094,Diamonds - Deluxe,2015-10-03,https://example.com/covers/2186.jpg
2187,1094,Don't Shoot Me I'm Only The Piano Player,2012-04-21,https://example.com/covers/2187.jpg
2188,1094,Elton John,2008-12-13,https://example.com/covers/2188.jpg
2189,1094,Goodbye Yellow Brick Road,2009-09-28,https://example.com/covers/2189.jpg
2190,1094,Goodbye Yellow Brick Road - Remastered,2016-05-02,https://example.com/covers/2190.jpg
2191,1094,Hold Me Closer,2013-02-19,https://example.com/covers/2191.jpg
2192,1094,Honky Chateau,2010-05-25,https://example.com/covers/2192.jpg
2193,1094,Jump Up!,2020-04-11,https://example.com/covers/2193.jpg
2194,1094,Love Songs,2018-06-21,https://example.com/covers/2194.jpg
2195,1094,Madman Across The Water,2009-10-05,https://example.com/covers/2195.jpg
2196,1094,Rock Of The Westies,2015-02-17,https://example.com/covers/2196.jpg
2197,1094,Rocket Man,2010-11-23,https://example.com/covers/2197.jpg
2198,1094,Rocketman,2019-11-20,https://example.com/covers/2198.jpg
2199,1094,Sleeping With The Past,2019-06-18,https://example.com/covers/2199.jpg
2200,1094,The Lockdown Sessions,2017-11-21,https://example.com/covers/2200.jpg
2201,1094,To Be Continued...,2014-05-06,https://example.com/covers/2201.jpg
2202,1094,Too Low For Zero,2014-06-25,https://example.com/covers/2202.jpg
2203,1095,My Aim Is True,2014-04-24,https://example.com/covers/2203.jpg
2204,1095,The Boy Named If,2015-06-21,https://example.com/covers/2204.jpg
2205,1096,Armed Forces,2014-12-14,https://example.com/covers/2205.jpg
2206,1096,Imperial Bedroom,2015-01-28,https://example.com/covers/2206.jpg
2207,1097,50 Lovesongs of Rock&#39;n&#39;Roll,2010-07-03,https://example.com/covers/2207.jpg
2208,1097,A Boy From Tupelo: The Complete 1953-1955 Recordings,2016-11-09,https://example.com/covers/2208.jpg
2209,1097,A Date With Elvis,2010-05-02,https://example.com/covers/2209.jpg
2210,1097,Blue Hawaii,2009-03-17,https://example.com/covers/2210.jpg
2211,1097,Burning Love,2015-12-24,https://example.com/covers/2211.jpg
2212,1097,Elvis,2009-11-25,https://example.com/covers/2212.jpg
2213,1097,Elvis (Fool),2007-09-21,https://example.com/covers/2213.jpg
2214,1097,Elvis 30 #1 Hits,2011-09-30,https://example.com/covers/2214.jpg
2215,1097,Elvis 75 - Good Rockin' Tonight,2008-08-10,https://example.com/covers/2215.jpg
2216,1097,Elvis At Sun,2015-09-25,https://example.com/covers/2216.jpg
2217,1097,Elvis Presley,2011-02-11,https://example.com/covers/2217.jpg
2218,1097,Elvis Sings,2007-12-12,https://example.com/covers/2218.jpg
2219,1097,Elvis for Everyone!,2015-02-07,https://example.com/covers/2219.jpg
2220,1097,Elvis' Christmas Album,2016-04-22,https://example.com/covers/2220.jpg
2221,1097,Elvis' Golden Records,2015-08-13,https://example.com/covers/2221.jpg
2222,1097,"Elvis' Golden Records, Vol. 3",2012-12-19,https://example.com/covers/2222.jpg
2223,1097,For LP Fans Only,2015-01-20,https://example.com/covers/2223.jpg
2224,1097,From Elvis in Memphis,2017-07-03,https://example.com/covers/2224.jpg
2225,1097,If I Can Dream: Elvis Presley with the Royal Philharmonic Orchestra,2009-11-29,https://example.com/covers/2225.jpg
2226,1097,Loving You,2016-06-05,https://example.com/covers/2226.jpg
2227,1097,MEMPHIS,2020-08-16,https://example.com/covers/2227.jpg
2228,1097,Ocean's Eleven (Music from the Motion Picture),2011-06-20,https://example.com/covers/2228.jpg
2229,1097,Platinum - A Life In Music,2013-07-20,https://example.com/covers/2229.jpg
2230,1097,That's All Right,2017-01-07,https://example.com/covers/2230.jpg
2231,1097,That's The Way It Is,2009-04-01,https://example.com/covers/2231.jpg
2232,1097,The 50 Greatest Love Songs,2008-12-24,https://example.com/covers/2232.jpg
2233,1097,The Complete '68 Comeback Special- The 40th Anniversary Edition,2014-10-05,https://example.com/covers/2233.jpg
2234,1097,The King of Rock 'n' Roll: The Complete 50's Masters,2016-06-30,https://example.com/covers/2234.jpg
2235,1097,Viva Elvis,2007-07-23,https://example.com/covers/2235.jpg
2236,1098,Light Touch,2014-04-03,https://example.com/covers/2236.jpg
2237,1099,Our Version Of Events,2011-02-21,https://example.com/covers/2237.jpg
2238,1100,The Best of Emerson Lake & Palmer,2018-12-14,https://example.com/covers/2238.jpg
2239,1101,Within a Dream,2016-05-29,https://example.com/covers/2239.jpg
2240,1102,In Madeira,2020-04-22,https://example.com/covers/2240.jpg
2241,1103,Gum,2015-07-12,https://example.com/covers/2241.jpg
2242,1104,Traveling Mercies,2021-09-27,https://example.com/covers/2242.jpg
2243,1105,The Lord of the Rings: The Two Towers (Original Motion Picture Soundtrack),2009-12-10,https://example.com/covers/2243.jpg
2244,1106,8 Mile,2014-11-20,https://example.com/covers/2244.jpg
2245,1106,Curtain Call: The Hits,2008-09-02,https://example.com/covers/2245.jpg
2246,1106,Encore,2016-04-17,https://example.com/covers/2246.jpg
2247,1106,Houdini,2018-03-23,https://example.com/covers/2247.jpg
2248,1106,Just Lose It,2014-12-17,https://example.com/covers/2248.jpg
2249,1106,Killshot,2010-10-09,https://example.com/covers/2249.jpg
2250,1106,Music To Be Murdered By,2022-05-18,https://example.com/covers/2250.jpg
2251,1106,Recovery,2008-05-31,https://example.com/covers/2251.jpg
2252,1106,Relapse: Refill,2014-09-12,https://example.com/covers/2252.jpg
2253,1106,SHADYXV,2012-07-26,https://example.com/covers/2253.jpg
2254,1106,The Death of Slim Shady (Coup De Grâce),2022-03-15,https://example.com/covers/2254.jpg
2255,1106,The Eminem Show,2011-12-24,https://example.com/covers/2255.jpg
2256,1106,The Marshall Mathers LP,2019-02-05,https://example.com/covers/2256.jpg
2257,1106,The Marshall Mathers LP2,2012-07-28,https://example.com/covers/2257.jpg
2258,1106,The Slim Shady LP,2019-01-31,https://example.com/covers/2258.jpg
2259,1107,The Emitt Rhodes Recordings (1969-1973),2013-05-29,https://example.com/covers/2259.jpg
2260,1108,La La Land,2014-12-10,https://example.com/covers/2260.jpg
2261,1109,Desnudo Emmanuel,2018-02-14,https://example.com/covers/2261.jpg
2262,1109,Diez Años Cantandole Al Amor,2020-08-16,https://example.com/covers/2262.jpg
2263,1109,Entre Lunas,2020-07-11,https://example.com/covers/2263.jpg
2264,1109,Intimamente,2017-01-20,https://example.com/covers/2264.jpg
2265,1109,Inédito,2016-09-02,https://example.com/covers/2265.jpg
2266,1109,Sentirme Vivo,2018-10-26,https://example.com/covers/2266.jpg
2267,1109,Solo Exitos,2015-10-14,https://example.com/covers/2267.jpg
2268,1109,We Love Disney,2015-03-10,https://example.com/covers/2268.jpg
2269,1110,Sentimental Journey,2009-12-09,https://example.com/covers/2269.jpg
2270,1111,Ice On The Dune,2007-07-29,https://example.com/covers/2270.jpg
2271,1111,Two Vines,2015-07-06,https://example.com/covers/2271.jpg
2272,1111,Walking On A Dream,2008-03-01,https://example.com/covers/2272.jpg
2273,1112,Pump It Up,2012-12-05,https://example.com/covers/2273.jpg
2274,1113,Here And Now,2016-12-05,https://example.com/covers/2274.jpg
2275,1114,Noches De Salón,2016-08-06,https://example.com/covers/2275.jpg
2276,1115,Cinema Paradiso,2007-12-16,https://example.com/covers/2276.jpg
2277,1115,Cinema Paradiso (Original Motion Picture Soundtrack),2014-04-08,https://example.com/covers/2277.jpg
2278,1115,Cinema Paradiso - Music By Ennio Morricone,2016-12-16,https://example.com/covers/2278.jpg
2279,1115,Così come sei,2018-09-28,https://example.com/covers/2279.jpg
2280,1115,L'uccello dalle piume di cristallo,2013-06-21,https://example.com/covers/2280.jpg
2281,1115,La classe operaia va in paradiso - The Working Class Goes to Heaven / Lulu the Tool (Original Motion Picture Soundtrack),2016-04-22,https://example.com/covers/2281.jpg
2282,1115,Love Themes,2015-09-19,https://example.com/covers/2282.jpg
2283,1115,Morricone 60,2015-01-18,https://example.com/covers/2283.jpg
2284,1115,Morricone Film Music,2012-08-29,https://example.com/covers/2284.jpg
2285,1115,"Morricone, Ennio - An Ennio Morricone Anthology",2011-05-14,https://example.com/covers/2285.jpg
2286,1115,Novecento - 1900,2010-07-15,https://example.com/covers/2286.jpg
2287,1115,Nuovo Cinema Paradiso (Original Motion Picture Soundtrack),2019-07-05,https://example.com/covers/2287.jpg
2288,1115,Once Upon a Time in the West (Original Motion Picture Soundtrack),2018-04-28,https://example.com/covers/2288.jpg
2289,1115,Per un pugno di dollari (Original Motion Picture Soundtrack),2010-07-10,https://example.com/covers/2289.jpg
2290,1115,Sacco e Vanzetti (Original Motion Picture Soundtrack),2015-04-20,https://example.com/covers/2290.jpg
2291,1115,Sergio Leone - Greatest Western Themes of all Time,2018-09-15,https://example.com/covers/2291.jpg
2292,1115,"The Good, The Bad And The Ugly",2019-07-15,https://example.com/covers/2292.jpg
2293,1115,"The Good, The Bad and The Ugly (Original Motion Picture Soundtrack)",2016-03-22,https://example.com/covers/2293.jpg
2294,1115,The Mission: Music From The Motion Picture,2018-06-06,https://example.com/covers/2294.jpg
2295,1115,Yo-Yo Ma Plays Ennio Morricone,2017-06-21,https://example.com/covers/2295.jpg
2296,1116,Dedicatoria,2022-01-23,https://example.com/covers/2296.jpg
2297,1117,DUELE EL CORAZON (English Version) (feat. Tinashe & Javada),2020-01-05,https://example.com/covers/2297.jpg
2298,1117,DUELE EL CORAZON (feat. Wisin),2014-06-29,https://example.com/covers/2298.jpg
2299,1117,EL BAÑO,2014-12-15,https://example.com/covers/2299.jpg
2300,1117,Euphoria,2019-11-05,https://example.com/covers/2300.jpg
2301,1117,SEX AND LOVE,2008-07-15,https://example.com/covers/2301.jpg
2302,1117,SUBEME LA RADIO (feat. Descemer Bueno & Zion & Lennox),2015-10-23,https://example.com/covers/2302.jpg
2303,1118,"Enrique Santos Discepolo ""El poeta del tango"" - Bs As Tango -",2017-03-24,https://example.com/covers/2303.jpg
2304,1119,Café Musette,2021-05-05,https://example.com/covers/2304.jpg
2305,1119,Enrique Ugarte: Valse Musette De Paris,2013-03-21,https://example.com/covers/2305.jpg
2306,1120,Desde Que No Nos Vemos,2019-05-09,https://example.com/covers/2306.jpg
2307,1121,The Lord of the Rings: The Fellowship of the Ring (Original Motion Picture Soundtrack),2011-05-20,https://example.com/covers/2307.jpg
2308,1122,Silver Sky,2008-07-17,https://example.com/covers/2308.jpg
2309,1123,Il Tramonto,2022-09-02,https://example.com/covers/2309.jpg
2310,1124,The Circus,2020-09-08,https://example.com/covers/2310.jpg
2311,1125,Boogie Nights / Music From The Original Motion Picture,2019-02-22,https://example.com/covers/2311.jpg
2312,1126,Dirty Dancing: Anniversary Edition,2016-04-27,https://example.com/covers/2312.jpg
2313,1127,Blues Breakers,2013-05-17,https://example.com/covers/2313.jpg
2314,1127,Complete Clapton,2015-01-12,https://example.com/covers/2314.jpg
2315,1127,John Mayall & The Bluesbreakers - Anthology,2011-04-03,https://example.com/covers/2315.jpg
2316,1127,Riding with the King,2011-07-05,https://example.com/covers/2316.jpg
2317,1127,Slowhand 35th Anniversary,2012-09-14,https://example.com/covers/2317.jpg
2318,1127,Unplugged,2017-03-27,https://example.com/covers/2318.jpg
2319,1128,Out To Lunch,2007-02-13,https://example.com/covers/2319.jpg
2320,1129,Ah Via Musicom,2010-01-12,https://example.com/covers/2320.jpg
2321,1130,Revolution In Your Heart,2023-01-08,https://example.com/covers/2321.jpg
2322,1131,Community (Music from the Original Television Series),2017-06-30,https://example.com/covers/2322.jpg
2323,1132,Call On Me (Remixes),2018-10-08,https://example.com/covers/2323.jpg
2324,1132,Opus,2020-03-08,https://example.com/covers/2324.jpg
2325,1133,Chiller,2022-05-25,https://example.com/covers/2325.jpg
2326,1134,Korngold: Die tote Stadt,2009-05-20,https://example.com/covers/2326.jpg
2327,1135,Emotions,2013-12-08,https://example.com/covers/2327.jpg
2328,1136,In Between,2013-03-23,https://example.com/covers/2328.jpg
2329,1137,"Alma y corazón: Obras del romanticismo mexicano de Ernesto Elorduy, Vol. 1",2010-07-25,https://example.com/covers/2329.jpg
2330,1138,50 Greatest Tracks,2010-11-16,https://example.com/covers/2330.jpg
2331,1139,Rarities - Remastered,2011-08-14,https://example.com/covers/2331.jpg
2332,1140,Eros,2016-06-07,https://example.com/covers/2332.jpg
2333,1141,E.S:T. Tuesday Wonderland,2018-04-22,https://example.com/covers/2333.jpg
2334,1141,From Gagarin's Point of View,2008-11-28,https://example.com/covers/2334.jpg
2335,1142,Heart Is Black,2011-11-04,https://example.com/covers/2335.jpg
2336,1143,Corta Venas,2014-04-20,https://example.com/covers/2336.jpg
2337,1143,DESVELADO,2016-01-22,https://example.com/covers/2337.jpg
2338,1144,Onyx,2014-03-08,https://example.com/covers/2338.jpg
2339,1145,Estampas De Mexico: Traditional Music From Mexico,2017-12-20,https://example.com/covers/2339.jpg
2340,1146,Caótica Belleza,2019-01-25,https://example.com/covers/2340.jpg
2341,1146,Todos Quieren Ser Un Gato Jazz,2016-11-17,https://example.com/covers/2341.jpg
2342,1147,Fell Off,2014-02-23,https://example.com/covers/2342.jpg
2343,1148,Pyramid Scheme,2014-06-30,https://example.com/covers/2343.jpg
2344,1149,Juliet Naked (Original Soundtrack Album),2015-12-25,https://example.com/covers/2344.jpg
2345,1150,At Last!,2007-06-12,https://example.com/covers/2345.jpg
2346,1150,Love Songs,2009-05-14,https://example.com/covers/2346.jpg
2347,1151,The Final Countdown (Expanded Edition),2019-02-01,https://example.com/covers/2347.jpg
2348,1152,This Time Tomorrow,2017-10-15,https://example.com/covers/2348.jpg
2349,1153,I See Red,2019-01-04,https://example.com/covers/2349.jpg
2350,1154,Amplified Heart,2015-10-07,https://example.com/covers/2350.jpg
2351,1155,Thank You (Anniversary Compilation),2014-01-29,https://example.com/covers/2351.jpg
2352,1156,Canta En Español Con Los Panchos,2015-01-30,https://example.com/covers/2352.jpg
2353,1156,Sabor a Mí,2020-06-30,https://example.com/covers/2353.jpg
2354,1157,Inside the Human Body,2019-02-16,https://example.com/covers/2354.jpg
2355,1158,Tip of your tongue,2012-10-01,https://example.com/covers/2355.jpg
2356,1159,Fell Off (Grinding),2020-07-03,https://example.com/covers/2356.jpg
2357,1160,New Girl,2019-01-27,https://example.com/covers/2357.jpg
2358,1161,Ya Kidding,2015-06-17,https://example.com/covers/2358.jpg
2359,1161,You Little Beauty,2016-09-19,https://example.com/covers/2359.jpg
2360,1162,What Are You Waiting For?,2018-08-31,https://example.com/covers/2360.jpg
2361,1163,Truce - EP,2008-04-01,https://example.com/covers/2361.jpg
2362,1164,Eminence,2013-07-01,https://example.com/covers/2362.jpg
2363,1164,The Bird's Nest,2022-06-14,https://example.com/covers/2363.jpg
2364,1165,Back to Life,2020-02-01,https://example.com/covers/2364.jpg
2365,1166,Fabrizio De André (Indiano),2017-11-14,https://example.com/covers/2365.jpg
2366,1167,Ooh La La,2018-03-04,https://example.com/covers/2366.jpg
2367,1168,El Oficio De Cantor,2016-02-13,https://example.com/covers/2367.jpg
2368,1168,Facundo Cabral,2019-05-14,https://example.com/covers/2368.jpg
2369,1168,Serie De Oro,2014-04-20,https://example.com/covers/2369.jpg
2370,1169,Liege And Lief,2019-07-22,https://example.com/covers/2370.jpg
2371,1169,Meet On The Ledge: The Classic Years (1967-1975),2012-12-28,https://example.com/covers/2371.jpg
2372,1169,Shuffle and Go,2015-05-05,https://example.com/covers/2372.jpg
2373,1169,Unhalfbricking,2018-05-28,https://example.com/covers/2373.jpg
2374,1170,I Think I Like It,2021-08-09,https://example.com/covers/2374.jpg
2375,1171,American Beauty/American Psycho,2014-11-14,https://example.com/covers/2375.jpg
2376,1171,From Under The Cork Tree,2007-06-02,https://example.com/covers/2376.jpg
2377,1171,Goodbye Yellow Brick Road,2010-12-03,https://example.com/covers/2377.jpg
2378,1171,Infinity On High,2009-01-23,https://example.com/covers/2378.jpg
2379,1171,Save Rock And Roll,2008-02-25,https://example.com/covers/2379.jpg
2380,1172,Across the Sea,2014-09-27,https://example.com/covers/2380.jpg
2381,1173,Un Soplo En El Corazón,2020-08-31,https://example.com/covers/2381.jpg
2382,1174,Loma Vista,2019-11-09,https://example.com/covers/2382.jpg
2383,1175,Dos,2018-03-22,https://example.com/covers/2383.jpg
2384,1176,Cositas Que Haciamos,2015-01-17,https://example.com/covers/2384.jpg
2385,1176,Farruko Presents Los Menores,2015-11-23,https://example.com/covers/2385.jpg
2386,1176,Hoy,2012-10-21,https://example.com/covers/2386.jpg
2387,1176,La Tóxica,2014-06-05,https://example.com/covers/2387.jpg
2388,1176,Loco (Remix),2020-03-26,https://example.com/covers/2388.jpg
2389,1176,Nadie (feat. Sech & Sharo Towers),2014-11-15,https://example.com/covers/2389.jpg
2390,1176,Pepas,2018-08-21,https://example.com/covers/2390.jpg
2391,1176,The Ones,2012-03-17,https://example.com/covers/2391.jpg
2392,1176,Visionary,2014-04-09,https://example.com/covers/2392.jpg
2393,1177,American Love,2019-11-03,https://example.com/covers/2393.jpg
2394,1178,Praise You,2014-07-25,https://example.com/covers/2394.jpg
2395,1179,Fear Fun,2014-03-18,https://example.com/covers/2395.jpg
2396,1179,Real Love Baby,2020-12-21,https://example.com/covers/2396.jpg
2397,1180,Bohemia Con El Alma,2014-09-11,https://example.com/covers/2397.jpg
2398,1181,The Fats Domino Jukebox: 20 Greatest Hits The Way You Originally Heard Them,2013-04-25,https://example.com/covers/2398.jpg
2399,1182,Happy Endings,2013-04-18,https://example.com/covers/2399.jpg
2400,1183,Changes,2015-06-30,https://example.com/covers/2400.jpg
2401,1184,15 Exitos De Federico Villa - Versiones Originales,2013-02-10,https://example.com/covers/2401.jpg
2402,1184,La Coleccion Del Siglo - Federico Villa,2016-08-07,https://example.com/covers/2402.jpg
2403,1185,Rubato,2016-12-04,https://example.com/covers/2403.jpg
2404,1186,Así Como Suena,2016-02-03,https://example.com/covers/2404.jpg
2405,1186,CLASSY 101,2017-04-27,https://example.com/covers/2405.jpg
2406,1186,FERXXO - VOL 1: M.O.R,2017-02-25,https://example.com/covers/2406.jpg
2407,1186,FRESH KERIAS,2018-06-15,https://example.com/covers/2407.jpg
2408,1186,badwine,2019-07-15,https://example.com/covers/2408.jpg
2409,1187,Multitudes,2018-12-11,https://example.com/covers/2409.jpg
2410,1188,Vivo Pensando En Ti (feat. Maluma),2013-03-20,https://example.com/covers/2410.jpg
2411,1189,Ain't Nobody (Loves Me Better),2006-12-12,https://example.com/covers/2411.jpg
2412,1190,Die Wanderbiene,2021-05-10,https://example.com/covers/2412.jpg
2413,1191,a couple of good days,2019-02-15,https://example.com/covers/2413.jpg
2414,1192,Rancheras,2018-01-14,https://example.com/covers/2414.jpg
2415,1193,Con Cierto Aire a Ti,2018-01-24,https://example.com/covers/2415.jpg
2416,1193,Desde la Isla del Olvido,2022-06-09,https://example.com/covers/2416.jpg
2417,1193,Entre Pairos y Derivas,2013-11-24,https://example.com/covers/2417.jpg
2418,1193,Sesiones Acústicas,2016-05-11,https://example.com/covers/2418.jpg
2419,1194,Sor: Works for Guitar,2015-07-30,https://example.com/covers/2419.jpg
2420,1195,Closer,2013-04-08,https://example.com/covers/2420.jpg
2421,1196,Fino,2016-03-20,https://example.com/covers/2421.jpg
2422,1196,Latin Boogie,2015-07-26,https://example.com/covers/2422.jpg
2423,1196,Rumbo,2020-05-01,https://example.com/covers/2423.jpg
2424,1197,Louisiana,2017-07-25,https://example.com/covers/2424.jpg
2425,1198,Otro Vals,2018-05-25,https://example.com/covers/2425.jpg
2426,1199,679 (feat. Remy Boyz),2007-02-08,https://example.com/covers/2426.jpg
2427,1199,Again,2009-03-03,https://example.com/covers/2427.jpg
2428,1199,Fetty Wap,2009-01-22,https://example.com/covers/2428.jpg
2429,1199,My Way (feat. Monty),2013-12-01,https://example.com/covers/2429.jpg
2430,1199,Trap Queen,2006-07-20,https://example.com/covers/2430.jpg
2431,1200,Better Together,2009-03-27,https://example.com/covers/2431.jpg
2432,1200,Reflection,2007-05-24,https://example.com/covers/2432.jpg
2433,1201,Farewell Summer,2017-12-19,https://example.com/covers/2433.jpg
2434,1201,Hitchhiking,2019-02-15,https://example.com/covers/2434.jpg
2435,1202,Pleasantville -Music From The Motion Picture,2013-08-13,https://example.com/covers/2435.jpg
2436,1203,Espabile,2022-06-04,https://example.com/covers/2436.jpg
2437,1204,Abre,2013-12-02,https://example.com/covers/2437.jpg
2438,1204,Enemigos Intimos,2016-10-16,https://example.com/covers/2438.jpg
2439,1205,Lo mas lejos a tu lado,2024-02-03,https://example.com/covers/2439.jpg
2440,1206,Shake Some Action,2019-08-21,https://example.com/covers/2440.jpg
2441,1206,Teenage Head,2016-05-06,https://example.com/covers/2441.jpg
2442,1207,Flans,2016-11-12,https://example.com/covers/2442.jpg
2443,1208,Jazzin,2014-04-07,https://example.com/covers/2443.jpg
2444,1209,Crack-Up,2017-10-02,https://example.com/covers/2444.jpg
2445,1209,Fleet Foxes,2020-09-09,https://example.com/covers/2445.jpg
2446,1210,Antes del Fin del Mundo - 60's,2012-01-09,https://example.com/covers/2446.jpg
2447,1210,Fleetwood Mac,2009-08-08,https://example.com/covers/2447.jpg
2448,1210,Rumours,2006-04-04,https://example.com/covers/2448.jpg
2449,1210,Say You Will,2019-08-13,https://example.com/covers/2449.jpg
2450,1210,The Blue Horizon Story 1965 - 1970 Vol.1,2019-07-08,https://example.com/covers/2450.jpg
2451,1210,Tusk,2013-06-30,https://example.com/covers/2451.jpg
2452,1211,Illuminé,2021-11-20,https://example.com/covers/2452.jpg
2453,1212,Moving Targets,2018-03-04,https://example.com/covers/2453.jpg
2454,1213,"Gentlewoman, Ruby Man",2020-05-15,https://example.com/covers/2454.jpg
2455,1214,"I Don't Like It, I Love It (feat. Robin Thicke & Verdine White)",2008-09-12,https://example.com/covers/2455.jpg
2456,1214,My House,2008-05-16,https://example.com/covers/2456.jpg
2457,1214,Wild Ones,2017-12-11,https://example.com/covers/2457.jpg
2458,1215,Drunken Lullabies,2010-07-03,https://example.com/covers/2458.jpg
2459,1216,Breath Of Life,2007-07-15,https://example.com/covers/2459.jpg
2460,1216,Ceremonials,2011-01-06,https://example.com/covers/2460.jpg
2461,1216,"How Big, How Blue, How Beautiful",2006-10-03,https://example.com/covers/2461.jpg
2462,1216,Lungs,2006-11-20,https://example.com/covers/2462.jpg
2463,1216,MTV Presents Unplugged: Florence + The Machine,2010-05-22,https://example.com/covers/2463.jpg
2464,1216,St Jude,2013-05-17,https://example.com/covers/2464.jpg
2465,1217,Dig Your Roots,2017-08-06,https://example.com/covers/2465.jpg
2466,1218,Hay frases que sólo escuchamos de noche,2022-07-14,https://example.com/covers/2466.jpg
2467,1219,Someday,2016-12-19,https://example.com/covers/2467.jpg
2468,1220,peaceful weibs,2012-01-21,https://example.com/covers/2468.jpg
2469,1221,Lockjaw,2016-09-12,https://example.com/covers/2469.jpg
2470,1222,The Loved Ones,2013-05-11,https://example.com/covers/2470.jpg
2471,1223,Solomun - Selected Remixes 2009 2015,2013-05-11,https://example.com/covers/2471.jpg
2472,1223,What Went Down,2019-12-24,https://example.com/covers/2472.jpg
2473,1224,Hocus Pocus,2011-10-25,https://example.com/covers/2473.jpg
2474,1225,Stone Blue,2011-04-26,https://example.com/covers/2474.jpg
2475,1226,25 aprile: Festa della Liberazione,2022-01-10,https://example.com/covers/2475.jpg
2476,1227,Agustín,2014-02-21,https://example.com/covers/2476.jpg
2477,1227,Corazon,2015-01-25,https://example.com/covers/2477.jpg
2478,1227,Corazón,2015-08-29,https://example.com/covers/2478.jpg
2479,1228,Dogrel,2015-05-10,https://example.com/covers/2479.jpg
2480,1229,Concrete and Gold,2015-06-14,https://example.com/covers/2480.jpg
2481,1229,Foo Fighters,2015-02-10,https://example.com/covers/2481.jpg
2482,1229,Greatest Hits,2006-02-15,https://example.com/covers/2482.jpg
2483,1229,In Your Honor,2011-08-22,https://example.com/covers/2483.jpg
2484,1229,Medicine At Midnight,2016-09-23,https://example.com/covers/2484.jpg
2485,1229,One By One (Expanded Edition),2019-07-13,https://example.com/covers/2485.jpg
2486,1229,Sonic Highways,2013-02-27,https://example.com/covers/2486.jpg
2487,1229,The Colour And The Shape,2007-09-27,https://example.com/covers/2487.jpg
2488,1229,The Sky Is A Neighborhood,2012-12-04,https://example.com/covers/2488.jpg
2489,1229,There Is Nothing Left To Lose,2017-01-15,https://example.com/covers/2489.jpg
2490,1229,Wasting Light,2015-08-03,https://example.com/covers/2490.jpg
2491,1229,Wheels,2009-06-03,https://example.com/covers/2491.jpg
2492,1230,Dish Of The Day,2020-10-28,https://example.com/covers/2492.jpg
2493,1231,Agent Provocateur,2012-06-02,https://example.com/covers/2493.jpg
2494,1232,The Weekend: Friday,2018-01-11,https://example.com/covers/2494.jpg
2495,1232,Underdog Alma Mater,2017-12-15,https://example.com/covers/2495.jpg
2496,1233,III,2013-10-15,https://example.com/covers/2496.jpg
2497,1233,Ruby,2014-07-22,https://example.com/covers/2497.jpg
2498,1233,Sacred Hearts Club,2008-07-19,https://example.com/covers/2498.jpg
2499,1233,Torches,2009-04-17,https://example.com/covers/2499.jpg
2500,1234,Fountains of Wayne,2021-02-12,https://example.com/covers/2500.jpg
2501,1234,Welcome Interstate Managers,2017-03-22,https://example.com/covers/2501.jpg
2502,1235,Stop Drop And Roll!!!,2013-10-06,https://example.com/covers/2502.jpg
2503,1236,Faith Presents TK Disco,2018-12-21,https://example.com/covers/2503.jpg
2504,1237,From Muscle Shoals,2014-12-11,https://example.com/covers/2504.jpg
2505,1237,Live At Bangor Abbey,2012-06-26,https://example.com/covers/2505.jpg
2506,1237,Thank You For Asking,2014-03-29,https://example.com/covers/2506.jpg
2507,1237,The Wild Swan,2018-04-16,https://example.com/covers/2507.jpg
2508,1238,Sempiterno,2019-10-22,https://example.com/covers/2508.jpg
2509,1239,Dance Moves,2019-09-14,https://example.com/covers/2509.jpg
2510,1239,Dream in Colour,2012-07-09,https://example.com/covers/2510.jpg
2511,1239,Into the Ether,2016-02-06,https://example.com/covers/2511.jpg
2512,1240,Peace,2016-01-10,https://example.com/covers/2512.jpg
2513,1241,Alièn,2013-07-10,https://example.com/covers/2513.jpg
2514,1242,Verismo,2013-09-07,https://example.com/covers/2514.jpg
2515,1243,Il Mondo Di Francesco De Gregori Vol. 2,2020-05-12,https://example.com/covers/2515.jpg
2516,1244,The Platinum Collection,2012-07-22,https://example.com/covers/2516.jpg
2517,1245,Rarities - Remastered,2012-04-05,https://example.com/covers/2517.jpg
2518,1246,Francis White,2016-01-07,https://example.com/covers/2518.jpg
2519,1247,Take Me to the Light,2018-09-04,https://example.com/covers/2519.jpg
2520,1248,Dónde Está La Vida,2020-07-19,https://example.com/covers/2520.jpg
2521,1248,Vida Loca,2020-04-28,https://example.com/covers/2521.jpg
2522,1249,Francisco Tárrega: Homenaje a Francisco Tárrega,2019-02-06,https://example.com/covers/2522.jpg
2523,1249,Segovia Collection Volume 3,2016-07-04,https://example.com/covers/2523.jpg
2524,1249,Tarrega: Complete Works for Guitar,2013-03-30,https://example.com/covers/2524.jpg
2525,1250,Franco De Vita En Primera Fila,2017-02-25,https://example.com/covers/2525.jpg
2526,1250,Stop,2017-06-21,https://example.com/covers/2526.jpg
2527,1250,Venezuela Best Hit,2015-09-09,https://example.com/covers/2527.jpg
2528,1251,Midnight in Paris (Music from the Motion Picture),2010-04-06,https://example.com/covers/2528.jpg
2529,1252,Honeycomb,2013-03-08,https://example.com/covers/2529.jpg
2530,1253,Blonde,2016-11-05,https://example.com/covers/2530.jpg
2531,1253,In My Room,2020-01-26,https://example.com/covers/2531.jpg
2532,1253,Swim Good,2015-07-01,https://example.com/covers/2532.jpg
2533,1253,channel ORANGE,2008-11-04,https://example.com/covers/2533.jpg
2534,1254,A Jolly Christmas From Frank Sinatra,2008-09-15,https://example.com/covers/2534.jpg
2535,1254,Christmas,2014-10-23,https://example.com/covers/2535.jpg
2536,1254,Christmas Songs By Sinatra,2011-03-23,https://example.com/covers/2536.jpg
2537,1254,Christmas Songs by Sinatra,2017-11-24,https://example.com/covers/2537.jpg
2538,1254,Classic Songs,2018-08-03,https://example.com/covers/2538.jpg
2539,1254,Come Fly With Me,2011-09-15,https://example.com/covers/2539.jpg
2540,1254,Kiss Me - Love Songs for Lovers,2008-12-02,https://example.com/covers/2540.jpg
2541,1254,L.A. Is My Lady,2010-07-08,https://example.com/covers/2541.jpg
2542,1254,My Way,2008-02-04,https://example.com/covers/2542.jpg
2543,1254,No One Cares,2016-01-29,https://example.com/covers/2543.jpg
2544,1254,Nothing But The Best,2013-02-26,https://example.com/covers/2544.jpg
2545,1254,Sinatra And Swingin' Brass,2014-10-20,https://example.com/covers/2545.jpg
2546,1254,"Sinatra, With Love",2006-02-26,https://example.com/covers/2546.jpg
2547,1254,Sinatra/Basie: The Complete Reprise Studio Recordings,2015-07-31,https://example.com/covers/2547.jpg
2548,1254,Songs For Swingin' Lovers!,2012-08-01,https://example.com/covers/2548.jpg
2549,1254,Strangers In The Night,2013-03-15,https://example.com/covers/2549.jpg
2550,1254,The Classic Christmas Album,2016-06-01,https://example.com/covers/2550.jpg
2551,1254,The Essential Frank Sinatra,2015-01-16,https://example.com/covers/2551.jpg
2552,1254,The Song Is You,2006-04-15,https://example.com/covers/2552.jpg
2553,1254,"Trilogy: Past, Present & Future",2007-04-19,https://example.com/covers/2553.jpg
2554,1254,Ultimate Christmas,2014-06-30,https://example.com/covers/2554.jpg
2555,1254,Ultimate Sinatra,2006-02-25,https://example.com/covers/2555.jpg
2556,1254,Ultimate Sinatra: The Centennial Collection,2009-02-06,https://example.com/covers/2556.jpg
2557,1254,Woody Allen et la musique,2016-09-12,https://example.com/covers/2557.jpg
2558,1255,Be More Kind,2016-08-07,https://example.com/covers/2558.jpg
2559,1256,Who Loves You,2011-06-10,https://example.com/covers/2559.jpg
2560,1257,Always Ascending,2012-08-29,https://example.com/covers/2560.jpg
2561,1257,Franz Ferdinand,2010-05-02,https://example.com/covers/2561.jpg
2562,1257,"Right Thoughts, Right Words, Right Action",2014-08-20,https://example.com/covers/2562.jpg
2563,1257,Tonight: Franz Ferdinand,2016-11-07,https://example.com/covers/2563.jpg
2564,1257,You Could Have It So Much Better,2008-04-12,https://example.com/covers/2564.jpg
2565,1258,Rarities - Remastered,2018-10-26,https://example.com/covers/2565.jpg
2566,1259,Liszt: Scherzo and March / 3 Liebestraume / Berceuse,2020-09-06,https://example.com/covers/2566.jpg
2567,1259,Rarities - Remastered,2015-11-26,https://example.com/covers/2567.jpg
2568,1260,"Schubert: Im Abendrot, D. 799 (Transcr. for Cello and Piano)",2019-08-17,https://example.com/covers/2568.jpg
2569,1260,Schubert: Songs without Words,2015-10-23,https://example.com/covers/2569.jpg
2570,1260,Tchaikovsky: Piano Concerto No. 1,2013-07-28,https://example.com/covers/2570.jpg
2571,1261,Françoise Hardy (Tous les garçons et les filles),2013-08-07,https://example.com/covers/2571.jpg
2572,1262,Actual Life (April 14 - December 17 2020),2018-12-17,https://example.com/covers/2572.jpg
2573,1263,Dartden Road,2021-07-13,https://example.com/covers/2573.jpg
2574,1263,Severance,2015-08-05,https://example.com/covers/2574.jpg
2575,1264,Band Of Gold (Remix),2013-02-27,https://example.com/covers/2575.jpg
2576,1265,Blues Breakers,2016-06-16,https://example.com/covers/2576.jpg
2577,1265,My Feeling For the Blues,2011-11-25,https://example.com/covers/2577.jpg
2578,1265,The Best Of Freddie King: The Shelter Years,2011-12-05,https://example.com/covers/2578.jpg
2579,1266,Messenger Of The Gods: The Singles Collection,2014-04-20,https://example.com/covers/2579.jpg
2580,1267,El Mas Completo De Todos,2008-08-22,https://example.com/covers/2580.jpg
2581,1268,Rock 'n Roll,2014-03-09,https://example.com/covers/2581.jpg
2582,1269,Iara,2020-03-27,https://example.com/covers/2582.jpg
2583,1270,"ENGLISH STRING MINIATURES, Vol. 4",2022-08-11,https://example.com/covers/2583.jpg
2584,1271,Theme for Leon,2021-07-22,https://example.com/covers/2584.jpg
2585,1272,American Beauty,2015-05-13,https://example.com/covers/2585.jpg
2586,1272,Fire And Water,2019-01-07,https://example.com/covers/2586.jpg
2587,1272,Gods Of Guitar,2009-06-03,https://example.com/covers/2587.jpg
2588,1273,Free Nationals,2020-10-30,https://example.com/covers/2588.jpg
2589,1274,This Perfect World,2015-06-04,https://example.com/covers/2589.jpg
2590,1275,Weathervanes,2007-04-30,https://example.com/covers/2590.jpg
2591,1276,Habibi Funk: An Eclectic Selection of Music from the Arab World (Habibi Funk 007),2019-12-27,https://example.com/covers/2591.jpg
2592,1277,Ain't No Mountain High Enough,2016-05-12,https://example.com/covers/2592.jpg
2593,1278,Jungle Rules,2012-01-30,https://example.com/covers/2593.jpg
2594,1279,The Midnight Organ Fight,2015-01-04,https://example.com/covers/2594.jpg
2595,1280,Doritos Presenta: Music For The Bold Compilado 4,2010-12-16,https://example.com/covers/2595.jpg
2596,1281,Remember Our Name,2005-11-07,https://example.com/covers/2596.jpg
2597,1282,Mouthfuls,2019-04-28,https://example.com/covers/2597.jpg
2598,1282,Tripper,2008-07-18,https://example.com/covers/2598.jpg
2599,1283,"1846, dernière année à Nohant - Chopin: Cello Sonata; Piano Works",2015-03-28,https://example.com/covers/2599.jpg
2600,1283,"Chopin: Cello Sonata / Polonaise Brillante, Op. 3 / Grand Duo",2017-08-27,https://example.com/covers/2600.jpg
2601,1283,Chopin: Music for Concentration,2015-03-17,https://example.com/covers/2601.jpg
2602,1283,Chopin: Nocturnes,2013-03-26,https://example.com/covers/2602.jpg
2603,1283,"Chopin: Nocturnes, Vol. 1",2021-01-25,https://example.com/covers/2603.jpg
2604,1283,Chopin: Piano Works,2018-03-23,https://example.com/covers/2604.jpg
2605,1283,Chopin: The Complete Études,2011-06-19,https://example.com/covers/2605.jpg
2606,1284,Antiphon,2014-09-14,https://example.com/covers/2606.jpg
2607,1285,La Musica Del Futuro Reloaded (Chosen Few Edition),2017-10-03,https://example.com/covers/2607.jpg
2608,1285,Mambo Para Bailar (feat. Arcangel),2016-02-22,https://example.com/covers/2608.jpg
2609,1285,Prendelo,2006-03-06,https://example.com/covers/2609.jpg
2610,1286,Pa Que Hablen,2020-05-23,https://example.com/covers/2610.jpg
2611,1286,Sigan Hablando,2021-06-23,https://example.com/covers/2611.jpg
2612,1286,TQM,2016-10-12,https://example.com/covers/2612.jpg
2613,1287,Lily of the Valley,2013-04-15,https://example.com/covers/2613.jpg
2614,1288,Maggot Brain,2014-11-15,https://example.com/covers/2614.jpg
2615,1289,WE DON'T TRUST YOU,2021-02-24,https://example.com/covers/2615.jpg
2616,1290,As Long As You Are,2015-10-15,https://example.com/covers/2616.jpg
2617,1290,Singles,2012-04-14,https://example.com/covers/2617.jpg
2618,1291,When It's Dark Out,2013-10-06,https://example.com/covers/2618.jpg
2619,1292,Beg For Mercy,2016-04-13,https://example.com/covers/2619.jpg
2620,1293,G.R.L.,2011-07-31,https://example.com/covers/2620.jpg
2621,1294,Island in the Sun,2019-01-22,https://example.com/covers/2621.jpg
2622,1294,Oxas,2016-07-23,https://example.com/covers/2622.jpg
2623,1295,Let Me In,2012-06-22,https://example.com/covers/2623.jpg
2624,1295,Never Trust a Happy Song,2011-06-24,https://example.com/covers/2624.jpg
2625,1295,No Drama Queen,2010-10-29,https://example.com/covers/2625.jpg
2626,1295,Spotify Singles,2013-10-04,https://example.com/covers/2626.jpg
2627,1295,Spreading Rumours,2011-07-15,https://example.com/covers/2627.jpg
2628,1296,"Faure, G.: Music for Cello and Piano",2022-06-12,https://example.com/covers/2628.jpg
2629,1296,Fauré: Dolly Suite; Nocturnes; Barcarolles; Impromptus,2019-09-05,https://example.com/covers/2629.jpg
2630,1296,"Musique française pour deux pianos et piano à quatre mains: Debussy, Fauré, Milhaud & Ravel",2016-11-22,https://example.com/covers/2630.jpg
2631,1296,Sheku Kanneh-Mason,2016-12-27,https://example.com/covers/2631.jpg
2632,1297,Moondust,2015-11-03,https://example.com/covers/2632.jpg
2633,1298,Si tu voyais son cœur (Bande originale du film),2022-04-18,https://example.com/covers/2633.jpg
2634,1299,English Rain,2009-10-08,https://example.com/covers/2634.jpg
2635,1300,The Lily,2020-10-03,https://example.com/covers/2635.jpg
2636,1301,Donizetti: Essential Recordings,2014-08-07,https://example.com/covers/2636.jpg
2637,1301,Donizetti: L'Elisir d'Amore,2016-03-27,https://example.com/covers/2637.jpg
2638,1301,Donizetti: La Fille du Régiment,2015-12-24,https://example.com/covers/2638.jpg
2639,1301,Donizetti: Lucia di Lammermoor,2010-08-01,https://example.com/covers/2639.jpg
2640,1301,Donizetti: The Elixir of Love,2019-02-14,https://example.com/covers/2640.jpg
2641,1301,Ten Top Tenors,2011-08-13,https://example.com/covers/2641.jpg
2642,1301,The 50 Greatest Vocal Hits,2009-08-05,https://example.com/covers/2642.jpg
2643,1301,The People's Tenor,2017-09-07,https://example.com/covers/2643.jpg
2644,1302,Love on Me,2010-10-13,https://example.com/covers/2644.jpg
2645,1302,Pharmacy,2011-12-12,https://example.com/covers/2645.jpg
2646,1303,Urban Flora,2012-02-27,https://example.com/covers/2646.jpg
2647,1304,911,2018-05-08,https://example.com/covers/2647.jpg
2648,1305,Go Farther In Lightness,2011-12-30,https://example.com/covers/2648.jpg
2649,1306,Where Are Ü Now,2006-02-07,https://example.com/covers/2649.jpg
2650,1307,Caribe,2013-07-22,https://example.com/covers/2650.jpg
2651,1308,Every Storm (Runs Out Of Rain),2004-08-19,https://example.com/covers/2651.jpg
2652,1309,The Shadow Do!,2020-06-09,https://example.com/covers/2652.jpg
2653,1310,Come Together,2014-09-29,https://example.com/covers/2653.jpg
2654,1311,An Affair To Remember (Original Soundtrack Recording),2015-06-21,https://example.com/covers/2654.jpg
2655,1312,Jump for Joy,2014-03-17,https://example.com/covers/2655.jpg
2656,1313,Does The Sun Really Shine On The Moon?,2013-11-12,https://example.com/covers/2656.jpg
2657,1314,Straight Road,2018-10-30,https://example.com/covers/2657.jpg
2658,1315,Pearl,2020-07-05,https://example.com/covers/2658.jpg
2659,1316,Chariot,2009-07-24,https://example.com/covers/2659.jpg
2660,1316,Chariot - Stripped,2009-12-06,https://example.com/covers/2660.jpg
2661,1317,Bitter Pill,2013-03-15,https://example.com/covers/2661.jpg
2662,1318,Sonny The Strong,2013-03-25,https://example.com/covers/2662.jpg
2663,1319,Portrait,2022-05-13,https://example.com/covers/2663.jpg
2664,1320,גזוז,2023-11-25,https://example.com/covers/2664.jpg
2665,1321,Crusade,2015-03-18,https://example.com/covers/2665.jpg
2666,1322,The Way You Look Tonight,2014-12-22,https://example.com/covers/2666.jpg
2667,1323,Gene Simmons,2017-05-26,https://example.com/covers/2667.jpg
2668,1324,Selling England By The Pound,2017-03-10,https://example.com/covers/2668.jpg
2669,1325,Visualízate,2007-08-10,https://example.com/covers/2669.jpg
2670,1326,Lovelight,2017-06-27,https://example.com/covers/2670.jpg
2671,1327,Live Forever,2018-05-12,https://example.com/covers/2671.jpg
2672,1328,"Telemann Edition, Vol. 1",2016-05-07,https://example.com/covers/2672.jpg
2673,1329,Tenderly,2018-12-16,https://example.com/covers/2673.jpg
2674,1330,The Tarantino Connection,2020-11-09,https://example.com/covers/2674.jpg
2675,1331,Walt Disney Records The Legacy Collection: Robin Hood,2018-11-28,https://example.com/covers/2675.jpg
2676,1332,Rhythm On The Radio - Oval Records Singles 1974-1987,2022-01-28,https://example.com/covers/2676.jpg
2677,1333,Staying at Tamara's,2016-10-30,https://example.com/covers/2677.jpg
2678,1333,Wanted on Voyage,2013-02-02,https://example.com/covers/2678.jpg
2679,1334,You've Got Mail,2013-05-29,https://example.com/covers/2679.jpg
2680,1335,A Baroque Feast,2020-04-25,https://example.com/covers/2680.jpg
2681,1335,Handel : The Best of Handel,2013-08-02,https://example.com/covers/2681.jpg
2682,1335,Handel Sarabande,2013-07-07,https://example.com/covers/2682.jpg
2683,1335,Handel: Rinaldo (Original 1711 Version),2011-06-14,https://example.com/covers/2683.jpg
2684,1335,Handel: Serse,2011-06-05,https://example.com/covers/2684.jpg
2685,1336,All Things Must Pass,2008-02-03,https://example.com/covers/2685.jpg
2686,1336,Brainwashed,2016-11-23,https://example.com/covers/2686.jpg
2687,1336,Carl Perkins & Friends,2005-11-28,https://example.com/covers/2687.jpg
2688,1336,Living In The Material World,2014-09-02,https://example.com/covers/2688.jpg
2689,1336,Somewhere In England,2013-01-29,https://example.com/covers/2689.jpg
2690,1336,Somewhere in England,2018-01-09,https://example.com/covers/2690.jpg
2691,1337,La Javanaise,2016-08-23,https://example.com/covers/2691.jpg
2692,1338,Beatles to Bond and Bach,2012-07-26,https://example.com/covers/2692.jpg
2693,1339,Highlife In The Air,2014-10-24,https://example.com/covers/2693.jpg
2694,1340,50 Greatest Tracks,2015-06-05,https://example.com/covers/2694.jpg
2695,1340,"Bizet, G.: Carmen [Opera]",2016-07-20,https://example.com/covers/2695.jpg
2696,1340,Bizet: Carmen Suites; L'Arlésienne Suites,2017-05-03,https://example.com/covers/2696.jpg
2697,1340,Bryn Terfel sings Favourites,2017-03-06,https://example.com/covers/2697.jpg
2698,1340,Carmen,2016-09-22,https://example.com/covers/2698.jpg
2699,1340,Pure - Maria Callas,2009-02-23,https://example.com/covers/2699.jpg
2700,1340,Rossini: Overtures; Bizet: Carmen-Suite,2016-07-24,https://example.com/covers/2700.jpg
2701,1340,The World's Favourite Tenor Arias,2023-01-29,https://example.com/covers/2701.jpg
2702,1341,Timidez (feat. Natalia Lafourcade),2019-02-21,https://example.com/covers/2702.jpg
2703,1342,Botella Tras Botella,2017-09-21,https://example.com/covers/2703.jpg
2704,1342,Se Me Olvidó,2018-02-27,https://example.com/covers/2704.jpg
2705,1343,"A Time for Us (Silence, on joue!)",2012-05-10,https://example.com/covers/2705.jpg
2706,1344,Archivos de Mi Vida,2010-11-19,https://example.com/covers/2706.jpg
2707,1344,El Primer Ministro,2015-09-26,https://example.com/covers/2707.jpg
2708,1344,El Primer Ministro (Deluxe Edition),2006-06-13,https://example.com/covers/2708.jpg
2709,1344,En Vivo Las Tundras,2010-08-27,https://example.com/covers/2709.jpg
2710,1344,Entre Dios y El Diablo (Deluxe Version),2010-08-05,https://example.com/covers/2710.jpg
2711,1344,Eres una Niña,2009-09-10,https://example.com/covers/2711.jpg
2712,1344,Hoy Más Fuerte,2007-01-18,https://example.com/covers/2712.jpg
2713,1344,La Pasadita,2013-06-16,https://example.com/covers/2713.jpg
2714,1344,Ni Hoy Ni Manana,2015-05-13,https://example.com/covers/2714.jpg
2715,1344,Para Qué Lastimarme,2009-05-02,https://example.com/covers/2715.jpg
2716,1344,Regresa Hermosa,2013-11-17,https://example.com/covers/2716.jpg
2717,1344,Sold Out - En Vivo Desde El NOKIA Theatre LA Live,2015-04-16,https://example.com/covers/2717.jpg
2718,1345,La Historia De Los Éxitos,2006-08-08,https://example.com/covers/2718.jpg
2719,1346,Germán Valdés TIN-TAN Canciones de Sus Películas,2014-10-19,https://example.com/covers/2719.jpg
2720,1347,Much Missed Man - A Tribute To John Lennon,2019-09-28,https://example.com/covers/2720.jpg
2721,1348,Gerry Mulligan Meets Ben Webster,2014-01-31,https://example.com/covers/2721.jpg
2722,1349,Dawn in the Alps,2021-07-15,https://example.com/covers/2722.jpg
2723,1349,Monte de Fuego,2013-05-16,https://example.com/covers/2723.jpg
2724,1350,Hyperion,2013-04-18,https://example.com/covers/2724.jpg
2725,1351,Tra Tra Tra Remix,2021-02-22,https://example.com/covers/2725.jpg
2726,1352,Meliora,2015-05-08,https://example.com/covers/2726.jpg
2727,1353,''O mio babbino caro'',2021-12-19,https://example.com/covers/2727.jpg
2728,1353,50 Greatest Tracks,2013-04-03,https://example.com/covers/2728.jpg
2729,1353,A Room With A View,2016-09-14,https://example.com/covers/2729.jpg
2730,1353,Amira,2018-11-19,https://example.com/covers/2730.jpg
2731,1353,Arias,2016-09-06,https://example.com/covers/2731.jpg
2732,1353,Madame Butterfly,2020-06-04,https://example.com/covers/2732.jpg
2733,1353,Opera Chill & Relax,2015-12-19,https://example.com/covers/2733.jpg
2734,1353,Pavarotti Forever,2013-07-23,https://example.com/covers/2734.jpg
2735,1353,Puccini: La Bohème,2009-06-23,https://example.com/covers/2735.jpg
2736,1353,Puccini: Madama Butterfly (1955 - Karajan) - Callas Remastered,2009-03-29,https://example.com/covers/2736.jpg
2737,1353,Puccini: Turandot,2017-11-27,https://example.com/covers/2737.jpg
2738,1353,Puccini: Turandot (Highlights),2022-08-20,https://example.com/covers/2738.jpg
2739,1353,Puccini: Turandot - Highlights,2018-02-12,https://example.com/covers/2739.jpg
2740,1353,Spirito Italiano,2014-08-02,https://example.com/covers/2740.jpg
2741,1353,The Art Of Renée Fleming,2012-08-08,https://example.com/covers/2741.jpg
2742,1353,The Best Of Jonas Kaufmann,2009-08-26,https://example.com/covers/2742.jpg
2743,1353,Verismo,2013-04-22,https://example.com/covers/2743.jpg
2744,1354,En Musikalsk Rejse,2018-09-06,https://example.com/covers/2744.jpg
2745,1355,40 06,2021-11-03,https://example.com/covers/2745.jpg
2746,1356,Back to Front,2021-01-11,https://example.com/covers/2746.jpg
2747,1356,The Berry Vest of Gilbert O'Sullivan,2023-09-19,https://example.com/covers/2747.jpg
2748,1357,Yo Primero la Amé,2013-11-22,https://example.com/covers/2748.jpg
2749,1358,Contraste,2015-01-09,https://example.com/covers/2749.jpg
2750,1359,Da Funk!,2018-01-20,https://example.com/covers/2750.jpg
2751,1360,Here Comes Santa Claus,2018-03-05,https://example.com/covers/2751.jpg
2752,1361,Going Back Home,2020-10-07,https://example.com/covers/2752.jpg
2753,1362,Gino Paoli,2015-12-17,https://example.com/covers/2753.jpg
2754,1363,R&B: From Doo-Wop To Hip-Hop,2015-08-17,https://example.com/covers/2754.jpg
2755,1363,The Life,2019-02-07,https://example.com/covers/2755.jpg
2756,1364,50 Greatest Tracks,2016-03-20,https://example.com/covers/2756.jpg
2757,1364,La Isla De Los Sonidos,2022-09-04,https://example.com/covers/2757.jpg
2758,1364,"Mattei, Peter: Great Baritone Arias",2013-10-30,https://example.com/covers/2758.jpg
2759,1364,Nessun Dorma - The Greatest Opera Pieces,2010-08-28,https://example.com/covers/2759.jpg
2760,1364,Pictures,2022-04-17,https://example.com/covers/2760.jpg
2761,1364,Rossini: A Monument of Classics,2014-08-14,https://example.com/covers/2761.jpg
2762,1364,Rossini: Barbiere Di Siviglia (Il),2021-04-29,https://example.com/covers/2762.jpg
2763,1364,Rossini: La Cenerentola,2009-05-15,https://example.com/covers/2763.jpg
2764,1364,Rossini: Opera Arias & Duets (Live),2017-10-08,https://example.com/covers/2764.jpg
2765,1364,The Barber of Seville,2013-06-14,https://example.com/covers/2765.jpg
2766,1364,Treasures Of Bel Canto,2015-11-03,https://example.com/covers/2766.jpg
2767,1365,Nostra signora della dinamite,2015-03-30,https://example.com/covers/2767.jpg
2768,1366,Mosaïque,2020-02-22,https://example.com/covers/2768.jpg
2769,1367,Everest,2013-07-30,https://example.com/covers/2769.jpg
2770,1368,Mistakes on Purpose,2016-04-16,https://example.com/covers/2770.jpg
2771,1369,Woody Allen et la musique,2016-03-01,https://example.com/covers/2771.jpg
2772,1370,50 Greatest Tracks,2016-05-17,https://example.com/covers/2772.jpg
2773,1370,"Je n'aime pas Verdi, mais ça j'aime bien !",2020-04-22,https://example.com/covers/2773.jpg
2774,1370,Joan Sutherland - The Greatest Hits,2016-07-05,https://example.com/covers/2774.jpg
2775,1370,Joseph Calleja - Verdi,2008-07-19,https://example.com/covers/2775.jpg
2776,1370,Luciano Pavarotti - The Best,2009-10-10,https://example.com/covers/2776.jpg
2777,1370,Opera Arias - Nessun Dorma - Casta Diva - O Mio Babbino Caro,2015-11-08,https://example.com/covers/2777.jpg
2778,1370,Opera Choruses,2014-10-21,https://example.com/covers/2778.jpg
2779,1370,The Pavarotti Edition,2019-05-17,https://example.com/covers/2779.jpg
2780,1370,"The Three Tenors in Concert, 1994 (Live)",2018-06-24,https://example.com/covers/2780.jpg
2781,1370,The Ultimate Collection,2016-05-05,https://example.com/covers/2781.jpg
2782,1370,Verdi,2007-08-16,https://example.com/covers/2782.jpg
2783,1370,Verdi: Aida,2017-01-11,https://example.com/covers/2783.jpg
2784,1370,Verdi: Il Trovatore,2009-05-21,https://example.com/covers/2784.jpg
2785,1370,Verdi: Il trovatore,2009-01-15,https://example.com/covers/2785.jpg
2786,1370,Verdi: La Traviata,2011-02-28,https://example.com/covers/2786.jpg
2787,1370,Verdi: Nabucco,2015-08-14,https://example.com/covers/2787.jpg
2788,1370,Verdi: Opera Choruses & Ballet Music,2016-12-24,https://example.com/covers/2788.jpg
2789,1370,Verdi: Rigoletto,2010-10-26,https://example.com/covers/2789.jpg
2790,1371,When It's All Said And Done... Take Time,2020-10-24,https://example.com/covers/2790.jpg
2791,1372,Kings of Nowhere,2022-04-23,https://example.com/covers/2791.jpg
2792,1373,Glee: The Music presents The Warblers,2011-01-02,https://example.com/covers/2792.jpg
2793,1374,Meet Glen Campbell,2014-10-04,https://example.com/covers/2793.jpg
2794,1375,Between Two Shores,2014-06-20,https://example.com/covers/2794.jpg
2795,1375,Drive All Night,2021-11-13,https://example.com/covers/2795.jpg
2796,1375,I'm Not There (Music From The Motion Picture),2015-01-29,https://example.com/covers/2796.jpg
2797,1376,The Glenn Miller Carnegie Hall Concert (Live),2018-04-24,https://example.com/covers/2797.jpg
2798,1377,Una Rosa Blu,2012-11-11,https://example.com/covers/2798.jpg
2799,1378,St. Elsewhere,2014-11-01,https://example.com/covers/2799.jpg
2800,1378,The Odd Couple,2021-07-28,https://example.com/covers/2800.jpg
2801,1379,LaBoracay 2015,2013-08-25,https://example.com/covers/2801.jpg
2802,1380,Pool Party,2012-12-27,https://example.com/covers/2802.jpg
2803,1381,Moontan,2011-10-06,https://example.com/covers/2803.jpg
2804,1381,Radar Love,2018-06-19,https://example.com/covers/2804.jpg
2805,1381,Very Best Of Vol. 2 - Part One,2009-06-02,https://example.com/covers/2805.jpg
2806,1382,Weird Tales,2020-07-28,https://example.com/covers/2806.jpg
2807,1383,Stomping Ground,2019-07-01,https://example.com/covers/2807.jpg
2808,1383,The Best Of Goldfinger,2015-03-15,https://example.com/covers/2808.jpg
2809,1384,Guess I'm Jaded (The Remixes),2012-01-05,https://example.com/covers/2809.jpg
2810,1384,Plunge /\ Surface,2013-08-08,https://example.com/covers/2810.jpg
2811,1385,How We Operate,2016-08-08,https://example.com/covers/2811.jpg
2812,1385,Liquid Skin,2017-03-26,https://example.com/covers/2812.jpg
2813,1386,Plum,2009-06-28,https://example.com/covers/2813.jpg
2814,1387,Cardiology,2015-04-15,https://example.com/covers/2814.jpg
2815,1387,Good Morning Revival,2014-10-19,https://example.com/covers/2815.jpg
2816,1387,Greatest Hits,2013-07-18,https://example.com/covers/2816.jpg
2817,1387,The Young and The Hopeless,2009-04-28,https://example.com/covers/2817.jpg
2818,1388,Think Before You Speak,2014-05-21,https://example.com/covers/2818.jpg
2819,1389,Summertime Dream,2022-08-18,https://example.com/covers/2819.jpg
2820,1390,Andromeda (feat. D.R.A.M.),2007-10-15,https://example.com/covers/2820.jpg
2821,1390,D-Sides,2017-05-31,https://example.com/covers/2821.jpg
2822,1390,Demon Days,2009-05-07,https://example.com/covers/2822.jpg
2823,1390,Garage Palace (feat. Little Simz),2016-08-21,https://example.com/covers/2823.jpg
2824,1390,Gorillaz,2018-12-28,https://example.com/covers/2824.jpg
2825,1390,Humanz,2015-08-17,https://example.com/covers/2825.jpg
2826,1390,Laika Come Home,2018-11-04,https://example.com/covers/2826.jpg
2827,1390,Plastic Beach,2016-04-28,https://example.com/covers/2827.jpg
2828,1390,Song Machine Episode 6,2020-02-16,https://example.com/covers/2828.jpg
2829,1390,"Song Machine, Season One: Strange Timez",2012-11-08,https://example.com/covers/2829.jpg
2830,1390,The Now Now,2018-08-08,https://example.com/covers/2830.jpg
2831,1391,Klanga,2015-10-07,https://example.com/covers/2831.jpg
2832,1392,Making Mirrors,2008-04-12,https://example.com/covers/2832.jpg
2833,1393,Origen,2021-09-29,https://example.com/covers/2833.jpg
2834,1394,I Listen to Your Radio Show at Night,2015-08-01,https://example.com/covers/2834.jpg
2835,1395,Squeezing Out Sparks,2019-11-20,https://example.com/covers/2835.jpg
2836,1396,Stick To Me,2015-05-24,https://example.com/covers/2836.jpg
2837,1397,Visions,2013-01-13,https://example.com/covers/2837.jpg
2838,1398,Mighty Joe Moon,2016-12-09,https://example.com/covers/2838.jpg
2839,1399,American Beauty,2013-09-15,https://example.com/covers/2839.jpg
2840,1399,Cornell 5/8/77,2017-05-15,https://example.com/covers/2840.jpg
2841,1399,"Download Series Vol. 1: Palladium, New York, NY 4/30/77",2014-05-09,https://example.com/covers/2841.jpg
2842,1400,21st Century Breakdown,2008-09-24,https://example.com/covers/2842.jpg
2843,1400,American Idiot,2016-05-16,https://example.com/covers/2843.jpg
2844,1400,Boulevard of Broken Dreams,2020-09-15,https://example.com/covers/2844.jpg
2845,1400,Dookie,2012-09-02,https://example.com/covers/2845.jpg
2846,1400,Holiday,2016-02-03,https://example.com/covers/2846.jpg
2847,1400,Insomniac,2020-05-01,https://example.com/covers/2847.jpg
2848,1400,Nimrod,2012-11-10,https://example.com/covers/2848.jpg
2849,1400,Pollyanna,2018-06-13,https://example.com/covers/2849.jpg
2850,1400,Revolution Radio,2011-07-28,https://example.com/covers/2850.jpg
2851,1400,Warning,2014-11-23,https://example.com/covers/2851.jpg
2852,1400,¡DOS!,2013-05-16,https://example.com/covers/2852.jpg
2853,1400,¡TRÉ!,2013-05-01,https://example.com/covers/2853.jpg
2854,1400,¡UNO!,2013-12-03,https://example.com/covers/2854.jpg
2855,1401,All Access: Volume One,2011-12-09,https://example.com/covers/2855.jpg
2856,1402,Three Flights From Alto Nido,2012-05-04,https://example.com/covers/2856.jpg
2857,1403,prelude to a kiss,2018-03-31,https://example.com/covers/2857.jpg
2858,1404,Appaloosa Bones,2017-04-09,https://example.com/covers/2858.jpg
2859,1404,This Empty Northern Hemisphere,2018-06-12,https://example.com/covers/2859.jpg
2860,1405,Everything’s Not Lost,2021-07-26,https://example.com/covers/2860.jpg
2861,1405,Liquid Spirit,2012-04-21,https://example.com/covers/2861.jpg
2862,1406,Tea For Two EP,2015-12-25,https://example.com/covers/2862.jpg
2863,1407,Anthem Of The Peaceful Army,2019-12-25,https://example.com/covers/2863.jpg
2864,1407,From The Fires,2012-07-08,https://example.com/covers/2864.jpg
2865,1408,Head on Fire,2022-04-07,https://example.com/covers/2865.jpg
2866,1409,Grinderman 2,2012-08-07,https://example.com/covers/2866.jpg
2867,1410,Rarest of Birds,2013-02-24,https://example.com/covers/2867.jpg
2868,1411,Veckatimest,2016-01-07,https://example.com/covers/2868.jpg
2869,1412,Groovin' Bohemia,2016-01-26,https://example.com/covers/2869.jpg
2870,1413,A Través Del Vaso,2017-02-11,https://example.com/covers/2870.jpg
2871,1414,El Tóxico,2019-08-23,https://example.com/covers/2871.jpg
2872,1414,En Tu Perra Vida,2021-07-05,https://example.com/covers/2872.jpg
2873,1414,Gracias,2014-02-03,https://example.com/covers/2873.jpg
2874,1414,Ya Supérame (En Vivo),2016-02-21,https://example.com/covers/2874.jpg
2875,1415,No Se Va,2015-10-08,https://example.com/covers/2875.jpg
2876,1415,un x100to,2022-01-26,https://example.com/covers/2876.jpg
2877,1416,Don't Stop The Magic,2018-11-10,https://example.com/covers/2877.jpg
2878,1416,Si Fuera Fácil,2018-02-01,https://example.com/covers/2878.jpg
2879,1417,En Vivo,2016-06-24,https://example.com/covers/2879.jpg
2880,1418,The Best,2015-01-14,https://example.com/covers/2880.jpg
2881,1419,El Aguitado,2014-10-02,https://example.com/covers/2881.jpg
2882,1420,Rebota,2019-08-08,https://example.com/covers/2882.jpg
2883,1420,Rompe Rodillas,2021-05-28,https://example.com/covers/2883.jpg
2884,1421,Evil Genius,2021-10-22,https://example.com/covers/2884.jpg
2885,1422,Alguna Cosa Se Nos Está Escapando,2018-04-08,https://example.com/covers/2885.jpg
2886,1422,La Profecía,2017-02-24,https://example.com/covers/2886.jpg
2887,1423,Vinterdans,2015-03-11,https://example.com/covers/2887.jpg
2888,1424,Appetite For Destruction,2008-10-19,https://example.com/covers/2888.jpg
2889,1424,Use Your Illusion I,2016-04-15,https://example.com/covers/2889.jpg
2890,1424,Use Your Illusion II,2008-07-05,https://example.com/covers/2890.jpg
2891,1425,"Mahler: Symphony No. 1 in D Major ""Titan"" & Adagio from Symphony No. 10 in F-Sharp Minor",2020-10-29,https://example.com/covers/2891.jpg
2892,1426,You Can't Go Home Again,2020-01-22,https://example.com/covers/2892.jpg
2893,1427,Ahí Vamos,2018-01-17,https://example.com/covers/2893.jpg
2894,1427,Fuerza Natural,2019-11-22,https://example.com/covers/2894.jpg
2895,1428,Gustavo Cordera en la Caravana Mágica,2013-12-06,https://example.com/covers/2895.jpg
2896,1429,Ganging Up On The Sun,2019-02-15,https://example.com/covers/2896.jpg
2897,1429,Parachute,2009-01-07,https://example.com/covers/2897.jpg
2898,1430,My World 2 (Bonus Tracks Version),2006-02-03,https://example.com/covers/2898.jpg
2899,1431,New Strings Attached,2016-11-09,https://example.com/covers/2899.jpg
2900,1432,Old No.1/Texas Cookin',2019-11-22,https://example.com/covers/2900.jpg
2901,1432,The Essential Guy Clark,2021-12-11,https://example.com/covers/2901.jpg
2902,1433,Enjoy Yourself: The Hits Of Guy Lombardo,2012-09-28,https://example.com/covers/2902.jpg
2903,1434,You Make It Feel Like Christmas,2020-01-17,https://example.com/covers/2903.jpg
2904,1435,Back of My Mind,2015-08-29,https://example.com/covers/2904.jpg
2905,1435,Come Through (feat. Chris Brown),2018-03-12,https://example.com/covers/2905.jpg
2906,1436,Days Are Gone,2012-06-18,https://example.com/covers/2906.jpg
2907,1436,Women In Music Pt. III,2012-08-31,https://example.com/covers/2907.jpg
2908,1437,A Tiempo,2008-05-27,https://example.com/covers/2908.jpg
2909,1437,HA-ASH Primera Fila - Hecho Realidad,2009-04-29,https://example.com/covers/2909.jpg
2910,1437,Mundos Opuestos,2011-05-23,https://example.com/covers/2910.jpg
2911,1437,Primera Fila - Hecho Realidad (Track by Track Commentary),2009-09-09,https://example.com/covers/2911.jpg
2912,1438,קובי,2020-12-24,https://example.com/covers/2912.jpg
2913,1439,Fifty Shades Freed - Original Motion Picture Soundtrack,2015-04-24,https://example.com/covers/2913.jpg
2914,1439,HAIZ,2008-01-11,https://example.com/covers/2914.jpg
2915,1439,Love Myself,2006-08-09,https://example.com/covers/2915.jpg
2916,1440,Geeks,2009-02-12,https://example.com/covers/2916.jpg
2917,1441,Fifty Shades Darker,2017-12-06,https://example.com/covers/2917.jpg
2918,1441,Room 93,2011-07-30,https://example.com/covers/2918.jpg
2919,1442,The SLAM! Years: 1983 - 1988 (Habibi Funk 018),2018-09-16,https://example.com/covers/2919.jpg
2920,1443,I Had a Dream That You Were Mine,2013-11-30,https://example.com/covers/2920.jpg
2921,1444,Oblivion Hymns,2015-03-09,https://example.com/covers/2921.jpg
2922,1445,"Punk Goes 90's, Vol. 2",2012-10-13,https://example.com/covers/2922.jpg
2923,1446,White People,2013-06-23,https://example.com/covers/2923.jpg
2924,1447,40 Greatest Hits,2016-10-02,https://example.com/covers/2924.jpg
2925,1447,The Complete Hank Williams,2018-03-11,https://example.com/covers/2925.jpg
2926,1447,The Legend Lives Anew (Hank Williams With Strings),2018-07-17,https://example.com/covers/2926.jpg
2927,1447,The Original Singles Collection . . . Plus,2008-10-02,https://example.com/covers/2927.jpg
2928,1448,Hannah Montana 2: Non-Stop Dance Party,2012-07-24,https://example.com/covers/2928.jpg
2929,1448,Hannah Montana 3,2016-06-13,https://example.com/covers/2929.jpg
2930,1449,Two Steps From The Move,2014-01-19,https://example.com/covers/2930.jpg
2931,1449,Up Around the Bend - The Definitive Collection,2012-08-11,https://example.com/covers/2931.jpg
2932,1450,"Lumbye: Complete Orchestral Works, Vol. 1",2017-01-05,https://example.com/covers/2932.jpg
2933,1451,A Nightingale Sang In Berkeley Square,2017-04-26,https://example.com/covers/2933.jpg
2934,1452,Gladiator - Music From The Motion Picture,2014-08-19,https://example.com/covers/2934.jpg
2935,1452,Pirates of the Caribbean: At World's End,2010-03-05,https://example.com/covers/2935.jpg
2936,1452,The Lion King,2015-09-17,https://example.com/covers/2936.jpg
2937,1453,Middle Of Nowhere,2020-10-07,https://example.com/covers/2937.jpg
2938,1454,Don't You Go Forgetting About Me Now,2020-04-10,https://example.com/covers/2938.jpg
2939,1455,Catcher,2012-07-05,https://example.com/covers/2939.jpg
2940,1456,Stars Of CCTV,2014-12-25,https://example.com/covers/2940.jpg
2941,1457,Back Together (feat. Ron Carroll),2015-04-30,https://example.com/covers/2941.jpg
2942,1458,Dare You (Radio Edit) (feat. Matthew Koma),2019-01-19,https://example.com/covers/2942.jpg
2943,1458,Young Again,2010-02-22,https://example.com/covers/2943.jpg
2944,1459,Casual Victim Pile: Austin 2009,2009-09-18,https://example.com/covers/2944.jpg
2945,1459,Hippies,2017-01-07,https://example.com/covers/2945.jpg
2946,1460,Quentin Tarantino's Once Upon a Time in Hollywood Original Motion Picture Soundtrack,2018-04-03,https://example.com/covers/2946.jpg
2947,1461,My Reverie by Special Request,2018-08-08,https://example.com/covers/2947.jpg
2948,1462,Music From The Motion Picture When Harry Met Sally...,2016-05-17,https://example.com/covers/2948.jpg
2949,1462,What A Night! A Christmas Album,2009-04-11,https://example.com/covers/2949.jpg
2950,1463,"The Chronicles of Narnia: The Lion, The Witch and The Wardrobe",2013-07-21,https://example.com/covers/2950.jpg
2951,1464,The Complete Harry James And His Orchestra featuring Frank Sinatra (feat. Frank Sinatra),2014-02-12,https://example.com/covers/2951.jpg
2952,1464,The Hit Years,2016-09-16,https://example.com/covers/2952.jpg
2953,1464,Trumpet Blues: The Best Of Harry James,2013-02-17,https://example.com/covers/2953.jpg
2954,1465,Aerial Ballet,2014-05-16,https://example.com/covers/2954.jpg
2955,1466,Fine Line,2021-12-19,https://example.com/covers/2955.jpg
2956,1466,Harry Styles,2008-10-08,https://example.com/covers/2956.jpg
2957,1466,Harry's House,2022-03-10,https://example.com/covers/2957.jpg
2958,1466,Sign of the Times,2009-11-08,https://example.com/covers/2958.jpg
2959,1467,HOCHONO HOUSE,2013-06-17,https://example.com/covers/2959.jpg
2960,1467,Hosono House,2015-03-15,https://example.com/covers/2960.jpg
2961,1468,The Kindergarten EP,2009-03-26,https://example.com/covers/2961.jpg
2962,1469,All We've Known,2017-07-03,https://example.com/covers/2962.jpg
2963,1470,We Are Your Friends - Music From The Original Motion Picture,2013-12-27,https://example.com/covers/2963.jpg
2964,1471,Cumbia Salvaje,2016-04-30,https://example.com/covers/2964.jpg
2965,1472,Her Second Album of Piano Solos with Drums Acc.,2019-08-30,https://example.com/covers/2965.jpg
2966,1473,Skip To The Good Part,2012-04-17,https://example.com/covers/2966.jpg
2967,1474,Have It Like That,2014-12-30,https://example.com/covers/2967.jpg
2968,1475,Tungsten,2016-02-09,https://example.com/covers/2968.jpg
2969,1476,A Beautiful Life,2016-08-22,https://example.com/covers/2969.jpg
2970,1476,Arrow,2015-05-01,https://example.com/covers/2970.jpg
2971,1477,El Sonidito,2018-09-20,https://example.com/covers/2971.jpg
2972,1478,Berlioz: The Complete Works,2013-09-16,https://example.com/covers/2972.jpg
2973,1479,Famous Last Words,2014-02-17,https://example.com/covers/2973.jpg
2974,1479,Storms,2008-10-16,https://example.com/covers/2974.jpg
2975,1480,Lonely Prayer,2013-04-13,https://example.com/covers/2975.jpg
2976,1481,Mun Compilado (Vol. 2),2016-12-24,https://example.com/covers/2976.jpg
2977,1482,Grieg: 3 Concerti for Violin & Chamber Orchestra based on the Sonatas for Violin and Piano,2011-02-03,https://example.com/covers/2977.jpg
2978,1483,Tarida,2020-04-22,https://example.com/covers/2978.jpg
2979,1484,Milano,2014-05-10,https://example.com/covers/2979.jpg
2980,1485,San Sebastian,2022-08-17,https://example.com/covers/2980.jpg
2981,1486,Gloria Duplex,2018-03-10,https://example.com/covers/2981.jpg
2982,1486,I Forget Myself (feat. Darlingside),2013-02-26,https://example.com/covers/2982.jpg
2983,1487,"Purcell, Simpson, Adson, Holborne, Brade, Clarke: Old English Brass Music",2021-04-23,https://example.com/covers/2983.jpg
2984,1488,Linda Vista,2016-09-08,https://example.com/covers/2984.jpg
2985,1489,!!Going Places!!,2015-12-03,https://example.com/covers/2985.jpg
2986,1490,Blind,2021-02-09,https://example.com/covers/2986.jpg
2987,1491,Contrato A La Vida,2014-05-30,https://example.com/covers/2987.jpg
2988,1492,Faith Presents TK Disco,2019-09-02,https://example.com/covers/2988.jpg
2989,1493,Choose Your Weapon,2016-07-27,https://example.com/covers/2989.jpg
2990,1494,Archipelago Remixes Part 2,2010-09-04,https://example.com/covers/2990.jpg
2991,1495,Música Mexicana de Salón Con Salterio: Finales del Siglo Xix y Principios del Siglo Xx,2019-07-10,https://example.com/covers/2991.jpg
2992,1496,Wait a Minute! (Sped Up) - Duck,2021-12-25,https://example.com/covers/2992.jpg
2993,1497,Breathe In. Breathe Out.,2013-08-08,https://example.com/covers/2993.jpg
2994,1497,Most Wanted,2016-03-06,https://example.com/covers/2994.jpg
2995,1497,The Lizzie McGuire Movie,2015-01-11,https://example.com/covers/2995.jpg
2996,1498,Yesterday,2009-12-25,https://example.com/covers/2996.jpg
2997,1499,Drifter,2012-12-14,https://example.com/covers/2997.jpg
2998,1500,Hallelujah Anyhow,2020-01-04,https://example.com/covers/2998.jpg
2999,1500,Heart Like a Levee,2015-05-05,https://example.com/covers/2999.jpg
3000,1500,Quietly Blowing It,2019-09-29,https://example.com/covers/3000.jpg
3001,1501,Hit the Quan,2010-02-05,https://example.com/covers/3001.jpg
3002,1502,Hombres G,2019-05-18,https://example.com/covers/3002.jpg
3003,1503,Luz de Aurora,2021-06-24,https://example.com/covers/3003.jpg
3004,1504,Vista Al Mar,2017-05-14,https://example.com/covers/3004.jpg
3005,1505,Feel Better,2013-08-03,https://example.com/covers/3005.jpg
3006,1506,Don't Say Goodnight,2011-03-23,https://example.com/covers/3006.jpg
3007,1507,Hot Chocolate,2015-11-11,https://example.com/covers/3007.jpg
3008,1508,Make Up The Breakdown,2009-01-28,https://example.com/covers/3008.jpg
3009,1509,Reverse Skydiving (feat. Anabel Englund),2019-08-30,https://example.com/covers/3009.jpg
3010,1510,California Voodoo,2012-05-31,https://example.com/covers/3010.jpg
3011,1510,Cool Jam/Good For You,2013-11-24,https://example.com/covers/3011.jpg
3012,1510,From the Hills Below the City,2011-10-26,https://example.com/covers/3012.jpg
3013,1510,Golden Age,2011-05-24,https://example.com/covers/3013.jpg
3014,1510,Good For You,2016-02-16,https://example.com/covers/3014.jpg
3015,1510,Las Vegas,2013-10-28,https://example.com/covers/3015.jpg
3016,1510,Little Neon Limelight,2011-04-09,https://example.com/covers/3016.jpg
3017,1511,The Hobbit - The Desolation Of Smaug,2016-03-07,https://example.com/covers/3017.jpg
3018,1511,The Lord of the Rings - The Return of the King - The Complete Recordings,2011-12-11,https://example.com/covers/3018.jpg
3019,1511,The Lord of the Rings: The Fellowship of the Ring (Original Motion Picture Soundtrack),2011-11-16,https://example.com/covers/3019.jpg
3020,1511,The Lord of the Rings: The Fellowship of the Ring - the Complete Recordings,2014-05-18,https://example.com/covers/3020.jpg
3021,1511,The Lord of the Rings: The Return of the King,2007-08-22,https://example.com/covers/3021.jpg
3022,1511,The Lord of the Rings: The Two Towers (Original Motion Picture Soundtrack),2015-06-17,https://example.com/covers/3022.jpg
3023,1511,The Lord of the Rings: The Two Towers - the Complete Recordings,2015-01-02,https://example.com/covers/3023.jpg
3024,1512,Stop All the World Now (Special Edition),2014-12-17,https://example.com/covers/3024.jpg
3025,1513,20th Century Masters: The Millennium Collection: The Best Of Howlin' Wolf,2012-03-09,https://example.com/covers/3025.jpg
3026,1513,The Chess Box,2013-11-14,https://example.com/covers/3026.jpg
3027,1514,Better Love,2010-11-12,https://example.com/covers/3027.jpg
3028,1514,Dinner & Diatribes,2012-06-07,https://example.com/covers/3028.jpg
3029,1514,Hozier,2011-02-28,https://example.com/covers/3029.jpg
3030,1514,Nina Cried Power - EP,2011-09-07,https://example.com/covers/3030.jpg
3031,1514,Swan Upon Leda,2015-06-12,https://example.com/covers/3031.jpg
3032,1514,"Wasteland, Baby!",2015-09-08,https://example.com/covers/3032.jpg
3033,1515,Blue in Green,2012-03-08,https://example.com/covers/3033.jpg
3034,1515,Body & Soul,2017-08-03,https://example.com/covers/3034.jpg
3035,1516,Cherished,2019-05-01,https://example.com/covers/3035.jpg
3036,1517,The Greatest Showman (Original Motion Picture Soundtrack),2018-03-03,https://example.com/covers/3036.jpg
3037,1518,8 or 9,2018-02-28,https://example.com/covers/3037.jpg
3038,1518,Deep In The Long Grass,2010-04-03,https://example.com/covers/3038.jpg
3039,1518,Leave Me Now,2017-09-18,https://example.com/covers/3039.jpg
3040,1518,Old Tyme Religion,2015-05-24,https://example.com/covers/3040.jpg
3041,1519,Sunbed Chill Out Vol. 1,2006-03-19,https://example.com/covers/3041.jpg
3042,1520,Pharmakon,2019-01-04,https://example.com/covers/3042.jpg
3043,1521,The Best Of Humphrey Lyttelton,2012-12-22,https://example.com/covers/3043.jpg
3044,1522,Norte,2013-02-07,https://example.com/covers/3044.jpg
3045,1523,Quentin Tarantino's Once Upon a Time in Hollywood Original Motion Picture Soundtrack,2011-12-10,https://example.com/covers/3045.jpg
3046,1524,Quentin Tarantino's Once Upon a Time in Hollywood Original Motion Picture Soundtrack,2013-09-18,https://example.com/covers/3046.jpg
3047,1525,"Ay MI Dios (feat. Pitbull, Yandel & Chacal)",2016-01-14,https://example.com/covers/3047.jpg
3048,1525,Ay Mi Dios,2011-12-18,https://example.com/covers/3048.jpg
3049,1526,ASCEND,2012-08-18,https://example.com/covers/3049.jpg
3050,1527,Kick,2020-04-04,https://example.com/covers/3050.jpg
3051,1528,Between the Country,2015-11-29,https://example.com/covers/3051.jpg
3052,1528,River Fools & Mountain Saints,2021-12-03,https://example.com/covers/3052.jpg
3053,1529,Ibrahim Ferrer,2019-02-18,https://example.com/covers/3053.jpg
3054,1530,Wind,2019-02-13,https://example.com/covers/3054.jpg
3055,1531,Death Certificate,2017-03-29,https://example.com/covers/3055.jpg
3056,1531,The Predator,2020-02-10,https://example.com/covers/3056.jpg
3057,1531,War & Peace Vol. 2 (The Peace Disc),2020-10-18,https://example.com/covers/3057.jpg
3058,1532,THIS IS... ICONA POP,2014-12-14,https://example.com/covers/3058.jpg
3059,1533,Holiday Wishes,2014-05-22,https://example.com/covers/3059.jpg
3060,1534,The New Classic,2012-10-26,https://example.com/covers/3060.jpg
3061,1535,A Million In Prizes: Iggy Pop Anthology,2012-03-04,https://example.com/covers/3061.jpg
3062,1535,Brick By Brick,2014-09-07,https://example.com/covers/3062.jpg
3063,1535,Lust For Life,2010-01-18,https://example.com/covers/3063.jpg
3064,1535,The Idiot,2013-10-25,https://example.com/covers/3064.jpg
3065,1536,Stravinsky: Symphonies,2010-07-26,https://example.com/covers/3065.jpg
3066,1536,Stravinsky: The Rake's Progress,2016-04-05,https://example.com/covers/3066.jpg
3067,1537,El Amor Verdadero,2007-11-23,https://example.com/covers/3067.jpg
3068,1537,Grande amore,2014-12-31,https://example.com/covers/3068.jpg
3069,1537,Il Volo,2011-06-27,https://example.com/covers/3069.jpg
3070,1537,Sanremo grande amore,2012-03-11,https://example.com/covers/3070.jpg
3071,1538,Leche,2022-03-12,https://example.com/covers/3071.jpg
3072,1539,Blanca Navidad,2018-02-12,https://example.com/covers/3072.jpg
3073,1540,Greenback Boogie,2017-09-26,https://example.com/covers/3073.jpg
3074,1540,Greenback Boogie - Single,2018-07-30,https://example.com/covers/3074.jpg
3075,1541,Searing,2015-07-17,https://example.com/covers/3075.jpg
3076,1542,Believer,2013-05-10,https://example.com/covers/3076.jpg
3077,1542,Bones,2022-05-16,https://example.com/covers/3077.jpg
3078,1542,Evolve,2012-03-24,https://example.com/covers/3078.jpg
3079,1542,Follow You,2013-12-20,https://example.com/covers/3079.jpg
3080,1542,Follow You / Cutthroat,2011-06-10,https://example.com/covers/3080.jpg
3081,1542,Imagine Dragons,2011-11-04,https://example.com/covers/3081.jpg
3082,1542,Levitate,2010-08-23,https://example.com/covers/3082.jpg
3083,1542,Me Before You,2010-08-28,https://example.com/covers/3083.jpg
3084,1542,Mercury - Act 1,2016-11-13,https://example.com/covers/3084.jpg
3085,1542,Mercury - Acts 1 & 2,2019-08-18,https://example.com/covers/3085.jpg
3086,1542,Natural,2018-04-01,https://example.com/covers/3086.jpg
3087,1542,Night Visions,2005-08-20,https://example.com/covers/3087.jpg
3088,1542,Origins,2013-07-10,https://example.com/covers/3088.jpg
3089,1542,Radioactive,2008-12-23,https://example.com/covers/3089.jpg
3090,1542,Smoke + Mirrors,2015-04-12,https://example.com/covers/3090.jpg
3091,1542,Thunder,2013-09-09,https://example.com/covers/3091.jpg
3092,1542,Walking The Wire,2013-02-21,https://example.com/covers/3092.jpg
3093,1542,Whatever It Takes,2010-12-03,https://example.com/covers/3093.jpg
3094,1542,Wrecked,2017-01-17,https://example.com/covers/3094.jpg
3095,1543,Goodbye Yellow Brick Road,2015-04-01,https://example.com/covers/3095.jpg
3096,1544,The 7th Hand,2016-06-21,https://example.com/covers/3096.jpg
3097,1545,The Lost Grooves EP,2020-05-07,https://example.com/covers/3097.jpg
3098,1546,The Belt,2006-06-15,https://example.com/covers/3098.jpg
3099,1547,40 Years of the Incredible Bongo Band,2012-01-29,https://example.com/covers/3099.jpg
3100,1548,Make Yourself - Tour Edition,2014-06-19,https://example.com/covers/3100.jpg
3101,1548,Morning View,2007-11-03,https://example.com/covers/3101.jpg
3102,1548,Trust Fall (Side A),2008-01-06,https://example.com/covers/3102.jpg
3103,1549,A Night to Remember,2021-08-31,https://example.com/covers/3103.jpg
3104,1549,The Collection,2017-02-06,https://example.com/covers/3104.jpg
3105,1550,Dual,2010-02-08,https://example.com/covers/3105.jpg
3106,1551,Besos en la Espalda,2017-10-31,https://example.com/covers/3106.jpg
3107,1552,París,2012-07-21,https://example.com/covers/3107.jpg
3108,1553,Girls Chase Boys,2007-01-03,https://example.com/covers/3108.jpg
3109,1554,My Honest Face,2013-06-19,https://example.com/covers/3109.jpg
3110,1555,"The Film Music Collection, Vol. 3",2017-08-09,https://example.com/covers/3110.jpg
3111,1556,Antics,2019-02-02,https://example.com/covers/3111.jpg
3112,1556,The Other Side Of Make-Believe,2015-08-06,https://example.com/covers/3112.jpg
3113,1557,Into New Dimensions,2021-04-15,https://example.com/covers/3113.jpg
3114,1558,14 Grandes Exitos,2019-03-05,https://example.com/covers/3114.jpg
3115,1558,Contigo,2017-08-25,https://example.com/covers/3115.jpg
3116,1559,Wedding Celebrations,2020-03-01,https://example.com/covers/3116.jpg
3117,1560,Dream Girl,2014-12-19,https://example.com/covers/3117.jpg
3118,1561,Sunscreen,2015-11-25,https://example.com/covers/3118.jpg
3119,1561,The Closest Thing to Home,2013-11-27,https://example.com/covers/3119.jpg
3120,1562,Dans l'air de la nuit,2014-02-25,https://example.com/covers/3120.jpg
3121,1563,Beast Epic,2020-05-12,https://example.com/covers/3121.jpg
3122,1563,I'm Not There (Music From The Motion Picture - Original Soundtrack),2011-12-13,https://example.com/covers/3122.jpg
3123,1563,Sing Into My Mouth,2011-07-07,https://example.com/covers/3123.jpg
3124,1564,Light and Heavy/The Best of...,2009-07-04,https://example.com/covers/3124.jpg
3125,1565,Ed Hunter,2013-05-07,https://example.com/covers/3125.jpg
3126,1565,Somewhere Back in Time (The Best of 1980 - 1989),2013-08-07,https://example.com/covers/3126.jpg
3127,1566,Rust & Gold,2018-07-25,https://example.com/covers/3127.jpg
3128,1567,Cilvia Demo,2015-02-26,https://example.com/covers/3128.jpg
3129,1568,Fresas Con Vodka,2017-07-22,https://example.com/covers/3129.jpg
3130,1569,Chango,2017-01-14,https://example.com/covers/3130.jpg
3131,1570,Con Todos los Hierros: Everything But The Kitchen Sink,2019-04-21,https://example.com/covers/3131.jpg
3132,1571,20 Años de la Sala Galileo Galilei,2013-01-17,https://example.com/covers/3132.jpg
3133,1571,Básicos,2019-02-09,https://example.com/covers/3133.jpg
3134,1571,Cena Chill,2014-12-19,https://example.com/covers/3134.jpg
3135,1571,La Llamada,2013-04-24,https://example.com/covers/3135.jpg
3136,1571,Viaje a 1997,2020-12-24,https://example.com/covers/3136.jpg
3137,1572,Facing Future,2016-10-01,https://example.com/covers/3137.jpg
3138,1573,Topaz,2012-02-23,https://example.com/covers/3138.jpg
3139,1574,Summer Air,2016-05-24,https://example.com/covers/3139.jpg
3140,1575,Struck By Clouds,2021-12-03,https://example.com/covers/3140.jpg
3141,1576,Confesiones de un artista de mierda,2016-04-15,https://example.com/covers/3141.jpg
3142,1577,In My Mind (feat. Georgi Kay),2016-01-15,https://example.com/covers/3142.jpg
3143,1578,Canciones Para Ver Las Nubes Pasar,2018-07-08,https://example.com/covers/3143.jpg
3144,1578,Encierro,2020-10-29,https://example.com/covers/3144.jpg
3145,1579,Izzy Stradlin And The Ju Ju Hounds,2014-11-21,https://example.com/covers/3145.jpg
3146,1580,Desde Puerto Rico Live,2007-05-10,https://example.com/covers/3146.jpg
3147,1580,El Movimiento: The Mixtape,2010-05-26,https://example.com/covers/3147.jpg
3148,1580,La Pregunta Remix (feat. Tito El Bambino & Daddy Yankee),2011-01-10,https://example.com/covers/3148.jpg
3149,1580,Megahitz Volumen Uno,2011-07-26,https://example.com/covers/3149.jpg
3150,1580,Otro Nivel de Música,2015-07-24,https://example.com/covers/3150.jpg
3151,1580,Si Me Dejas,2019-02-26,https://example.com/covers/3151.jpg
3152,1581,Ambiente,2010-10-05,https://example.com/covers/3152.jpg
3153,1581,Blanco,2019-09-05,https://example.com/covers/3153.jpg
3154,1581,Bobo,2009-01-12,https://example.com/covers/3154.jpg
3155,1581,Bonita,2008-07-03,https://example.com/covers/3155.jpg
3156,1581,Colores,2017-02-25,https://example.com/covers/3156.jpg
3157,1581,El Negocio,2010-09-11,https://example.com/covers/3157.jpg
3158,1581,Energía,2007-08-26,https://example.com/covers/3158.jpg
3159,1581,Ginza,2012-03-13,https://example.com/covers/3159.jpg
3160,1581,J Balvin Mix Tape,2012-02-08,https://example.com/covers/3160.jpg
3161,1581,JOSE,2014-03-19,https://example.com/covers/3161.jpg
3162,1581,La Familia,2010-08-12,https://example.com/covers/3162.jpg
3163,1581,La Familia B Sides,2012-11-03,https://example.com/covers/3163.jpg
3164,1581,Mi Gente,2015-03-24,https://example.com/covers/3164.jpg
3165,1581,No Es Justo,2013-12-23,https://example.com/covers/3165.jpg
3166,1581,OASIS,2015-01-07,https://example.com/covers/3166.jpg
3167,1581,OTRO FILI,2018-11-01,https://example.com/covers/3167.jpg
3168,1581,Poblado,2014-08-24,https://example.com/covers/3168.jpg
3169,1581,Qué Más Pues?,2015-11-16,https://example.com/covers/3169.jpg
3170,1581,Rojo,2015-06-16,https://example.com/covers/3170.jpg
3171,1581,Sigue/Forever My Love,2014-08-14,https://example.com/covers/3171.jpg
3172,1581,Tranquila,2006-12-30,https://example.com/covers/3172.jpg
3173,1581,UN DIA (ONE DAY) (Feat. Tainy),2014-05-25,https://example.com/covers/3173.jpg
3174,1581,Vibras,2017-10-16,https://example.com/covers/3174.jpg
3175,1582,Hood Hop,2013-07-16,https://example.com/covers/3175.jpg
3176,1582,R&B Party,2016-10-01,https://example.com/covers/3176.jpg
3177,1583,2014 Forest Hills Drive,2008-07-13,https://example.com/covers/3177.jpg
3178,1583,Born Sinner,2009-04-25,https://example.com/covers/3178.jpg
3179,1583,Cole World: The Sideline Story,2011-05-27,https://example.com/covers/3179.jpg
3180,1584,Never Done This Before,2005-12-28,https://example.com/covers/3180.jpg
3181,1585,9 Songs About Love,2019-07-09,https://example.com/covers/3181.jpg
3182,1586,Grasshopper,2016-06-22,https://example.com/covers/3182.jpg
3183,1586,Naturally,2014-08-06,https://example.com/covers/3183.jpg
3184,1586,Really,2018-03-28,https://example.com/covers/3184.jpg
3185,1587,"France chébran: French Boogie (1982 - 1989), Vol. 2",2017-03-27,https://example.com/covers/3185.jpg
3186,1588,Lit,2014-03-06,https://example.com/covers/3186.jpg
3187,1589,JACKBOYS,2015-02-04,https://example.com/covers/3187.jpg
3188,1590,Greatest Hits,2010-05-01,https://example.com/covers/3188.jpg
3189,1590,Magna Carta... Holy Grail,2013-12-11,https://example.com/covers/3189.jpg
3190,1590,Numb / Encore: MTV Ultimate Mash-Ups Presents Collision Course,2017-07-31,https://example.com/covers/3190.jpg
3191,1590,The Blueprint,2009-08-06,https://example.com/covers/3191.jpg
3192,1590,The Blueprint 3,2013-12-24,https://example.com/covers/3192.jpg
3193,1590,The Hits Collection Volume One,2008-09-11,https://example.com/covers/3193.jpg
3194,1590,Watch The Throne,2006-01-04,https://example.com/covers/3194.jpg
3195,1591,"The Warm Covers EP, Vol. 2",2014-08-17,https://example.com/covers/3195.jpg
3196,1591,UNDIVIDED HEART & SOUL,2016-05-03,https://example.com/covers/3196.jpg
3197,1592,Bajito,2010-01-03,https://example.com/covers/3197.jpg
3198,1593,Famouz,2011-10-09,https://example.com/covers/3198.jpg
3199,1593,Ley Seca,2014-10-28,https://example.com/covers/3199.jpg
3200,1593,Somos Iguales,2020-03-20,https://example.com/covers/3200.jpg
3201,1593,Timelezz,2015-10-18,https://example.com/covers/3201.jpg
3202,1594,Country Ghetto,2021-01-01,https://example.com/covers/3202.jpg
3203,1595,It's a Corporate World,2009-11-09,https://example.com/covers/3203.jpg
3204,1596,The Best Of: Jr Serpent (2017 -2019),2018-03-26,https://example.com/covers/3204.jpg
3205,1596,Three Years from Now,2018-11-06,https://example.com/covers/3205.jpg
3206,1597,Lunar Lane,2014-06-16,https://example.com/covers/3206.jpg
3207,1598,Wild Life,2013-11-24,https://example.com/covers/3207.jpg
3208,1599,Brushfire Fairytales,2014-02-07,https://example.com/covers/3208.jpg
3209,1599,From Here To Now To You,2014-10-15,https://example.com/covers/3209.jpg
3210,1599,In Between Dreams,2013-08-20,https://example.com/covers/3210.jpg
3211,1599,Instant Karma: The Amnesty International Campaign To Save Darfur,2019-02-09,https://example.com/covers/3211.jpg
3212,1599,"Jack Johnson & Friends: Best Of Kokua Festival, A Benefit For The Kokua Hawaii Foundation",2013-01-03,https://example.com/covers/3212.jpg
3213,1599,On And On,2017-08-04,https://example.com/covers/3213.jpg
3214,1599,To The Sea,2016-08-07,https://example.com/covers/3214.jpg
3215,1600,Greatest Hits: Jack Jones,2013-04-24,https://example.com/covers/3215.jpg
3216,1601,The Best of Jack Mack & The Heart Attack,2011-12-14,https://example.com/covers/3216.jpg
3217,1602,The Lonely Surfer,2012-04-17,https://example.com/covers/3217.jpg
3218,1602,The Reprise Singles 1963-1965,2020-11-11,https://example.com/covers/3218.jpg
3219,1603,Fruit from the Trees,2015-11-27,https://example.com/covers/3219.jpg
3220,1604,Blunderbuss,2013-05-28,https://example.com/covers/3220.jpg
3221,1604,Lazaretto,2006-03-14,https://example.com/covers/3221.jpg
3222,1604,Love Is Selfish,2017-09-17,https://example.com/covers/3222.jpg
3223,1604,You Are The Sunshine Of My Life,2018-01-06,https://example.com/covers/3223.jpg
3224,1605,Skrillex and Diplo present Jack Ü,2006-04-30,https://example.com/covers/3224.jpg
3225,1606,This Is Jackie DeShannon,2017-08-04,https://example.com/covers/3225.jpg
3226,1607,He's So Fine,2017-01-17,https://example.com/covers/3226.jpg
3227,1608,For Everyman,2020-02-23,https://example.com/covers/3227.jpg
3228,1608,Jackson Browne (Saturate Before Using),2017-03-25,https://example.com/covers/3228.jpg
3229,1609,Jackson C. Frank,2013-07-02,https://example.com/covers/3229.jpg
3230,1610,Smile,2008-08-25,https://example.com/covers/3230.jpg
3231,1611,Jaco Pastorius,2018-12-10,https://example.com/covers/3231.jpg
3232,1612,Village,2017-01-23,https://example.com/covers/3232.jpg
3233,1613,Djesse Vol. 3,2018-11-10,https://example.com/covers/3233.jpg
3234,1613,Never Gonna Be Alone (Alternate Versions),2021-08-26,https://example.com/covers/3234.jpg
3235,1614,Hasta Que Se Seque el Malecón,2014-08-28,https://example.com/covers/3235.jpg
3236,1615,Emilia,2020-10-08,https://example.com/covers/3236.jpg
3237,1616,Who's,2021-08-18,https://example.com/covers/3237.jpg
3238,1617,50 Greatest Tracks,2013-12-13,https://example.com/covers/3238.jpg
3239,1617,Offenbach - Great Recordings,2013-06-27,https://example.com/covers/3239.jpg
3240,1617,"Offenbach, J.: Piano Music, Vol. 2",2013-02-24,https://example.com/covers/3240.jpg
3241,1617,Offenbach: Les Contes d'Hoffmann - Highlights,2018-12-12,https://example.com/covers/3241.jpg
3242,1617,Wedding Celebrations,2017-07-31,https://example.com/covers/3242.jpg
3243,1618,Estamos Rodeados,2017-05-07,https://example.com/covers/3243.jpg
3244,1619,"¿Dónde estás? (feat. Bunbury, Andrés Calamaro y Loquillo)",2016-07-06,https://example.com/covers/3244.jpg
3245,1620,Jake Bugg,2016-08-14,https://example.com/covers/3245.jpg
3246,1620,Messed Up Kids EP,2016-08-21,https://example.com/covers/3246.jpg
3247,1620,Shangri La,2015-02-18,https://example.com/covers/3247.jpg
3248,1621,Good and Green Again,2022-12-29,https://example.com/covers/3248.jpg
3249,1622,"Songs, Hymns and Ballads, Vol. 1",2020-08-17,https://example.com/covers/3249.jpg
3250,1623,Avalanche,2019-10-11,https://example.com/covers/3250.jpg
3251,1623,Impossible,2010-05-18,https://example.com/covers/3251.jpg
3252,1623,James Arthur (Deluxe),2014-01-21,https://example.com/covers/3252.jpg
3253,1624,Chaos And The Calm,2015-05-06,https://example.com/covers/3253.jpg
3254,1624,Chew On My Heart,2017-07-18,https://example.com/covers/3254.jpg
3255,1624,Craving,2007-07-31,https://example.com/covers/3255.jpg
3256,1624,Electric Light,2009-04-15,https://example.com/covers/3256.jpg
3257,1624,James Bay Spotify Session 2015,2015-02-01,https://example.com/covers/3257.jpg
3258,1624,Oh My Messy Mind,2012-09-30,https://example.com/covers/3258.jpg
3259,1624,Peer Pressure,2013-01-06,https://example.com/covers/3259.jpg
3260,1624,Pink Lemonade,2016-03-17,https://example.com/covers/3260.jpg
3261,1624,Running,2009-12-02,https://example.com/covers/3261.jpg
3262,1624,Us,2008-08-15,https://example.com/covers/3262.jpg
3263,1624,Wild Love,2017-07-22,https://example.com/covers/3263.jpg
3264,1625,All the Lost Souls,2009-01-16,https://example.com/covers/3264.jpg
3265,1625,Back to Bedlam,2010-02-19,https://example.com/covers/3265.jpg
3266,1625,Cold,2010-11-13,https://example.com/covers/3266.jpg
3267,1625,Make Me Better,2016-12-02,https://example.com/covers/3267.jpg
3268,1625,Moon Landing,2014-05-01,https://example.com/covers/3268.jpg
3269,1626,The Lost Paramount Tapes,2011-09-18,https://example.com/covers/3269.jpg
3270,1627,Blues Breakers,2018-07-22,https://example.com/covers/3270.jpg
3271,1628,Motherlode,2020-06-07,https://example.com/covers/3271.jpg
3272,1628,Quentin Tarantino’s Django Unchained Original Motion Picture Soundtrack,2013-07-03,https://example.com/covers/3272.jpg
3273,1629,20th Century Masters: The Millennium Collection: Best Of Joe Walsh,2010-08-06,https://example.com/covers/3273.jpg
3274,1630,Safe.,2011-12-21,https://example.com/covers/3274.jpg
3275,1631,Braveheart,2016-07-04,https://example.com/covers/3275.jpg
3276,1632,People Gonna Talk,2018-09-08,https://example.com/covers/3276.jpg
3277,1633,The Horses and the Hounds,2017-12-16,https://example.com/covers/3277.jpg
3278,1634,180 South Soundtrack,2013-11-23,https://example.com/covers/3278.jpg
3279,1635,Higher Than Here,2009-10-10,https://example.com/covers/3279.jpg
3280,1635,Undiscovered,2012-06-29,https://example.com/covers/3280.jpg
3281,1636,The Hunger Games: Mockingjay Pt. 1,2012-10-08,https://example.com/covers/3281.jpg
3282,1637,First Impressions,2012-04-11,https://example.com/covers/3282.jpg
3283,1638,Greatest Hits,2013-03-27,https://example.com/covers/3283.jpg
3284,1639,A Field Guide to Loneliness,2013-07-31,https://example.com/covers/3284.jpg
3285,1639,San Isabel,2019-11-09,https://example.com/covers/3285.jpg
3286,1639,Utah,2020-08-12,https://example.com/covers/3286.jpg
3287,1640,Carry On The Grudge,2020-02-02,https://example.com/covers/3287.jpg
3288,1641,In Colour,2009-12-08,https://example.com/covers/3288.jpg
3289,1642,Emergency on Planet Earth,2015-09-19,https://example.com/covers/3289.jpg
3290,1642,Travelling Without Moving,2016-09-18,https://example.com/covers/3290.jpg
3291,1643,Lighter Shades,2021-08-20,https://example.com/covers/3291.jpg
3292,1643,Woodwind,2017-01-15,https://example.com/covers/3292.jpg
3293,1644,It's All For You,2015-07-23,https://example.com/covers/3293.jpg
3294,1645,The Electric Lady,2009-08-11,https://example.com/covers/3294.jpg
3295,1646,Janet,2012-05-25,https://example.com/covers/3295.jpg
3296,1647,Janis Joplin: The Woodstock Experience,2007-01-05,https://example.com/covers/3296.jpg
3297,1647,Pearl (Legacy Edition),2009-11-06,https://example.com/covers/3297.jpg
3298,1648,50 Palos,2018-09-27,https://example.com/covers/3298.jpg
3299,1648,Adelantando,2017-03-23,https://example.com/covers/3299.jpg
3300,1648,Bonito,2020-07-17,https://example.com/covers/3300.jpg
3301,1648,De Vuelta Y Vuelta,2019-06-30,https://example.com/covers/3301.jpg
3302,1648,Depende,2014-10-30,https://example.com/covers/3302.jpg
3303,1648,En la vida conocí mujer igual a la Flaca: 20 años,2020-10-02,https://example.com/covers/3303.jpg
3304,1648,La Flaca,2012-11-19,https://example.com/covers/3304.jpg
3305,1648,Tragas o Escupes,2012-07-05,https://example.com/covers/3305.jpg
3306,1648,Un metro cuadrado,2018-08-26,https://example.com/covers/3306.jpg
3307,1648,¿Y Ahora Que Hacemos?,2018-06-07,https://example.com/covers/3307.jpg
3308,1649,Fantastic Mr. Fox (Original Soundtrack),2010-12-01,https://example.com/covers/3308.jpg
3309,1650,My Kinda Party,2018-02-09,https://example.com/covers/3309.jpg
3310,1650,Spotify Singles,2012-02-06,https://example.com/covers/3310.jpg
3311,1651,"Texas Fed, Texas Bred: Redefining Country Music, Vol. 2",2015-10-21,https://example.com/covers/3311.jpg
3312,1652,Everything Is 4,2006-06-25,https://example.com/covers/3312.jpg
3313,1652,JORDI,2012-12-20,https://example.com/covers/3313.jpg
3314,1652,Tattoos EP,2007-03-30,https://example.com/covers/3314.jpg
3315,1653,Reunions,2020-05-20,https://example.com/covers/3315.jpg
3316,1653,The Nashville Sound,2015-06-08,https://example.com/covers/3316.jpg
3317,1654,Live Is a Four Letter Word,2014-07-16,https://example.com/covers/3317.jpg
3318,1654,Love Someone,2013-12-20,https://example.com/covers/3318.jpg
3319,1654,We Sing. We Dance. We Steal Things.,2014-05-22,https://example.com/covers/3319.jpg
3320,1654,YES!,2015-05-10,https://example.com/covers/3320.jpg
3321,1655,Este Minuto,2020-05-23,https://example.com/covers/3321.jpg
3322,1656,La Mandragora,2018-06-23,https://example.com/covers/3322.jpg
3323,1657,Exitos Con Trio,2019-01-02,https://example.com/covers/3323.jpg
3324,1657,Javier Solis Con Acoo De Mariachi,2015-05-20,https://example.com/covers/3324.jpg
3325,1657,Mis Favoritas,2013-11-06,https://example.com/covers/3325.jpg
3326,1657,Payaso,2011-11-21,https://example.com/covers/3326.jpg
3327,1657,Rancheras,2013-05-08,https://example.com/covers/3327.jpg
3328,1658,One Fast Move Or I'm Gone Music From Kerouac's Big Sur,2021-01-13,https://example.com/covers/3328.jpg
3329,1659,Vintage Red,2015-11-15,https://example.com/covers/3329.jpg
3330,1660,All Or Nothing,2015-02-12,https://example.com/covers/3330.jpg
3331,1661,Platonicos,2016-05-02,https://example.com/covers/3331.jpg
3332,1662,Tip Toes,2007-09-28,https://example.com/covers/3332.jpg
3333,1663,Feel Something,2020-05-02,https://example.com/covers/3333.jpg
3334,1664,Curl Up with Relaxing & Laid-back Autumnal Jazz Vibes,2019-08-10,https://example.com/covers/3334.jpg
3335,1665,Wanna Say Hi,2017-04-19,https://example.com/covers/3335.jpg
3336,1666,Sibelius,2018-03-06,https://example.com/covers/3336.jpg
3337,1667,Moog Indigo,2018-08-17,https://example.com/covers/3337.jpg
3338,1668,"Rameau, Ólafsson: The Arts and the Hours",2015-04-10,https://example.com/covers/3338.jpg
3339,1669,Porque Te Vas,2021-01-17,https://example.com/covers/3339.jpg
3340,1670,Tropical,2018-10-13,https://example.com/covers/3340.jpg
3341,1670,Tropical Fruits,2013-07-22,https://example.com/covers/3341.jpg
3342,1671,Blow By Blow,2007-09-19,https://example.com/covers/3342.jpg
3343,1671,Emotion & Commotion,2014-11-20,https://example.com/covers/3343.jpg
3344,1671,Live and Exclusive from The Grammy Museum,2012-06-10,https://example.com/covers/3344.jpg
3345,1671,performing this week...live at Ronnie Scott's,2011-03-08,https://example.com/covers/3345.jpg
3346,1672,Grace,2011-07-25,https://example.com/covers/3346.jpg
3347,1672,Grace (Legacy Edition),2012-04-21,https://example.com/covers/3347.jpg
3348,1672,Sketches for My Sweetheart The Drunk,2007-03-22,https://example.com/covers/3348.jpg
3349,1673,Long Wave,2018-03-17,https://example.com/covers/3349.jpg
3350,1674,Live at Jittery Joe's,2020-11-05,https://example.com/covers/3350.jpg
3351,1675,WORRY.,2013-11-05,https://example.com/covers/3351.jpg
3352,1676,For You (I'd Do Anything),2015-03-29,https://example.com/covers/3352.jpg
3353,1676,Love Is The King,2021-04-10,https://example.com/covers/3353.jpg
3354,1676,Ted Lasso: Season 2 (Apple TV+ Original Series Soundtrack),2012-08-06,https://example.com/covers/3354.jpg
3355,1677,Miami Lighthouse for the Blind Presents: Instrumental Magic,2007-07-22,https://example.com/covers/3355.jpg
3356,1678,Best Of,2008-02-02,https://example.com/covers/3356.jpg
3357,1678,Surrealistic Pillow,2012-11-14,https://example.com/covers/3357.jpg
3358,1679,Jazz King Of New Orleans,2015-12-23,https://example.com/covers/3358.jpg
3359,1680,Division,2013-12-12,https://example.com/covers/3359.jpg
3360,1681,First Love,2006-09-28,https://example.com/covers/3360.jpg
3361,1681,Olvídame y Pega la Vuelta,2009-05-10,https://example.com/covers/3361.jpg
3362,1682,The Voyager,2012-11-22,https://example.com/covers/3362.jpg
3363,1683,My Ego Dies At The End,2020-03-09,https://example.com/covers/3363.jpg
3364,1684,The Ultimate Wedding Album,2016-04-21,https://example.com/covers/3364.jpg
3365,1685,Jeremih,2014-08-05,https://example.com/covers/3365.jpg
3366,1685,Late Nights: The Album,2018-06-22,https://example.com/covers/3366.jpg
3367,1686,Mamma Mia! Here We Go Again,2011-05-22,https://example.com/covers/3367.jpg
3368,1687,The Instruments Of The Orchestra,2014-10-15,https://example.com/covers/3368.jpg
3369,1688,Circling,2017-04-15,https://example.com/covers/3369.jpg
3370,1689,"Tiersen: ""Pour Amélie"" Piano Music",2013-12-01,https://example.com/covers/3370.jpg
3371,1690,DI LETRA,2013-03-09,https://example.com/covers/3371.jpg
3372,1690,Verano En París,2019-07-03,https://example.com/covers/3372.jpg
3373,1691,Babel,2015-03-23,https://example.com/covers/3373.jpg
3374,1691,Traveler,2012-02-09,https://example.com/covers/3374.jpg
3375,1692,Run for the Roses (Expanded),2019-04-11,https://example.com/covers/3375.jpg
3376,1693,Mr. Bojangles,2011-05-09,https://example.com/covers/3376.jpg
3377,1694,Jerry Lee Lewis,2011-11-28,https://example.com/covers/3377.jpg
3378,1694,Jerry Lee's Greatest,2012-07-06,https://example.com/covers/3378.jpg
3379,1694,Original Golden Hits - Volume 1,2016-10-12,https://example.com/covers/3379.jpg
3380,1694,Rockabilly Classics,2012-06-18,https://example.com/covers/3380.jpg
3381,1694,The Essential Jerry Lee Lewis [The Sun Sessions],2014-06-15,https://example.com/covers/3381.jpg
3382,1694,The Hits,2013-06-30,https://example.com/covers/3382.jpg
3383,1695,The Essential Jerry Reed,2018-07-17,https://example.com/covers/3383.jpg
3384,1696,3 A.M.,2008-10-28,https://example.com/covers/3384.jpg
3385,1696,Ecos De Amor,2007-02-02,https://example.com/covers/3385.jpg
3386,1696,Esta Es Mi Vida,2019-04-04,https://example.com/covers/3386.jpg
3387,1696,Six Pack: Jesse & Joy - EP,2017-07-21,https://example.com/covers/3387.jpg
3388,1696,¿Con Quién Se Queda El Perro?,2013-04-25,https://example.com/covers/3388.jpg
3389,1697,Hells Welles,2015-03-20,https://example.com/covers/3389.jpg
3390,1697,Patchwork,2023-01-21,https://example.com/covers/3390.jpg
3391,1698,A Reasonable Amount of Trouble,2016-08-30,https://example.com/covers/3391.jpg
3392,1699,Stars Fell on Alabama,2013-09-14,https://example.com/covers/3392.jpg
3393,1700,You Won't Forget Tonight (feat. Comets We Fall),2011-12-17,https://example.com/covers/3393.jpg
3394,1701,Flashlight,2005-09-13,https://example.com/covers/3394.jpg
3395,1702,Sencillos,2008-08-15,https://example.com/covers/3395.jpg
3396,1703,Get Born,2007-02-02,https://example.com/covers/3396.jpg
3397,1703,Shaka Rock,2008-06-19,https://example.com/covers/3397.jpg
3398,1703,Shine On,2011-02-19,https://example.com/covers/3398.jpg
3399,1704,Stand Up,2012-06-03,https://example.com/covers/3399.jpg
3400,1704,The Rolling Stones Rock And Roll Circus,2019-09-23,https://example.com/covers/3400.jpg
3401,1705,Sail Out,2020-06-10,https://example.com/covers/3401.jpg
3402,1706,Bonita (Down 4 Me Remix) [feat. Kevin Roldan],2006-08-16,https://example.com/covers/3402.jpg
3403,1706,Raices,2015-06-10,https://example.com/covers/3403.jpg
3404,1707,Thirties,2013-10-12,https://example.com/covers/3404.jpg
3405,1708,I Got a Name,2012-12-03,https://example.com/covers/3405.jpg
3406,1709,Harlan County,2015-10-31,https://example.com/covers/3406.jpg
3407,1710,I'm Not There (Music From The Motion Picture - Original Soundtrack),2016-02-02,https://example.com/covers/3407.jpg
3408,1710,Tribute To,2013-12-14,https://example.com/covers/3408.jpg
3409,1711,An American Prayer,2010-12-15,https://example.com/covers/3409.jpg
3410,1712,U.F.O.,2011-08-26,https://example.com/covers/3410.jpg
3411,1713,Blue Honey,2011-12-16,https://example.com/covers/3411.jpg
3412,1714,Are You Experienced,2007-04-19,https://example.com/covers/3412.jpg
3413,1714,Axis: Bold As Love,2012-03-13,https://example.com/covers/3413.jpg
3414,1714,Blues,2005-11-08,https://example.com/covers/3414.jpg
3415,1714,Both Sides of the Sky,2010-11-28,https://example.com/covers/3415.jpg
3416,1714,Electric Ladyland,2014-03-19,https://example.com/covers/3416.jpg
3417,1714,Experience Hendrix: The Best Of Jimi Hendrix,2006-04-08,https://example.com/covers/3417.jpg
3418,1714,Live At Monterey,2013-07-18,https://example.com/covers/3418.jpg
3419,1714,Miami Pop Festival,2007-07-06,https://example.com/covers/3419.jpg
3420,1714,"People, Hell & Angels",2012-06-01,https://example.com/covers/3420.jpg
3421,1714,South Saturn Delta,2010-11-01,https://example.com/covers/3421.jpg
3422,1714,Valleys Of Neptune,2014-08-07,https://example.com/covers/3422.jpg
3423,1714,Winterland,2011-05-25,https://example.com/covers/3423.jpg
3424,1715,Faith Presents TK Disco,2019-03-27,https://example.com/covers/3424.jpg
3425,1716,Bailando,2013-10-16,https://example.com/covers/3425.jpg
3426,1717,A-1-A,2013-03-20,https://example.com/covers/3426.jpg
3427,1718,Bleed American,2007-10-03,https://example.com/covers/3427.jpg
3428,1719,Pick Yourself Up,2016-11-05,https://example.com/covers/3428.jpg
3429,1720,Outrider,2008-04-25,https://example.com/covers/3429.jpg
3430,1721,Drift Away,2017-12-01,https://example.com/covers/3430.jpg
3431,1722,Love & Peace,2017-11-03,https://example.com/covers/3431.jpg
3432,1723,Joan Baez,2009-05-13,https://example.com/covers/3432.jpg
3433,1723,Joan Baez 75th Birthday Celebration,2020-12-27,https://example.com/covers/3433.jpg
3434,1724,Antología Desordenada,2013-08-19,https://example.com/covers/3434.jpg
3435,1724,Cada Loco Con Su Tema,2022-01-26,https://example.com/covers/3435.jpg
3436,1724,"Dedicado A Antonio Machado, Poeta",2014-06-15,https://example.com/covers/3436.jpg
3437,1724,Discografía en Castellano,2012-07-14,https://example.com/covers/3437.jpg
3438,1724,Dos Pajaros De Un Tiro,2020-02-07,https://example.com/covers/3438.jpg
3439,1724,El Simbolo y el Cuate,2015-08-04,https://example.com/covers/3439.jpg
3440,1724,El Sur También Existe,2017-09-07,https://example.com/covers/3440.jpg
3441,1724,En Transito,2013-10-13,https://example.com/covers/3441.jpg
3442,1724,La Paloma,2015-06-20,https://example.com/covers/3442.jpg
3443,1724,Mediterráneo,2020-01-11,https://example.com/covers/3443.jpg
3444,1724,Serrat En Directo,2022-02-22,https://example.com/covers/3444.jpg
3445,1725,Afortunado,2018-01-16,https://example.com/covers/3445.jpg
3446,1725,Coleccion De Oro Vol. 1 - Joan Sebastian,2016-12-07,https://example.com/covers/3446.jpg
3447,1725,Colecciàn De Oro Vol.5 - Joan Sebastian,2009-11-03,https://example.com/covers/3447.jpg
3448,1725,Grandes Duetos,2017-01-30,https://example.com/covers/3448.jpg
3449,1725,Joan Sebastian Con Mariachi,2016-11-19,https://example.com/covers/3449.jpg
3450,1725,Maracas Vol. 1,2009-02-15,https://example.com/covers/3450.jpg
3451,1725,Más Allá Del Sol,2021-05-01,https://example.com/covers/3451.jpg
3452,1725,Que Amarren A Cupido,2016-06-27,https://example.com/covers/3452.jpg
3453,1725,Secreto De Amor,2020-06-25,https://example.com/covers/3453.jpg
3454,1725,Tatuajes,2016-05-21,https://example.com/covers/3454.jpg
3455,1725,Tequilazo Llorón,2016-12-28,https://example.com/covers/3455.jpg
3456,1726,The Spur,2015-01-05,https://example.com/covers/3456.jpg
3457,1727,Esencial Joaquin Sabina,2014-01-18,https://example.com/covers/3457.jpg
3458,1727,Juez Y Parte,2015-03-24,https://example.com/covers/3458.jpg
3459,1727,Sabina 70,2015-05-19,https://example.com/covers/3459.jpg
3460,1728,19 Dias Y 500 Noches,2013-08-09,https://example.com/covers/3460.jpg
3461,1728,500 Noches para una Crisis (En Directo),2020-09-13,https://example.com/covers/3461.jpg
3462,1728,Alivio De Luto,2012-08-31,https://example.com/covers/3462.jpg
3463,1728,Diario De Un Peaton,2015-07-02,https://example.com/covers/3463.jpg
3464,1728,Dímelo En La Calle,2014-06-21,https://example.com/covers/3464.jpg
3465,1728,El Hombre Del Traje Gris,2018-12-09,https://example.com/covers/3465.jpg
3466,1728,Enemigos Intimos,2013-10-07,https://example.com/covers/3466.jpg
3467,1728,Esencial Joaquin Sabina,2018-07-30,https://example.com/covers/3467.jpg
3468,1728,Esta Boca Es Mia,2016-06-28,https://example.com/covers/3468.jpg
3469,1728,Fisica Y Quimica,2016-03-10,https://example.com/covers/3469.jpg
3470,1728,Lo Niego Todo,2011-11-06,https://example.com/covers/3470.jpg
3471,1728,Mentiras Piadosas,2013-11-30,https://example.com/covers/3471.jpg
3472,1728,Mucho Sabina,2020-08-31,https://example.com/covers/3472.jpg
3473,1728,Nos Sobran Los Motivos,2019-03-28,https://example.com/covers/3473.jpg
3474,1728,"Para Aute: Pasaba por Aquí (feat. Abel Pintos, Carlos Rivera, Dani Martin, Estopa, Ismael Serrano, Jorge Drexler, Pedro Guerra, Silvio Rodríguez, Vanesa Martin & Xoel López)",2019-09-12,https://example.com/covers/3474.jpg
3475,1728,Sabina 70,2013-11-05,https://example.com/covers/3475.jpg
3476,1728,Vinagre Y Rosas,2015-07-06,https://example.com/covers/3476.jpg
3477,1728,"Yo, Mi, Me, Contigo",2012-11-07,https://example.com/covers/3477.jpg
3478,1729,Mestizo,2020-04-12,https://example.com/covers/3478.jpg
3479,1729,Salsoul,2014-12-04,https://example.com/covers/3479.jpg
3480,1730,Different Shades of Blue,2012-05-08,https://example.com/covers/3480.jpg
3481,1731,Concert For George,2018-10-22,https://example.com/covers/3481.jpg
3482,1732,With A Little Help From My Friends,2020-05-08,https://example.com/covers/3482.jpg
3483,1733,Pluto,2019-01-01,https://example.com/covers/3483.jpg
3484,1734,Howl's Moving Castle Soundtrack,2018-06-23,https://example.com/covers/3484.jpg
3485,1734,My Neighbor Totoro Soundtrack Collection,2020-07-22,https://example.com/covers/3485.jpg
3486,1735,I'm The Man,2016-12-23,https://example.com/covers/3486.jpg
3487,1735,Jumpin' Jive,2007-01-24,https://example.com/covers/3487.jpg
3488,1736,Sending Money and Stems,2017-05-19,https://example.com/covers/3488.jpg
3489,1737,Landmarks,2006-01-13,https://example.com/covers/3489.jpg
3490,1738,You Can Tell Georgia,2009-02-26,https://example.com/covers/3490.jpg
3491,1739,Da Funk!,2021-04-18,https://example.com/covers/3491.jpg
3492,1740,Global A Go-Go,2021-01-03,https://example.com/covers/3492.jpg
3493,1740,Rock Art and the X-Ray Style,2021-02-17,https://example.com/covers/3493.jpg
3494,1741,Greatest Hits,2018-06-30,https://example.com/covers/3494.jpg
3495,1742,"But Seriously, Folks...",2011-02-07,https://example.com/covers/3495.jpg
3496,1742,There Goes the Neighborhood,2012-09-09,https://example.com/covers/3496.jpg
3497,1743,Head & Heart (feat. MNEK),2013-11-11,https://example.com/covers/3497.jpg
3498,1744,Losar,2020-05-13,https://example.com/covers/3498.jpg
3499,1745,ALL-AMERIKKKAN BADA$$,2016-04-07,https://example.com/covers/3499.jpg
3500,1746,Flow Con Clase,2011-03-03,https://example.com/covers/3500.jpg
3501,1746,La Movida,2018-11-16,https://example.com/covers/3501.jpg
3502,1746,Picky,2013-05-31,https://example.com/covers/3502.jpg
3503,1746,Picky Back To The Roots,2013-01-09,https://example.com/covers/3503.jpg
3504,1746,Suena El Dembow,2008-03-10,https://example.com/covers/3504.jpg
3505,1747,Don't Worry About Me,2020-03-11,https://example.com/covers/3505.jpg
3506,1748,Kon Tiki (Original Motion Picture Soundtrack),2022-03-06,https://example.com/covers/3506.jpg
3507,1749,Bach and Beyond,2018-06-07,https://example.com/covers/3507.jpg
3508,1749,"Bach: Cello Suites Nos. 1, 5 & 6",2015-10-14,https://example.com/covers/3508.jpg
3509,1749,"Bach: Chaconne, BWV 1004 - Suite, BWV 996 - Partita, BWV 1006a & Prelude, Fugue and Allegro, BWV 998",2017-11-29,https://example.com/covers/3509.jpg
3510,1749,Bach: Goldberg Variations: Variation 1 (Arranged for Harp),2016-03-12,https://example.com/covers/3510.jpg
3511,1749,Bach: Greatest Hits,2019-08-02,https://example.com/covers/3511.jpg
3512,1749,Bach: Overtures (Suites) Nos. 1-4,2020-09-25,https://example.com/covers/3512.jpg
3513,1749,"Bach: Partitas Nos. 3-4, Bwv 827-828",2019-03-02,https://example.com/covers/3513.jpg
3514,1749,"Bach: Prelude in B minor, BWV 855a (Arr. by Alexander Siloti)",2018-10-20,https://example.com/covers/3514.jpg
3515,1749,"Bach: The Goldberg Variations, BWV 988",2021-01-08,https://example.com/covers/3515.jpg
3516,1749,Bach: Violin Concertos,2010-11-07,https://example.com/covers/3516.jpg
3517,1749,Humanity,2021-08-12,https://example.com/covers/3517.jpg
3518,1749,"J.S. Bach: Herz und Mund und Tat und Leben, Cantata BWV 147: Jesu, Joy of Man’s Desiring (Transcr. Hess for Piano)",2022-10-09,https://example.com/covers/3518.jpg
3519,1749,J.S. Bach: Violin Concertos,2009-02-25,https://example.com/covers/3519.jpg
3520,1749,Piano Book,2015-01-01,https://example.com/covers/3520.jpg
3521,1749,Violin Classics,2012-05-04,https://example.com/covers/3521.jpg
3522,1750,"Johann Strauss I Edition, Vol. 25",2013-09-26,https://example.com/covers/3522.jpg
3523,1751,25 Strauss Favorites,2017-04-27,https://example.com/covers/3523.jpg
3524,1751,Au revoir 2020!,2013-02-17,https://example.com/covers/3524.jpg
3525,1751,Der Zigeunerbaron,2015-03-26,https://example.com/covers/3525.jpg
3526,1751,Famous Strauss Waltzes,2016-11-12,https://example.com/covers/3526.jpg
3527,1751,"Johann Strauss II Waltzes, Polkas & Overtures",2021-06-16,https://example.com/covers/3527.jpg
3528,1751,"STRAUSS II, J.: Edition - Vol. 10",2020-06-15,https://example.com/covers/3528.jpg
3529,1751,Strauss : Valses & Polkas,2014-07-02,https://example.com/covers/3529.jpg
3530,1751,Strauss II: Champagner Polka - Die schönsten Polkas / Best Loved Polkas,2020-02-24,https://example.com/covers/3530.jpg
3531,1751,"Strauss II: Waltzes, Polkas, Marches and Overtures, Vol. 1",2020-04-16,https://example.com/covers/3531.jpg
3532,1751,"Strauss II: Waltzes, Polkas, Marches and Overtures, Vol. 2",2012-09-28,https://example.com/covers/3532.jpg
3533,1751,"Strauss Ii, J. / Strauss I, J.: Waltzes / Polkas / Radetzky-March",2013-04-22,https://example.com/covers/3533.jpg
3534,1751,"Strauss Ii, J.: Edition - Vol. 22",2013-09-24,https://example.com/covers/3534.jpg
3535,1751,"Strauss Ii, J.: Edition - Vol. 47",2019-10-20,https://example.com/covers/3535.jpg
3536,1751,"Strauss Ii, J.: Waltzes, Polkas, Marches and Overtures, Vol. 3",2019-03-07,https://example.com/covers/3536.jpg
3537,1751,Strauss: Die Fledermaus,2014-01-14,https://example.com/covers/3537.jpg
3538,1751,Strauss: Wiener Walzer,2016-11-12,https://example.com/covers/3538.jpg
3539,1751,"Tritsch-Tratsch-Polka, Op. 214 ""Triqui Traqui""",2018-02-15,https://example.com/covers/3539.jpg
3540,1751,Valses,2018-05-07,https://example.com/covers/3540.jpg
3541,1752,Brahms: 21 Hungarian Dances,2017-12-13,https://example.com/covers/3541.jpg
3542,1752,Brahms: Hungarian Dances,2012-10-28,https://example.com/covers/3542.jpg
3543,1752,Brahms: Hungarian Dances Nos. 1-21,2020-02-09,https://example.com/covers/3543.jpg
3544,1752,Brahms: Lullaby; Lullabies and Nocturne for Violin and Piano,2015-09-12,https://example.com/covers/3544.jpg
3545,1752,"Brahms: Symphony No. 4, Hungarian Dance No. 5",2020-01-05,https://example.com/covers/3545.jpg
3546,1752,"Hungarian Dances / Waltzes, Op. 39",2013-04-05,https://example.com/covers/3546.jpg
3547,1752,Van Cliburn - Complete Album Collection,2019-03-29,https://example.com/covers/3547.jpg
3548,1752,Volodos Plays Brahms,2014-10-12,https://example.com/covers/3548.jpg
3549,1753,Mediterranean Rain,2015-05-22,https://example.com/covers/3549.jpg
3550,1753,Tarregas Bodega,2020-10-19,https://example.com/covers/3550.jpg
3551,1754,Dances With Wolves - Original Motion Picture Soundtrack,2018-01-16,https://example.com/covers/3551.jpg
3552,1755,Paris 1919,2015-03-23,https://example.com/covers/3552.jpg
3553,1756,A John Coltrane Retrospective: The Impulse Years,2011-04-07,https://example.com/covers/3553.jpg
3554,1756,A Love Supreme,2009-09-24,https://example.com/covers/3554.jpg
3555,1756,Blue Train,2016-02-05,https://example.com/covers/3555.jpg
3556,1756,Giant Steps,2017-05-29,https://example.com/covers/3556.jpg
3557,1756,The Very Best of John Coltrane,2013-04-28,https://example.com/covers/3557.jpg
3558,1757,Asterisk the Universe,2020-04-28,https://example.com/covers/3558.jpg
3559,1758,The Princess Diaries,2020-02-04,https://example.com/covers/3559.jpg
3560,1759,"John Denver's Greatest Hits, Volume 3",2014-04-21,https://example.com/covers/3560.jpg
3561,1759,The Ultimate Collection,2016-09-02,https://example.com/covers/3561.jpg
3562,1760,The Golden State,2018-06-28,https://example.com/covers/3562.jpg
3563,1761,"Death Chants, Breakdowns And Military Waltzes",2017-04-09,https://example.com/covers/3563.jpg
3564,1762,Centerfield – 25th Anniversary,2017-06-30,https://example.com/covers/3564.jpg
3565,1762,The Blue Ridge Rangers,2015-03-29,https://example.com/covers/3565.jpg
3566,1762,The Long Road Home - The Ultimate John Fogerty - Creedence Collection,2008-06-25,https://example.com/covers/3566.jpg
3567,1762,Wrote A Song For Everyone,2016-09-11,https://example.com/covers/3567.jpg
3568,1763,Shadows Collide With People,2020-09-13,https://example.com/covers/3568.jpg
3569,1763,The Will To Death,2021-04-13,https://example.com/covers/3569.jpg
3570,1764,I Know,2016-02-06,https://example.com/covers/3570.jpg
3571,1765,Goodbye Yellow Brick Road,2017-05-15,https://example.com/covers/3571.jpg
3572,1765,Queen of Denmark,2012-04-02,https://example.com/covers/3572.jpg
3573,1766,Beneath This Gruff Exterior,2017-05-13,https://example.com/covers/3573.jpg
3574,1767,Boom Boom,2008-10-21,https://example.com/covers/3574.jpg
3575,1767,His Best Chess Sides,2012-05-13,https://example.com/covers/3575.jpg
3576,1768,Get Lifted,2010-02-05,https://example.com/covers/3576.jpg
3577,1768,La La Land,2017-04-21,https://example.com/covers/3577.jpg
3578,1768,Love In The Future (Expanded Edition),2007-07-30,https://example.com/covers/3578.jpg
3579,1769,Double Fantasy,2012-03-01,https://example.com/covers/3579.jpg
3580,1769,Double Fantasy: Stripped Down,2010-09-03,https://example.com/covers/3580.jpg
3581,1769,GIMME SOME TRUTH. - Deluxe,2017-04-12,https://example.com/covers/3581.jpg
3582,1769,Gimme Some Truth,2009-07-04,https://example.com/covers/3582.jpg
3583,1769,Imagine,2008-09-12,https://example.com/covers/3583.jpg
3584,1769,Mind Games,2017-10-06,https://example.com/covers/3584.jpg
3585,1769,Mother,2020-04-14,https://example.com/covers/3585.jpg
3586,1769,Plastic Ono Band,2015-04-09,https://example.com/covers/3586.jpg
3587,1769,Power To The People - The Hits,2011-05-16,https://example.com/covers/3587.jpg
3588,1769,Rock 'N' Roll,2014-11-09,https://example.com/covers/3588.jpg
3589,1770,Solid Air,2020-10-10,https://example.com/covers/3589.jpg
3590,1771,Blues Breakers,2015-09-18,https://example.com/covers/3590.jpg
3591,1771,Crusade,2013-12-13,https://example.com/covers/3591.jpg
3592,1772,A Hard Road,2011-04-19,https://example.com/covers/3592.jpg
3593,1772,Blues Breakers,2019-04-27,https://example.com/covers/3593.jpg
3594,1772,Bluesbreakers,2009-10-11,https://example.com/covers/3594.jpg
3595,1773,7th Street,2005-11-30,https://example.com/covers/3595.jpg
3596,1773,Any Given Thursday,2004-06-14,https://example.com/covers/3596.jpg
3597,1773,As/Is - Live,2006-09-28,https://example.com/covers/3597.jpg
3598,1773,"As/Is: Live In Cleveland/Cincinnati, OH - 8/03-8/04/04",2005-06-29,https://example.com/covers/3598.jpg
3599,1773,Battle Studies,2005-01-17,https://example.com/covers/3599.jpg
3600,1773,Born and Raised,2004-05-09,https://example.com/covers/3600.jpg
3601,1773,Carry Me Away,2019-02-03,https://example.com/covers/3601.jpg
3602,1773,Continuum,2014-11-22,https://example.com/covers/3602.jpg
3603,1773,Daughters,2010-08-05,https://example.com/covers/3603.jpg
3604,1773,Gravity,2007-10-12,https://example.com/covers/3604.jpg
3605,1773,Heavier Things,2009-12-26,https://example.com/covers/3605.jpg
3606,1773,I Guess I Just Feel Like,2015-03-10,https://example.com/covers/3606.jpg
3607,1773,Inside Wants Out,2013-11-15,https://example.com/covers/3607.jpg
3608,1773,Last Train Home,2016-12-02,https://example.com/covers/3608.jpg
3609,1773,Love on the Weekend,2009-04-18,https://example.com/covers/3609.jpg
3610,1773,New Light,2014-02-13,https://example.com/covers/3610.jpg
3611,1773,No Such Thing,2011-12-20,https://example.com/covers/3611.jpg
3612,1773,Paper Doll,2007-03-01,https://example.com/covers/3612.jpg
3613,1773,Paradise Valley,2015-04-02,https://example.com/covers/3613.jpg
3614,1773,Room For Squares,2006-12-05,https://example.com/covers/3614.jpg
3615,1773,Say,2011-06-05,https://example.com/covers/3615.jpg
3616,1773,Sob Rock,2018-07-19,https://example.com/covers/3616.jpg
3617,1773,The Complete 2012 Performances Collection,2017-09-12,https://example.com/covers/3617.jpg
3618,1773,The Search for Everything,2011-07-22,https://example.com/covers/3618.jpg
3619,1773,The Search for Everything - Wave One,2011-06-27,https://example.com/covers/3619.jpg
3620,1773,The Search for Everything - Wave Two,2013-04-08,https://example.com/covers/3620.jpg
3621,1773,The Village Sessions,2006-08-04,https://example.com/covers/3621.jpg
3622,1773,Waiting On The World To Change,2008-03-09,https://example.com/covers/3622.jpg
3623,1773,Where the Light Is: John Mayer Live In Los Angeles,2011-12-16,https://example.com/covers/3623.jpg
3624,1773,XO,2013-12-11,https://example.com/covers/3624.jpg
3625,1774,On The Rural Route 7609,2016-05-07,https://example.com/covers/3625.jpg
3626,1775,Birds in the Ceiling,2015-02-25,https://example.com/covers/3626.jpg
3627,1776,Tribute,2009-08-21,https://example.com/covers/3627.jpg
3628,1777,From There To Here,2012-01-10,https://example.com/covers/3628.jpg
3629,1778,Horowitz: Virtuoso Transcriptions for Piano,2020-11-01,https://example.com/covers/3629.jpg
3630,1778,Parade Music,2019-06-30,https://example.com/covers/3630.jpg
3631,1778,Sousa's Greatest Marches,2021-05-02,https://example.com/covers/3631.jpg
3632,1779,The Man Who Fell To Earth,2018-02-24,https://example.com/covers/3632.jpg
3633,1780,Fair and Square,2021-08-24,https://example.com/covers/3633.jpg
3634,1781,Where the Wild Clematis Grow,2021-07-22,https://example.com/covers/3634.jpg
3635,1782,The Fray,2017-10-23,https://example.com/covers/3635.jpg
3636,1783,Pulp Fiction,2010-06-27,https://example.com/covers/3636.jpg
3637,1784,Faith Presents TK Disco,2014-08-04,https://example.com/covers/3637.jpg
3638,1785,Harry Potter and The Chamber of Secrets/ Original Motion Picture Soundtrack,2017-07-13,https://example.com/covers/3638.jpg
3639,1785,Harry Potter and The Sorcerer's Stone Original Motion Picture Soundtrack,2008-10-28,https://example.com/covers/3639.jpg
3640,1785,Harry Potter and the Prisoner of Azkaban / Original Motion Picture Soundtrack,2016-08-21,https://example.com/covers/3640.jpg
3641,1785,Home Alone (Original Motion Picture Soundtrack),2019-12-26,https://example.com/covers/3641.jpg
3642,1785,Jurassic Park,2014-01-18,https://example.com/covers/3642.jpg
3643,1785,Star Wars: Revenge of the Sith,2007-05-22,https://example.com/covers/3643.jpg
3644,1785,Violin Classics,2014-04-08,https://example.com/covers/3644.jpg
3645,1786,John Wizards,2017-01-06,https://example.com/covers/3645.jpg
3646,1787,Tear It Up: The Complete Legedary Coral Recordings,2007-07-23,https://example.com/covers/3646.jpg
3647,1788,All Aboard the Blue Train,2008-10-27,https://example.com/covers/3647.jpg
3648,1788,America: A 200-Year Salute In Story & Song,2013-08-04,https://example.com/covers/3648.jpg
3649,1788,American II: Unchained,2011-07-26,https://example.com/covers/3649.jpg
3650,1788,American III: Solitary Man,2013-11-07,https://example.com/covers/3650.jpg
3651,1788,American IV: The Man Comes Around,2011-09-05,https://example.com/covers/3651.jpg
3652,1788,American Recordings,2014-09-13,https://example.com/covers/3652.jpg
3653,1788,American V: A Hundred Highways,2013-10-28,https://example.com/covers/3653.jpg
3654,1788,At Folsom Prison,2008-04-13,https://example.com/covers/3654.jpg
3655,1788,At Folsom Prison (Legacy Edition),2015-03-25,https://example.com/covers/3655.jpg
3656,1788,At San Quentin,2007-12-27,https://example.com/covers/3656.jpg
3657,1788,"Bear's Sonic Journals: Live At The Carousel Ballroom, April 24 1968",2020-04-30,https://example.com/covers/3657.jpg
3658,1788,Carryin' On With Johnny Cash And June Carter,2014-05-21,https://example.com/covers/3658.jpg
3659,1788,Everybody Loves A Nut,2007-10-18,https://example.com/covers/3659.jpg
3660,1788,Get Rhythm,2009-12-28,https://example.com/covers/3660.jpg
3661,1788,Greatest,2010-03-23,https://example.com/covers/3661.jpg
3662,1788,I Walk the Line,2008-05-30,https://example.com/covers/3662.jpg
3663,1788,I Walk the Line (Original Soundtrack Recording),2012-06-05,https://example.com/covers/3663.jpg
3664,1788,I Would Like to See You Again,2018-08-04,https://example.com/covers/3664.jpg
3665,1788,Johnny Cash Sings The Ballads Of The True West,2015-03-31,https://example.com/covers/3665.jpg
3666,1788,Johnny Cash at Sun,2018-06-06,https://example.com/covers/3666.jpg
3667,1788,Little Fauss and Big Halsy (Original Soundtrack Recording),2016-10-01,https://example.com/covers/3667.jpg
3668,1788,Man In Black,2014-10-14,https://example.com/covers/3668.jpg
3669,1788,Now Here's Johnny Cash,2019-08-07,https://example.com/covers/3669.jpg
3670,1788,One Piece At A Time,2016-12-17,https://example.com/covers/3670.jpg
3671,1788,Orange Blossom Special,2012-02-02,https://example.com/covers/3671.jpg
3672,1788,Out Among The Stars,2014-05-27,https://example.com/covers/3672.jpg
3673,1788,Ragged Old Flag,2018-11-27,https://example.com/covers/3673.jpg
3674,1788,Ring Of Fire: The Best Of Johnny Cash,2009-06-12,https://example.com/covers/3674.jpg
3675,1788,Silver,2012-02-15,https://example.com/covers/3675.jpg
3676,1788,Sings Hank Williams,2012-06-20,https://example.com/covers/3676.jpg
3677,1788,Sings the Songs that Made Him Famous,2016-01-23,https://example.com/covers/3677.jpg
3678,1788,The Christmas Spirit,2019-04-09,https://example.com/covers/3678.jpg
3679,1788,The Essential Johnny Cash,2014-12-09,https://example.com/covers/3679.jpg
3680,1788,The Fabulous Johnny Cash,2012-05-30,https://example.com/covers/3680.jpg
3681,1788,The Johnny Cash Show,2013-05-13,https://example.com/covers/3681.jpg
3682,1788,The Legend,2009-05-30,https://example.com/covers/3682.jpg
3683,1788,Unearthed,2011-01-27,https://example.com/covers/3683.jpg
3684,1788,With His Hot and Blue Guitar,2011-12-03,https://example.com/covers/3684.jpg
3685,1789,Easy To Love,2015-08-27,https://example.com/covers/3685.jpg
3686,1790,The Best Of Johnny Clegg & Savuka: In My African Dream,2018-02-13,https://example.com/covers/3686.jpg
3687,1791,A Larum,2020-02-06,https://example.com/covers/3687.jpg
3688,1792,The Great Awakening,2012-03-17,https://example.com/covers/3688.jpg
3689,1793,Not So Dukish,2007-04-27,https://example.com/covers/3689.jpg
3690,1794,Christmas Eve With Johnny Mathis,2010-02-20,https://example.com/covers/3690.jpg
3691,1794,Johnny Mathis Gold: A 50th Anniversary Christmas Celebration,2017-02-20,https://example.com/covers/3691.jpg
3692,1794,The Christmas Music Of Johnny Mathis: A Personal Collection,2015-07-05,https://example.com/covers/3692.jpg
3693,1795,I Can See Clearly Now,2020-08-06,https://example.com/covers/3693.jpg
3694,1796,EP1,2020-07-12,https://example.com/covers/3694.jpg
3695,1797,American Animals (Original Motion Picture Soundtrack),2021-09-13,https://example.com/covers/3695.jpg
3696,1798,Snow,2007-08-01,https://example.com/covers/3696.jpg
3697,1799,About Time,2019-08-10,https://example.com/covers/3697.jpg
3698,1800,The Wonderlands: Sunlight,2013-07-23,https://example.com/covers/3698.jpg
3699,1801,By Your Side,2007-09-28,https://example.com/covers/3699.jpg
3700,1801,Perfect Strangers,2014-12-29,https://example.com/covers/3700.jpg
3701,1802,A Little Bit Longer,2011-10-13,https://example.com/covers/3701.jpg
3702,1802,Happiness Begins,2013-10-02,https://example.com/covers/3702.jpg
3703,1802,Jonas Brothers,2014-02-03,https://example.com/covers/3703.jpg
3704,1803,Action Packed: The Best of Jonathan Richman,2020-11-22,https://example.com/covers/3704.jpg
3705,1803,Modern Lovers '88,2014-09-10,https://example.com/covers/3705.jpg
3706,1804,Roadrunner: The Beserkley Collection,2013-07-13,https://example.com/covers/3706.jpg
3707,1804,Rock 'n' Roll With the Modern Lovers,2010-12-27,https://example.com/covers/3707.jpg
3708,1805,Gentle Spirit,2018-10-27,https://example.com/covers/3708.jpg
3709,1806,The Pre End Of The World Soundtrack,2015-10-18,https://example.com/covers/3709.jpg
3710,1807,Blue,2020-12-03,https://example.com/covers/3710.jpg
3711,1807,Both Sides Now,2015-06-18,https://example.com/covers/3711.jpg
3712,1808,Who Booty (Remix) (feat. French Montana),2008-05-11,https://example.com/covers/3712.jpg
3713,1809,The Wheelhouse,2014-12-14,https://example.com/covers/3713.jpg
3714,1810,Good To You,2021-03-24,https://example.com/covers/3714.jpg
3715,1811,Jools Holland And Friends - Small World Big Band,2016-08-06,https://example.com/covers/3715.jpg
3716,1812,Dimensions,2022-01-12,https://example.com/covers/3716.jpg
3717,1813,The Path Up,2017-05-27,https://example.com/covers/3717.jpg
3718,1814,YOUTH,2006-12-21,https://example.com/covers/3718.jpg
3719,1815,Come Around EP,2017-08-31,https://example.com/covers/3719.jpg
3720,1816,End Of An Era,2014-11-15,https://example.com/covers/3720.jpg
3721,1817,Dark in the City,2023-03-27,https://example.com/covers/3721.jpg
3722,1818,12 segundos de oscuridad,2017-11-13,https://example.com/covers/3722.jpg
3723,1818,A Chabuca,2021-05-16,https://example.com/covers/3723.jpg
3724,1818,A Tribute To Caetano Veloso,2018-06-23,https://example.com/covers/3724.jpg
3725,1818,Al otro lado del rio,2014-01-09,https://example.com/covers/3725.jpg
3726,1818,Amar la trama,2014-01-11,https://example.com/covers/3726.jpg
3727,1818,Bailar en la cueva,2020-04-17,https://example.com/covers/3727.jpg
3728,1818,Cara B,2017-03-30,https://example.com/covers/3728.jpg
3729,1818,Cinturón Blanco,2017-12-16,https://example.com/covers/3729.jpg
3730,1818,Eco,2011-06-20,https://example.com/covers/3730.jpg
3731,1818,Frontera,2020-06-22,https://example.com/covers/3731.jpg
3732,1818,La Guerrilla de la Concordia,2012-03-02,https://example.com/covers/3732.jpg
3733,1818,La vida entera,2018-01-13,https://example.com/covers/3733.jpg
3734,1818,Mediterráneo,2019-12-09,https://example.com/covers/3734.jpg
3735,1818,Milonga de Ojos Dorados (Alfredo Zitarrosa),2021-05-03,https://example.com/covers/3735.jpg
3736,1818,Salvavidas de hielo,2020-08-23,https://example.com/covers/3736.jpg
3737,1818,Sea,2016-05-23,https://example.com/covers/3737.jpg
3738,1818,Telefonía,2012-05-06,https://example.com/covers/3738.jpg
3739,1818,Tinta y Tiempo,2014-05-31,https://example.com/covers/3739.jpg
3740,1818,Una cancion me trajo hasta aqui,2014-04-08,https://example.com/covers/3740.jpg
3741,1818,Vaivén,2017-05-04,https://example.com/covers/3741.jpg
3742,1819,"50 Aniversario Luctuoso - Jorge Negrete ""El Charro Cantor"" Vol. 2",2011-08-11,https://example.com/covers/3742.jpg
3743,1819,Coleccion Original,2014-07-09,https://example.com/covers/3743.jpg
3744,1819,Homenaje Al Charro Cantor,2016-04-25,https://example.com/covers/3744.jpg
3745,1819,Jorge Negrete. Sus 40 Grandes Canciones (1911-1953),2014-12-19,https://example.com/covers/3745.jpg
3746,1819,Tesoros De Coleccion - Jorge Negrete,2009-04-27,https://example.com/covers/3746.jpg
3747,1819,Viva México,2021-07-25,https://example.com/covers/3747.jpg
3748,1820,Volver,2020-04-09,https://example.com/covers/3748.jpg
3749,1821,Daylight,2022-06-09,https://example.com/covers/3749.jpg
3750,1821,Falling For You,2015-07-27,https://example.com/covers/3750.jpg
3751,1822,"Mozart, Haydn: Piano Concertos",2015-09-28,https://example.com/covers/3751.jpg
3752,1822,Work From Home With Haydn,2017-07-25,https://example.com/covers/3752.jpg
3753,1823,Taller Than Trees,2019-05-04,https://example.com/covers/3753.jpg
3754,1824,We Get Lost And Found,2014-04-06,https://example.com/covers/3754.jpg
3755,1825,I'll Be Your Fool (feat. The McCrary Sisters),2012-10-05,https://example.com/covers/3755.jpg
3756,1826,Bridges,2013-04-11,https://example.com/covers/3756.jpg
3757,1827,Josh Krajcik - EP,2007-01-22,https://example.com/covers/3757.jpg
3758,1827,Oblivion,2015-11-14,https://example.com/covers/3758.jpg
3759,1828,Hello Starling,2019-11-05,https://example.com/covers/3759.jpg
3760,1828,The Historical Conquests of Josh Ritter,2013-01-16,https://example.com/covers/3760.jpg
3761,1829,1972,2020-08-27,https://example.com/covers/3761.jpg
3762,1830,Your Man,2011-10-17,https://example.com/covers/3762.jpg
3763,1831,Ballroom,2009-12-07,https://example.com/covers/3763.jpg
3764,1832,Higher Places,2019-11-08,https://example.com/covers/3764.jpg
3765,1832,Into the Depths of Hell,2019-05-27,https://example.com/covers/3765.jpg
3766,1833,In Deepest Blue,2014-01-29,https://example.com/covers/3766.jpg
3767,1834,As Good a Place as Any,2020-09-20,https://example.com/covers/3767.jpg
3768,1835,We Were Here,2014-02-18,https://example.com/covers/3768.jpg
3769,1836,Portalegre,2022-03-11,https://example.com/covers/3769.jpg
3770,1837,Motel Mayday,2015-12-17,https://example.com/covers/3770.jpg
3771,1838,Persia,2014-11-25,https://example.com/covers/3771.jpg
3772,1839,15 Autenticos Exitos De,2015-09-07,https://example.com/covers/3772.jpg
3773,1839,Alicia Y Jose Alfredo - Las Coplas Y Todos Sus Exitos,2016-11-27,https://example.com/covers/3773.jpg
3774,1839,Brillantes - Jose Alfredo Jimenez,2012-03-24,https://example.com/covers/3774.jpg
3775,1839,El Cantinero,2015-03-09,https://example.com/covers/3775.jpg
3776,1839,El Rey,2019-03-25,https://example.com/covers/3776.jpg
3777,1839,Ella...La Que Se Fue,2018-11-15,https://example.com/covers/3777.jpg
3778,1839,Eterno,2014-11-15,https://example.com/covers/3778.jpg
3779,1839,Gracias (with Mariachi Vargas de Tecalitlán),2008-05-05,https://example.com/covers/3779.jpg
3780,1839,José Alfredo Jimenez,2013-10-29,https://example.com/covers/3780.jpg
3781,1839,José Alfredo Jiménez Canta Sus Propias Rancheras (50 Canciones) [Remastered],2016-12-11,https://example.com/covers/3781.jpg
3782,1839,La Gran Colección del 60 Aniversario CBS - José Alfredo Jiménez,2017-09-18,https://example.com/covers/3782.jpg
3783,1839,La Malagradecida,2008-05-21,https://example.com/covers/3783.jpg
3784,1839,Las 100 Clasicas Vol. 1,2017-01-01,https://example.com/covers/3784.jpg
3785,1839,Las 100 Clasicas Vol. 2,2016-03-22,https://example.com/covers/3785.jpg
3786,1839,Le canta a México,2012-05-06,https://example.com/covers/3786.jpg
3787,1839,Lo Mejor De José Alfredo,2009-04-09,https://example.com/covers/3787.jpg
3788,1839,Que Te Vaya Bonito,2013-10-14,https://example.com/covers/3788.jpg
3789,1839,Serie 12 Exitos Rancheros,2014-02-05,https://example.com/covers/3789.jpg
3790,1839,Serie Platino,2010-01-14,https://example.com/covers/3790.jpg
3791,1839,Si Nos Dejan,2009-07-04,https://example.com/covers/3791.jpg
3792,1839,Sigo Siendo El Rey,2009-05-13,https://example.com/covers/3792.jpg
3793,1839,Sus Grandes Corridos y Rancheras,2014-12-21,https://example.com/covers/3793.jpg
3794,1839,"Sus mejores corridos, rancheras, huapangos…",2015-05-08,https://example.com/covers/3794.jpg
3795,1839,Tesoros De Coleccion,2014-01-17,https://example.com/covers/3795.jpg
3796,1839,Travieso Carmesí,2013-12-08,https://example.com/covers/3796.jpg
3797,1840,Feliz Navidad,2007-11-29,https://example.com/covers/3797.jpg
3798,1840,Quentin Tarantino's Once Upon a Time in Hollywood Original Motion Picture Soundtrack,2015-05-28,https://example.com/covers/3798.jpg
3799,1840,The Definite Best,2009-08-15,https://example.com/covers/3799.jpg
3800,1841,El Invento,2013-08-30,https://example.com/covers/3800.jpg
3801,1841,Head On,2019-03-24,https://example.com/covers/3801.jpg
3802,1841,Local Valley,2015-01-09,https://example.com/covers/3802.jpg
3803,1841,Stay Alive,2015-09-16,https://example.com/covers/3803.jpg
3804,1841,The Secret Life Of Walter Mitty,2021-03-29,https://example.com/covers/3804.jpg
3805,1841,Veneer,2018-09-05,https://example.com/covers/3805.jpg
3806,1842,Entre El Agua Y El Fuego,2013-10-10,https://example.com/covers/3806.jpg
3807,1842,Tiempo de otoño,2020-02-28,https://example.com/covers/3807.jpg
3808,1843,José María Napoleón,2007-12-27,https://example.com/covers/3808.jpg
3809,1843,Vive,2020-02-01,https://example.com/covers/3809.jpg
3810,1844,La Conga Blicoti,2011-02-20,https://example.com/covers/3810.jpg
3811,1844,Mon Pays Et Paris,2017-11-12,https://example.com/covers/3811.jpg
3812,1845,Même Dans La Mort,2017-06-07,https://example.com/covers/3812.jpg
3813,1846,Departure,2014-10-27,https://example.com/covers/3813.jpg
3814,1847,Anaranjado,2016-03-08,https://example.com/covers/3814.jpg
3815,1847,El Funeral De La Canoa,2016-04-23,https://example.com/covers/3815.jpg
3816,1847,Vamo a Busal - Single,2013-05-06,https://example.com/covers/3816.jpg
3817,1848,Substance,2011-01-01,https://example.com/covers/3817.jpg
3818,1848,The Best Of,2010-12-16,https://example.com/covers/3818.jpg
3819,1848,Unknown Pleasures,2011-11-08,https://example.com/covers/3819.jpg
3820,1849,in defense of my own happiness,2021-12-31,https://example.com/covers/3820.jpg
3821,1850,Front Porch,2014-07-13,https://example.com/covers/3821.jpg
3822,1851,El ultimo beso,2015-11-18,https://example.com/covers/3822.jpg
3823,1852,1 Es Juan Gabriel,2013-03-28,https://example.com/covers/3823.jpg
3824,1852,15 Años Baladas Éxitos,2018-03-15,https://example.com/covers/3824.jpg
3825,1852,50 Años de Ser el Divo de Juárez,2017-10-05,https://example.com/covers/3825.jpg
3826,1852,Bailando,2020-03-29,https://example.com/covers/3826.jpg
3827,1852,Boleros,2017-06-18,https://example.com/covers/3827.jpg
3828,1852,Celebrando 25 Años De Juan Gabriel En El Palacio De Bellas Artes,2017-07-28,https://example.com/covers/3828.jpg
3829,1852,Con El Mariachi Vargas De Tecalitlan (with El Mariachi Vargas de Tecalitlán),2019-11-14,https://example.com/covers/3829.jpg
3830,1852,Con Mariachi Vol.2 (with El Mariachi México '70 de Pepe López),2023-08-09,https://example.com/covers/3830.jpg
3831,1852,Con Tu Amor,2024-03-11,https://example.com/covers/3831.jpg
3832,1852,Con el Mariachi de América de Jesús Rodríguez de Hijar,2016-07-29,https://example.com/covers/3832.jpg
3833,1852,Cosas De Enamorados,2018-07-02,https://example.com/covers/3833.jpg
3834,1852,Ella,2017-02-18,https://example.com/covers/3834.jpg
3835,1852,En el Palacio de Bellas Artes,2017-01-22,https://example.com/covers/3835.jpg
3836,1852,Espectacular,2019-10-26,https://example.com/covers/3836.jpg
3837,1852,Eternamente...,2017-05-20,https://example.com/covers/3837.jpg
3838,1852,Juan Gabriel,2014-08-21,https://example.com/covers/3838.jpg
3839,1852,Juan Gabriel - 40 Aniversario,2014-07-14,https://example.com/covers/3839.jpg
3840,1852,Juan Gabriel Canta las Canciones de Su Película en Esta Primavera,2020-08-04,https://example.com/covers/3840.jpg
3841,1852,Juan Gabriel Con Banda... El Recodo,2016-10-11,https://example.com/covers/3841.jpg
3842,1852,Juan Gabriel el Alma Joven Vol. III,2018-09-25,https://example.com/covers/3842.jpg
3843,1852,La Frontera,2017-08-02,https://example.com/covers/3843.jpg
3844,1852,La Historia Del Divo,2015-01-27,https://example.com/covers/3844.jpg
3845,1852,Le canta a México,2010-10-26,https://example.com/covers/3845.jpg
3846,1852,Los Dúo - Colección Completa,2021-10-22,https://example.com/covers/3846.jpg
3847,1852,Los Dúo 2,2021-05-21,https://example.com/covers/3847.jpg
3848,1852,Mi Historia Musical - Juan Gabriel,2011-06-14,https://example.com/covers/3848.jpg
3849,1852,Mis Favoritas,2017-06-05,https://example.com/covers/3849.jpg
3850,1852,Pensamientos,2016-05-28,https://example.com/covers/3850.jpg
3851,1852,Por Los Siglos,2013-05-05,https://example.com/covers/3851.jpg
3852,1852,Por Mi Orgullo,2016-12-22,https://example.com/covers/3852.jpg
3853,1852,Recuerdos II,2018-10-02,https://example.com/covers/3853.jpg
3854,1852,Siempre En Mi Mente,2020-08-31,https://example.com/covers/3854.jpg
3855,1852,Siempre Estoy Pensando En Ti,2020-11-24,https://example.com/covers/3855.jpg
3856,1852,Siempre en Mi Mente,2014-08-29,https://example.com/covers/3856.jpg
3857,1852,Todo,2018-12-18,https://example.com/covers/3857.jpg
3858,1853,El Viaje,2013-06-27,https://example.com/covers/3858.jpg
3859,1854,Coleccion Cristiana,2015-07-06,https://example.com/covers/3859.jpg
3860,1855,#Idiota,2014-09-05,https://example.com/covers/3860.jpg
3861,1855,4,2016-04-21,https://example.com/covers/3861.jpg
3862,1855,Amanecer,2019-09-26,https://example.com/covers/3862.jpg
3863,1855,Bailando por Ahi,2010-08-02,https://example.com/covers/3863.jpg
3864,1855,He Llorado (Como Un Niño),2015-10-27,https://example.com/covers/3864.jpg
3865,1855,No Sigue Modas,2014-09-17,https://example.com/covers/3865.jpg
3866,1855,"Rápido, Brusco, Violento",2019-09-08,https://example.com/covers/3866.jpg
3867,1855,The King Is Back,2015-01-10,https://example.com/covers/3867.jpg
3868,1855,The King Of Dance,2010-08-07,https://example.com/covers/3868.jpg
3869,1855,Verano Azul,2019-09-07,https://example.com/covers/3869.jpg
3870,1856,Despídeme De Todxs,2017-10-01,https://example.com/covers/3870.jpg
3871,1856,JUAN PABLO VEGA,2018-09-17,https://example.com/covers/3871.jpg
3872,1857,Amores Prohibidos,2018-02-28,https://example.com/covers/3872.jpg
3873,1857,Bonita,2018-07-31,https://example.com/covers/3873.jpg
3874,1857,La Vida Es Un Ratico,2017-07-13,https://example.com/covers/3874.jpg
3875,1857,Mi Sangre,2008-03-13,https://example.com/covers/3875.jpg
3876,1857,Mis Planes Son Amarte,2014-09-02,https://example.com/covers/3876.jpg
3877,1857,Más Futuro Que Pasado,2016-02-29,https://example.com/covers/3877.jpg
3878,1857,Origen,2013-08-17,https://example.com/covers/3878.jpg
3879,1857,Pa Dentro,2015-07-09,https://example.com/covers/3879.jpg
3880,1857,Tr3s Presents Juanes MTV Unplugged,2017-03-31,https://example.com/covers/3880.jpg
3881,1857,Un Día Normal,2013-12-22,https://example.com/covers/3881.jpg
3882,1857,Vida Cotidiana,2016-11-23,https://example.com/covers/3882.jpg
3883,1858,British Steel,2021-07-04,https://example.com/covers/3883.jpg
3884,1859,"Rocky Prelude (From ""Rocky"") [Piano Solo]",2013-04-30,https://example.com/covers/3884.jpg
3885,1860,Spider-Man: Into the Spider-Verse,2013-04-30,https://example.com/covers/3885.jpg
3886,1861,Safe Travels,2021-01-31,https://example.com/covers/3886.jpg
3887,1862,Offenbach : Les Contes d'Hoffmann,2015-12-08,https://example.com/covers/3887.jpg
3888,1863,Pluto,2014-08-14,https://example.com/covers/3888.jpg
3889,1864,Don't Let The Kids Win,2014-01-10,https://example.com/covers/3889.jpg
3890,1864,Someday,2016-06-22,https://example.com/covers/3890.jpg
3891,1865,Delay,2020-12-23,https://example.com/covers/3891.jpg
3892,1866,Fifty Shades Freed,2012-10-18,https://example.com/covers/3892.jpg
3893,1866,Inner Monologue Part 1,2019-01-22,https://example.com/covers/3893.jpg
3894,1867,Romeo,2013-07-12,https://example.com/covers/3894.jpg
3895,1868,Live From Electric Lady Studios/WRXP New York,2016-07-17,https://example.com/covers/3895.jpg
3896,1869,Valotte,2020-07-24,https://example.com/covers/3896.jpg
3897,1870,The Ridge,2022-02-04,https://example.com/covers/3897.jpg
3898,1871,Cuando Duermes,2018-05-03,https://example.com/covers/3898.jpg
3899,1872,Younger,2005-10-02,https://example.com/covers/3899.jpg
3900,1873,Mamma Mia! The Movie Soundtrack,2010-08-27,https://example.com/covers/3900.jpg
3901,1874,Limon Y Sal,2017-07-20,https://example.com/covers/3901.jpg
3902,1874,Tu Historia,2020-09-07,https://example.com/covers/3902.jpg
3903,1875,1100 Bel Air Place,2014-02-25,https://example.com/covers/3903.jpg
3904,1875,Begin the Beguine,2013-02-12,https://example.com/covers/3904.jpg
3905,1875,Et L' Amour Crea La Femme,2016-02-17,https://example.com/covers/3905.jpg
3906,1875,México,2008-03-16,https://example.com/covers/3906.jpg
3907,1875,Noche De Cuatro Lunas,2013-09-18,https://example.com/covers/3907.jpg
3908,1875,Tango,2016-03-11,https://example.com/covers/3908.jpg
3909,1876,El Ruiseñor de America,2016-12-08,https://example.com/covers/3909.jpg
3910,1876,Sentimientos Que Duelen,2014-11-16,https://example.com/covers/3910.jpg
3911,1877,International Salute,2019-06-09,https://example.com/covers/3911.jpg
3912,1878,45 Éxitos,2011-09-07,https://example.com/covers/3912.jpg
3913,1878,Con Banda,2007-07-10,https://example.com/covers/3913.jpg
3914,1878,"De Hoy En Adelante, Que Te Vaya Bien",2014-03-27,https://example.com/covers/3914.jpg
3915,1878,El Aferrado,2013-07-03,https://example.com/covers/3915.jpg
3916,1878,Márchate Y Olvídame,2014-12-05,https://example.com/covers/3916.jpg
3917,1878,Ni Lo Intentes,2015-03-21,https://example.com/covers/3917.jpg
3918,1878,Que Te Vaya Bien,2021-09-15,https://example.com/covers/3918.jpg
3919,1878,Soy Lo Que Quiero... Indispensable,2007-02-19,https://example.com/covers/3919.jpg
3920,1878,Tu Amigo Nada Más,2016-07-17,https://example.com/covers/3920.jpg
3921,1879,Alto al Fuego,2013-07-09,https://example.com/covers/3921.jpg
3922,1879,Manes,2013-01-06,https://example.com/covers/3922.jpg
3923,1880,For Ever,2013-12-26,https://example.com/covers/3923.jpg
3924,1880,Jungle,2014-04-29,https://example.com/covers/3924.jpg
3925,1880,Keep Moving,2016-06-29,https://example.com/covers/3925.jpg
3926,1880,Loving In Stereo,2018-08-25,https://example.com/covers/3926.jpg
3927,1880,Volcano,2024-01-22,https://example.com/covers/3927.jpg
3928,1881,Jungle Fire,2023-05-29,https://example.com/covers/3928.jpg
3929,1882,Atrapado en un Sueño,2017-11-29,https://example.com/covers/3929.jpg
3930,1882,Cruisin' with Junior H,2020-05-06,https://example.com/covers/3930.jpg
3931,1882,El Azul,2023-02-26,https://example.com/covers/3931.jpg
3932,1882,El Hijo Mayor,2021-05-18,https://example.com/covers/3932.jpg
3933,1882,El Tsurito,2015-12-13,https://example.com/covers/3933.jpg
3934,1882,MUSICA <3,2016-12-27,https://example.com/covers/3934.jpg
3935,1882,Mi Vida En Un Cigarro 2,2018-02-22,https://example.com/covers/3935.jpg
3936,1882,Paso En Culiacan,2014-08-01,https://example.com/covers/3936.jpg
3937,1883,Losing My Grip / Creep,2017-02-15,https://example.com/covers/3937.jpg
3938,1884,Hoodoo Man Blues,2005-11-21,https://example.com/covers/3938.jpg
3939,1885,Sunday Morning,2016-12-16,https://example.com/covers/3939.jpg
3940,1885,Symmetry,2015-12-01,https://example.com/covers/3940.jpg
3941,1886,Bandana Republic,2016-11-24,https://example.com/covers/3941.jpg
3942,1886,Juicy Lucy (Bonus Track Version),2015-07-05,https://example.com/covers/3942.jpg
3943,1887,Phantom,2007-12-24,https://example.com/covers/3943.jpg
3944,1888,Anyone,2017-07-14,https://example.com/covers/3944.jpg
3945,1888,Believe,2008-08-25,https://example.com/covers/3945.jpg
3946,1888,Believe Acoustic,2006-08-21,https://example.com/covers/3946.jpg
3947,1888,Changes,2014-03-08,https://example.com/covers/3947.jpg
3948,1888,Hold On,2017-01-21,https://example.com/covers/3948.jpg
3949,1888,Holy,2012-11-28,https://example.com/covers/3949.jpg
3950,1888,Home To Mama,2008-01-12,https://example.com/covers/3950.jpg
3951,1888,I'll Show You,2008-01-06,https://example.com/covers/3951.jpg
3952,1888,Journals,2008-03-03,https://example.com/covers/3952.jpg
3953,1888,Justice,2016-10-11,https://example.com/covers/3953.jpg
3954,1888,Lonely (with benny blanco),2011-09-14,https://example.com/covers/3954.jpg
3955,1888,Purpose,2012-05-23,https://example.com/covers/3955.jpg
3956,1888,Sorry,2014-10-01,https://example.com/covers/3956.jpg
3957,1888,Under The Mistletoe,2014-05-20,https://example.com/covers/3957.jpg
3958,1888,What Do You Mean?,2014-01-22,https://example.com/covers/3958.jpg
3959,1889,First Man (Original Motion Picture Soundtrack),2022-07-31,https://example.com/covers/3959.jpg
3960,1889,La La Land,2017-07-18,https://example.com/covers/3960.jpg
3961,1889,Whiplash (Original Motion Picture Soundtrack),2021-11-25,https://example.com/covers/3961.jpg
3962,1890,Angel,2011-01-07,https://example.com/covers/3962.jpg
3963,1891,Loco,2021-09-03,https://example.com/covers/3963.jpg
3964,1891,Nunca Imagine (Remix) [feat. Kevin Roldan],2008-07-20,https://example.com/covers/3964.jpg
3965,1891,Realidad,2018-12-28,https://example.com/covers/3965.jpg
3966,1892,FutureSex/LoveSounds,2013-06-02,https://example.com/covers/3966.jpg
3967,1892,FutureSex/LoveSounds Deluxe Edition,2018-08-10,https://example.com/covers/3967.jpg
3968,1892,The 20/20 Experience (Deluxe Version),2011-02-03,https://example.com/covers/3968.jpg
3969,1893,Do I Ever Cross Your Mind,2016-08-21,https://example.com/covers/3969.jpg
3970,1893,Harlem River Blues,2014-01-29,https://example.com/covers/3970.jpg
3971,1893,Maybe A Moment / Graceland,2020-05-28,https://example.com/covers/3971.jpg
3972,1893,Nothing's Gonna Change The Way You Feel About Me Now,2015-12-22,https://example.com/covers/3972.jpg
3973,1893,The Saint Of Lost Causes,2019-04-28,https://example.com/covers/3973.jpg
3974,1894,"Vasos, Besos y Versos",2011-07-18,https://example.com/covers/3974.jpg
3975,1895,Latin American Classics,2012-12-25,https://example.com/covers/3975.jpg
3976,1895,Mi Alma Mexicana (My Mexican Soul),2012-11-26,https://example.com/covers/3976.jpg
3977,1896,The Theory of Everything (Original Motion Picture Soundtrack),2012-06-17,https://example.com/covers/3977.jpg
3978,1897,Háblate de Mí,2014-11-27,https://example.com/covers/3978.jpg
3979,1898,Across The Borders,2015-07-18,https://example.com/covers/3979.jpg
3980,1899,Harmony,2020-11-03,https://example.com/covers/3980.jpg
3981,1900,Troubadour,2020-12-06,https://example.com/covers/3981.jpg
3982,1901,Joyful Rebellion,2012-03-13,https://example.com/covers/3982.jpg
3983,1902,Más Capaces Que Nunca,2008-08-30,https://example.com/covers/3983.jpg
3984,1902,Serie 33,2015-09-10,https://example.com/covers/3984.jpg
3985,1903,A/B,2019-06-17,https://example.com/covers/3985.jpg
3986,1903,No Good,2012-05-28,https://example.com/covers/3986.jpg
3987,1904,BICHOTA,2016-05-14,https://example.com/covers/3987.jpg
3988,1904,Créeme,2020-08-23,https://example.com/covers/3988.jpg
3989,1904,LOCATION,2020-03-23,https://example.com/covers/3989.jpg
3990,1904,MAÑANA SERÁ BONITO,2021-06-10,https://example.com/covers/3990.jpg
3991,1904,OCEAN,2018-11-01,https://example.com/covers/3991.jpg
3992,1904,SEJODIOTO,2013-05-14,https://example.com/covers/3992.jpg
3993,1904,Si Antes Te Hubiera Conocido,2016-10-07,https://example.com/covers/3993.jpg
3994,1904,Tusa,2014-11-27,https://example.com/covers/3994.jpg
3995,1905,99.90%,2018-11-24,https://example.com/covers/3995.jpg
3996,1906,KC & the Sunshine Band,2016-04-28,https://example.com/covers/3996.jpg
3997,1906,"KC & the Sunshine Band, Pt. 3... and More",2021-05-23,https://example.com/covers/3997.jpg
3998,1907,Contigo,2006-09-18,https://example.com/covers/3998.jpg
3999,1907,Hay Mujeres,2011-04-25,https://example.com/covers/3999.jpg
4000,1907,Kevin Roldan (Special Edition),2009-10-16,https://example.com/covers/4000.jpg
4001,1907,PPP,2017-10-28,https://example.com/covers/4001.jpg
4002,1907,Tu No Sabes - Single,2014-02-05,https://example.com/covers/4002.jpg
4003,1908,Loca Remix,2016-01-12,https://example.com/covers/4003.jpg
4004,1909,Quentin Tarantino's Once Upon a Time in Hollywood Original Motion Picture Soundtrack,2013-11-16,https://example.com/covers/4004.jpg
4005,1910,Rock And Roll Over,2012-01-19,https://example.com/covers/4005.jpg
4006,1911,Lunatic,2009-04-29,https://example.com/covers/4006.jpg
4007,1912,Stillness,2016-05-21,https://example.com/covers/4007.jpg
4008,1913,No Te Olvido,2022-09-05,https://example.com/covers/4008.jpg
4009,1914,Be Someone (feat. Ray X Ben),2020-11-23,https://example.com/covers/4009.jpg
4010,1915,Smyle,2016-09-24,https://example.com/covers/4010.jpg
4011,1916,Golden Hour,2019-01-10,https://example.com/covers/4011.jpg
4012,1917,Plastic Bouquet,2013-11-19,https://example.com/covers/4012.jpg
4013,1918,Saariaho: L'Amour de loin,2009-08-27,https://example.com/covers/4013.jpg
4014,1919,Employment,2008-11-07,https://example.com/covers/4014.jpg
4015,1919,Stay Together,2011-11-10,https://example.com/covers/4015.jpg
4016,1919,"Yours Truly, Angry Mob",2012-03-09,https://example.com/covers/4016.jpg
4017,1920,Hus,2014-02-18,https://example.com/covers/4017.jpg
4018,1921,Hace Calor,2016-10-10,https://example.com/covers/4018.jpg
4019,1922,Side Trips (Expanded Edition),2013-01-31,https://example.com/covers/4019.jpg
4020,1923,"After The Storm (feat. Tyler, The Creator & Bootsy Collins)",2012-06-01,https://example.com/covers/4020.jpg
4021,1923,Sin Miedo (del Amor y Otros Demonios) ∞,2014-12-27,https://example.com/covers/4021.jpg
4022,1924,Aerosoul,2007-06-17,https://example.com/covers/4022.jpg
4023,1924,Negroklaro,2009-06-10,https://example.com/covers/4023.jpg
4024,1925,Love Robbery,2012-04-28,https://example.com/covers/4024.jpg
4025,1926,Habibi Funk: An Eclectic Selection of Music from the Arab World (Habibi Funk 007),2023-08-18,https://example.com/covers/4025.jpg
4026,1927,Leftoverture,2018-07-05,https://example.com/covers/4026.jpg
4027,1927,Point Of Know Return,2012-08-25,https://example.com/covers/4027.jpg
4028,1928,Beach & Berries,2016-02-17,https://example.com/covers/4028.jpg
4029,1929,Contra el Viento,2018-10-06,https://example.com/covers/4029.jpg
4030,1929,Cualquier Día,2014-04-06,https://example.com/covers/4030.jpg
4031,1930,808s & Heartbreak,2016-08-14,https://example.com/covers/4031.jpg
4032,1930,All Day,2008-09-18,https://example.com/covers/4032.jpg
4033,1930,Donda,2013-12-21,https://example.com/covers/4033.jpg
4034,1930,Graduation,2009-09-30,https://example.com/covers/4034.jpg
4035,1930,Late Registration,2008-09-08,https://example.com/covers/4035.jpg
4036,1930,My Beautiful Dark Twisted Fantasy,2011-05-12,https://example.com/covers/4036.jpg
4037,1930,The College Dropout,2012-12-21,https://example.com/covers/4037.jpg
4038,1930,The Life Of Pablo,2011-10-20,https://example.com/covers/4038.jpg
4039,1930,Yeezus,2014-11-22,https://example.com/covers/4039.jpg
4040,1930,ye,2018-10-28,https://example.com/covers/4040.jpg
4041,1931,Not 4 Sale,2020-11-20,https://example.com/covers/4041.jpg
4042,1932,In My Own Time,2016-08-17,https://example.com/covers/4042.jpg
4043,1933,A Single Rose,2016-07-08,https://example.com/covers/4043.jpg
4044,1934,Introducing Karl Blau,2017-11-06,https://example.com/covers/4044.jpg
4045,1935,Unstraight Ahead,2017-08-11,https://example.com/covers/4045.jpg
4046,1936,Believe,2022-04-11,https://example.com/covers/4046.jpg
4047,1937,Feel It EP,2010-12-07,https://example.com/covers/4047.jpg
4048,1938,Forget,2017-05-17,https://example.com/covers/4048.jpg
4049,1939,"Vivaldi, A.: The 4 Seasons / Sinfonias, Rv 112, 132, 149 and 169",2018-01-16,https://example.com/covers/4049.jpg
4050,1940,48:13 (Deluxe),2011-07-17,https://example.com/covers/4050.jpg
4051,1940,For Crying Out Loud (Deluxe),2021-06-25,https://example.com/covers/4051.jpg
4052,1941,The Making of a Paracosm (Remixes Vol. 1),2018-09-17,https://example.com/covers/4052.jpg
4053,1942,Texas Thunder Soul 1968-1974,2010-07-28,https://example.com/covers/4053.jpg
4054,1943,Miles Away,2014-04-24,https://example.com/covers/4054.jpg
4055,1944,Ordino,2019-02-12,https://example.com/covers/4055.jpg
4056,1945,Crazy,2010-07-23,https://example.com/covers/4056.jpg
4057,1946,Cafe Society (Original Motion Picture Soundtrack),2015-05-02,https://example.com/covers/4057.jpg
4058,1947,Hounds Of Love,2017-07-16,https://example.com/covers/4058.jpg
4059,1948,Lavender,2022-10-09,https://example.com/covers/4059.jpg
4060,1949,Dead Dog's Eyeball - Songs of Daniel Johnston,2019-06-17,https://example.com/covers/4060.jpg
4061,1950,Astronaut,2018-05-10,https://example.com/covers/4061.jpg
4062,1951,PRISM,2007-05-22,https://example.com/covers/4062.jpg
4063,1951,Teenage Dream: The Complete Confection,2013-05-17,https://example.com/covers/4063.jpg
4064,1952,Rock en Tu Idioma Sinfónico,2017-06-24,https://example.com/covers/4064.jpg
4065,1953,The Greatest Showman (Original Motion Picture Soundtrack),2014-10-09,https://example.com/covers/4065.jpg
4066,1953,This Is Me,2013-04-09,https://example.com/covers/4066.jpg
4067,1954,Cause And Effect,2019-01-23,https://example.com/covers/4067.jpg
4068,1954,Forget The World,2014-02-14,https://example.com/covers/4068.jpg
4069,1954,Hopes And Fears,2019-03-31,https://example.com/covers/4069.jpg
4070,1954,Hopes and Fears,2009-02-04,https://example.com/covers/4070.jpg
4071,1954,Pure Rock Ballads,2005-12-03,https://example.com/covers/4071.jpg
4072,1954,Strangeland,2018-04-28,https://example.com/covers/4072.jpg
4073,1955,Keb' Mo',2008-09-25,https://example.com/covers/4073.jpg
4074,1956,Les Incontournables du Jazz,2007-01-03,https://example.com/covers/4074.jpg
4075,1957,Beggars Banquet,2006-01-24,https://example.com/covers/4075.jpg
4076,1957,Main Offender,2008-09-11,https://example.com/covers/4076.jpg
4077,1957,The Rolling Stones Rock And Roll Circus,2012-09-27,https://example.com/covers/4077.jpg
4078,1957,Vintage Vinos,2016-05-11,https://example.com/covers/4078.jpg
4079,1958,Golden Road,2023-03-11,https://example.com/covers/4079.jpg
4080,1958,One Too Many,2014-10-04,https://example.com/covers/4080.jpg
4081,1959,Various Bilongo,2020-07-09,https://example.com/covers/4081.jpg
4082,1960,Food,2010-10-19,https://example.com/covers/4082.jpg
4083,1961,Wrapped In Red,2016-10-30,https://example.com/covers/4083.jpg
4084,1962,Water Dog,2018-08-25,https://example.com/covers/4084.jpg
4085,1963,I Quit Drinking,2016-11-02,https://example.com/covers/4085.jpg
4086,1963,My Favorite Things,2008-07-02,https://example.com/covers/4086.jpg
4087,1963,hole in the bottle (with Shania Twain),2017-02-10,https://example.com/covers/4087.jpg
4088,1964,Looking Ahead,2009-07-27,https://example.com/covers/4088.jpg
4089,1965,A Dream of Green,2014-09-29,https://example.com/covers/4089.jpg
4090,1966,Consolation Prize,2019-01-29,https://example.com/covers/4090.jpg
4091,1967,Como Lo Hacia Yo (Official Remix),2007-05-31,https://example.com/covers/4091.jpg
4092,1968,Black Panther The Album Music From And Inspired By,2019-06-10,https://example.com/covers/4092.jpg
4093,1968,DAMN.,2012-09-13,https://example.com/covers/4093.jpg
4094,1968,GNX,2015-05-06,https://example.com/covers/4094.jpg
4095,1968,HUMBLE.,2015-05-25,https://example.com/covers/4095.jpg
4096,1968,Not Like Us,2017-10-05,https://example.com/covers/4096.jpg
4097,1968,Section.80,2014-11-13,https://example.com/covers/4097.jpg
4098,1968,To Pimp A Butterfly,2021-07-27,https://example.com/covers/4098.jpg
4099,1968,euphoria,2016-12-27,https://example.com/covers/4099.jpg
4100,1968,"good kid, m.A.A.d city",2016-05-02,https://example.com/covers/4100.jpg
4101,1968,i,2023-10-16,https://example.com/covers/4101.jpg
4102,1969,K23,2015-10-28,https://example.com/covers/4102.jpg
4103,1970,Amai Hi,2017-07-06,https://example.com/covers/4103.jpg
4104,1971,Drip Like ME,2021-12-20,https://example.com/covers/4104.jpg
4105,1972,The Classic Christmas Album,2019-12-17,https://example.com/covers/4105.jpg
4106,1973,"Yesterday, Today, Tomorrow - The Greatest Hits Of Kenny Loggins",2020-03-08,https://example.com/covers/4106.jpg
4107,1974,Ni Gucci Ni Prada,2017-01-23,https://example.com/covers/4107.jpg
4108,1975,Kenny,2014-02-22,https://example.com/covers/4108.jpg
4109,1975,The Gambler,2011-09-21,https://example.com/covers/4109.jpg
4110,1976,"Light, West",2023-02-25,https://example.com/covers/4110.jpg
4111,1976,Violet Drive,2015-05-12,https://example.com/covers/4111.jpg
4112,1977,La Biographie De Luka Philipse,2012-03-22,https://example.com/covers/4112.jpg
4113,1978,In A Perfect World...,2019-03-18,https://example.com/covers/4113.jpg
4114,1979,Intro Bonito,2016-09-30,https://example.com/covers/4114.jpg
4115,1980,Holiday Road - Spotify Singles Holiday,2022-03-05,https://example.com/covers/4115.jpg
4116,1981,A Mild Case of Everything,2019-01-20,https://example.com/covers/4116.jpg
4117,1981,Bad Instincts,2014-12-31,https://example.com/covers/4117.jpg
4118,1981,Prismism,2018-06-18,https://example.com/covers/4118.jpg
4119,1981,The Fountain,2021-02-13,https://example.com/covers/4119.jpg
4120,1982,Bi,2017-07-24,https://example.com/covers/4120.jpg
4121,1982,City Zen,2011-09-04,https://example.com/covers/4121.jpg
4122,1982,Kevin Johansen + The Nada + Liniers: Vivo En Buenos Aires,2019-09-26,https://example.com/covers/4122.jpg
4123,1982,"Kevin Johansen + The Nada: Mis Américas, Vol. 1/2",2018-02-13,https://example.com/covers/4123.jpg
4124,1982,Logo,2014-01-21,https://example.com/covers/4124.jpg
4125,1983,Still Life,2019-08-05,https://example.com/covers/4125.jpg
4126,1984,Con la Misma Sangre,2021-04-16,https://example.com/covers/4126.jpg
4127,1984,La Indicada - Single,2006-04-10,https://example.com/covers/4127.jpg
4128,1985,The Way It Is,2005-12-07,https://example.com/covers/4128.jpg
4129,1986,OTW,2012-09-15,https://example.com/covers/4129.jpg
4130,1987,Con Todo El Mundo,2023-06-15,https://example.com/covers/4130.jpg
4131,1987,Texas Sun,2013-06-05,https://example.com/covers/4131.jpg
4132,1987,The Universe Smiles Upon You,2023-03-28,https://example.com/covers/4132.jpg
4133,1988,ZEtrospective 1: Dancing in the Face of Adversity,2020-03-01,https://example.com/covers/4133.jpg
4134,1989,Just What I Am,2010-10-04,https://example.com/covers/4134.jpg
4135,1989,Man On The Moon II: The Legend Of Mr. Rager,2019-10-14,https://example.com/covers/4135.jpg
4136,1989,Man On The Moon III: The Chosen,2014-02-19,https://example.com/covers/4136.jpg
4137,1989,Man On The Moon: The End Of Day,2013-01-16,https://example.com/covers/4137.jpg
4138,1989,Pursuit Of Happiness,2014-03-24,https://example.com/covers/4138.jpg
4139,1990,Baby Driver (Music from the Motion Picture),2011-04-03,https://example.com/covers/4139.jpg
4140,1991,Galaxy,2019-03-08,https://example.com/covers/4140.jpg
4141,1991,Link Up,2016-03-28,https://example.com/covers/4141.jpg
4142,1992,Azul,2015-01-11,https://example.com/covers/4142.jpg
4143,1993,Dice la gente,2017-09-27,https://example.com/covers/4143.jpg
4144,1993,Echate Un Cantecito,2013-11-23,https://example.com/covers/4144.jpg
4145,1993,Puro Veneno,2018-09-10,https://example.com/covers/4145.jpg
4146,1994,The Lighthouse,2014-04-19,https://example.com/covers/4146.jpg
4147,1995,Hellbound Train,2014-12-28,https://example.com/covers/4147.jpg
4148,1996,In the Waiting,2014-05-23,https://example.com/covers/4148.jpg
4149,1997,No Small Talk Pt. II,2011-11-07,https://example.com/covers/4149.jpg
4150,1998,LoveBlood,2007-04-05,https://example.com/covers/4150.jpg
4151,1999,Live At Small's Paradise,2018-05-23,https://example.com/covers/4151.jpg
4152,2000,Nonagon Infinity,2015-08-16,https://example.com/covers/4152.jpg
4153,2000,Oddments,2007-10-01,https://example.com/covers/4153.jpg
4154,2000,Paper Mâché Dream Balloon,2014-05-22,https://example.com/covers/4154.jpg
4155,2001,Dancing in the Moonlight,2007-11-30,https://example.com/covers/4155.jpg
4156,2002,Bad Drugs,2015-11-30,https://example.com/covers/4156.jpg
4157,2003,Black Moon Spell,2010-07-17,https://example.com/covers/4157.jpg
4158,2003,Was Dead,2009-10-23,https://example.com/covers/4158.jpg
4159,2004,Declaration Of Dependence,2021-04-22,https://example.com/covers/4159.jpg
4160,2004,Riot On An Empty Street,2014-07-21,https://example.com/covers/4160.jpg
4161,2005,Aha Shake Heartbreak,2016-04-06,https://example.com/covers/4161.jpg
4162,2005,Because Of The Times,2008-09-10,https://example.com/covers/4162.jpg
4163,2005,Can We Please Have Fun,2015-04-30,https://example.com/covers/4163.jpg
4164,2005,Coffeehouse Classics Vol. 1,2014-08-07,https://example.com/covers/4164.jpg
4165,2005,Come Around Sundown,2007-05-30,https://example.com/covers/4165.jpg
4166,2005,Come Around Sundown (Expanded Edition),2008-09-14,https://example.com/covers/4166.jpg
4167,2005,Echoing,2019-10-21,https://example.com/covers/4167.jpg
4168,2005,Mechanical Bull (Expanded Edition),2014-07-04,https://example.com/covers/4168.jpg
4169,2005,Nothing To Do,2015-06-26,https://example.com/covers/4169.jpg
4170,2005,Only By The Night,2006-10-04,https://example.com/covers/4170.jpg
4171,2005,Split Screen,2017-05-03,https://example.com/covers/4171.jpg
4172,2005,"The Bandit / 100,000 People",2012-03-06,https://example.com/covers/4172.jpg
4173,2005,Use Somebody,2011-10-11,https://example.com/covers/4173.jpg
4174,2005,WALLS,2015-07-05,https://example.com/covers/4174.jpg
4175,2005,When You See Yourself,2011-11-10,https://example.com/covers/4175.jpg
4176,2005,Youth And Young Manhood,2010-07-10,https://example.com/covers/4176.jpg
4177,2006,"After Hours, Close To Dawn",2022-01-02,https://example.com/covers/4177.jpg
4178,2007,Omoiyari,2015-09-14,https://example.com/covers/4178.jpg
4179,2008,Barnabas,2021-03-03,https://example.com/covers/4179.jpg
4180,2009,Netzwerk,2019-01-06,https://example.com/covers/4180.jpg
4181,2010,Jubel,2009-11-19,https://example.com/covers/4181.jpg
4182,2010,Jubel (Remixes),2015-10-30,https://example.com/covers/4182.jpg
4183,2010,Losing U (feat. Daylight),2006-07-28,https://example.com/covers/4183.jpg
4184,2010,Pumped Up,2018-03-15,https://example.com/covers/4184.jpg
4185,2010,RIVA (Restart The Game),2013-02-04,https://example.com/covers/4185.jpg
4186,2010,Somewhere New (feat. M-22),2015-05-23,https://example.com/covers/4186.jpg
4187,2010,The Album,2011-08-17,https://example.com/covers/4187.jpg
4188,2011,A Shadow of Something Beautiful (Classical Version),2019-09-17,https://example.com/covers/4188.jpg
4189,2011,Wilderness Exit,2015-01-15,https://example.com/covers/4189.jpg
4190,2012,Coming Up for Air,2010-08-20,https://example.com/covers/4190.jpg
4191,2012,Honest,2007-01-15,https://example.com/covers/4191.jpg
4192,2013,KOKOROKO,2018-02-21,https://example.com/covers/4192.jpg
4193,2014,Best of Loulou Records 2017,2017-10-30,https://example.com/covers/4193.jpg
4194,2015,II. floating leaf,2014-09-18,https://example.com/covers/4194.jpg
4195,2016,Quarterback,2005-10-03,https://example.com/covers/4195.jpg
4196,2016,Talk To Me,2014-06-22,https://example.com/covers/4196.jpg
4197,2017,Love On The Line,2021-09-09,https://example.com/covers/4197.jpg
4198,2018,Outside,2014-06-08,https://example.com/covers/4198.jpg
4199,2019,Back From The Brink: Pre-Revolution Psychedelic Rock From Iran: 1973-1979,2019-09-27,https://example.com/covers/4199.jpg
4200,2020,Come Over,2020-07-05,https://example.com/covers/4200.jpg
4201,2021,Green Book (Original Motion Picture Soundtrack),2013-12-20,https://example.com/covers/4201.jpg
4202,2022,Johnny Cash: Forever Words Expanded,2019-03-11,https://example.com/covers/4202.jpg
4203,2023,Penderecki: Sinfoniettas - Oboe Capriccio,2021-07-20,https://example.com/covers/4203.jpg
4204,2024,Vuelo,2011-05-17,https://example.com/covers/4204.jpg
4205,2025,"A.B. Quintanilla III Presents Kumbia Kings Greatest Hits ""Album Versions""",2018-08-17,https://example.com/covers/4205.jpg
4206,2025,All Mixed Up - Los Remixes,2017-07-01,https://example.com/covers/4206.jpg
4207,2025,Los Remixes 2.0,2017-10-05,https://example.com/covers/4207.jpg
4208,2026,Layers,2014-04-03,https://example.com/covers/4208.jpg
4209,2027,How Lucky,2012-10-01,https://example.com/covers/4209.jpg
4210,2027,"Speed, Sound, Lonely KV (ep)",2021-08-04,https://example.com/covers/4210.jpg
4211,2027,Wakin On A Pretty Daze,2018-08-11,https://example.com/covers/4211.jpg
4212,2028,Walk (feat. Fetty Wap),2006-03-22,https://example.com/covers/4212.jpg
4213,2029,Born To Be Yours,2010-09-28,https://example.com/covers/4213.jpg
4214,2029,Cloud Nine,2011-07-27,https://example.com/covers/4214.jpg
4215,2029,Epsilon,2015-12-27,https://example.com/covers/4215.jpg
4216,2029,Firestone,2012-05-07,https://example.com/covers/4216.jpg
4217,2029,First Time,2011-08-05,https://example.com/covers/4217.jpg
4218,2029,Forever Yours,2018-12-20,https://example.com/covers/4218.jpg
4219,2029,Freedom,2019-12-07,https://example.com/covers/4219.jpg
4220,2029,Golden Hour,2018-08-07,https://example.com/covers/4220.jpg
4221,2029,Happy Now,2015-08-22,https://example.com/covers/4221.jpg
4222,2029,Here for You (feat. Ella Henderson),2007-08-04,https://example.com/covers/4222.jpg
4223,2029,Higher Love,2011-05-09,https://example.com/covers/4223.jpg
4224,2029,It Ain't Me (with Selena Gomez),2015-03-01,https://example.com/covers/4224.jpg
4225,2029,Kids in Love,2015-10-09,https://example.com/covers/4225.jpg
4226,2029,Not Ok,2012-10-03,https://example.com/covers/4226.jpg
4227,2029,Nothing Left (feat. Will Heard),2008-02-26,https://example.com/covers/4227.jpg
4228,2029,Raging (feat. Kodaline),2017-01-23,https://example.com/covers/4228.jpg
4229,2029,Remind Me to Forget,2018-02-12,https://example.com/covers/4229.jpg
4230,2029,Stargazing - EP,2011-05-15,https://example.com/covers/4230.jpg
4231,2029,Stole the Show,2007-01-25,https://example.com/covers/4231.jpg
4232,2030,Cut Your Teeth - Kygo Remix,2013-11-16,https://example.com/covers/4232.jpg
4233,2031,Chelsea Hotel #2,2016-09-01,https://example.com/covers/4233.jpg
4234,2031,Dolls of Highland,2012-07-27,https://example.com/covers/4234.jpg
4235,2031,Full Circle Nightmare,2018-10-31,https://example.com/covers/4235.jpg
4236,2032,I'll Be Home For Christmas,2023-04-12,https://example.com/covers/4236.jpg
4237,2033,Long Overdue,2010-09-04,https://example.com/covers/4237.jpg
4238,2034,Pick Me Up,2019-07-12,https://example.com/covers/4238.jpg
4239,2035,Body Language,2016-12-10,https://example.com/covers/4239.jpg
4240,2036,Matahari,2016-12-12,https://example.com/covers/4240.jpg
4241,2037,Judy,2016-07-08,https://example.com/covers/4241.jpg
4242,2038,Noche triler,2014-04-02,https://example.com/covers/4242.jpg
4243,2039,Learning To Love (Radio Edit),2017-11-10,https://example.com/covers/4243.jpg
4244,2040,Clásicos,2012-09-28,https://example.com/covers/4244.jpg
4245,2041,I Loved You.,2013-11-11,https://example.com/covers/4245.jpg
4246,2041,ILYSB (Ferdinand Weber Remix),2020-08-01,https://example.com/covers/4246.jpg
4247,2041,LANY,2021-03-07,https://example.com/covers/4247.jpg
4248,2041,Make Out,2016-12-23,https://example.com/covers/4248.jpg
4249,2041,Malibu Nights,2019-11-17,https://example.com/covers/4249.jpg
4250,2041,mama's boy,2012-11-16,https://example.com/covers/4250.jpg
4251,2041,up to me / dna [demo],2021-05-27,https://example.com/covers/4251.jpg
4252,2042,the long goodbye,2014-03-02,https://example.com/covers/4252.jpg
4253,2043,Lost on You,2011-11-06,https://example.com/covers/4253.jpg
4254,2044,Disfruté Engañarte,2016-07-15,https://example.com/covers/4254.jpg
4255,2045,Aquí Hay Para Llevar,2023-07-06,https://example.com/covers/4255.jpg
4256,2045,Calidad Y Cantidad,2023-05-04,https://example.com/covers/4256.jpg
4257,2045,Gracias Por Creer,2019-06-16,https://example.com/covers/4257.jpg
4258,2045,Irreversible... 2012,2019-09-20,https://example.com/covers/4258.jpg
4259,2045,Más Adelante,2019-10-14,https://example.com/covers/4259.jpg
4260,2045,Ojos En Blanco,2015-08-18,https://example.com/covers/4260.jpg
4261,2045,Valió La Pena Equivocarme,2019-10-14,https://example.com/covers/4261.jpg
4262,2045,Y Que Quede Claro,2019-06-04,https://example.com/covers/4262.jpg
4263,2046,Doritos Presenta: Music For The Bold Compilado 4,2015-02-28,https://example.com/covers/4263.jpg
4264,2047,Romancero,2017-02-22,https://example.com/covers/4264.jpg
4265,2048,Su Majestad la Brissa Puros Exitos,2013-02-20,https://example.com/covers/4265.jpg
4266,2048,Su Majestad la Brissa la Reata,2019-05-07,https://example.com/covers/4266.jpg
4267,2049,Exitos,2010-07-08,https://example.com/covers/4267.jpg
4268,2049,Todavia,2014-09-14,https://example.com/covers/4268.jpg
4269,2050,Love Paraíso,2021-10-08,https://example.com/covers/4269.jpg
4270,2050,Todo Lo Rico,2018-03-13,https://example.com/covers/4270.jpg
4271,2050,Tu y Yo,2022-10-30,https://example.com/covers/4271.jpg
4272,2050,Óyeme Bien,2016-05-23,https://example.com/covers/4272.jpg
4273,2051,Jaibol,2013-09-23,https://example.com/covers/4273.jpg
4274,2052,LQRA Session #5,2013-10-13,https://example.com/covers/4274.jpg
4275,2053,"Rock En Tu Idioma Sinfónico, Vol.2 (En Vivo)",2015-05-04,https://example.com/covers/4275.jpg
4276,2054,Ojalá,2012-05-24,https://example.com/covers/4276.jpg
4277,2054,¿Quién Nos Va a Salvar?,2016-11-22,https://example.com/covers/4277.jpg
4278,2055,Me Gustan Las Viejas Buenas,2017-09-08,https://example.com/covers/4278.jpg
4279,2056,Lo Que Te Conte Mientras Te Hacias La Dormida,2019-01-23,https://example.com/covers/4279.jpg
4280,2056,París,2012-12-18,https://example.com/covers/4280.jpg
4281,2057,Flores De Alquiler,2013-04-03,https://example.com/covers/4281.jpg
4282,2057,Personalidad,2008-07-27,https://example.com/covers/4282.jpg
4283,2058,Cumbias Para Bailar,2016-03-19,https://example.com/covers/4283.jpg
4284,2059,Más Ternura De La Sonora Matancera,2014-02-19,https://example.com/covers/4284.jpg
4285,2060,La Gran Colección del 60 Aniversario CBS - Sonora Santanera,2020-07-09,https://example.com/covers/4285.jpg
4286,2060,La Guapachosa Sonora Santanera,2015-11-04,https://example.com/covers/4286.jpg
4287,2061,Rock en Tu Idioma Sinfónico,2014-05-31,https://example.com/covers/4287.jpg
4288,2062,Electronic Earth,2013-06-04,https://example.com/covers/4288.jpg
4289,2062,Jealous,2011-08-29,https://example.com/covers/4289.jpg
4290,2063,Dow Cabin,2022-09-13,https://example.com/covers/4290.jpg
4291,2064,Live At The Ziggodome 2015,2006-04-20,https://example.com/covers/4291.jpg
4292,2065,Need You Now,2013-10-15,https://example.com/covers/4292.jpg
4293,2065,Own The Night,2011-01-07,https://example.com/covers/4293.jpg
4294,2066,A Star Is Born Soundtrack,2011-12-07,https://example.com/covers/4294.jpg
4295,2066,Born This Way,2019-07-24,https://example.com/covers/4295.jpg
4296,2066,Joanne,2011-06-20,https://example.com/covers/4296.jpg
4297,2067,I Wish I Knew,2016-04-01,https://example.com/covers/4297.jpg
4298,2068,Bad Self Portraits,2018-04-04,https://example.com/covers/4298.jpg
4299,2068,Side Pony,2016-01-12,https://example.com/covers/4299.jpg
4300,2069,Déjate Querer,2018-03-30,https://example.com/covers/4300.jpg
4301,2070,Born To Die - The Paradise Edition,2007-05-02,https://example.com/covers/4301.jpg
4302,2070,Chemtrails Over The Country Club,2014-03-24,https://example.com/covers/4302.jpg
4303,2070,Lust For Life,2008-11-13,https://example.com/covers/4303.jpg
4304,2070,Lust for Life (with The Weeknd),2010-04-19,https://example.com/covers/4304.jpg
4305,2070,Norman Fucking Rockwell!,2014-04-21,https://example.com/covers/4305.jpg
4306,2070,Paradise,2008-08-02,https://example.com/covers/4306.jpg
4307,2070,Ride,2009-12-24,https://example.com/covers/4307.jpg
4308,2070,Summertime Sadness (Lana Del Rey Vs. Cedric Gervais),2015-12-11,https://example.com/covers/4308.jpg
4309,2070,Ultraviolence,2006-06-05,https://example.com/covers/4309.jpg
4310,2070,Young And Beautiful,2004-09-02,https://example.com/covers/4310.jpg
4311,2071,Lost At Last Vol. 1,2015-12-26,https://example.com/covers/4311.jpg
4312,2071,The Spirit Moves,2018-09-22,https://example.com/covers/4312.jpg
4313,2072,Holy Ghost Fire,2012-04-08,https://example.com/covers/4313.jpg
4314,2073,Cadiz,2020-09-16,https://example.com/covers/4314.jpg
4315,2074,Lilac,2013-02-06,https://example.com/covers/4315.jpg
4316,2075,Zoom - Single,2012-12-21,https://example.com/covers/4316.jpg
4317,2076,Make It Stay (Gerd Janson Remix),2023-04-25,https://example.com/covers/4317.jpg
4318,2077,Spotify Singles Holiday,2024-05-23,https://example.com/covers/4318.jpg
4319,2078,Self Control,2017-12-12,https://example.com/covers/4319.jpg
4320,2079,Begging,2017-10-29,https://example.com/covers/4320.jpg
4321,2080,The Sun Terrace,2018-08-12,https://example.com/covers/4321.jpg
4322,2080,ti manchi,2014-10-16,https://example.com/covers/4322.jpg
4323,2081,BAD TIME GOOD TIME,2014-12-26,https://example.com/covers/4323.jpg
4324,2082,20 The Greatest Hits,2013-11-30,https://example.com/covers/4324.jpg
4325,2082,Laura Xmas,2008-01-04,https://example.com/covers/4325.jpg
4326,2083,Canciones Chiquitas,2022-10-16,https://example.com/covers/4326.jpg
4327,2084,Lauren Alaina – American Idol Season 10,2014-05-31,https://example.com/covers/4327.jpg
4328,2085,Pillow Hymn,2016-11-30,https://example.com/covers/4328.jpg
4329,2086,Drugs & The Internet,2016-06-16,https://example.com/covers/4329.jpg
4330,2086,~how i'm feeling~,2019-02-11,https://example.com/covers/4330.jpg
4331,2087,Seed of Perfection,2021-11-18,https://example.com/covers/4331.jpg
4332,2088,Lies,2015-12-16,https://example.com/covers/4332.jpg
4333,2089,Breakfast,2017-06-17,https://example.com/covers/4333.jpg
4334,2090,Chant Darling,2012-01-30,https://example.com/covers/4334.jpg
4335,2091,Kitsuné Soleil Mix by Cesare,2017-10-20,https://example.com/covers/4335.jpg
4336,2092,Wherever You Will Go,2016-05-07,https://example.com/covers/4336.jpg
4337,2093,Houses of the Holy,2008-05-04,https://example.com/covers/4337.jpg
4338,2093,In Through the out Door,2008-08-09,https://example.com/covers/4338.jpg
4339,2093,Led Zeppelin,2013-09-20,https://example.com/covers/4339.jpg
4340,2093,Led Zeppelin II,2015-06-24,https://example.com/covers/4340.jpg
4341,2093,Led Zeppelin III,2016-03-25,https://example.com/covers/4341.jpg
4342,2093,Led Zeppelin IV,2007-05-31,https://example.com/covers/4342.jpg
4343,2093,Physical Graffiti,2009-09-07,https://example.com/covers/4343.jpg
4344,2094,I Don't Dance,2010-09-04,https://example.com/covers/4344.jpg
4345,2095,The Essential Lee Dorsey,2020-11-30,https://example.com/covers/4345.jpg
4346,2096,It Rains Love,2021-02-07,https://example.com/covers/4346.jpg
4347,2097,Strung Out On Something New: The Reprise Recordings,2012-01-15,https://example.com/covers/4347.jpg
4348,2098,Moments Of Passion,2012-09-24,https://example.com/covers/4348.jpg
4349,2099,Moanin',2014-04-29,https://example.com/covers/4349.jpg
4350,2099,The Best Of Lee Morgan,2007-08-03,https://example.com/covers/4350.jpg
4351,2100,Time and Place (Digitally Remastered),2019-01-26,https://example.com/covers/4351.jpg
4352,2101,Night Train to Memphis,2011-03-12,https://example.com/covers/4352.jpg
4353,2102,Y Que No y Que Tal,2019-04-22,https://example.com/covers/4353.jpg
4354,2103,Tocando Arena,2015-04-29,https://example.com/covers/4354.jpg
4355,2104,Destino,2021-07-04,https://example.com/covers/4355.jpg
4356,2105,Jazz And The Movies,2006-01-19,https://example.com/covers/4356.jpg
4357,2106,Long Blue Light,2018-12-08,https://example.com/covers/4357.jpg
4358,2106,New Ways,2020-05-04,https://example.com/covers/4358.jpg
4359,2107,Nuclear,2015-10-05,https://example.com/covers/4359.jpg
4360,2107,Partido a Partido,2016-06-21,https://example.com/covers/4360.jpg
4361,2108,LemonJelly.ky,2018-07-02,https://example.com/covers/4361.jpg
4362,2109,Yo Ya No Vuelvo Contigo,2020-04-06,https://example.com/covers/4362.jpg
4363,2110,The Bridges Of Madison County Original Sound Track,2022-03-14,https://example.com/covers/4363.jpg
4364,2110,Unforgiven,2004-06-09,https://example.com/covers/4364.jpg
4365,2110,Unforgiven - Original Motion Picture Soundtrack,2013-02-18,https://example.com/covers/4365.jpg
4366,2111,En Otra Parte,2021-07-13,https://example.com/covers/4366.jpg
4367,2112,"One Guitar, No Vocals",2017-05-09,https://example.com/covers/4367.jpg
4368,2113,Bordeaux,2019-08-31,https://example.com/covers/4368.jpg
4369,2114,Little Brook,2016-08-02,https://example.com/covers/4369.jpg
4370,2115,Coming Home,2007-04-27,https://example.com/covers/4370.jpg
4371,2115,Inside Friend (feat. John Mayer),2020-02-23,https://example.com/covers/4371.jpg
4372,2116,"Christmas, With Love",2019-09-24,https://example.com/covers/4372.jpg
4373,2117,Aria “Morning. Good Morning”,2014-07-21,https://example.com/covers/4373.jpg
4374,2118,Songs Of Leonard Cohen,2018-07-21,https://example.com/covers/4374.jpg
4375,2119,Believe,2013-11-23,https://example.com/covers/4375.jpg
4376,2119,Ferreyra,2014-08-16,https://example.com/covers/4376.jpg
4377,2120,Amor Futuro,2015-02-21,https://example.com/covers/4377.jpg
4378,2120,El Fin del Mundo / El Mejor Hombre Que Hay,2016-09-13,https://example.com/covers/4378.jpg
4379,2120,Todas Mías...,2012-11-15,https://example.com/covers/4379.jpg
4380,2121,"Collaborations, Vol. 2",2014-08-22,https://example.com/covers/4380.jpg
4381,2122,Lo Mejor\Peor de Les Luthiers,2015-05-01,https://example.com/covers/4381.jpg
4382,2123,Les Misérables (10th Anniversary Concert Live at Royal Albert Hall),2015-03-30,https://example.com/covers/4382.jpg
4383,2124,Les Misérables (In Concert at the Royal Albert Hall),2007-05-23,https://example.com/covers/4383.jpg
4384,2125,Les Misérables (Highlights from the Complete Symphonic Recording),2012-09-26,https://example.com/covers/4384.jpg
4385,2125,Les Misérables: The Complete Symphonic Recording,2014-03-29,https://example.com/covers/4385.jpg
4386,2126,Les Misérables (Manchester Cast Recording) (Highlights),2016-01-13,https://example.com/covers/4386.jpg
4387,2127,Les Misérables (Original 1985 London Cast Recording),2013-07-04,https://example.com/covers/4387.jpg
4388,2127,Les Misérables (Original London Cast Recording Highlights),2016-10-08,https://example.com/covers/4388.jpg
4389,2128,Valse de la Rose,2017-01-15,https://example.com/covers/4389.jpg
4390,2129,La Vie En Rose,2015-09-20,https://example.com/covers/4390.jpg
4391,2130,Sofrito: Tropical Discotheque,2014-10-01,https://example.com/covers/4391.jpg
4392,2131,Duro y Suave,2012-07-11,https://example.com/covers/4392.jpg
4393,2132,Simply Christmas,2011-06-03,https://example.com/covers/4393.jpg
4394,2133,Havana Vieja,2015-05-22,https://example.com/covers/4394.jpg
4395,2134,Girasoles para ti,2021-05-30,https://example.com/covers/4395.jpg
4396,2134,La Casa Azul,2014-12-21,https://example.com/covers/4396.jpg
4397,2135,Forget Me,2018-10-24,https://example.com/covers/4397.jpg
4398,2136,EP,2016-08-04,https://example.com/covers/4398.jpg
4399,2137,Dancy Party,2015-12-29,https://example.com/covers/4399.jpg
4400,2137,Sonic Poems,2021-06-25,https://example.com/covers/4400.jpg
4401,2138,Holly Jolly Christmas,2016-09-12,https://example.com/covers/4401.jpg
4402,2139,Lez Zeppelin,2012-01-24,https://example.com/covers/4402.jpg
4403,2140,Voluma,2018-05-30,https://example.com/covers/4403.jpg
4404,2141,The River Song (Dream Nr. 1),2016-05-24,https://example.com/covers/4404.jpg
4405,2142,Definitely NOW,2018-10-22,https://example.com/covers/4405.jpg
4406,2143,Acoustic Sessions,2010-12-29,https://example.com/covers/4406.jpg
4407,2143,All You're Dreaming Of,2012-02-16,https://example.com/covers/4407.jpg
4408,2143,As You Were,2013-08-23,https://example.com/covers/4408.jpg
4409,2143,Chinatown,2012-08-09,https://example.com/covers/4409.jpg
4410,2143,Everything's Electric,2020-12-06,https://example.com/covers/4410.jpg
4411,2143,Fire & Skill - The Songs Of The Jam,2016-01-21,https://example.com/covers/4411.jpg
4412,2143,For What It's Worth,2009-09-20,https://example.com/covers/4412.jpg
4413,2143,One of Us,2014-10-12,https://example.com/covers/4413.jpg
4414,2143,Wall of Glass,2008-05-29,https://example.com/covers/4414.jpg
4415,2143,Why Me? Why Not.,2015-01-07,https://example.com/covers/4415.jpg
4416,2144,Familiar,2017-04-23,https://example.com/covers/4416.jpg
4417,2145,Satellites,2021-12-13,https://example.com/covers/4417.jpg
4418,2146,The Collection,2023-04-12,https://example.com/covers/4418.jpg
4419,2147,Blood,2016-03-25,https://example.com/covers/4419.jpg
4420,2148,Almeria,2011-12-27,https://example.com/covers/4420.jpg
4421,2148,Flight,2011-12-22,https://example.com/covers/4421.jpg
4422,2148,Lifehouse,2017-05-04,https://example.com/covers/4422.jpg
4423,2148,Lifehouse / No Name Face / Stanley Climbfall,2011-11-10,https://example.com/covers/4423.jpg
4424,2148,No Name Face,2015-12-24,https://example.com/covers/4424.jpg
4425,2148,Smoke & Mirrors,2012-09-20,https://example.com/covers/4425.jpg
4426,2148,Who We Are,2009-04-08,https://example.com/covers/4426.jpg
4427,2149,1949-1950,2016-03-08,https://example.com/covers/4427.jpg
4428,2149,The Roots of Led Zeppelin,2012-01-23,https://example.com/covers/4428.jpg
4429,2150,Chronicle,2008-12-21,https://example.com/covers/4429.jpg
4430,2151,Dame una señal,2017-05-12,https://example.com/covers/4430.jpg
4431,2152,Yes or No (feat. IV JAY),2016-02-14,https://example.com/covers/4431.jpg
4432,2153,BLACKOUT,2014-09-06,https://example.com/covers/4432.jpg
4433,2154,MONTERO,2017-03-23,https://example.com/covers/4433.jpg
4434,2155,I Am Not A Human Being II,2013-08-21,https://example.com/covers/4434.jpg
4435,2155,Spider-Man: Into the Spider-Verse,2016-01-07,https://example.com/covers/4435.jpg
4436,2155,Tha Carter III,2010-07-15,https://example.com/covers/4436.jpg
4437,2155,Tha Carter IV,2013-05-19,https://example.com/covers/4437.jpg
4438,2156,Let’s Start Here.,2015-11-09,https://example.com/covers/4438.jpg
4439,2157,Prayer,2012-05-27,https://example.com/covers/4439.jpg
4440,2158,Paraíso,2018-07-15,https://example.com/covers/4440.jpg
4441,2159,11 rue Beauvau,2015-04-03,https://example.com/covers/4441.jpg
4442,2160,"Alright, Still",2008-02-20,https://example.com/covers/4442.jpg
4443,2160,Somewhere Only We Know,2007-05-18,https://example.com/covers/4443.jpg
4444,2161,Mamma Mia! Here We Go Again,2013-11-17,https://example.com/covers/4444.jpg
4445,2162,Addicted to the Sunshine,2011-08-24,https://example.com/covers/4445.jpg
4446,2163,Cry Like a Rainstorm Howl Like the Wind,2021-03-20,https://example.com/covers/4446.jpg
4447,2164,Live at the Bass Performance Hall,2019-10-02,https://example.com/covers/4447.jpg
4448,2165,Link Wray,2015-07-13,https://example.com/covers/4448.jpg
4449,2166,A Thousand Suns,2015-05-31,https://example.com/covers/4449.jpg
4450,2166,Hybrid Theory,2011-05-27,https://example.com/covers/4450.jpg
4451,2166,Meteora,2006-12-23,https://example.com/covers/4451.jpg
4452,2166,Minutes to Midnight,2011-09-12,https://example.com/covers/4452.jpg
4453,2166,New Divide,2015-05-22,https://example.com/covers/4453.jpg
4454,2166,One More Light,2009-06-02,https://example.com/covers/4454.jpg
4455,2167,Happy Now,2014-05-31,https://example.com/covers/4455.jpg
4456,2168,Calypso Carnival (1935 - 1939),2011-09-03,https://example.com/covers/4456.jpg
4457,2169,Stardust,2014-11-05,https://example.com/covers/4457.jpg
4458,2170,A Place In The Sun,2015-08-29,https://example.com/covers/4458.jpg
4459,2171,El Coche de la Lora,2013-01-23,https://example.com/covers/4459.jpg
4460,2172,Faith Presents TK Disco,2021-07-27,https://example.com/covers/4460.jpg
4461,2173,It's Beginning to Look a Lot Like Christmas,2019-09-20,https://example.com/covers/4461.jpg
4462,2173,It's The Most Wonderful Time Of The Year,2019-07-09,https://example.com/covers/4462.jpg
4463,2174,The John Wayne,2015-03-22,https://example.com/covers/4463.jpg
4464,2175,Disco de Oro,2015-02-08,https://example.com/covers/4464.jpg
4465,2175,Río Salvaje,2021-09-17,https://example.com/covers/4465.jpg
4466,2175,Se Fue,2016-10-10,https://example.com/covers/4466.jpg
4467,2176,Little Joy,2017-03-18,https://example.com/covers/4467.jpg
4468,2177,Black Magic,2014-03-27,https://example.com/covers/4468.jpg
4469,2177,Salute (The Deluxe Edition),2008-11-02,https://example.com/covers/4469.jpg
4470,2178,Good Golly!,2012-06-24,https://example.com/covers/4470.jpg
4471,2178,King Of Rock And Roll,2011-12-26,https://example.com/covers/4471.jpg
4472,2178,The Essential Little Richard,2015-05-01,https://example.com/covers/4472.jpg
4473,2178,The Georgia Peach,2015-07-03,https://example.com/covers/4473.jpg
4474,2178,The Rill Thing,2012-06-03,https://example.com/covers/4474.jpg
4475,2178,"The Very Best Of ""Little Richard""",2010-02-26,https://example.com/covers/4475.jpg
4476,2179,Men Without Women,2018-09-05,https://example.com/covers/4476.jpg
4477,2180,His Best,2016-02-16,https://example.com/covers/4477.jpg
4478,2181,Kenopsia,2017-02-14,https://example.com/covers/4478.jpg
4479,2182,Painted Image,2019-03-28,https://example.com/covers/4479.jpg
4480,2183,About Damn Time,2023-04-27,https://example.com/covers/4480.jpg
4481,2183,Special,2018-11-18,https://example.com/covers/4481.jpg
4482,2184,five seconds flat,2019-08-10,https://example.com/covers/4482.jpg
4483,2185,Slow Wine Bass Line (feat. Teddy Riley),2019-08-05,https://example.com/covers/4483.jpg
4484,2185,TRU - LP,2018-07-16,https://example.com/covers/4484.jpg
4485,2186,Fear Is Far Away,2019-09-09,https://example.com/covers/4485.jpg
4486,2186,The Good Choice,2017-07-13,https://example.com/covers/4486.jpg
4487,2187,Let the Sun In,2021-01-14,https://example.com/covers/4487.jpg
4488,2188,Logan Ledger,2012-02-15,https://example.com/covers/4488.jpg
4489,2189,101 Rancheras de Amor y Odio,2018-05-11,https://example.com/covers/4489.jpg
4490,2189,Serie Diamante,2015-09-22,https://example.com/covers/4490.jpg
4491,2190,High Highs to Low Lows,2012-10-15,https://example.com/covers/4491.jpg
4492,2191,"Bizet: Carmen, Opera Suite",2015-10-25,https://example.com/covers/4492.jpg
4493,2192,Love At The Musicals,2016-07-04,https://example.com/covers/4493.jpg
4494,2193,The Alligator Records 20th Anniversary Tour,2017-01-20,https://example.com/covers/4494.jpg
4495,2194,Born Again In The USA,2017-08-12,https://example.com/covers/4495.jpg
4496,2195,Balmoral,2019-01-14,https://example.com/covers/4496.jpg
4497,2195,Heroes De Los 80,2020-05-16,https://example.com/covers/4497.jpg
4498,2196,13 Reasons Why,2020-12-23,https://example.com/covers/4498.jpg
4499,2196,Lonesome Dreams,2012-01-08,https://example.com/covers/4499.jpg
4500,2196,Spotify Singles,2013-12-03,https://example.com/covers/4500.jpg
4501,2196,Strange Trails,2011-11-02,https://example.com/covers/4501.jpg
4502,2197,Green Light,2017-01-24,https://example.com/covers/4502.jpg
4503,2197,"Homemade Dynamite (Feat. Khalid, Post Malone & SZA) [REMIX]",2016-04-09,https://example.com/covers/4503.jpg
4504,2197,Liability,2010-12-20,https://example.com/covers/4504.jpg
4505,2197,Melodrama,2013-07-15,https://example.com/covers/4505.jpg
4506,2197,Pure Heroine,2014-10-30,https://example.com/covers/4506.jpg
4507,2197,Solar Power,2011-09-20,https://example.com/covers/4507.jpg
4508,2197,Stoned at the Nail Salon,2020-12-23,https://example.com/covers/4508.jpg
4509,2197,Yellow Flicker Beat,2012-06-04,https://example.com/covers/4509.jpg
4510,2198,The Greatest Showman (Original Motion Picture Soundtrack),2013-03-26,https://example.com/covers/4510.jpg
4511,2199,Sigue Haciendo Leyenda (En Vivo Desde el Palenque de Hermosillo Sonora),2013-05-02,https://example.com/covers/4511.jpg
4512,2200,Happy end,2019-06-14,https://example.com/covers/4512.jpg
4513,2201,Nardis,2014-06-08,https://example.com/covers/4513.jpg
4514,2202,Numbered Doors,2017-12-16,https://example.com/covers/4514.jpg
4515,2203,Twist,2019-03-29,https://example.com/covers/4515.jpg
4516,2204,"Boleros Tríos, Vol. 1",2015-03-04,https://example.com/covers/4516.jpg
4517,2205,Arepa 3000,2019-03-29,https://example.com/covers/4517.jpg
4518,2205,Commercial,2018-04-27,https://example.com/covers/4518.jpg
4519,2205,Cool Love,2014-02-13,https://example.com/covers/4519.jpg
4520,2205,El Paradise,2016-07-26,https://example.com/covers/4520.jpg
4521,2205,El Paradise (Extended),2011-07-10,https://example.com/covers/4521.jpg
4522,2205,Repeat After Me,2015-05-02,https://example.com/covers/4522.jpg
4523,2205,The New Sound of the Venezuelan Gozadera,2021-12-25,https://example.com/covers/4523.jpg
4524,2206,Los Originales Vol. 3,2013-02-09,https://example.com/covers/4524.jpg
4525,2207,Quentin Tarantino's Once Upon a Time in Hollywood Original Motion Picture Soundtrack,2018-09-16,https://example.com/covers/4525.jpg
4526,2208,Los Buitres Con Tololoche,2016-09-05,https://example.com/covers/4526.jpg
4527,2209,Mi Fantasia,2014-02-04,https://example.com/covers/4527.jpg
4528,2209,Si Me Recuerdas,2016-01-23,https://example.com/covers/4528.jpg
4529,2209,Y Para Siempre ...,2012-09-08,https://example.com/covers/4529.jpg
4530,2210,La Velocidad de la Luz,2016-07-08,https://example.com/covers/4530.jpg
4531,2211,"Hold on Now, Youngster...",2013-06-23,https://example.com/covers/4531.jpg
4532,2212,Camino a Encontrarte (Edición Especial),2012-06-08,https://example.com/covers/4532.jpg
4533,2212,"Centro, Sur Y Al Otro Lado",2021-01-27,https://example.com/covers/4533.jpg
4534,2212,Maldita Felicidad,2013-01-11,https://example.com/covers/4534.jpg
4535,2212,Me Muero Contigo,2009-04-23,https://example.com/covers/4535.jpg
4536,2212,Me Voy a Tomar la Noche (Choster + Bzars Remix),2016-04-07,https://example.com/covers/4536.jpg
4537,2212,Quería Volverte a Ver,2022-01-16,https://example.com/covers/4537.jpg
4538,2212,Sin Ganga,2008-07-02,https://example.com/covers/4538.jpg
4539,2212,Un Día de Sol,2011-02-20,https://example.com/covers/4539.jpg
4540,2213,Región 4,2015-05-03,https://example.com/covers/4540.jpg
4541,2214,Coleccion Original,2016-12-09,https://example.com/covers/4541.jpg
4542,2215,Hits Of The 90s,2017-01-22,https://example.com/covers/4542.jpg
4543,2216,Big Bang,2013-02-16,https://example.com/covers/4543.jpg
4544,2216,Contrareloj,2018-12-11,https://example.com/covers/4544.jpg
4545,2216,En Vivo,2017-02-13,https://example.com/covers/4545.jpg
4546,2216,Nectar,2013-09-02,https://example.com/covers/4546.jpg
4547,2216,Originales - 20 Exitos,2011-04-03,https://example.com/covers/4547.jpg
4548,2217,Fabulosos Calavera,2022-04-12,https://example.com/covers/4548.jpg
4549,2218,Bien Servida,2014-10-27,https://example.com/covers/4549.jpg
4550,2219,Loca Pasión,2018-12-19,https://example.com/covers/4550.jpg
4551,2220,Arrempujala Arremangala,2013-06-23,https://example.com/covers/4551.jpg
4552,2221,Los Legendarios 001,2018-07-17,https://example.com/covers/4552.jpg
4553,2222,How Will the Wolf Survive?,2014-03-02,https://example.com/covers/4553.jpg
4554,2222,Los Lobos Goes Disney,2020-05-11,https://example.com/covers/4554.jpg
4555,2223,Los Lonely Boys,2011-05-08,https://example.com/covers/4555.jpg
4556,2224,Adelante (Versión Deluxe),2021-09-04,https://example.com/covers/4556.jpg
4557,2225,Soundamerica,2015-07-19,https://example.com/covers/4557.jpg
4558,2226,2 Veces,2022-04-05,https://example.com/covers/4558.jpg
4559,2227,Maldita Cachá,2017-01-21,https://example.com/covers/4559.jpg
4560,2228,"Palabras más, palabras menos",2014-11-11,https://example.com/covers/4560.jpg
4561,2229,4 Canciones,2013-03-27,https://example.com/covers/4561.jpg
4562,2230,Hombre,2012-12-13,https://example.com/covers/4562.jpg
4563,2230,Jet Set,2013-06-02,https://example.com/covers/4563.jpg
4564,2231,Rosales,2019-07-09,https://example.com/covers/4564.jpg
4565,2232,Yo Quiero Chupar1,2011-06-14,https://example.com/covers/4565.jpg
4566,2233,12 Grandes exitos Vol. 1,2016-09-12,https://example.com/covers/4566.jpg
4567,2233,Los Tecolines: Bolero Romantico,2022-07-18,https://example.com/covers/4567.jpg
4568,2234,Latin Funk All-Stars,2016-04-03,https://example.com/covers/4568.jpg
4569,2235,Gracias America Sin Fronteras,2016-01-25,https://example.com/covers/4569.jpg
4570,2235,Jefe De Jefes,2016-05-04,https://example.com/covers/4570.jpg
4571,2235,La Prisión De Folsom (Folsom Prison Blues),2017-05-24,https://example.com/covers/4571.jpg
4572,2236,15 Exitos,2015-05-27,https://example.com/covers/4572.jpg
4573,2236,Los Locos Del Corrido,2016-04-06,https://example.com/covers/4573.jpg
4574,2237,Los Tres Caballeros,2017-06-19,https://example.com/covers/4574.jpg
4575,2238,Me Robaste El Corazon,2013-02-26,https://example.com/covers/4575.jpg
4576,2238,Para Tucancillos y Tucancillas,2018-01-19,https://example.com/covers/4576.jpg
4577,2238,Siempre Contigo - En Vivo,2012-04-01,https://example.com/covers/4577.jpg
4578,2239,Amor a Primera Vista,2015-01-07,https://example.com/covers/4578.jpg
4579,2239,Esto Sí Es Cumbia,2020-07-17,https://example.com/covers/4579.jpg
4580,2239,Inolvidables,2015-10-16,https://example.com/covers/4580.jpg
4581,2239,Una Lluvia De Rosas,2015-07-21,https://example.com/covers/4581.jpg
4582,2240,Are You With Me,2009-12-05,https://example.com/covers/4582.jpg
4583,2240,"Armada Sunset, Vol. 2",2015-05-08,https://example.com/covers/4583.jpg
4584,2240,Reality (feat. Janieck Devy),2014-03-20,https://example.com/covers/4584.jpg
4585,2240,Sun Is Shining,2012-04-04,https://example.com/covers/4585.jpg
4586,2241,A Little Bit of Mambo,2014-12-04,https://example.com/covers/4586.jpg
4587,2242,"Soul Treasures of Amy, Mala, & Bell Records (1963-1969)",2019-05-31,https://example.com/covers/4587.jpg
4588,2243,The Very Best Of Lou Rawls,2015-08-20,https://example.com/covers/4588.jpg
4589,2244,American Poet,2013-07-23,https://example.com/covers/4589.jpg
4590,2244,Berlin,2007-10-27,https://example.com/covers/4590.jpg
4591,2244,Coney Island Baby,2015-01-04,https://example.com/covers/4591.jpg
4592,2244,Lou Reed,2014-06-30,https://example.com/covers/4592.jpg
4593,2244,New York,2007-04-20,https://example.com/covers/4593.jpg
4594,2244,Rock 'n' Roll Animal (Live),2009-05-27,https://example.com/covers/4594.jpg
4595,2244,Sally Can't Dance,2007-11-28,https://example.com/covers/4595.jpg
4596,2244,The Blue Mask,2010-10-26,https://example.com/covers/4596.jpg
4597,2244,Transformer,2010-09-15,https://example.com/covers/4597.jpg
4598,2245,Body,2022-09-13,https://example.com/covers/4598.jpg
4599,2245,Nights Like This,2013-10-30,https://example.com/covers/4599.jpg
4600,2246,Attempted Mustache,2015-04-05,https://example.com/covers/4600.jpg
4601,2247,All Time Greatest Hits,2008-09-15,https://example.com/covers/4601.jpg
4602,2247,By Popular Demand,2012-12-11,https://example.com/covers/4602.jpg
4603,2247,Louis Armstrong Plays W. C. Handy,2015-08-08,https://example.com/covers/4603.jpg
4604,2247,Louis Wishes You a Cool Yule,2018-03-22,https://example.com/covers/4604.jpg
4605,2247,Put ‘Em Down Blues,2017-09-04,https://example.com/covers/4605.jpg
4606,2247,Satchmo At Symphony Hall,2012-03-20,https://example.com/covers/4606.jpg
4607,2247,Satchmo At Symphony Hall 65th Anniversary: The Complete Performances,2008-01-24,https://example.com/covers/4607.jpg
4608,2247,Satchmo: The Decca And Verve Years 1924-1967,2019-12-14,https://example.com/covers/4608.jpg
4609,2247,The Best Of The Decca Years Volume One: The Singer,2013-08-08,https://example.com/covers/4609.jpg
4610,2247,The Complete Louis Armstrong - Duke Ellington Sessions,2010-08-11,https://example.com/covers/4610.jpg
4611,2247,What A Wonderful World,2015-10-06,https://example.com/covers/4611.jpg
4612,2248,Time,2016-12-08,https://example.com/covers/4612.jpg
4613,2249,Pretty Ballad,2020-07-05,https://example.com/covers/4613.jpg
4614,2250,It's Strange (feat. K.Flay),2006-01-17,https://example.com/covers/4614.jpg
4615,2251,French Cello Sonatas,2017-01-26,https://example.com/covers/4615.jpg
4616,2252,Here On My Own Again,2019-06-05,https://example.com/covers/4616.jpg
4617,2252,Una Nueva Frontera,2018-09-12,https://example.com/covers/4617.jpg
4618,2253,Reel To Real,2018-06-23,https://example.com/covers/4618.jpg
4619,2254,Love and Theft,2016-04-19,https://example.com/covers/4619.jpg
4620,2255,V.E.H.N.,2020-06-01,https://example.com/covers/4620.jpg
4621,2256,DNA,2022-07-15,https://example.com/covers/4621.jpg
4622,2257,Hi Honey,2014-11-22,https://example.com/covers/4622.jpg
4623,2258,Ballade Pour Adeline,2013-09-10,https://example.com/covers/4623.jpg
4624,2259,Carry Me,2019-10-22,https://example.com/covers/4624.jpg
4625,2260,A Escondidas,2014-03-24,https://example.com/covers/4625.jpg
4626,2260,Dame Su Lugar,2017-10-07,https://example.com/covers/4626.jpg
4627,2260,Domingo en la Mañana,2014-03-04,https://example.com/covers/4627.jpg
4628,2260,Me Gustas Tú,2007-03-24,https://example.com/covers/4628.jpg
4629,2260,Mi Vida Eres Tú,2016-01-12,https://example.com/covers/4629.jpg
4630,2260,Modo Ofendida,2018-09-21,https://example.com/covers/4630.jpg
4631,2260,Pasaporte,2012-12-01,https://example.com/covers/4631.jpg
4632,2260,Privilegio,2016-03-23,https://example.com/covers/4632.jpg
4633,2260,Voy a Ti,2009-08-19,https://example.com/covers/4633.jpg
4634,2261,Por Siempre Boleros,2022-01-13,https://example.com/covers/4634.jpg
4635,2262,Liszt Inspections,2022-04-08,https://example.com/covers/4635.jpg
4636,2263,A Song to Remember,2016-05-20,https://example.com/covers/4636.jpg
4637,2263,Pavarotti & Friends For The Children Of Liberia,2017-08-28,https://example.com/covers/4637.jpg
4638,2263,Rigoletto - Highlights,2019-04-09,https://example.com/covers/4638.jpg
4639,2264,Cosa Faremo Da Grandi?,2021-05-11,https://example.com/covers/4639.jpg
4640,2265,Dalla,2014-09-22,https://example.com/covers/4640.jpg
4641,2265,Dolce Vita,2016-05-23,https://example.com/covers/4641.jpg
4642,2265,Storie Di Casa Mia,2018-11-20,https://example.com/covers/4642.jpg
4643,2266,Wildewoman,2011-03-17,https://example.com/covers/4643.jpg
4644,2267,Candydrip,2021-04-24,https://example.com/covers/4644.jpg
4645,2268,Road Between,2011-12-31,https://example.com/covers/4645.jpg
4646,2269,Back For The First Time,2017-04-23,https://example.com/covers/4646.jpg
4647,2270,Divenire,2018-01-28,https://example.com/covers/4647.jpg
4648,2270,Eden Roc,2019-05-11,https://example.com/covers/4648.jpg
4649,2270,Elements,2019-10-24,https://example.com/covers/4649.jpg
4650,2270,Emotions,2018-10-12,https://example.com/covers/4650.jpg
4651,2270,In A Time Lapse,2013-06-03,https://example.com/covers/4651.jpg
4652,2270,Islands - Essential Einaudi,2021-05-07,https://example.com/covers/4652.jpg
4653,2270,Natural Light,2022-05-07,https://example.com/covers/4653.jpg
4654,2270,Seven Days Walking,2020-06-07,https://example.com/covers/4654.jpg
4655,2270,Una Mattina,2020-01-07,https://example.com/covers/4655.jpg
4656,2270,Underwater,2014-04-09,https://example.com/covers/4656.jpg
4657,2270,Undiscovered,2016-01-04,https://example.com/covers/4657.jpg
4658,2271,The Mandalorian: Chapter 1,2014-04-01,https://example.com/covers/4658.jpg
4659,2272,Beethoven & Schumann: Piano Quartets,2017-07-06,https://example.com/covers/4659.jpg
4660,2272,Beethoven Greatest Hits,2017-06-11,https://example.com/covers/4660.jpg
4661,2272,Fantasia 2000,2016-10-18,https://example.com/covers/4661.jpg
4662,2272,"The Complete National Anthems of the World (2019 Edition), Vol. 4",2014-03-17,https://example.com/covers/4662.jpg
4663,2273,Baroque Favourites,2016-10-08,https://example.com/covers/4663.jpg
4664,2273,"Boccherini: Complete Symphonies, Vol. 2",2015-06-21,https://example.com/covers/4664.jpg
4665,2273,"Boccherini: Guitar Quintets, Vol. 3",2021-03-18,https://example.com/covers/4665.jpg
4666,2273,Boccherini: La musica notturna delle strade di Madrid,2019-05-22,https://example.com/covers/4666.jpg
4667,2273,Boccherini: Stabat Mater,2019-02-09,https://example.com/covers/4667.jpg
4668,2273,"Luigi Boccherini: Fandango, Sinfonie & La Musica Notturna Di Madrid",2016-03-21,https://example.com/covers/4668.jpg
4669,2273,Pachelbel: Canon / Mozart: Eine kleine Nachtmusik / Albinoni: Adagio,2017-04-16,https://example.com/covers/4669.jpg
4670,2273,Radiance: A Classic Wedding,2016-03-23,https://example.com/covers/4670.jpg
4671,2273,"Takako Nishizaki Plays Suzuki Evergreens, Vol. 1",2017-11-10,https://example.com/covers/4671.jpg
4672,2273,The Italian Album,2022-01-19,https://example.com/covers/4672.jpg
4673,2274,"Legnani: Fantasia, Op. 19 / 36 Caprices, Op. 20",2016-09-16,https://example.com/covers/4673.jpg
4674,2275,Night Breeze,2021-04-04,https://example.com/covers/4674.jpg
4675,2276,Luis Arcaráz y Gabriel Ruíz,2019-05-13,https://example.com/covers/4675.jpg
4676,2277,Quentin Tarantino’s Django Unchained Original Motion Picture Soundtrack,2013-02-23,https://example.com/covers/4676.jpg
4677,2278,La Danza De Los Corcelos (with The Royal Philharmonic Orchestra),2017-04-21,https://example.com/covers/4677.jpg
4678,2279,Aire,2021-12-21,https://example.com/covers/4678.jpg
4679,2279,Albanta,2019-02-28,https://example.com/covers/4679.jpg
4680,2279,Alevosia,2016-06-10,https://example.com/covers/4680.jpg
4681,2279,Aute Con Alevosía,2015-08-03,https://example.com/covers/4681.jpg
4682,2279,Auterretratos,2013-12-25,https://example.com/covers/4682.jpg
4683,2279,Cuerpo a Cuerpo (Remasterizado),2021-01-08,https://example.com/covers/4683.jpg
4684,2280,Calypso,2015-11-12,https://example.com/covers/4684.jpg
4685,2280,Despacito Feat. Justin Bieber,2008-08-30,https://example.com/covers/4685.jpg
4686,2280,Lo Mejor De...,2010-09-04,https://example.com/covers/4686.jpg
4687,2280,Palabras Del Silencio,2010-03-02,https://example.com/covers/4687.jpg
4688,2280,Sola,2010-11-01,https://example.com/covers/4688.jpg
4689,2280,VIDA,2020-06-27,https://example.com/covers/4689.jpg
4690,2280,Échame La Culpa,2014-07-06,https://example.com/covers/4690.jpg
4691,2281,Amarte Es Un Placer,2014-06-15,https://example.com/covers/4691.jpg
4692,2281,Aries,2016-04-06,https://example.com/covers/4692.jpg
4693,2281,Busca Una Mujer,2015-10-29,https://example.com/covers/4693.jpg
4694,2281,El Concierto,2020-04-17,https://example.com/covers/4694.jpg
4695,2281,Grandes Éxitos,2007-03-18,https://example.com/covers/4695.jpg
4696,2281,La Miel De Mis Primeros Éxitos,2013-09-11,https://example.com/covers/4696.jpg
4697,2281,Llamarada,2012-11-25,https://example.com/covers/4697.jpg
4698,2281,Mexico en la Piel (edicion diamante),2018-07-18,https://example.com/covers/4698.jpg
4699,2281,Mis Romances,2012-06-15,https://example.com/covers/4699.jpg
4700,2281,Navidades Luis Miguel,2020-03-16,https://example.com/covers/4700.jpg
4701,2281,Palabra De Honor,2016-08-21,https://example.com/covers/4701.jpg
4702,2281,Romance,2014-10-07,https://example.com/covers/4702.jpg
4703,2281,Romances,2019-05-08,https://example.com/covers/4703.jpg
4704,2281,Segundo Romance,2012-06-18,https://example.com/covers/4704.jpg
4705,2281,Soy Como Quiero Ser,2018-09-24,https://example.com/covers/4705.jpg
4706,2281,Todos Los Romances,2014-10-19,https://example.com/covers/4706.jpg
4707,2281,Vivo,2016-01-28,https://example.com/covers/4707.jpg
4708,2281,¡MÉXICO Por Siempre!,2013-03-06,https://example.com/covers/4708.jpg
4709,2282,30 Exitos Inmortales,2016-07-24,https://example.com/covers/4709.jpg
4710,2283,El Gavilán,2022-11-01,https://example.com/covers/4710.jpg
4711,2284,Bella,2020-07-13,https://example.com/covers/4711.jpg
4712,2285,7 Years,2006-08-18,https://example.com/covers/4712.jpg
4713,2285,Lukas Graham,2011-05-06,https://example.com/covers/4713.jpg
4714,2286,A Few Stars Apart,2012-08-02,https://example.com/covers/4714.jpg
4715,2286,Forget About Georgia EP,2014-06-07,https://example.com/covers/4715.jpg
4716,2287,Tailgates & Tanlines,2021-06-02,https://example.com/covers/4716.jpg
4717,2288,If These Walls Could Talk,2015-12-06,https://example.com/covers/4717.jpg
4718,2289,Dulces Sueños,2021-02-07,https://example.com/covers/4718.jpg
4719,2290,Rendezvous,2022-02-18,https://example.com/covers/4719.jpg
4720,2291,Hidden,2022-04-01,https://example.com/covers/4720.jpg
4721,2291,Nostalgia,2017-08-06,https://example.com/covers/4721.jpg
4722,2292,Carousel,2018-07-07,https://example.com/covers/4722.jpg
4723,2293,Soltera (Remix),2013-11-03,https://example.com/covers/4723.jpg
4724,2293,Épico,2017-01-01,https://example.com/covers/4724.jpg
4725,2294,Bills - EP,2006-02-28,https://example.com/covers/4725.jpg
4726,2295,Yukmouth Presents: 420,2007-12-17,https://example.com/covers/4726.jpg
4727,2296,Mayor Que Yo 3,2012-01-28,https://example.com/covers/4727.jpg
4728,2297,The Show Goes On,2018-12-24,https://example.com/covers/4728.jpg
4729,2298,Tierra del Fuego,2013-07-15,https://example.com/covers/4729.jpg
4730,2299,Songs From The Road,2008-04-20,https://example.com/covers/4730.jpg
4731,2300,Give Me The Reason,2019-07-24,https://example.com/covers/4731.jpg
4732,2300,Never Too Much,2017-09-24,https://example.com/covers/4732.jpg
4733,2301,Bubble It (feat. Mr Shammi),2006-02-17,https://example.com/covers/4733.jpg
4734,2302,Moon Boy,2017-09-10,https://example.com/covers/4734.jpg
4735,2303,Como la flor prometida,2019-07-02,https://example.com/covers/4735.jpg
4736,2304,Café con Miel,2023-09-11,https://example.com/covers/4736.jpg
4737,2305,Todo Lo Que No Está,2019-09-29,https://example.com/covers/4737.jpg
4738,2306,The Architect,2008-12-11,https://example.com/covers/4738.jpg
4739,2307,Pa' Que Vuelvas,2013-07-16,https://example.com/covers/4739.jpg
4740,2308,Sausalito,2016-09-16,https://example.com/covers/4740.jpg
4741,2309,I Follow Rivers,2019-01-12,https://example.com/covers/4741.jpg
4742,2309,Wounded Rhymes,2014-06-06,https://example.com/covers/4742.jpg
4743,2310,Pontiac,2016-02-26,https://example.com/covers/4743.jpg
4744,2310,The Road To Ensenada,2017-06-29,https://example.com/covers/4744.jpg
4745,2311,Gimme Back My Bullets,2007-09-06,https://example.com/covers/4745.jpg
4746,2311,Pronounced' Leh-'Nerd 'Skin-'Nerd,2015-07-29,https://example.com/covers/4746.jpg
4747,2311,Second Helping,2007-08-22,https://example.com/covers/4747.jpg
4748,2311,Street Survivors,2017-11-20,https://example.com/covers/4748.jpg
4749,2311,The Essential Lynyrd Skynyrd,2008-10-03,https://example.com/covers/4749.jpg
4750,2312,Hurt Me,2009-06-12,https://example.com/covers/4750.jpg
4751,2313,Classic Experience II,2019-04-18,https://example.com/covers/4751.jpg
4752,2313,Classical Music 101,2012-12-08,https://example.com/covers/4752.jpg
4753,2313,Delibes: Best of French Ballet,2017-07-27,https://example.com/covers/4753.jpg
4754,2313,Delibes: Coppelia (Complete Ballet) / La Source Suites,2020-01-17,https://example.com/covers/4754.jpg
4755,2313,Delibes: Coppélia,2015-08-28,https://example.com/covers/4755.jpg
4756,2313,Delibes: Lakmé,2012-06-25,https://example.com/covers/4756.jpg
4757,2313,Delibes: Sylvia (Complete Ballet) / Saint-Saens: Henry Viii,2013-05-31,https://example.com/covers/4757.jpg
4758,2313,Fête de la Musique - French Composers,2018-11-10,https://example.com/covers/4758.jpg
4759,2313,The Opera Gala - Live from Baden-Baden,2011-05-24,https://example.com/covers/4759.jpg
4760,2314,supernatural thing,2015-11-01,https://example.com/covers/4760.jpg
4761,2315,"Hurry Up, We're Dreaming",2009-08-05,https://example.com/covers/4761.jpg
4762,2315,"Hurry up, We're Dreaming",2009-10-02,https://example.com/covers/4762.jpg
4763,2315,Saturdays = Youth,2010-07-04,https://example.com/covers/4763.jpg
4764,2316,In The Wind,2011-03-14,https://example.com/covers/4764.jpg
4765,2317,Don't Kill the Magic,2009-05-20,https://example.com/covers/4765.jpg
4766,2317,Rude,2010-07-05,https://example.com/covers/4766.jpg
4767,2318,Electra Heart,2012-06-19,https://example.com/covers/4767.jpg
4768,2318,Froot,2012-11-01,https://example.com/covers/4768.jpg
4769,2319,Psicosis 2,2008-04-25,https://example.com/covers/4769.jpg
4770,2320,MDO,2018-04-16,https://example.com/covers/4770.jpg
4771,2321,Piece Of Your Heart,2019-02-07,https://example.com/covers/4771.jpg
4772,2322,Newselves,2018-06-02,https://example.com/covers/4772.jpg
4773,2323,11•11•11,2017-08-20,https://example.com/covers/4773.jpg
4774,2323,Congratulations,2010-02-15,https://example.com/covers/4774.jpg
4775,2323,Hand It Over,2014-04-05,https://example.com/covers/4775.jpg
4776,2323,Little Dark Age,2020-09-18,https://example.com/covers/4776.jpg
4777,2323,Oracular Spectacular,2005-09-05,https://example.com/covers/4777.jpg
4778,2324,Life In Cartoon Motion,2017-06-08,https://example.com/covers/4778.jpg
4779,2324,The Boy Who Knew Too Much,2011-09-08,https://example.com/covers/4779.jpg
4780,2324,The Origin Of Love,2020-08-08,https://example.com/covers/4780.jpg
4781,2325,Cathedral,2016-03-01,https://example.com/covers/4781.jpg
4782,2326,Back & Forth,2018-04-22,https://example.com/covers/4782.jpg
4783,2327,Classic,2015-07-16,https://example.com/covers/4783.jpg
4784,2328,Solar,2023-07-16,https://example.com/covers/4784.jpg
4785,2329,Hold On (feat. Cheat Codes),2012-12-17,https://example.com/covers/4785.jpg
4786,2330,Hope,2021-09-14,https://example.com/covers/4786.jpg
4787,2331,2,2017-01-21,https://example.com/covers/4787.jpg
4788,2331,Salad Days,2009-05-10,https://example.com/covers/4788.jpg
4789,2331,This Old Dog,2014-08-31,https://example.com/covers/4789.jpg
4790,2332,Circles,2013-03-05,https://example.com/covers/4790.jpg
4791,2332,GO:OD AM,2016-03-09,https://example.com/covers/4791.jpg
4792,2332,K.I.D.S.,2014-11-12,https://example.com/covers/4792.jpg
4793,2332,Spotify Singles,2017-04-15,https://example.com/covers/4793.jpg
4794,2332,Swimming,2015-01-10,https://example.com/covers/4794.jpg
4795,2332,The Divine Feminine,2016-05-09,https://example.com/covers/4795.jpg
4796,2333,Desde Abajo,2012-01-23,https://example.com/covers/4796.jpg
4797,2334,The Language of My World,2005-09-29,https://example.com/covers/4797.jpg
4798,2334,The Unplanned Mixtape,2008-04-18,https://example.com/covers/4798.jpg
4799,2335,"Downtown (feat. Melle Mel, Grandmaster Caz, Kool Moe Dee & Eric Nally)",2008-04-09,https://example.com/covers/4799.jpg
4800,2335,The Heist,2016-04-27,https://example.com/covers/4800.jpg
4801,2335,The Heist (Deluxe Edition),2015-01-24,https://example.com/covers/4801.jpg
4802,2335,This Unruly Mess I've Made,2017-07-18,https://example.com/covers/4802.jpg
4803,2335,VS. Redux,2007-11-10,https://example.com/covers/4803.jpg
4804,2336,Bailemos Lento,2013-11-22,https://example.com/covers/4804.jpg
4805,2337,Woman You Got,2017-02-17,https://example.com/covers/4805.jpg
4806,2338,Black Magic Woman,2018-08-28,https://example.com/covers/4806.jpg
4807,2339,Good Faith,2012-04-02,https://example.com/covers/4807.jpg
4808,2340,Reckless,2020-02-16,https://example.com/covers/4808.jpg
4809,2341,Who Are You Now,2017-08-27,https://example.com/covers/4809.jpg
4810,2342,Absolutely,2012-03-27,https://example.com/covers/4810.jpg
4811,2343,Hippie Castle EP,2019-06-06,https://example.com/covers/4811.jpg
4812,2344,If Tomorrow Comes...,2015-06-25,https://example.com/covers/4812.jpg
4813,2345,Sweet Sister,2016-03-28,https://example.com/covers/4813.jpg
4814,2346,Apocalypse Soon,2011-07-18,https://example.com/covers/4814.jpg
4815,2346,Mixmash Takeover (Mixed by Laidback Luke & Blasterjaxx),2011-04-01,https://example.com/covers/4815.jpg
4816,2346,Peace Is The Mission,2013-07-31,https://example.com/covers/4816.jpg
4817,2347,Habibi Funk: An Eclectic Selection of Music from the Arab World (Habibi Funk 007),2014-08-19,https://example.com/covers/4817.jpg
4818,2348,"Love, Tears & Guns",2014-08-22,https://example.com/covers/4818.jpg
4819,2349,11.11,2010-03-26,https://example.com/covers/4819.jpg
4820,2349,"Aloha (feat. Darell, Mambo Kingz & Dj Luian)",2013-11-01,https://example.com/covers/4820.jpg
4821,2349,Don Juan,2024-09-06,https://example.com/covers/4821.jpg
4822,2349,F.A.M.E.,2018-04-13,https://example.com/covers/4822.jpg
4823,2349,Felices los 4,2012-07-21,https://example.com/covers/4823.jpg
4824,2349,GPS (feat. French Montana),2013-11-24,https://example.com/covers/4824.jpg
4825,2349,Hawái,2019-06-28,https://example.com/covers/4825.jpg
4826,2349,La Temperatura (feat. Eli Palacios),2011-12-22,https://example.com/covers/4826.jpg
4827,2349,Mojando Asientos (feat. Feid),2022-01-16,https://example.com/covers/4827.jpg
4828,2349,PAPI JUANCHO,2019-03-03,https://example.com/covers/4828.jpg
4829,2349,PB.DB. The Mixtape,2008-01-09,https://example.com/covers/4829.jpg
4830,2349,"Pretty Boy, Dirty Boy",2016-02-12,https://example.com/covers/4830.jpg
4831,2349,Rumba (Puro Oro Anthem),2013-05-07,https://example.com/covers/4831.jpg
4832,2349,Sobrio,2018-07-02,https://example.com/covers/4832.jpg
4833,2350,Dream Hunting in the Valley of the In-Between,2013-10-04,https://example.com/covers/4833.jpg
4834,2351,The Million Masks Of God,2013-12-22,https://example.com/covers/4834.jpg
4835,2352,Te Tuve y Te Perdí,2016-11-16,https://example.com/covers/4835.jpg
4836,2353,Manfred Mann Chapter Three,2020-04-30,https://example.com/covers/4836.jpg
4837,2354,National Treasures - The Complete Singles,2014-09-05,https://example.com/covers/4837.jpg
4838,2354,Send Away The Tigers,2012-03-13,https://example.com/covers/4838.jpg
4839,2355,Shadowboxer,2014-10-25,https://example.com/covers/4839.jpg
4840,2356,Próxima Estación: Esperanza,2016-10-20,https://example.com/covers/4840.jpg
4841,2357,Nostalgia,2019-08-02,https://example.com/covers/4841.jpg
4842,2358,La Cruz Del Mapa,2013-09-19,https://example.com/covers/4842.jpg
4843,2359,El Viejo Comunista,2013-07-03,https://example.com/covers/4843.jpg
4844,2359,"Un Rey y un Diez (+ Adelantos ""Caminante"")",2019-08-24,https://example.com/covers/4844.jpg
4845,2360,Al Final Del Camino,2020-05-09,https://example.com/covers/4845.jpg
4846,2361,Guitar Music,2014-05-22,https://example.com/covers/4846.jpg
4847,2361,Mexicano (Remasterizado),2015-09-10,https://example.com/covers/4847.jpg
4848,2361,Pasión,2019-07-07,https://example.com/covers/4848.jpg
4849,2361,Play,2018-10-12,https://example.com/covers/4849.jpg
4850,2361,Sonidos Latinos,2014-05-26,https://example.com/covers/4850.jpg
4851,2362,2000,2015-05-30,https://example.com/covers/4851.jpg
4852,2362,ADN,2012-08-13,https://example.com/covers/4852.jpg
4853,2362,Culpables,2011-10-30,https://example.com/covers/4853.jpg
4854,2362,De 100 a 0,2020-09-14,https://example.com/covers/4854.jpg
4855,2362,Esclavo de Tus Besos,2019-04-04,https://example.com/covers/4855.jpg
4856,2362,Esperándote,2015-11-08,https://example.com/covers/4856.jpg
4857,2362,Nada Ha Cambiado,2010-06-07,https://example.com/covers/4857.jpg
4858,2362,Una Lady Como Tú,2010-08-01,https://example.com/covers/4858.jpg
4859,2363,Manuel de Falla - Great Recordings,2018-07-20,https://example.com/covers/4859.jpg
4860,2364,Off My Mind,2019-04-17,https://example.com/covers/4860.jpg
4861,2365,Amar Es Combatir,2011-10-20,https://example.com/covers/4861.jpg
4862,2365,Amar es Combatir,2014-05-12,https://example.com/covers/4862.jpg
4863,2365,Cama Incendiada,2011-05-07,https://example.com/covers/4863.jpg
4864,2365,De Pies A Cabeza,2011-11-11,https://example.com/covers/4864.jpg
4865,2365,Falta Amor,2011-12-07,https://example.com/covers/4865.jpg
4866,2365,MTV Unplugged,2020-04-02,https://example.com/covers/4866.jpg
4867,2365,Mariposa Traicionera,2015-08-16,https://example.com/covers/4867.jpg
4868,2365,Revolución De Amor,2015-04-20,https://example.com/covers/4868.jpg
4869,2365,Sueños Líquidos,2009-01-11,https://example.com/covers/4869.jpg
4870,2365,The Studio Albums 1990-2011,2015-10-19,https://example.com/covers/4870.jpg
4871,2365,¿Dónde Jugarán Los Niños?,2015-03-18,https://example.com/covers/4871.jpg
4872,2366,Lonesome LA Cowboy,2013-06-30,https://example.com/covers/4872.jpg
4873,2367,Forêt de Hêtres,2016-11-12,https://example.com/covers/4873.jpg
4874,2368,3,2010-02-15,https://example.com/covers/4874.jpg
4875,2368,Iconos,2010-07-20,https://example.com/covers/4875.jpg
4876,2368,Sigo Siendo Yo,2014-12-02,https://example.com/covers/4876.jpg
4877,2369,Spaceball: The American Radio Sessions,2020-04-04,https://example.com/covers/4877.jpg
4878,2370,In Spite of All the Danger,2012-10-22,https://example.com/covers/4878.jpg
4879,2371,Good Times,2021-08-03,https://example.com/covers/4879.jpg
4880,2372,Tiroteo,2013-04-15,https://example.com/covers/4880.jpg
4881,2373,Robin Hood (Original Motion Picture Soundtrack),2022-01-02,https://example.com/covers/4881.jpg
4882,2374,"DEV, Vol. 2",2020-03-23,https://example.com/covers/4882.jpg
4883,2375,Et ça tournait - Anthologie de la chanson musette,2020-02-13,https://example.com/covers/4883.jpg
4884,2376,Largo Rv. 443 For Guitar,2016-08-05,https://example.com/covers/4884.jpg
4885,2377,Source Manouche,2013-06-08,https://example.com/covers/4885.jpg
4886,2378,Echo Park,2020-05-14,https://example.com/covers/4886.jpg
4887,2379,Tú Y Yo,2005-10-13,https://example.com/covers/4887.jpg
4888,2380,El Burrito Sabanero,2016-01-14,https://example.com/covers/4888.jpg
4889,2381,Marcos Valle,2015-08-21,https://example.com/covers/4889.jpg
4890,2382,Stride,2014-03-20,https://example.com/covers/4890.jpg
4891,2383,El Dorado,2020-03-05,https://example.com/covers/4891.jpg
4892,2383,Hard Working Man,2020-03-09,https://example.com/covers/4892.jpg
4893,2383,The Well,2011-06-17,https://example.com/covers/4893.jpg
4894,2384,You'll Never Walk Alone,2014-07-15,https://example.com/covers/4894.jpg
4895,2385,Future Memories,2022-08-20,https://example.com/covers/4895.jpg
4896,2386,HERO (Deluxe Edition),2012-05-28,https://example.com/covers/4896.jpg
4897,2387,45 Cerebros y 1 Corazón,2014-01-17,https://example.com/covers/4897.jpg
4898,2388,La Más Completa Colección,2015-04-04,https://example.com/covers/4898.jpg
4899,2389,Pulp Fiction,2013-05-16,https://example.com/covers/4899.jpg
4900,2390,20 Exitos,2018-05-27,https://example.com/covers/4900.jpg
4901,2390,40 baladas y boleros con sus primeras rancheras,2013-08-05,https://example.com/covers/4901.jpg
4902,2390,Amarraditos,2014-12-15,https://example.com/covers/4902.jpg
4903,2390,Cariño Malo,2011-05-02,https://example.com/covers/4903.jpg
4904,2390,Gracias A Vosotros,2016-07-20,https://example.com/covers/4904.jpg
4905,2390,La Flor de la Canela,2021-03-19,https://example.com/covers/4905.jpg
4906,2391,Ouarzazate,2018-03-12,https://example.com/covers/4906.jpg
4907,2391,Reminiscent Of Us,2015-10-26,https://example.com/covers/4907.jpg
4908,2391,Salamanca,2015-05-18,https://example.com/covers/4908.jpg
4909,2392,Pulp Fiction,2012-12-21,https://example.com/covers/4909.jpg
4910,2393,Reverie,2022-05-30,https://example.com/covers/4910.jpg
4911,2394,Mariachi,2012-01-20,https://example.com/covers/4911.jpg
4912,2395,Discover Music from Mexico,2018-01-02,https://example.com/covers/4912.jpg
4913,2395,Mexico,2016-10-11,https://example.com/covers/4913.jpg
4914,2396,Mariachi Cobre: Este Es Mi Mariachi,2012-02-28,https://example.com/covers/4914.jpg
4915,2397,Puro Mariachi,2017-01-24,https://example.com/covers/4915.jpg
4916,2398,Polkas Mexicanas,2018-07-22,https://example.com/covers/4916.jpg
4917,2399,Cuando México Canta,2020-04-06,https://example.com/covers/4917.jpg
4918,2400,Sones,2014-01-01,https://example.com/covers/4918.jpg
4919,2401,Recuerdos De Mi Tierra,2015-10-26,https://example.com/covers/4919.jpg
4920,2402,Mexico Gran Colección Ranchera - Mariachi Silvestre Vargas,2016-05-24,https://example.com/covers/4920.jpg
4921,2402,Pedro Infante y Mariachi Silvestre Vargas,2016-01-27,https://example.com/covers/4921.jpg
4922,2403,5ta. Generación 2002,2017-07-29,https://example.com/covers/4922.jpg
4923,2403,Lo Mejor De La Música Mexicana,2015-10-30,https://example.com/covers/4923.jpg
4924,2403,Música de America,2013-02-12,https://example.com/covers/4924.jpg
4925,2403,Peerless 80 Aniversario - 24 Exitos,2021-02-20,https://example.com/covers/4925.jpg
4926,2403,Sinfónico 3,2011-09-19,https://example.com/covers/4926.jpg
4927,2403,Viva el Mariachi!,2013-07-16,https://example.com/covers/4927.jpg
4928,2404,Christmas Hits,2015-05-11,https://example.com/covers/4928.jpg
4929,2404,Mariah Carey's Magical Christmas Special (Apple TV+ Original Soundtrack),2021-04-11,https://example.com/covers/4929.jpg
4930,2404,Merry Christmas,2016-09-28,https://example.com/covers/4930.jpg
4931,2404,Merry Christmas II You,2017-02-03,https://example.com/covers/4931.jpg
4932,2404,Oh Santa! (feat. Ariana Grande & Jennifer Hudson),2015-11-01,https://example.com/covers/4932.jpg
4933,2404,When Christmas Comes,2016-10-08,https://example.com/covers/4933.jpg
4934,2405,Ever After,2013-10-09,https://example.com/covers/4934.jpg
4935,2405,Masterpiece Theatre,2021-11-02,https://example.com/covers/4935.jpg
4936,2406,Broken English,2020-02-14,https://example.com/covers/4936.jpg
4937,2407,That Iron Taste,2014-03-31,https://example.com/covers/4937.jpg
4938,2408,Brume Silencieuse,2019-03-25,https://example.com/covers/4938.jpg
4939,2409,Alegría,2022-01-02,https://example.com/covers/4939.jpg
4940,2409,Endless Sun,2013-02-11,https://example.com/covers/4940.jpg
4941,2409,Mistelbach,2016-07-28,https://example.com/covers/4941.jpg
4942,2409,Monteverde,2013-12-05,https://example.com/covers/4942.jpg
4943,2410,Closer,2021-05-30,https://example.com/covers/4943.jpg
4944,2410,Turning Point,2016-06-18,https://example.com/covers/4944.jpg
4945,2411,No Digas Nada,2016-12-30,https://example.com/covers/4945.jpg
4946,2412,Mario and Friends 2 …It Makes The World Go Around,2013-07-03,https://example.com/covers/4946.jpg
4947,2413,Run Rudolph Run - Spotify Singles Holiday,2020-01-21,https://example.com/covers/4947.jpg
4948,2414,Lilo & Stitch,2021-04-06,https://example.com/covers/4948.jpg
4949,2415,Shangri-La,2018-06-10,https://example.com/covers/4949.jpg
4950,2416,Bird Calling,2020-04-03,https://example.com/covers/4950.jpg
4951,2416,Uptown Special,2013-09-18,https://example.com/covers/4951.jpg
4952,2417,My Other Voice,2019-03-26,https://example.com/covers/4952.jpg
4953,2418,Girl,2017-01-18,https://example.com/covers/4953.jpg
4954,2419,Cold,2016-05-11,https://example.com/covers/4954.jpg
4955,2419,Don't Wanna Know,2009-09-10,https://example.com/covers/4955.jpg
4956,2419,Girls Like You (feat. Cardi B),2011-05-07,https://example.com/covers/4956.jpg
4957,2419,Hands All Over,2014-06-12,https://example.com/covers/4957.jpg
4958,2419,Hands All Over - International Deluxe,2016-08-15,https://example.com/covers/4958.jpg
4959,2419,It Won't Be Soon Before Long,2011-06-19,https://example.com/covers/4959.jpg
4960,2419,JORDI,2016-07-08,https://example.com/covers/4960.jpg
4961,2419,Memories,2010-07-31,https://example.com/covers/4961.jpg
4962,2419,Nobody's Love,2020-04-26,https://example.com/covers/4962.jpg
4963,2419,Nobody’s Love Remix (ft. Popcaan),2014-01-29,https://example.com/covers/4963.jpg
4964,2419,Overexposed,2006-01-04,https://example.com/covers/4964.jpg
4965,2419,Overexposed - Deluxe,2009-10-26,https://example.com/covers/4965.jpg
4966,2419,Pool Party Summer,2017-09-11,https://example.com/covers/4966.jpg
4967,2419,Red Pill Blues,2008-05-17,https://example.com/covers/4967.jpg
4968,2419,Songs About Jane,2010-09-14,https://example.com/covers/4968.jpg
4969,2419,Songs About Jane: 10th Anniversary Edition,2016-01-02,https://example.com/covers/4969.jpg
4970,2419,Sugar,2014-04-23,https://example.com/covers/4970.jpg
4971,2419,V,2010-04-01,https://example.com/covers/4971.jpg
4972,2419,V - Deluxe,2014-02-26,https://example.com/covers/4972.jpg
4973,2419,Wait,2019-08-07,https://example.com/covers/4973.jpg
4974,2420,Marshall Crenshaw (Deluxe),2011-08-28,https://example.com/covers/4974.jpg
4975,2421,Leave Before You Love Me,2022-06-09,https://example.com/covers/4975.jpg
4976,2422,Passing Rain,2013-10-09,https://example.com/covers/4976.jpg
4977,2423,Cliché,2019-09-26,https://example.com/covers/4977.jpg
4978,2423,Fugaz,2017-08-23,https://example.com/covers/4978.jpg
4979,2424,In A Mellow Tone,2011-11-18,https://example.com/covers/4979.jpg
4980,2425,Dance Party,2014-11-25,https://example.com/covers/4980.jpg
4981,2426,Break Through The Silence EP,2014-09-13,https://example.com/covers/4981.jpg
4982,2426,Don't Look Down (feat. Usher),2011-02-12,https://example.com/covers/4982.jpg
4983,2426,Virus (How About Now),2013-10-11,https://example.com/covers/4983.jpg
4984,2427,Do It Right,2009-12-07,https://example.com/covers/4984.jpg
4985,2427,Juliet & Romeo,2018-09-24,https://example.com/covers/4985.jpg
4986,2428,Un Bolero,2015-08-20,https://example.com/covers/4986.jpg
4987,2429,Full,2020-07-31,https://example.com/covers/4987.jpg
4988,2430,Every Great Motown Hit Of Marvin Gaye,2016-10-20,https://example.com/covers/4988.jpg
4989,2430,Favorites,2016-08-09,https://example.com/covers/4989.jpg
4990,2430,Sexual Healing,2006-06-06,https://example.com/covers/4990.jpg
4991,2430,Sexual Healing - Kygo Remix,2014-02-27,https://example.com/covers/4991.jpg
4992,2430,United,2020-07-30,https://example.com/covers/4992.jpg
4993,2431,MLDE,2023-04-09,https://example.com/covers/4993.jpg
4994,2432,Pa Poderte Ver,2023-10-30,https://example.com/covers/4994.jpg
4995,2433,Canciones Para Mí,2016-12-31,https://example.com/covers/4995.jpg
4996,2433,"Maria Elena Walsh, El Legado (Para Grandes y Chicos)",2017-09-21,https://example.com/covers/4996.jpg
4997,2434,50 Greatest Tracks,2007-03-13,https://example.com/covers/4997.jpg
4998,2434,Le canta a México,2008-12-04,https://example.com/covers/4998.jpg
4999,2434,Plácido Domingo - Be My Love,2020-07-01,https://example.com/covers/4999.jpg
5000,2435,Duetos,2008-12-14,https://example.com/covers/5000.jpg
5001,2436,"La Cancion Mexicana, Vol. I",2020-03-13,https://example.com/covers/5001.jpg
5002,2437,Lady Lady,2020-12-31,https://example.com/covers/5002.jpg
5003,2438,It's You I Like,2013-11-23,https://example.com/covers/5003.jpg
5004,2439,Believe,2018-02-02,https://example.com/covers/5004.jpg
5005,2440,How My Heart Sings,2022-04-23,https://example.com/covers/5005.jpg
5006,2441,Nothing Left To Lose,2012-03-04,https://example.com/covers/5006.jpg
5007,2442,How Far We've Come,2015-01-18,https://example.com/covers/5007.jpg
5008,2442,More Than You Think You Are,2010-06-01,https://example.com/covers/5008.jpg
5009,2442,North,2012-01-04,https://example.com/covers/5009.jpg
5010,2442,Yourself or Someone Like You,2021-09-01,https://example.com/covers/5010.jpg
5011,2443,Como Lo Hice Yo,2020-07-05,https://example.com/covers/5011.jpg
5012,2443,Sube,2008-01-22,https://example.com/covers/5012.jpg
5013,2443,Tres,2022-02-12,https://example.com/covers/5013.jpg
5014,2443,Un Nuevo Amor,2016-10-09,https://example.com/covers/5014.jpg
5015,2444,Girl At Coachella (with Matoma & MAGIC! feat. DRAM),2016-09-25,https://example.com/covers/5015.jpg
5016,2444,Old Thing Back (feat. Ja Rule and Ralph Tresvant),2012-04-07,https://example.com/covers/5016.jpg
5017,2445,White Christmas,2008-05-05,https://example.com/covers/5017.jpg
5018,2446,Matt Berry and the Maypoles Live,2017-01-27,https://example.com/covers/5018.jpg
5019,2447,Unfamiliar Faces,2011-11-01,https://example.com/covers/5019.jpg
5020,2448,Beacon,2019-12-01,https://example.com/covers/5020.jpg
5021,2449,Gold,2016-02-08,https://example.com/covers/5021.jpg
5022,2449,London's Song,2014-12-22,https://example.com/covers/5022.jpg
5023,2450,Cazador,2015-12-06,https://example.com/covers/5023.jpg
5024,2451,The Hearse,2019-01-30,https://example.com/covers/5024.jpg
5025,2452,American Wedding,2011-02-28,https://example.com/covers/5025.jpg
5026,2453,When The Lights Go Down,2010-03-27,https://example.com/covers/5026.jpg
5027,2454,Grand,2008-08-11,https://example.com/covers/5027.jpg
5028,2454,Lightning,2008-03-09,https://example.com/covers/5028.jpg
5029,2455,To the North,2009-12-09,https://example.com/covers/5029.jpg
5030,2456,Above the vast forest,2022-11-11,https://example.com/covers/5030.jpg
5031,2456,Homage,2017-11-25,https://example.com/covers/5031.jpg
5032,2457,"Nobody's Perfect (From ""Hannah Montana"")",2013-05-10,https://example.com/covers/5032.jpg
5033,2458,I left my heart in San Francisco,2015-07-29,https://example.com/covers/5033.jpg
5034,2458,The midnight sun will never set,2011-11-12,https://example.com/covers/5034.jpg
5035,2459,"Bota Fuego (feat. Dímelo Flow, Justin Quiles & Lenny Tavárez)",2015-09-27,https://example.com/covers/5035.jpg
5036,2459,Desconocidos,2011-01-01,https://example.com/covers/5036.jpg
5037,2459,Para Aventuras y Curiosidades,2012-07-28,https://example.com/covers/5037.jpg
5038,2460,Quentin Tarantino's Once Upon a Time in Hollywood Original Motion Picture Soundtrack,2013-04-26,https://example.com/covers/5038.jpg
5039,2460,Witness - Original Motion Picture Soundtrack,2020-02-01,https://example.com/covers/5039.jpg
5040,2461,Ravel: Complete Works for Solo Piano,2019-02-13,https://example.com/covers/5040.jpg
5041,2462,Kingdom Book One,2015-10-16,https://example.com/covers/5041.jpg
5042,2463,Different Foot EP,2013-11-13,https://example.com/covers/5042.jpg
5043,2464,Sunday EP,2008-05-16,https://example.com/covers/5043.jpg
5044,2465,Disconnect (Original Motion Picture Soundtrack),2019-11-15,https://example.com/covers/5044.jpg
5045,2465,The Blue Notebooks,2017-11-25,https://example.com/covers/5045.jpg
5046,2466,American Bebop,2011-12-07,https://example.com/covers/5046.jpg
5047,2467,New Day,2019-09-27,https://example.com/covers/5047.jpg
5048,2468,A Certain Trigger,2014-05-15,https://example.com/covers/5048.jpg
5049,2469,Right Back Where We Started From,2021-11-17,https://example.com/covers/5049.jpg
5050,2470,Anyway,2020-11-30,https://example.com/covers/5050.jpg
5051,2471,To Love a Boy / Stay Open,2018-05-27,https://example.com/covers/5051.jpg
5052,2472,Anywhere but Here,2021-10-04,https://example.com/covers/5052.jpg
5053,2473,Drop That EP,2016-03-16,https://example.com/covers/5053.jpg
5054,2474,Dual,2015-05-30,https://example.com/covers/5054.jpg
5055,2475,The Only Boy Awake,2022-04-10,https://example.com/covers/5055.jpg
5056,2476,"Ana, Jose, Nacho (TF1 Co-Production)",2013-01-29,https://example.com/covers/5056.jpg
5057,2476,Entre el Cielo y el Suelo,2015-09-09,https://example.com/covers/5057.jpg
5058,2477,Un Espejismo,2014-07-02,https://example.com/covers/5058.jpg
5059,2478,"Vipassana Meditation - Music for Insight Meditation, Yoga, Relaxation Meditation, Massage, Sound Therapy, Restful Sleep and Spa Relaxation",2013-05-28,https://example.com/covers/5059.jpg
5060,2479,Dreams Worth More Than Money,2009-02-19,https://example.com/covers/5060.jpg
5061,2480,All I Ever Want Is You,2015-09-25,https://example.com/covers/5061.jpg
5062,2480,"Chains, Drag Me Down",2009-12-30,https://example.com/covers/5062.jpg
5063,2480,Heroes (We Could Be) [feat. Landon Austin],2011-06-10,https://example.com/covers/5063.jpg
5064,2480,I Wanna Dance with Somebody,2014-04-10,https://example.com/covers/5064.jpg
5065,2480,Infinite (Something Loud),2013-02-28,https://example.com/covers/5065.jpg
5066,2480,"See You Again, Love Me Like You Do, Sugar",2012-06-04,https://example.com/covers/5066.jpg
5067,2480,The Fight / Where Is the Love (feat. Jaclyn Davies),2011-10-01,https://example.com/covers/5067.jpg
5068,2480,"The Monster, Wake Me Up (Acoustic Mashup)",2009-01-07,https://example.com/covers/5068.jpg
5069,2481,Takin' It Back,2016-01-31,https://example.com/covers/5069.jpg
5070,2481,Title,2010-07-28,https://example.com/covers/5070.jpg
5071,2482,An Education OST,2013-09-29,https://example.com/covers/5071.jpg
5072,2483,Lágrimas desordenadas,2021-06-25,https://example.com/covers/5072.jpg
5073,2484,Kisses For Breakfast (feat. Popcaan),2014-01-16,https://example.com/covers/5073.jpg
5074,2485,One in a Million,2012-08-22,https://example.com/covers/5074.jpg
5075,2486,The 90s Rocked My Heart,2021-05-27,https://example.com/covers/5075.jpg
5076,2487,Houdini,2016-07-22,https://example.com/covers/5076.jpg
5077,2488,The Best Of Men At Work: Contraband,2015-07-21,https://example.com/covers/5077.jpg
5078,2489,Cuenta Hasta 3,2017-05-24,https://example.com/covers/5078.jpg
5079,2490,30 Años,2015-02-01,https://example.com/covers/5079.jpg
5080,2490,30 años,2017-04-16,https://example.com/covers/5080.jpg
5081,2490,Será Posible El Sur?,2015-10-20,https://example.com/covers/5081.jpg
5082,2490,Tranquilízate,2014-10-26,https://example.com/covers/5082.jpg
5083,2490,¿Será Posible El Sur?,2013-02-04,https://example.com/covers/5083.jpg
5084,2491,The Essential Merle Haggard: The Epic Years,2016-09-21,https://example.com/covers/5084.jpg
5085,2492,Mamma Mia! The Movie Soundtrack,2015-01-24,https://example.com/covers/5085.jpg
5086,2493,Metallica,2009-02-21,https://example.com/covers/5086.jpg
5087,2494,Blackout!,2009-07-08,https://example.com/covers/5087.jpg
5088,2495,Fantasies,2012-04-06,https://example.com/covers/5088.jpg
5089,2496,Boleros,2022-04-20,https://example.com/covers/5089.jpg
5090,2497,Coincidir,2020-07-04,https://example.com/covers/5090.jpg
5091,2498,Mi Mexico Querido,2017-02-26,https://example.com/covers/5091.jpg
5092,2499,Mi Casa,2021-05-03,https://example.com/covers/5092.jpg
5093,2500,Delorean,2017-03-14,https://example.com/covers/5093.jpg
5094,2501,Natural State,2019-01-31,https://example.com/covers/5094.jpg
5095,2502,Wishing It Was So,2019-09-21,https://example.com/covers/5095.jpg
5096,2503,All Possible Futures,2020-07-03,https://example.com/covers/5096.jpg
5097,2503,Leila,2024-07-19,https://example.com/covers/5097.jpg
5098,2504,"Time, Love & Tenderness",2011-01-30,https://example.com/covers/5098.jpg
5099,2505,Call Me Irresponsible,2017-08-18,https://example.com/covers/5099.jpg
5100,2505,Christmas,2009-07-09,https://example.com/covers/5100.jpg
5101,2505,Christmas - Deluxe Special Edition,2013-04-13,https://example.com/covers/5101.jpg
5102,2505,Crazy Love,2020-03-07,https://example.com/covers/5102.jpg
5103,2505,Gift Wrapped: Regifted,2021-02-28,https://example.com/covers/5103.jpg
5104,2505,It's Time,2019-02-21,https://example.com/covers/5104.jpg
5105,2505,Let It Snow!,2016-02-12,https://example.com/covers/5105.jpg
5106,2505,Michael Bublé,2006-04-30,https://example.com/covers/5106.jpg
5107,2505,The More You Give (The More You'll Have),2012-06-09,https://example.com/covers/5107.jpg
5108,2505,To Be Loved,2009-03-29,https://example.com/covers/5108.jpg
5109,2505,White Christmas,2012-03-04,https://example.com/covers/5109.jpg
5110,2505,White Christmas / 'Twas the Night Before Christmas,2021-03-11,https://example.com/covers/5110.jpg
5111,2505,love,2017-01-26,https://example.com/covers/5111.jpg
5112,2506,Treasured Soul,2013-04-18,https://example.com/covers/5112.jpg
5113,2507,True That,2019-01-04,https://example.com/covers/5113.jpg
5114,2508,Ibiza Sax,2018-11-08,https://example.com/covers/5114.jpg
5115,2508,South Beach Sax,2016-03-27,https://example.com/covers/5115.jpg
5116,2509,All Rebel Rockers,2022-07-17,https://example.com/covers/5116.jpg
5117,2510,Inside Out,2013-10-16,https://example.com/covers/5117.jpg
5118,2510,Monte Carlo,2022-05-22,https://example.com/covers/5118.jpg
5119,2510,Ratatouille,2013-05-23,https://example.com/covers/5119.jpg
5120,2510,Up,2020-06-22,https://example.com/covers/5120.jpg
5121,2511,Have Moicy!,2013-10-14,https://example.com/covers/5121.jpg
5122,2512,Bad,2011-08-04,https://example.com/covers/5122.jpg
5123,2512,Bad 25th Anniversary,2009-02-18,https://example.com/covers/5123.jpg
5124,2512,Dangerous,2008-07-31,https://example.com/covers/5124.jpg
5125,2512,"HIStory - PAST, PRESENT AND FUTURE - BOOK I",2011-02-05,https://example.com/covers/5125.jpg
5126,2512,Off the Wall,2014-11-20,https://example.com/covers/5126.jpg
5127,2512,The Essential Michael Jackson,2008-10-17,https://example.com/covers/5127.jpg
5128,2512,Thriller 25 Super Deluxe Edition,2013-02-21,https://example.com/covers/5128.jpg
5129,2512,XSCAPE,2007-04-22,https://example.com/covers/5129.jpg
5130,2513,Love & Hate,2013-09-14,https://example.com/covers/5130.jpg
5131,2514,Les Misérables (10th Anniversary Concert Live at Royal Albert Hall),2014-12-05,https://example.com/covers/5131.jpg
5132,2515,Country X-Mas,2013-01-24,https://example.com/covers/5132.jpg
5133,2516,Lange Sommernächte,2016-01-27,https://example.com/covers/5133.jpg
5134,2517,Dark Room,2018-03-21,https://example.com/covers/5134.jpg
5135,2518,The Spirit Room,2013-10-12,https://example.com/covers/5135.jpg
5136,2519,The Greatest Showman (Original Motion Picture Soundtrack),2015-03-04,https://example.com/covers/5136.jpg
5137,2520,Today Tomorrow Forever,2021-03-01,https://example.com/covers/5137.jpg
5138,2521,Mick Flannery,2021-11-08,https://example.com/covers/5138.jpg
5139,2522,Rock 'n' Roll Circus,2011-06-17,https://example.com/covers/5139.jpg
5140,2522,The Rolling Stones Rock And Roll Circus,2010-04-13,https://example.com/covers/5140.jpg
5141,2522,The Very Best Of Mick Jagger,2012-07-02,https://example.com/covers/5141.jpg
5142,2523,Only After Dark: The Complete Mainman Recordings,2021-09-01,https://example.com/covers/5142.jpg
5143,2524,Crusade,2011-01-08,https://example.com/covers/5143.jpg
5144,2525,The Wildest Guitar,2019-09-12,https://example.com/covers/5144.jpg
5145,2526,An American Trilogy,2021-08-16,https://example.com/covers/5145.jpg
5146,2527,Chills,2014-06-01,https://example.com/covers/5146.jpg
5147,2528,Alive,2020-12-01,https://example.com/covers/5147.jpg
5148,2528,Calling You,2015-08-24,https://example.com/covers/5148.jpg
5149,2528,Funk Your Bones (Side B),2017-07-10,https://example.com/covers/5149.jpg
5150,2528,Good Old Days,2014-12-17,https://example.com/covers/5150.jpg
5151,2528,Odyssey Remixes,2014-04-21,https://example.com/covers/5151.jpg
5152,2528,Weekends,2021-01-10,https://example.com/covers/5152.jpg
5153,2528,Wrong Call,2020-09-26,https://example.com/covers/5153.jpg
5154,2528,You Knock Me off of My Feet,2015-11-28,https://example.com/covers/5154.jpg
5155,2529,Sofrito: Tropical Discotheque,2015-09-19,https://example.com/covers/5155.jpg
5156,2530,Culture II,2014-10-19,https://example.com/covers/5156.jpg
5157,2530,Pipe It Up,2006-06-09,https://example.com/covers/5157.jpg
5158,2531,All I Want Is You,2013-03-30,https://example.com/covers/5158.jpg
5159,2531,Goodbye Yellow Brick Road,2009-10-23,https://example.com/covers/5159.jpg
5160,2531,Kaleidoscope Dream (Deluxe Version),2008-08-29,https://example.com/covers/5160.jpg
5161,2532,Lo Mejor De Lo Mejor De RCA Victor,2017-05-31,https://example.com/covers/5161.jpg
5162,2533,Canto Por Ti,2018-12-06,https://example.com/covers/5162.jpg
5163,2533,Celebridades- Mijares,2011-12-10,https://example.com/covers/5163.jpg
5164,2533,Dulce Veneno,2018-10-28,https://example.com/covers/5164.jpg
5165,2533,El Privilegio De Amar,2011-12-22,https://example.com/covers/5165.jpg
5166,2533,Frente a Frente - Emmanuel & Mijares,2021-02-28,https://example.com/covers/5166.jpg
5167,2533,La Más Completa Colección,2013-11-05,https://example.com/covers/5167.jpg
5168,2533,Lo Mejor De Emmanuel & Manuel Mijares En Concierto,2021-02-15,https://example.com/covers/5168.jpg
5169,2533,Mis Mas Grandes Éxitos,2022-03-20,https://example.com/covers/5169.jpg
5170,2533,Rompecabezas,2018-10-10,https://example.com/covers/5170.jpg
5171,2533,Rompecabezas (feat. Emmanuel),2020-03-21,https://example.com/covers/5171.jpg
5172,2534,Navegando,2013-08-05,https://example.com/covers/5172.jpg
5173,2534,Quiéreme,2019-07-22,https://example.com/covers/5173.jpg
5174,2535,Wreckless Abandon,2019-10-03,https://example.com/covers/5174.jpg
5175,2536,Golden Delicious,2018-09-01,https://example.com/covers/5175.jpg
5176,2537,Discovery,2016-02-26,https://example.com/covers/5176.jpg
5177,2537,Tubular Bells,2018-11-28,https://example.com/covers/5177.jpg
5178,2538,31 Minutes to Takeoff,2013-07-19,https://example.com/covers/5178.jpg
5179,2538,"At Night, Alone.",2014-01-22,https://example.com/covers/5179.jpg
5180,2538,Cooler Than Me EP,2012-01-16,https://example.com/covers/5180.jpg
5181,2539,Amigos de Guardia,2017-11-21,https://example.com/covers/5181.jpg
5182,2540,Na' Personal,2020-01-20,https://example.com/covers/5182.jpg
5183,2541,213,2021-08-10,https://example.com/covers/5183.jpg
5184,2542,'Round About Midnight,2013-03-08,https://example.com/covers/5184.jpg
5185,2542,Bitches Brew,2014-05-06,https://example.com/covers/5185.jpg
5186,2542,Footprints: The Life And Music Of Wayne Shorter,2013-05-23,https://example.com/covers/5186.jpg
5187,2542,Kind Of Blue (Legacy Edition),2013-06-11,https://example.com/covers/5187.jpg
5188,2543,You’ve Changed,2018-04-29,https://example.com/covers/5188.jpg
5189,2544,Colour Of The Trap,2018-04-05,https://example.com/covers/5189.jpg
5190,2545,Bangerz (Deluxe Version),2007-07-11,https://example.com/covers/5190.jpg
5191,2545,Endless Summer Vacation,2021-07-26,https://example.com/covers/5191.jpg
5192,2545,Flowers,2019-03-28,https://example.com/covers/5192.jpg
5193,2545,Heart Of Glass / Midnight Sky,2011-08-07,https://example.com/covers/5193.jpg
5194,2545,Plastic Hearts,2016-10-29,https://example.com/covers/5194.jpg
5195,2545,Slide Away,2016-11-18,https://example.com/covers/5195.jpg
5196,2545,The Time Of Our Lives,2010-12-02,https://example.com/covers/5196.jpg
5197,2545,The Time Of Our Lives - International Version,2020-11-06,https://example.com/covers/5197.jpg
5198,2545,Younger Now,2022-10-21,https://example.com/covers/5198.jpg
5199,2546,Mind The Moon,2020-07-01,https://example.com/covers/5199.jpg
5200,2546,The Game,2010-03-10,https://example.com/covers/5200.jpg
5201,2547,Jazz Standards,2017-11-04,https://example.com/covers/5201.jpg
5202,2548,Studio Uno,2023-01-27,https://example.com/covers/5202.jpg
5203,2549,DREAM SOUP,2024-01-11,https://example.com/covers/5203.jpg
5204,2549,Imaginary Audience,2014-12-09,https://example.com/covers/5204.jpg
5205,2550,Mia Pharaoh,2017-03-15,https://example.com/covers/5205.jpg
5206,2551,Soul Grooves II,2023-02-06,https://example.com/covers/5206.jpg
5207,2552,Droplets,2018-09-03,https://example.com/covers/5207.jpg
5208,2553,Double Nickels on the Dime,2009-12-22,https://example.com/covers/5208.jpg
5209,2554,1964,2008-01-21,https://example.com/covers/5209.jpg
5210,2555,Edges Run,2021-10-07,https://example.com/covers/5210.jpg
5211,2556,El Disco de Tu Corazón,2018-08-17,https://example.com/covers/5211.jpg
5212,2556,El Templo del Pop,2020-01-24,https://example.com/covers/5212.jpg
5213,2557,Bonjour Mireille,2016-04-06,https://example.com/covers/5213.jpg
5214,2557,Chante Piaf,2010-06-30,https://example.com/covers/5214.jpg
5215,2557,Une vie d'amour,2016-02-25,https://example.com/covers/5215.jpg
5216,2558,Out of Love,2017-02-04,https://example.com/covers/5216.jpg
5217,2559,Our Own House,2007-10-19,https://example.com/covers/5217.jpg
5218,2560,Quentin Tarantino's Once Upon a Time in Hollywood Original Motion Picture Soundtrack,2016-02-01,https://example.com/covers/5218.jpg
5219,2561,Be the Cowboy,2013-12-11,https://example.com/covers/5219.jpg
5220,2562,Fresh Hits - 2014 - Vol. 17,2022-11-17,https://example.com/covers/5220.jpg
5221,2563,Zanzibara 5: Hot In Dar (The Sound of Tanzania 1978-1983),2017-11-25,https://example.com/covers/5221.jpg
5222,2564,Yamore,2015-09-05,https://example.com/covers/5222.jpg
5223,2565,Play,2015-06-27,https://example.com/covers/5223.jpg
5224,2566,Coleccion Original: Mocedades,2011-04-16,https://example.com/covers/5224.jpg
5225,2566,Esencial Mocedades,2016-04-19,https://example.com/covers/5225.jpg
5226,2566,Grandes Exitos,2011-05-01,https://example.com/covers/5226.jpg
5227,2566,Grandes Exitos Originales,2013-03-15,https://example.com/covers/5227.jpg
5228,2566,La Vuelta Al Mundo De Willy Fog,2020-06-11,https://example.com/covers/5228.jpg
5229,2566,Lo Esencial,2019-11-26,https://example.com/covers/5229.jpg
5230,2566,Mocedades 5,2019-08-14,https://example.com/covers/5230.jpg
5231,2566,Personalidad,2011-04-07,https://example.com/covers/5231.jpg
5232,2567,Detector De Metal,2020-12-15,https://example.com/covers/5232.jpg
5233,2567,Queremos Rock,2011-12-23,https://example.com/covers/5233.jpg
5234,2568,Ready For Romance,2021-11-06,https://example.com/covers/5234.jpg
5235,2569,Good News For People Who Love Bad News,2015-07-13,https://example.com/covers/5235.jpg
5236,2569,We Were Dead Before The Ship Even Sank,2016-02-27,https://example.com/covers/5236.jpg
5237,2570,Mussorgsky: Pictures at an Exhibition,2018-09-24,https://example.com/covers/5237.jpg
5238,2570,Russian Fireworks,2014-08-15,https://example.com/covers/5238.jpg
5239,2571,Amore,2016-01-02,https://example.com/covers/5239.jpg
5240,2572,Happy Songs for Happy People,2018-05-19,https://example.com/covers/5240.jpg
5241,2573,In Your Head,2014-05-18,https://example.com/covers/5241.jpg
5242,2574,Lava,2019-02-24,https://example.com/covers/5242.jpg
5243,2575,Этажи,2014-07-27,https://example.com/covers/5243.jpg
5244,2576,Cuando Regreses a Mí,2020-09-25,https://example.com/covers/5244.jpg
5245,2577,Greatest Hits,2020-07-20,https://example.com/covers/5245.jpg
5246,2578,...but i'd rather be with you,2013-01-10,https://example.com/covers/5246.jpg
5247,2579,La Trenza,2015-11-03,https://example.com/covers/5247.jpg
5248,2579,Que Se Sepa Nuestro Amor,2016-06-16,https://example.com/covers/5248.jpg
5249,2580,Zoo Lion,2021-05-10,https://example.com/covers/5249.jpg
5250,2581,Insane,2012-02-11,https://example.com/covers/5250.jpg
5251,2582,Roda,2017-01-16,https://example.com/covers/5251.jpg
5252,2583,Banana Peel on Capitol Hill,2018-04-17,https://example.com/covers/5252.jpg
5253,2583,Living the Best and Worst Life at the Same Damn Time!,2012-09-25,https://example.com/covers/5253.jpg
5254,2583,Supermane,2019-12-04,https://example.com/covers/5254.jpg
5255,2584,Encanto Tropical,2020-07-12,https://example.com/covers/5255.jpg
5256,2585,OUTTA MY MIND,2018-12-03,https://example.com/covers/5256.jpg
5257,2586,#1 Spot,2018-04-23,https://example.com/covers/5257.jpg
5258,2587,CALENTÓN,2015-12-28,https://example.com/covers/5258.jpg
5259,2587,Primer Dia de Clases,2012-09-24,https://example.com/covers/5259.jpg
5260,2587,Volando,2018-07-06,https://example.com/covers/5260.jpg
5261,2588,506,2012-12-16,https://example.com/covers/5261.jpg
5262,2588,Antes De Los Veinte,2017-06-15,https://example.com/covers/5262.jpg
5263,2588,Balas Perdidas,2009-03-16,https://example.com/covers/5263.jpg
5264,2588,Besos En Guerra,2012-01-24,https://example.com/covers/5264.jpg
5265,2588,Cuando Nadie Ve,2011-10-23,https://example.com/covers/5265.jpg
5266,2588,Cómo Te Atreves,2012-06-07,https://example.com/covers/5266.jpg
5267,2588,El Embrujo,2016-04-11,https://example.com/covers/5267.jpg
5268,2588,Grabado En Madera EP,2010-09-18,https://example.com/covers/5268.jpg
5269,2588,Para Que Nadie Se Entere,2017-09-02,https://example.com/covers/5269.jpg
5270,2588,Punto Y Aparte,2009-10-14,https://example.com/covers/5270.jpg
5271,2588,Sobre El Amor Y Sus Efectos Secundarios,2012-03-12,https://example.com/covers/5271.jpg
5272,2588,Sobre El Amor Y Sus Efectos Secundarios... Y Unas Cuantas Cosas Más - Edición Especial,2008-08-08,https://example.com/covers/5272.jpg
5273,2589,Big Calm,2015-01-13,https://example.com/covers/5273.jpg
5274,2590,Ibiza After Dark,2010-06-04,https://example.com/covers/5274.jpg
5275,2591,Gee Whiz But This Is a Lonesome Town,2020-08-19,https://example.com/covers/5275.jpg
5276,2592,Low in High School,2020-02-24,https://example.com/covers/5276.jpg
5277,2593,Blues Breakers,2013-10-29,https://example.com/covers/5277.jpg
5278,2593,The Collection,2011-06-30,https://example.com/covers/5278.jpg
5279,2594,Motel,2012-06-18,https://example.com/covers/5279.jpg
5280,2595,I Swear,2010-04-10,https://example.com/covers/5280.jpg
5281,2596,All The Young Dudes,2013-10-24,https://example.com/covers/5281.jpg
5282,2596,The Best Of,2007-04-26,https://example.com/covers/5282.jpg
5283,2597,El Barrio,2015-12-11,https://example.com/covers/5283.jpg
5284,2598,Bluelight Rockabillies Vol. 3,2012-08-30,https://example.com/covers/5284.jpg
5285,2599,Waves,2015-07-05,https://example.com/covers/5285.jpg
5286,2600,Tu Sicaria,2018-05-22,https://example.com/covers/5286.jpg
5287,2601,Guarding The Gates,2015-01-17,https://example.com/covers/5287.jpg
5288,2602,Mudcrutch,2019-03-12,https://example.com/covers/5288.jpg
5289,2603,Anthology,2011-11-26,https://example.com/covers/5289.jpg
5290,2603,Father Of Chicago Blues,2008-08-05,https://example.com/covers/5290.jpg
5291,2603,GoodFellas - Music From The Motion Picture,2012-09-10,https://example.com/covers/5291.jpg
5292,2603,I'm Ready,2010-11-06,https://example.com/covers/5292.jpg
5293,2603,King Of The Electric Blues,2008-10-15,https://example.com/covers/5293.jpg
5294,2603,"Muddy ""Mississippi"" Waters Live (Legacy Edition)",2011-05-28,https://example.com/covers/5294.jpg
5295,2604,Vas a encontrarte (feat. Guitarricadelafuente),2013-08-13,https://example.com/covers/5295.jpg
5296,2605,The Sequel,2010-03-09,https://example.com/covers/5296.jpg
5297,2606,Babel,2011-02-14,https://example.com/covers/5297.jpg
5298,2606,Blind Leading The Blind,2016-09-30,https://example.com/covers/5298.jpg
5299,2606,Day of the Dead,2009-10-26,https://example.com/covers/5299.jpg
5300,2606,Delta,2014-04-19,https://example.com/covers/5300.jpg
5301,2606,Delta Tour EP,2014-03-24,https://example.com/covers/5301.jpg
5302,2606,Guiding Light,2009-10-14,https://example.com/covers/5302.jpg
5303,2606,Johannesburg,2013-05-11,https://example.com/covers/5303.jpg
5304,2606,Sigh No More,2009-07-24,https://example.com/covers/5304.jpg
5305,2606,The Wolf,2015-03-06,https://example.com/covers/5305.jpg
5306,2606,There Will Be Time,2014-12-30,https://example.com/covers/5306.jpg
5307,2606,Wilder Mind,2012-12-07,https://example.com/covers/5307.jpg
5308,2607,In the Summertime,2015-01-16,https://example.com/covers/5308.jpg
5309,2608,Absolution,2012-03-30,https://example.com/covers/5309.jpg
5310,2608,Black Holes and Revelations,2007-03-26,https://example.com/covers/5310.jpg
5311,2608,Dig Down,2014-09-06,https://example.com/covers/5311.jpg
5312,2608,Drones,2011-01-29,https://example.com/covers/5312.jpg
5313,2608,Origin of Symmetry,2017-04-09,https://example.com/covers/5313.jpg
5314,2608,Pressure / The Dark Side / Something Human / Thought Contagion / Dig Down,2015-05-04,https://example.com/covers/5314.jpg
5315,2608,Simulation Theory,2014-01-28,https://example.com/covers/5315.jpg
5316,2608,Something Human,2014-04-01,https://example.com/covers/5316.jpg
5317,2608,The 2nd Law,2010-07-14,https://example.com/covers/5317.jpg
5318,2608,The Dark Side / Something Human / Thought Contagion / Dig Down,2016-11-23,https://example.com/covers/5318.jpg
5319,2608,The Resistance,2007-05-30,https://example.com/covers/5319.jpg
5320,2609,Musica Relajante,2011-05-20,https://example.com/covers/5320.jpg
5321,2610,Dancehall 101 - Vol. 3,2012-09-24,https://example.com/covers/5321.jpg
5322,2611,What's a Good Boss Anyway,2014-01-28,https://example.com/covers/5322.jpg
5323,2612,Luvanmusiq,2016-11-06,https://example.com/covers/5323.jpg
5324,2613,May Death Never Stop You,2015-05-14,https://example.com/covers/5324.jpg
5325,2613,The Black Parade,2008-05-05,https://example.com/covers/5325.jpg
5326,2613,Three Cheers for Sweet Revenge,2015-10-30,https://example.com/covers/5326.jpg
5327,2613,Welcome to the Black Parade (Steve Aoki 10th Anniversary Remix),2013-07-14,https://example.com/covers/5327.jpg
5328,2614,Shiver + Shake,2010-07-14,https://example.com/covers/5328.jpg
5329,2615,It Still Moves,2015-03-11,https://example.com/covers/5329.jpg
5330,2615,The Waterfall II,2018-02-02,https://example.com/covers/5330.jpg
5331,2615,Z,2018-06-14,https://example.com/covers/5331.jpg
5332,2616,Bandido,2015-02-08,https://example.com/covers/5332.jpg
5333,2616,EXPERIMENTO,2021-05-23,https://example.com/covers/5333.jpg
5334,2616,Easy Money Baby,2015-11-19,https://example.com/covers/5334.jpg
5335,2616,La Playa (Remix),2015-02-15,https://example.com/covers/5335.jpg
5336,2616,Mayor,2013-07-28,https://example.com/covers/5336.jpg
5337,2616,Rutina,2016-10-07,https://example.com/covers/5337.jpg
5338,2616,Si Se da Remix,2014-10-01,https://example.com/covers/5338.jpg
5339,2617,Twenty One,2008-11-19,https://example.com/covers/5339.jpg
5340,2618,The Sun,2011-11-28,https://example.com/covers/5340.jpg
5341,2619,Chosen,2016-10-20,https://example.com/covers/5341.jpg
5342,2620,A primeira vez,2018-05-26,https://example.com/covers/5342.jpg
5343,2621,"Girls, Girls, Girls",2017-05-19,https://example.com/covers/5343.jpg
5344,2621,Shout At The Devil,2006-09-20,https://example.com/covers/5344.jpg
5345,2621,Theatre of Pain,2010-03-01,https://example.com/covers/5345.jpg
5346,2622,Møment II,2019-11-12,https://example.com/covers/5346.jpg
5347,2623,Stereo Hits,2017-10-29,https://example.com/covers/5347.jpg
5348,2624,Straight Outta Compton,2016-12-09,https://example.com/covers/5348.jpg
5349,2625,Calambre,2023-03-14,https://example.com/covers/5349.jpg
5350,2626,Criminal,2016-01-14,https://example.com/covers/5350.jpg
5351,2626,Ram Pam Pam,2016-09-12,https://example.com/covers/5351.jpg
5352,2627,HAPPINESS,2014-09-12,https://example.com/covers/5352.jpg
5353,2627,Rivers in the Wasteland,2014-05-05,https://example.com/covers/5353.jpg
5354,2628,Sexual,2009-09-29,https://example.com/covers/5354.jpg
5355,2629,Music Sounds Better with You,2023-10-18,https://example.com/covers/5355.jpg
5356,2630,NIIVA,2017-09-01,https://example.com/covers/5356.jpg
5357,2631,Ribbed,2021-01-01,https://example.com/covers/5357.jpg
5358,2632,Go To War,2015-10-25,https://example.com/covers/5358.jpg
5359,2633,All Hopped Up,2011-10-02,https://example.com/covers/5359.jpg
5360,2634,"LA NVDITÉ, Vol. 1",2018-01-08,https://example.com/covers/5360.jpg
5361,2635,La Correcta,2012-11-15,https://example.com/covers/5361.jpg
5362,2636,El Momento,2016-07-10,https://example.com/covers/5362.jpg
5363,2636,La Más Completa Colección,2014-06-06,https://example.com/covers/5363.jpg
5364,2637,Bailame,2017-12-09,https://example.com/covers/5364.jpg
5365,2637,Báilame,2010-11-14,https://example.com/covers/5365.jpg
5366,2637,Déjalo,2016-07-31,https://example.com/covers/5366.jpg
5367,2637,La Criatura,2018-07-19,https://example.com/covers/5367.jpg
5368,2638,El Lado Femenino,2021-12-09,https://example.com/covers/5368.jpg
5369,2639,Desaparezca Aquí,2020-05-08,https://example.com/covers/5369.jpg
5370,2639,Resituación,2021-12-05,https://example.com/covers/5370.jpg
5371,2640,Boots,2016-01-25,https://example.com/covers/5371.jpg
5372,2641,Nancy Wilson/Cannonball Adderley,2015-02-07,https://example.com/covers/5372.jpg
5373,2642,Canela,2016-08-14,https://example.com/covers/5373.jpg
5374,2642,Los No Tan Tristes,2020-06-30,https://example.com/covers/5374.jpg
5375,2643,Illmatic,2020-12-27,https://example.com/covers/5375.jpg
5376,2644,Holidays & Hits,2014-09-08,https://example.com/covers/5376.jpg
5377,2644,L-O-V-E,2009-04-25,https://example.com/covers/5377.jpg
5378,2644,The Christmas Song,2013-03-15,https://example.com/covers/5378.jpg
5379,2644,The Christmas Song - Expanded Edition,2017-01-20,https://example.com/covers/5379.jpg
5380,2644,The Extraordinary,2013-07-01,https://example.com/covers/5380.jpg
5381,2644,The Nat King Cole Story,2007-06-28,https://example.com/covers/5381.jpg
5382,2644,The Unforgettable Nat King Cole,2008-03-26,https://example.com/covers/5382.jpg
5383,2645,De Todas las Flores,2015-08-02,https://example.com/covers/5383.jpg
5384,2645,"Giralunas, Un Homenaje a L.E.Aute",2015-02-16,https://example.com/covers/5384.jpg
5385,2645,Hasta la Raíz,2010-10-09,https://example.com/covers/5385.jpg
5386,2645,Mi manera de querer,2019-12-19,https://example.com/covers/5386.jpg
5387,2645,Mujer Divina - Homenaje a Agustín Lara,2019-07-12,https://example.com/covers/5387.jpg
5388,2645,"Musas (Un Homenaje al Folclore Latinoamericano en Manos de Los Macorinos, Vol. 1)",2016-08-09,https://example.com/covers/5388.jpg
5389,2646,Crazy,2016-04-09,https://example.com/covers/5389.jpg
5390,2647,Somebody,2014-01-15,https://example.com/covers/5390.jpg
5391,2648,A Mis 20,2012-01-24,https://example.com/covers/5391.jpg
5392,2648,AMG,2014-11-13,https://example.com/covers/5392.jpg
5393,2648,Amor Tumbado,2013-03-06,https://example.com/covers/5393.jpg
5394,2648,El Toro Encartado - Spotify Singles,2015-05-09,https://example.com/covers/5394.jpg
5395,2648,Madonna,2018-07-22,https://example.com/covers/5395.jpg
5396,2648,NataKong,2019-05-31,https://example.com/covers/5396.jpg
5397,2648,Pacas De Billetes,2023-03-18,https://example.com/covers/5397.jpg
5398,2649,Unwritten,2013-05-27,https://example.com/covers/5398.jpg
5399,2650,Full Time Magic,2012-03-20,https://example.com/covers/5399.jpg
5400,2651,Grand Romantic,2013-04-10,https://example.com/covers/5400.jpg
5401,2652,Ibiza 2015,2014-03-13,https://example.com/covers/5401.jpg
5402,2652,Skybeats 1 (Wedelhütte),2016-08-25,https://example.com/covers/5402.jpg
5403,2653,Diamond Back,2014-02-21,https://example.com/covers/5403.jpg
5404,2654,And It’s Still Alright,2016-11-17,https://example.com/covers/5404.jpg
5405,2655,Nathaniel Rateliff & The Night Sweats,2012-06-07,https://example.com/covers/5405.jpg
5406,2655,Tearing At The Seams,2010-12-17,https://example.com/covers/5406.jpg
5407,2655,The Future,2015-11-01,https://example.com/covers/5407.jpg
5408,2656,Dancin' with Wolves,2011-09-11,https://example.com/covers/5408.jpg
5409,2657,12 Songs,2013-08-15,https://example.com/covers/5409.jpg
5410,2657,50th Anniversary Collection,2020-11-02,https://example.com/covers/5410.jpg
5411,2657,50th Anniversary Collector's Edition,2017-10-20,https://example.com/covers/5411.jpg
5412,2657,Brother Love's Travelling Salvation Show,2012-12-04,https://example.com/covers/5412.jpg
5413,2657,Classics: The Early Years,2015-03-23,https://example.com/covers/5413.jpg
5414,2657,Heartlight,2012-06-08,https://example.com/covers/5414.jpg
5415,2657,Hot August Night - 40th Anniversary Deluxe Edition,2019-04-19,https://example.com/covers/5415.jpg
5416,2657,Jonathan Livingston Seagull,2011-04-08,https://example.com/covers/5416.jpg
5417,2657,Moods,2016-07-06,https://example.com/covers/5417.jpg
5418,2657,Moonlight Rider / Sunflower,2018-06-02,https://example.com/covers/5418.jpg
5419,2657,Rainbow,2018-06-05,https://example.com/covers/5419.jpg
5420,2657,Serenade,2012-11-10,https://example.com/covers/5420.jpg
5421,2657,Sweet Caroline,2009-03-17,https://example.com/covers/5421.jpg
5422,2657,Tap Root Manuscript,2018-08-14,https://example.com/covers/5422.jpg
5423,2657,The Bang Years 1966-1968 - The 23 Original Mono Recordings,2015-08-26,https://example.com/covers/5423.jpg
5424,2657,The Jazz Singer,2018-05-08,https://example.com/covers/5424.jpg
5425,2657,"Touching You, Touching Me",2015-03-10,https://example.com/covers/5425.jpg
5426,2657,You Don't Bring Me Flowers,2014-05-22,https://example.com/covers/5426.jpg
5427,2658,After the Gold Rush,2012-05-21,https://example.com/covers/5427.jpg
5428,2658,"Eat, Pray, Love",2016-01-21,https://example.com/covers/5428.jpg
5429,2658,Greatest Hits,2012-11-10,https://example.com/covers/5429.jpg
5430,2658,Greendale,2015-10-25,https://example.com/covers/5430.jpg
5431,2658,Harvest,2013-04-04,https://example.com/covers/5431.jpg
5432,2658,Harvest Moon,2011-11-02,https://example.com/covers/5432.jpg
5433,2659,The Tigers Have Spoken,2016-07-04,https://example.com/covers/5433.jpg
5434,2660,Nellyville,2017-09-06,https://example.com/covers/5434.jpg
5435,2661,In The Wee Small Hours Of The Morning,2012-12-13,https://example.com/covers/5435.jpg
5436,2662,Valsa e Vinho,2021-12-17,https://example.com/covers/5436.jpg
5437,2663,Nena,2020-07-28,https://example.com/covers/5437.jpg
5438,2664,Bailen Rochas y Chetas,2006-03-11,https://example.com/covers/5438.jpg
5439,2664,Me Declaro Culpable,2019-07-19,https://example.com/covers/5439.jpg
5440,2665,Feel Good,2012-09-26,https://example.com/covers/5440.jpg
5441,2665,Habits,2004-10-20,https://example.com/covers/5441.jpg
5442,2665,Pop Psychology,2007-09-15,https://example.com/covers/5442.jpg
5443,2665,Songs I Can't Listen To,2011-01-04,https://example.com/covers/5443.jpg
5444,2666,Dancin',2019-03-10,https://example.com/covers/5444.jpg
5445,2667,In the Aeroplane Over the Sea,2016-04-27,https://example.com/covers/5445.jpg
5446,2668,Frontiers,2016-11-06,https://example.com/covers/5446.jpg
5447,2669,Broadway Dreams,2013-10-16,https://example.com/covers/5447.jpg
5448,2670,From The Screen To Your Stereo Part II,2010-08-12,https://example.com/covers/5448.jpg
5449,2671,People on the High Line,2020-10-05,https://example.com/covers/5449.jpg
5450,2671,Power Corruption and Lies,2016-10-03,https://example.com/covers/5450.jpg
5451,2672,A Bad Girl In Harlem,2014-01-10,https://example.com/covers/5451.jpg
5452,2672,Girl Crush,2009-02-09,https://example.com/covers/5452.jpg
5453,2673,Maybe You've Been Brainwashed Too,2003-10-22,https://example.com/covers/5453.jpg
5454,2674,Bear's Sonic Journals: Dawn of the New Riders of the Purple Sage,2019-12-14,https://example.com/covers/5454.jpg
5455,2675,Musicals - Gold,2017-10-23,https://example.com/covers/5455.jpg
5456,2676,Hand Built By Robots,2007-04-16,https://example.com/covers/5456.jpg
5457,2677,R&B Party,2016-11-07,https://example.com/covers/5457.jpg
5458,2678,Flicker,2015-07-01,https://example.com/covers/5458.jpg
5459,2679,En El Bar 3,2013-01-26,https://example.com/covers/5459.jpg
5460,2679,Nicho... En El Bar 2,2014-10-09,https://example.com/covers/5460.jpg
5461,2680,Harry Potter And The Half-Blood Prince - Original Soundtrack,2007-11-12,https://example.com/covers/5461.jpg
5462,2680,Harry Potter And The Order Of The Phoenix (Original Motion Picture Soundtrack),2016-09-15,https://example.com/covers/5462.jpg
5463,2680,Harry Potter and the Half-Blood Prince (Original Motion Picture Soundtrack),2016-11-15,https://example.com/covers/5463.jpg
5464,2681,Payton's Place,2012-11-11,https://example.com/covers/5464.jpg
5465,2682,Cosmic Dancer,2017-04-30,https://example.com/covers/5465.jpg
5466,2683,Abattoir Blues / The Lyre of Orpheus,2016-08-06,https://example.com/covers/5466.jpg
5467,2683,Euthanasia,2014-05-04,https://example.com/covers/5467.jpg
5468,2683,Ghosteen,2013-08-03,https://example.com/covers/5468.jpg
5469,2683,Idiot Prayer,2017-07-03,https://example.com/covers/5469.jpg
5470,2683,Let Love In,2013-06-22,https://example.com/covers/5470.jpg
5471,2683,Lovely Creatures - The Best of Nick Cave and The Bad Seeds (1984-2014),2013-04-19,https://example.com/covers/5471.jpg
5472,2683,Nocturama,2014-04-15,https://example.com/covers/5472.jpg
5473,2683,Skeleton Tree,2015-12-31,https://example.com/covers/5473.jpg
5474,2683,The Boatman's Call,2017-12-31,https://example.com/covers/5474.jpg
5475,2684,Bryter Layter,2017-04-26,https://example.com/covers/5475.jpg
5476,2684,Five Leaves Left,2014-08-15,https://example.com/covers/5476.jpg
5477,2684,Pink Moon,2020-09-09,https://example.com/covers/5477.jpg
5478,2685,How I Feel,2017-01-20,https://example.com/covers/5478.jpg
5479,2685,Seance,2014-08-11,https://example.com/covers/5479.jpg
5480,2686,Fifty Shades Darker,2018-07-19,https://example.com/covers/5480.jpg
5481,2686,Jealous,2014-01-10,https://example.com/covers/5481.jpg
5482,2687,Don't Be Nice to Me,2019-03-24,https://example.com/covers/5482.jpg
5483,2688,First Mind,2018-10-09,https://example.com/covers/5483.jpg
5484,2689,Promenade Blue,2015-03-29,https://example.com/covers/5484.jpg
5485,2690,All the Right Reasons,2010-04-09,https://example.com/covers/5485.jpg
5486,2690,Dark Horse,2008-05-15,https://example.com/covers/5486.jpg
5487,2691,The Tin Man Was A Dreamer,2015-05-14,https://example.com/covers/5487.jpg
5488,2692,Atrévete,2012-09-17,https://example.com/covers/5488.jpg
5489,2692,El Perdón (w/ Enrique Iglesias),2010-06-20,https://example.com/covers/5489.jpg
5490,2692,El Perdón (with Enrique Iglesias),2005-11-01,https://example.com/covers/5490.jpg
5491,2692,Fénix,2013-07-12,https://example.com/covers/5491.jpg
5492,2692,Hasta el Amanecer,2012-01-24,https://example.com/covers/5492.jpg
5493,2692,Intimo,2017-07-11,https://example.com/covers/5493.jpg
5494,2692,Nicky Jam Hits,2011-12-22,https://example.com/covers/5494.jpg
5495,2692,Te Robaré,2018-08-16,https://example.com/covers/5495.jpg
5496,2692,Travesuras (Remix),2010-05-12,https://example.com/covers/5496.jpg
5497,2692,Ven y Hazlo Tú (feat. Arcángel),2015-03-13,https://example.com/covers/5497.jpg
5498,2693,Future Funk (Radio Edit),2021-04-22,https://example.com/covers/5498.jpg
5499,2693,Like Home,2014-06-29,https://example.com/covers/5499.jpg
5500,2694,Chelsea Girl,2019-07-08,https://example.com/covers/5500.jpg
5501,2695,Black Star Elephant,2011-11-25,https://example.com/covers/5501.jpg
5502,2695,That's How You Know (feat. Kid Ink & Bebe Rexha),2011-02-27,https://example.com/covers/5502.jpg
5503,2696,"Buongiorno Principessa (From ""La vita è bella"")",2017-01-08,https://example.com/covers/5503.jpg
5504,2696,Canto di primavera,2015-11-10,https://example.com/covers/5504.jpg
5505,2696,Caro Diario un Film Di Nanni Moretti,2019-04-27,https://example.com/covers/5505.jpg
5506,2697,Significant Others,2022-05-17,https://example.com/covers/5506.jpg
5507,2698,Hello Take Me Anywhere,2019-08-30,https://example.com/covers/5507.jpg
5508,2699,Nikki Clan (Re-Edicion),2020-06-25,https://example.com/covers/5508.jpg
5509,2700,Les Douze Violons de France,2014-11-09,https://example.com/covers/5509.jpg
5510,2700,Rimsky-Korsakov: Scheherazade,2016-03-17,https://example.com/covers/5510.jpg
5511,2701,Carrying Stars (Bonus Version),2014-06-09,https://example.com/covers/5511.jpg
5512,2702,lo que pasó,2020-12-30,https://example.com/covers/5512.jpg
5513,2703,I Put A Spell On You,2007-08-14,https://example.com/covers/5513.jpg
5514,2704,Snapshots,2014-05-24,https://example.com/covers/5514.jpg
5515,2704,The Madding Crowd,2015-05-10,https://example.com/covers/5515.jpg
5516,2705,Ghosts I-IV,2009-11-29,https://example.com/covers/5516.jpg
5517,2705,The Downward Spiral,2018-08-10,https://example.com/covers/5517.jpg
5518,2706,Nouvelle vie,2021-01-23,https://example.com/covers/5518.jpg
5519,2707,AM Remix,2019-06-03,https://example.com/covers/5519.jpg
5520,2707,La Jeepeta (Remix),2019-10-05,https://example.com/covers/5520.jpg
5521,2707,Mírame,2016-03-18,https://example.com/covers/5521.jpg
5522,2707,Te Boté (Remix),2015-06-11,https://example.com/covers/5522.jpg
5523,2708,Victory Lap,2017-10-29,https://example.com/covers/5523.jpg
5524,2709,In Utero,2012-05-03,https://example.com/covers/5524.jpg
5525,2709,Nevermind,2012-06-03,https://example.com/covers/5525.jpg
5526,2710,The Bedroom Tour Playlist,2014-03-08,https://example.com/covers/5526.jpg
5527,2711,De la Línea Diez al Sol,2015-12-14,https://example.com/covers/5527.jpg
5528,2712,The Singles Collection,2012-10-26,https://example.com/covers/5528.jpg
5529,2713,Comida,2018-05-16,https://example.com/covers/5529.jpg
5530,2713,Otras Canciones,2022-01-12,https://example.com/covers/5530.jpg
5531,2713,Otras Canciones 25 Años,2017-07-12,https://example.com/covers/5531.jpg
5532,2714,They Might've Even Loved Me,2015-10-20,https://example.com/covers/5532.jpg
5533,2715,"Peaceful, The World Lays Me Down",2024-09-03,https://example.com/covers/5533.jpg
5534,2716,The Hardest Part,2021-02-19,https://example.com/covers/5534.jpg
5535,2717,Spotify Singles,2019-10-26,https://example.com/covers/5535.jpg
5536,2717,Stick Season,2013-05-16,https://example.com/covers/5536.jpg
5537,2718,Morena,2018-11-14,https://example.com/covers/5537.jpg
5538,2718,muero x ti,2019-02-03,https://example.com/covers/5538.jpg
5539,2719,A Dream Is All I Need To Get By,2017-11-12,https://example.com/covers/5539.jpg
5540,2719,Black Star Dancing,2019-10-31,https://example.com/covers/5540.jpg
5541,2719,Chasing Yesterday,2016-03-31,https://example.com/covers/5541.jpg
5542,2719,Chasing Yesterday (Deluxe),2014-08-19,https://example.com/covers/5542.jpg
5543,2719,Come On Outside,2015-05-27,https://example.com/covers/5543.jpg
5544,2719,Fort Knox,2012-05-29,https://example.com/covers/5544.jpg
5545,2719,Holy Mountain,2009-05-12,https://example.com/covers/5545.jpg
5546,2719,Noel Gallagher's High Flying Birds,2016-12-03,https://example.com/covers/5546.jpg
5547,2719,Riverman,2016-11-18,https://example.com/covers/5547.jpg
5548,2719,She Taught Me How To Fly,2008-08-26,https://example.com/covers/5548.jpg
5549,2719,Spotify Singles,2015-11-13,https://example.com/covers/5549.jpg
5550,2719,This Is The Place,2018-02-04,https://example.com/covers/5550.jpg
5551,2719,Wandering Star,2010-01-12,https://example.com/covers/5551.jpg
5552,2719,We're On Our Way Now,2018-12-09,https://example.com/covers/5552.jpg
5553,2719,Who Built The Moon?,2014-05-07,https://example.com/covers/5553.jpg
5554,2720,"Colección Nos Queda Su Canción, Vol. 8: Entre Otros",2016-09-15,https://example.com/covers/5554.jpg
5555,2721,La Balanza,2006-05-11,https://example.com/covers/5555.jpg
5556,2722,Come With Me,2009-03-12,https://example.com/covers/5556.jpg
5557,2723,Flute and Harp,2015-03-11,https://example.com/covers/5557.jpg
5558,2724,Christmas With You,2019-07-03,https://example.com/covers/5558.jpg
5559,2724,Come Away With Me,2013-10-09,https://example.com/covers/5559.jpg
5560,2724,Feels Like Home,2008-10-13,https://example.com/covers/5560.jpg
5561,2724,Spotify Singles - Holiday,2018-05-18,https://example.com/covers/5561.jpg
5562,2724,The Bridge School Concerts 25th Anniversary Edition,2018-02-07,https://example.com/covers/5562.jpg
5563,2725,No Te Hagas la Loca,2013-12-15,https://example.com/covers/5563.jpg
5564,2726,Music From The Motion Picture Michael,2016-01-31,https://example.com/covers/5564.jpg
5565,2726,Spirit In The Sky,2014-01-18,https://example.com/covers/5565.jpg
5566,2726,The Original Hit Recording - Spirit in the Sky,2008-11-28,https://example.com/covers/5566.jpg
5567,2727,Set Sail,2015-07-28,https://example.com/covers/5567.jpg
5568,2728,Famine Asylum,2015-10-21,https://example.com/covers/5568.jpg
5569,2729,Nothing But Thieves,2014-03-23,https://example.com/covers/5569.jpg
5570,2730,Love Stories,2013-06-05,https://example.com/covers/5570.jpg
5571,2731,3,2022-05-23,https://example.com/covers/5571.jpg
5572,2732,Davinci,2021-04-28,https://example.com/covers/5572.jpg
5573,2733,Bar Mediterraneo,2018-11-22,https://example.com/covers/5573.jpg
5574,2734,Caribe Mix Reggaeton,2022-05-01,https://example.com/covers/5574.jpg
5575,2735,Melibea,2013-09-25,https://example.com/covers/5575.jpg
5576,2736,Otro Tiempo,2019-06-28,https://example.com/covers/5576.jpg
5577,2737,"Rosó, pel teu amor",2016-02-22,https://example.com/covers/5577.jpg
5578,2738,All Together Now,2012-02-23,https://example.com/covers/5578.jpg
5579,2738,Here It Goes Again,2010-11-01,https://example.com/covers/5579.jpg
5580,2739,Rapp Snitch Knishes (Live Instrumental),2018-03-10,https://example.com/covers/5580.jpg
5581,2740,Hello,2012-09-28,https://example.com/covers/5581.jpg
5582,2741,Cheerleader,2009-02-18,https://example.com/covers/5582.jpg
5583,2741,Hula Hoop,2005-10-15,https://example.com/covers/5583.jpg
5584,2742,Lo Mejor De OV7,2010-02-07,https://example.com/covers/5584.jpg
5585,2742,Punto,2015-09-24,https://example.com/covers/5585.jpg
5586,2743,Since We Met,2017-12-19,https://example.com/covers/5586.jpg
5587,2744,(What's The Story) Morning Glory?,2010-06-27,https://example.com/covers/5587.jpg
5588,2744,Be Here Now,2016-01-27,https://example.com/covers/5588.jpg
5589,2744,Definitely Maybe,2009-01-01,https://example.com/covers/5589.jpg
5590,2744,Dig Out Your Soul,2020-01-18,https://example.com/covers/5590.jpg
5591,2744,Don't Believe The Truth,2014-06-24,https://example.com/covers/5591.jpg
5592,2744,Don't Stop...,2013-01-01,https://example.com/covers/5592.jpg
5593,2744,Heathen Chemistry,2007-03-29,https://example.com/covers/5593.jpg
5594,2744,Standing On The Shoulder Of Giants,2012-08-03,https://example.com/covers/5594.jpg
5595,2744,Standing on the Shoulder of Giants,2013-10-26,https://example.com/covers/5595.jpg
5596,2744,Stop The Clocks,2007-09-25,https://example.com/covers/5596.jpg
5597,2744,The Masterplan,2008-04-04,https://example.com/covers/5597.jpg
5598,2745,Chronovision,2012-12-27,https://example.com/covers/5598.jpg
5599,2746,Solo Exitos,2012-01-02,https://example.com/covers/5599.jpg
5600,2747,Yellow Mellow EP,2017-08-14,https://example.com/covers/5600.jpg
5601,2748,California Weed,2016-02-28,https://example.com/covers/5601.jpg
5602,2749,What Remains,2016-02-21,https://example.com/covers/5602.jpg
5603,2750,Beneath The Skin,2006-03-10,https://example.com/covers/5603.jpg
5604,2750,Crystals,2006-07-03,https://example.com/covers/5604.jpg
5605,2750,Destroyer,2011-09-02,https://example.com/covers/5605.jpg
5606,2750,Empire,2013-08-15,https://example.com/covers/5606.jpg
5607,2750,I Of The Storm,2010-12-31,https://example.com/covers/5607.jpg
5608,2750,My Head Is An Animal,2010-09-17,https://example.com/covers/5608.jpg
5609,2751,Be Mine,2021-08-20,https://example.com/covers/5609.jpg
5610,2751,Katchi (Ofenbach vs. Nick Waterhouse),2017-11-14,https://example.com/covers/5610.jpg
5611,2752,Oh Wonder,2009-02-04,https://example.com/covers/5611.jpg
5612,2753,Honey,2016-10-07,https://example.com/covers/5612.jpg
5613,2754,Dark At The End Of The Tunnel,2017-01-02,https://example.com/covers/5613.jpg
5614,2755,Watch This Liquid Pour Itself,2019-12-13,https://example.com/covers/5614.jpg
5615,2756,Seasons,2015-07-16,https://example.com/covers/5615.jpg
5616,2757,Days Of Wine And Roses,2020-12-06,https://example.com/covers/5616.jpg
5617,2757,My Favorite Things,2015-04-28,https://example.com/covers/5617.jpg
5618,2757,Secret Love,2014-05-30,https://example.com/covers/5618.jpg
5619,2758,"The Grand Theatre, Vol. 1",2019-11-17,https://example.com/covers/5619.jpg
5620,2759,Call Me When You Land,2018-09-15,https://example.com/covers/5620.jpg
5621,2760,Olga Guillot,2016-02-06,https://example.com/covers/5621.jpg
5622,2761,Melody,2022-06-10,https://example.com/covers/5622.jpg
5623,2762,Full Circle,2020-12-17,https://example.com/covers/5623.jpg
5624,2763,Disco Essentials,2011-10-11,https://example.com/covers/5624.jpg
5625,2763,Retro Disco,2018-12-26,https://example.com/covers/5625.jpg
5626,2764,Pushing On,2020-05-07,https://example.com/covers/5626.jpg
5627,2765,Shades Of Grey,2010-12-29,https://example.com/covers/5627.jpg
5628,2766,"Ugly is Beautiful: Shorter, Thicker & Uglier",2014-08-11,https://example.com/covers/5628.jpg
5629,2767,Nada que perder,2016-12-13,https://example.com/covers/5629.jpg
5630,2768,Communion,2012-04-14,https://example.com/covers/5630.jpg
5631,2768,Desire,2015-12-11,https://example.com/covers/5631.jpg
5632,2769,Wrapped Up (feat. Travie McCoy),2016-07-27,https://example.com/covers/5632.jpg
5633,2770,Control,2016-12-20,https://example.com/covers/5633.jpg
5634,2770,Leisureplex,2013-05-30,https://example.com/covers/5634.jpg
5635,2771,Arrow Point Port,2014-11-27,https://example.com/covers/5635.jpg
5636,2771,Telodice,2020-07-25,https://example.com/covers/5636.jpg
5637,2772,Attention (with Justin Bieber),2019-02-10,https://example.com/covers/5637.jpg
5638,2773,Ivory,2017-10-22,https://example.com/covers/5638.jpg
5639,2774,Como Caído del Cielo,2011-05-18,https://example.com/covers/5639.jpg
5640,2775,Algo Leve,2017-01-18,https://example.com/covers/5640.jpg
5641,2776,Omara Portuondo,2022-07-29,https://example.com/covers/5641.jpg
5642,2777,10000 lépés,2019-09-06,https://example.com/covers/5642.jpg
5643,2778,Drag Me Down,2014-08-26,https://example.com/covers/5643.jpg
5644,2778,FOUR,2007-02-11,https://example.com/covers/5644.jpg
5645,2778,Infinity,2014-06-21,https://example.com/covers/5645.jpg
5646,2778,Made In The A.M. - Deluxe Edition,2012-04-06,https://example.com/covers/5646.jpg
5647,2778,Midnight Memories (Deluxe),2007-02-03,https://example.com/covers/5647.jpg
5648,2778,Perfect,2006-12-21,https://example.com/covers/5648.jpg
5649,2778,Perfect - EP,2012-02-06,https://example.com/covers/5649.jpg
5650,2778,Steal My Girl,2010-12-27,https://example.com/covers/5650.jpg
5651,2778,Take Me Home,2016-09-16,https://example.com/covers/5651.jpg
5652,2778,Take Me Home: Yearbook Edition,2015-02-17,https://example.com/covers/5652.jpg
5653,2778,Up All Night,2013-07-14,https://example.com/covers/5653.jpg
5654,2779,Dreaming Out Loud,2013-03-16,https://example.com/covers/5654.jpg
5655,2779,Future Looks Good,2010-12-14,https://example.com/covers/5655.jpg
5656,2779,Human,2021-01-30,https://example.com/covers/5656.jpg
5657,2779,Native,2010-05-06,https://example.com/covers/5657.jpg
5658,2779,No Vacancy,2016-12-10,https://example.com/covers/5658.jpg
5659,2779,Oh My My,2015-11-16,https://example.com/covers/5659.jpg
5660,2779,Ordinary Human,2008-05-14,https://example.com/covers/5660.jpg
5661,2779,Rich Love,2009-08-31,https://example.com/covers/5661.jpg
5662,2779,Waking Up,2007-12-15,https://example.com/covers/5662.jpg
5663,2779,Wanted,2011-03-13,https://example.com/covers/5663.jpg
5664,2779,Wild Life,2015-06-23,https://example.com/covers/5664.jpg
5665,2780,Good Time Original Motion Picture Soundtrack,2015-12-23,https://example.com/covers/5665.jpg
5666,2781,Electric Hawaii,2011-09-23,https://example.com/covers/5666.jpg
5667,2782,"Royal Wedding: Kate & William Compilation, Vol. 1",2014-01-16,https://example.com/covers/5667.jpg
5668,2783,Midnight in Paris (Music from the Motion Picture),2012-05-29,https://example.com/covers/5668.jpg
5669,2784,The Shape Of Jazz To Come,2011-02-11,https://example.com/covers/5669.jpg
5670,2785,Música Moderna,2021-04-16,https://example.com/covers/5670.jpg
5671,2786,Orchestra Harlow Presenta a Ismael Miranda,2019-05-13,https://example.com/covers/5671.jpg
5672,2787,Home of Sanity (the playlist),2021-02-18,https://example.com/covers/5672.jpg
5673,2788,Eterna Navidad,2021-10-13,https://example.com/covers/5673.jpg
5674,2789,Stockholm,2017-12-20,https://example.com/covers/5674.jpg
5675,2790,Inside Llewyn Davis: Original Soundtrack Recording,2016-01-13,https://example.com/covers/5675.jpg
5676,2791,Fin de Semana,2015-05-09,https://example.com/covers/5676.jpg
5677,2791,Los Collares,2021-10-09,https://example.com/covers/5677.jpg
5678,2792,Night Train,2017-05-25,https://example.com/covers/5678.jpg
5679,2793,"Atlantic 60th: Soul, Sweat And Strut",2007-11-18,https://example.com/covers/5679.jpg
5680,2793,The Dock of the Bay,2012-12-18,https://example.com/covers/5680.jpg
5681,2794,Mourning In The Morning,2011-05-16,https://example.com/covers/5681.jpg
5682,2795,Someday,2011-02-21,https://example.com/covers/5682.jpg
5683,2796,Million Voices,2014-08-23,https://example.com/covers/5683.jpg
5684,2797,Depression,2023-10-26,https://example.com/covers/5684.jpg
5685,2798,Nights Like These,2016-01-21,https://example.com/covers/5685.jpg
5686,2798,The Wild Life,2011-03-03,https://example.com/covers/5686.jpg
5687,2799,Speakerboxxx/The Love Below,2017-02-22,https://example.com/covers/5687.jpg
5688,2799,Stankonia,2012-11-23,https://example.com/covers/5688.jpg
5689,2800,Over the Garden Wall,2013-03-14,https://example.com/covers/5689.jpg
5690,2801,EL HECHIZO,2018-05-25,https://example.com/covers/5690.jpg
5691,2801,Inolvidable,2018-12-21,https://example.com/covers/5691.jpg
5692,2801,Miedito o Qué? (feat. KAROL G),2017-09-12,https://example.com/covers/5692.jpg
5693,2802,"Hodges: Front and Center, Vol. 1",2013-09-10,https://example.com/covers/5693.jpg
5694,2803,All I Want for Christmas Is You,2021-09-11,https://example.com/covers/5694.jpg
5695,2804,Ocean Eyes,2013-05-06,https://example.com/covers/5695.jpg
5696,2805,The Grand Pecking Order,2019-08-15,https://example.com/covers/5696.jpg
5697,2806,100 Preguntas,2018-08-19,https://example.com/covers/5697.jpg
5698,2806,Baila Baila Baila,2010-04-12,https://example.com/covers/5698.jpg
5699,2806,Caramelo,2020-09-01,https://example.com/covers/5699.jpg
5700,2806,Dile Que Tu Me Quieres,2011-02-08,https://example.com/covers/5700.jpg
5701,2806,ENOC,2019-09-29,https://example.com/covers/5701.jpg
5702,2806,El Farsante (Remix),2016-06-25,https://example.com/covers/5702.jpg
5703,2806,Nibiru,2017-03-29,https://example.com/covers/5703.jpg
5704,2806,Odisea,2016-05-08,https://example.com/covers/5704.jpg
5705,2806,OzuTochi,2017-01-20,https://example.com/covers/5705.jpg
5706,2806,Solita,2010-02-26,https://example.com/covers/5706.jpg
5707,2806,Te Soñé De Nuevo,2015-02-23,https://example.com/covers/5707.jpg
5708,2806,Tu Foto,2016-12-05,https://example.com/covers/5708.jpg
5709,2806,Unica,2017-08-06,https://example.com/covers/5709.jpg
5710,2806,Vaina Loca,2011-02-04,https://example.com/covers/5710.jpg
5711,2807,Bark At The Moon (Expanded Edition),2007-03-07,https://example.com/covers/5711.jpg
5712,2807,Blizzard Of Ozz,2020-07-26,https://example.com/covers/5712.jpg
5713,2807,Blizzard of Ozz (Expanded Edition),2008-10-03,https://example.com/covers/5713.jpg
5714,2807,Down To Earth,2012-09-06,https://example.com/covers/5714.jpg
5715,2807,No More Tears (Expanded Edition),2014-01-10,https://example.com/covers/5715.jpg
5716,2807,No Rest for the Wicked (Expanded Edition),2010-10-20,https://example.com/covers/5716.jpg
5717,2807,The Essential Ozzy Osbourne,2011-09-25,https://example.com/covers/5717.jpg
5718,2807,The Ozzman Cometh,2013-09-10,https://example.com/covers/5718.jpg
5719,2808,The Truth About Love,2013-02-26,https://example.com/covers/5719.jpg
5720,2809,Springtime (Deluxe Edition),2015-12-18,https://example.com/covers/5720.jpg
5721,2809,ZYX Italo Disco Collection,2023-08-03,https://example.com/covers/5721.jpg
5722,2810,Insane About It EP,2009-08-01,https://example.com/covers/5722.jpg
5723,2811,Sera El Sol (Mixed),2017-01-29,https://example.com/covers/5723.jpg
5724,2812,Y SI SOMOS NOVIOS???,2021-10-11,https://example.com/covers/5724.jpg
5725,2813,Electric Feel,2017-12-03,https://example.com/covers/5725.jpg
5726,2814,Whatever You Like,2013-11-18,https://example.com/covers/5726.jpg
5727,2815,Let England Shake,2020-12-07,https://example.com/covers/5727.jpg
5728,2816,All Mine,2013-01-14,https://example.com/covers/5728.jpg
5729,2817,ICARUS,2015-10-05,https://example.com/covers/5729.jpg
5730,2818,Amantes Sunt Amentes,2011-10-16,https://example.com/covers/5730.jpg
5731,2818,Bonanza,2015-01-10,https://example.com/covers/5731.jpg
5732,2818,La Revancha Del Principe Charro,2014-06-10,https://example.com/covers/5732.jpg
5733,2819,#NAME?,2015-04-27,https://example.com/covers/5733.jpg
5734,2819,La llave (feat. Piso 21),2013-08-14,https://example.com/covers/5734.jpg
5735,2819,Pablo Alboran (Deluxe),2010-07-07,https://example.com/covers/5735.jpg
5736,2819,Pablo Alborán Spotify Sessions,2016-10-05,https://example.com/covers/5736.jpg
5737,2819,Tour Terral,2018-04-11,https://example.com/covers/5737.jpg
5738,2820,Amo Esta Isla,2013-10-24,https://example.com/covers/5738.jpg
5739,2820,Em Vivo,2018-09-14,https://example.com/covers/5739.jpg
5740,2820,"En Vivo en Argentina, Vol. 1",2017-09-28,https://example.com/covers/5740.jpg
5741,2820,La Mas Completa Coleccion,2021-02-20,https://example.com/covers/5741.jpg
5742,2820,No Me Pidas,2015-06-16,https://example.com/covers/5742.jpg
5743,2820,Pablo Querido,2022-08-16,https://example.com/covers/5743.jpg
5744,2820,Singles,2021-03-07,https://example.com/covers/5744.jpg
5745,2820,Vengo Naciendo,2013-01-19,https://example.com/covers/5745.jpg
5746,2820,Yo Me Quedo,2017-04-28,https://example.com/covers/5746.jpg
5747,2821,La Más Completa Colección,2008-02-05,https://example.com/covers/5747.jpg
5748,2822,Dancemenco,2022-05-18,https://example.com/covers/5748.jpg
5749,2823,Fuente Y Caudal,2018-10-03,https://example.com/covers/5749.jpg
5750,2824,El Siglo del Loro,2018-06-17,https://example.com/covers/5750.jpg
5751,2825,Eterna Navidad,2019-03-23,https://example.com/covers/5751.jpg
5752,2826,A Fever You Can't Sweat Out,2019-07-17,https://example.com/covers/5752.jpg
5753,2826,C'mon,2017-09-28,https://example.com/covers/5753.jpg
5754,2826,Death of a Bachelor,2016-09-05,https://example.com/covers/5754.jpg
5755,2826,Pretty. Odd.,2016-07-15,https://example.com/covers/5755.jpg
5756,2826,Victorious,2015-05-17,https://example.com/covers/5756.jpg
5757,2827,Mamma Mia! Here We Go Again,2018-05-26,https://example.com/covers/5757.jpg
5758,2828,A la Izquierda de la Tierra,2018-12-18,https://example.com/covers/5758.jpg
5759,2828,Compañeros Musicales,2013-07-17,https://example.com/covers/5759.jpg
5760,2828,Ejército de Paz,2020-08-02,https://example.com/covers/5760.jpg
5761,2828,El Último Ska,2015-02-12,https://example.com/covers/5761.jpg
5762,2828,Panteón Rococó,2015-03-29,https://example.com/covers/5762.jpg
5763,2828,Viernes de Webeo,2022-01-13,https://example.com/covers/5763.jpg
5764,2829,Tan Difícil de Entender,2021-09-23,https://example.com/covers/5764.jpg
5765,2830,An Album To Benefit Preservation Hall & The Preservation Hall Music Outreach Program,2011-07-15,https://example.com/covers/5765.jpg
5766,2830,Caustic Love,2021-05-22,https://example.com/covers/5766.jpg
5767,2830,Last Night In The Bittersweet,2013-07-15,https://example.com/covers/5767.jpg
5768,2830,Sunny Side Up,2013-02-08,https://example.com/covers/5768.jpg
5769,2830,These Streets,2013-02-28,https://example.com/covers/5769.jpg
5770,2831,Mi Tonta Oficial,2008-02-19,https://example.com/covers/5770.jpg
5771,2831,Te Quiero a Morir,2013-09-23,https://example.com/covers/5771.jpg
5772,2832,Overnight,2009-03-14,https://example.com/covers/5772.jpg
5773,2833,Can’t Get Better Than This,2012-01-24,https://example.com/covers/5773.jpg
5774,2834,Possessions And Obsessions,2023-10-08,https://example.com/covers/5774.jpg
5775,2835,Hard Times,2018-12-27,https://example.com/covers/5775.jpg
5776,2835,Paramore,2016-02-24,https://example.com/covers/5776.jpg
5777,2836,Hideout,2018-11-24,https://example.com/covers/5777.jpg
5778,2836,Overnight,2014-07-03,https://example.com/covers/5778.jpg
5779,2836,Parcels,2017-11-21,https://example.com/covers/5779.jpg
5780,2836,Tieduprightnow,2021-01-08,https://example.com/covers/5780.jpg
5781,2837,It's Called: Freefall,2016-09-16,https://example.com/covers/5781.jpg
5782,2838,The Quintet: Jazz At Massey Hall 1953,2009-07-10,https://example.com/covers/5782.jpg
5783,2839,"Coco, Pt. 1",2015-01-10,https://example.com/covers/5783.jpg
5784,2840,Wide Awake!,2013-12-26,https://example.com/covers/5784.jpg
5785,2841,Darwis,2014-01-05,https://example.com/covers/5785.jpg
5786,2841,Fading Nights,2011-01-29,https://example.com/covers/5786.jpg
5787,2842,A Kindly Reminder,2012-09-18,https://example.com/covers/5787.jpg
5788,2842,All The Little Lights,2013-02-14,https://example.com/covers/5788.jpg
5789,2842,All the Little Lights,2014-03-22,https://example.com/covers/5789.jpg
5790,2842,Simple Song,2020-06-03,https://example.com/covers/5790.jpg
5791,2842,Whispers (Deluxe),2014-09-18,https://example.com/covers/5791.jpg
5792,2842,Whispers II,2014-05-06,https://example.com/covers/5792.jpg
5793,2842,Wide Eyes Blind Love,2013-02-23,https://example.com/covers/5793.jpg
5794,2842,Young as the Morning Old as the Sea,2013-07-09,https://example.com/covers/5794.jpg
5795,2843,Flight Of The Crow,2015-03-13,https://example.com/covers/5795.jpg
5796,2844,Flight Of The Crow,2015-05-13,https://example.com/covers/5796.jpg
5797,2845,Gossamer,2008-12-04,https://example.com/covers/5797.jpg
5798,2845,Kindred,2009-05-19,https://example.com/covers/5798.jpg
5799,2845,Manners,2009-11-23,https://example.com/covers/5799.jpg
5800,2845,Tremendous Sea of Love,2017-05-12,https://example.com/covers/5800.jpg
5801,2846,Las Divinas,2019-11-04,https://example.com/covers/5801.jpg
5802,2847,Frankenstein Original Motion Picture Soundtrack,2017-05-18,https://example.com/covers/5802.jpg
5803,2847,Harry Potter And The Goblet Of Fire (Original Motion Picture Soundtrack),2015-07-16,https://example.com/covers/5803.jpg
5804,2848,Close To Me,2020-05-30,https://example.com/covers/5804.jpg
5805,2849,"Preludes, Airs And Yodels (A Penguin Cafe Primer)",2020-09-04,https://example.com/covers/5805.jpg
5806,2850,Walk On,2008-03-12,https://example.com/covers/5806.jpg
5807,2851,Lost With You,2013-12-23,https://example.com/covers/5807.jpg
5808,2852,The Wall,2018-06-16,https://example.com/covers/5808.jpg
5809,2852,Tip Toe,2014-04-16,https://example.com/covers/5809.jpg
5810,2853,Les Misérables (Original 1985 London Cast Recording),2017-07-08,https://example.com/covers/5810.jpg
5811,2854,Give It All Away: The Albums 1970-1973,2017-05-22,https://example.com/covers/5811.jpg
5812,2855,"Película Muda, Pt. 1",2021-08-19,https://example.com/covers/5812.jpg
5813,2856,Hindemith: Mathis der Maler,2018-05-28,https://example.com/covers/5813.jpg
5814,2857,Faith Presents TK Disco,2021-07-02,https://example.com/covers/5814.jpg
5815,2858,Back In The U.S.,2014-10-18,https://example.com/covers/5815.jpg
5816,2858,Band On The Run,2014-05-19,https://example.com/covers/5816.jpg
5817,2858,Come On To Me,2009-12-29,https://example.com/covers/5817.jpg
5818,2858,Concert For George,2015-04-24,https://example.com/covers/5818.jpg
5819,2858,Egypt Station,2012-12-31,https://example.com/covers/5819.jpg
5820,2858,Flaming Pie,2011-10-12,https://example.com/covers/5820.jpg
5821,2858,Flaming Pie - Archive Collection,2012-07-06,https://example.com/covers/5821.jpg
5822,2858,Fuh You,2012-08-02,https://example.com/covers/5822.jpg
5823,2858,Good Evening New York City,2010-07-13,https://example.com/covers/5823.jpg
5824,2858,Home Tonight / In A Hurry,2010-04-11,https://example.com/covers/5824.jpg
5825,2858,Junior’s Farm,2017-11-12,https://example.com/covers/5825.jpg
5826,2858,Kisses On The Bottom,2016-09-10,https://example.com/covers/5826.jpg
5827,2858,McCartney,2015-10-17,https://example.com/covers/5827.jpg
5828,2858,McCartney II,2017-07-27,https://example.com/covers/5828.jpg
5829,2858,McCartney III,2014-02-26,https://example.com/covers/5829.jpg
5830,2858,Memory Almost Full,2015-10-08,https://example.com/covers/5830.jpg
5831,2858,NEW,2010-08-19,https://example.com/covers/5831.jpg
5832,2858,One Hand Clapping,2016-09-10,https://example.com/covers/5832.jpg
5833,2858,Pure McCartney,2014-04-05,https://example.com/covers/5833.jpg
5834,2858,Ram,2011-01-05,https://example.com/covers/5834.jpg
5835,2858,Red Rose Speedway,2010-01-01,https://example.com/covers/5835.jpg
5836,2858,Spotify Singles: Paul McCartney Box Set,2011-08-17,https://example.com/covers/5836.jpg
5837,2858,The Kiss Of Venus (Dominic Fike),2019-08-19,https://example.com/covers/5837.jpg
5838,2858,The World Tonight EP,2016-09-11,https://example.com/covers/5838.jpg
5839,2858,Tug Of War,2016-08-31,https://example.com/covers/5839.jpg
5840,2858,Uncle Albert/Admiral Halsey / Too Many People,2015-09-01,https://example.com/covers/5840.jpg
5841,2858,We All Stand Together,2012-03-26,https://example.com/covers/5841.jpg
5842,2858,Wings Over America,2007-01-10,https://example.com/covers/5842.jpg
5843,2858,Young Boy EP,2012-08-28,https://example.com/covers/5843.jpg
5844,2859,Cheek To Cheek,2017-03-19,https://example.com/covers/5844.jpg
5845,2860,Quentin Tarantino's Once Upon a Time in Hollywood Original Motion Picture Soundtrack,2010-09-18,https://example.com/covers/5845.jpg
5846,2861,Paul Simon,2014-02-24,https://example.com/covers/5846.jpg
5847,2861,Still Crazy After All These Years,2015-12-15,https://example.com/covers/5847.jpg
5848,2861,The Essential Paul Simon,2020-04-24,https://example.com/covers/5848.jpg
5849,2862,14 Songs,2017-04-11,https://example.com/covers/5849.jpg
5850,2862,Stereo,2020-10-16,https://example.com/covers/5850.jpg
5851,2863,Just An Old Fashioned Love Song,2014-07-19,https://example.com/covers/5851.jpg
5852,2864,The Hardest Part,2013-08-10,https://example.com/covers/5852.jpg
5853,2865,Deseo,2013-09-13,https://example.com/covers/5853.jpg
5854,2865,Pau-Latina,2016-08-07,https://example.com/covers/5854.jpg
5855,2865,Paulina,2015-02-27,https://example.com/covers/5855.jpg
5856,2865,Sobre El Amor Y Sus Efectos Secundarios,2011-08-16,https://example.com/covers/5856.jpg
5857,2866,Adan y Eva,2013-05-02,https://example.com/covers/5857.jpg
5858,2866,Homerun,2016-12-02,https://example.com/covers/5858.jpg
5859,2866,Solo Pienso En Ti (feat. De La Ghetto & Justin Quiles),2013-11-18,https://example.com/covers/5859.jpg
5860,2867,Pas de regrets,2016-05-24,https://example.com/covers/5860.jpg
5861,2867,Porto Fino,2015-01-09,https://example.com/covers/5861.jpg
5862,2868,Terror Twilight,2021-02-02,https://example.com/covers/5862.jpg
5863,2869,Being So Normal,2018-05-05,https://example.com/covers/5863.jpg
5864,2870,2 Hot!,2021-05-17,https://example.com/covers/5864.jpg
5865,2871,Mirror in the Sky,2017-05-07,https://example.com/covers/5865.jpg
5866,2872,Backspacer,2011-08-06,https://example.com/covers/5866.jpg
5867,2872,Can't Deny Me,2016-10-15,https://example.com/covers/5867.jpg
5868,2872,Gigaton,2017-02-14,https://example.com/covers/5868.jpg
5869,2872,Ten,2013-01-13,https://example.com/covers/5869.jpg
5870,2872,Ten Redux,2011-10-31,https://example.com/covers/5870.jpg
5871,2872,Vs.,2012-01-12,https://example.com/covers/5871.jpg
5872,2872,Yield,2013-02-13,https://example.com/covers/5872.jpg
5873,2873,Cuerpo y Alma,2019-05-24,https://example.com/covers/5873.jpg
5874,2873,Mil Noches y un Instante,2015-10-10,https://example.com/covers/5874.jpg
5875,2874,Calma,2017-12-04,https://example.com/covers/5875.jpg
5876,2874,La Sábana y los Pies,2020-11-18,https://example.com/covers/5876.jpg
5877,2875,Acaríciame El Corazón,2015-02-27,https://example.com/covers/5877.jpg
5878,2875,La Más Completa Colección,2012-07-01,https://example.com/covers/5878.jpg
5879,2876,#Golosinas2018,2016-07-28,https://example.com/covers/5879.jpg
5880,2876,14 de Ciento Volando de 14,2018-11-09,https://example.com/covers/5880.jpg
5881,2876,Contigo En La Distancia,2019-04-16,https://example.com/covers/5881.jpg
5882,2876,Golosinas,2019-12-10,https://example.com/covers/5882.jpg
5883,2876,Pedro Guerra 20 Años Libertad 8 (En Directo),2018-06-18,https://example.com/covers/5883.jpg
5884,2876,Pedro Guerra 30 Años,2019-11-15,https://example.com/covers/5884.jpg
5885,2876,Ruego,2014-05-10,https://example.com/covers/5885.jpg
5886,2877,100 Mejores Exitos De La Musica - Rancheras Y Corridos Mexicanos,2016-04-10,https://example.com/covers/5886.jpg
5887,2877,15 Inmortales de Pedro Infante,2015-08-18,https://example.com/covers/5887.jpg
5888,2877,50 años todas las grabaciones,2013-06-26,https://example.com/covers/5888.jpg
5889,2877,57 Aniversario,2011-08-05,https://example.com/covers/5889.jpg
5890,2877,60 Grandes Rancheras Mexicanas,2011-09-22,https://example.com/covers/5890.jpg
5891,2877,60 Rancheras Inmortales,2011-11-03,https://example.com/covers/5891.jpg
5892,2877,60 Rancheras Inmortales Vol. 2,2007-12-04,https://example.com/covers/5892.jpg
5893,2877,Adios a Mis Chorreadas,2016-05-27,https://example.com/covers/5893.jpg
5894,2877,Cien años... pensando en ti,2016-04-04,https://example.com/covers/5894.jpg
5895,2877,Colección Mitos Pedro Infante,2013-07-31,https://example.com/covers/5895.jpg
5896,2877,Colección de Lujo,2013-02-20,https://example.com/covers/5896.jpg
5897,2877,Las 15 Involvidables De Pedro Infante,2014-01-03,https://example.com/covers/5897.jpg
5898,2877,Mexico Gran Colección Ranchera - Pedro Infante,2009-06-22,https://example.com/covers/5898.jpg
5899,2877,Mexico Gran Colección Ranchera: Pedro Infante,2013-10-03,https://example.com/covers/5899.jpg
5900,2877,"Mitos de la Canción Mexicana, Vol. 3",2017-12-17,https://example.com/covers/5900.jpg
5901,2877,Palabritas de Amor,2015-04-09,https://example.com/covers/5901.jpg
5902,2877,Pedro Infante - Concierto Homenaje,2011-03-18,https://example.com/covers/5902.jpg
5903,2877,Pedro Infante - Favoritos,2010-11-27,https://example.com/covers/5903.jpg
5904,2877,Pedro Infante - The 20 Greatest Hits,2011-01-12,https://example.com/covers/5904.jpg
5905,2877,Pedro Infante interpreta a José Alfredo Jiménez Vol. 2,2012-06-14,https://example.com/covers/5905.jpg
5906,2877,Selección Especial,2016-09-06,https://example.com/covers/5906.jpg
5907,2877,XEW La Voz de America Latina,2011-10-13,https://example.com/covers/5907.jpg
5908,2878,La Vida Plena,2021-04-15,https://example.com/covers/5908.jpg
5909,2878,Vulnerables,2019-07-22,https://example.com/covers/5909.jpg
5910,2879,RCA 100 Anos De Musica - Segunda Parte Volumen 2,2012-02-17,https://example.com/covers/5910.jpg
5911,2880,Vive2Life (Deluxe Edition),2009-09-11,https://example.com/covers/5911.jpg
5912,2881,Brillando,2019-05-01,https://example.com/covers/5912.jpg
5913,2882,Songs to Sweat to,2019-10-22,https://example.com/covers/5913.jpg
5914,2883,La Película,2020-12-19,https://example.com/covers/5914.jpg
5915,2884,Have You Met Miss Jones?,2018-06-21,https://example.com/covers/5915.jpg
5916,2885,A History,2016-09-03,https://example.com/covers/5916.jpg
5917,2885,Penguin Café Orchestra,2020-06-12,https://example.com/covers/5917.jpg
5918,2886,Can't Sleep Love,2008-02-26,https://example.com/covers/5918.jpg
5919,2886,The Greatest Christmas Hits,2022-01-10,https://example.com/covers/5919.jpg
5920,2887,Bicentenario,2012-08-22,https://example.com/covers/5920.jpg
5921,2887,Desde la Azotea - Fase II,2015-12-10,https://example.com/covers/5921.jpg
5922,2887,"Fue un Placer Conocerte: Gracias Juan Gabriel, Vol. 1",2013-06-06,https://example.com/covers/5922.jpg
5923,2887,MTV Unplugged,2013-03-02,https://example.com/covers/5923.jpg
5924,2887,Mi Historia - Pepe Aguilar,2014-03-16,https://example.com/covers/5924.jpg
5925,2887,Pepe Aguilar te Acompaña en Navidad,2016-06-06,https://example.com/covers/5925.jpg
5926,2887,Por El Amor De Siempre,2011-06-11,https://example.com/covers/5926.jpg
5927,2887,Por Mujeres Como Tú,2015-12-17,https://example.com/covers/5927.jpg
5928,2888,Algo para Cantar,2016-08-21,https://example.com/covers/5928.jpg
5929,2888,Animales,2018-11-17,https://example.com/covers/5929.jpg
5930,2888,Aviones,2020-02-09,https://example.com/covers/5930.jpg
5931,2889,Greatest Christmas Songs,2011-12-08,https://example.com/covers/5931.jpg
5932,2889,Seattle,2014-04-13,https://example.com/covers/5932.jpg
5933,2889,The Essential Perry Como,2017-10-22,https://example.com/covers/5933.jpg
5934,2890,Mi Promesa,2019-01-14,https://example.com/covers/5934.jpg
5935,2891,77,2013-07-20,https://example.com/covers/5935.jpg
5936,2891,GÉNESIS,2019-02-18,https://example.com/covers/5936.jpg
5937,2891,Las Morras,2022-07-09,https://example.com/covers/5937.jpg
5938,2891,PRC,2020-11-21,https://example.com/covers/5938.jpg
5939,2891,Por las Noches,2022-09-20,https://example.com/covers/5939.jpg
5940,2891,Rosa Pastel,2016-03-10,https://example.com/covers/5940.jpg
5941,2891,Siempre Pendientes,2021-09-19,https://example.com/covers/5941.jpg
5942,2891,ÉXODO,2022-05-10,https://example.com/covers/5942.jpg
5943,2892,Discography - Complete Singles Collection,2022-07-26,https://example.com/covers/5943.jpg
5944,2892,Please: Further Listening 1984 - 1986,2023-03-07,https://example.com/covers/5944.jpg
5945,2893,Into Your Ears,2020-02-20,https://example.com/covers/5945.jpg
5946,2894,Skywatching,2014-10-14,https://example.com/covers/5946.jpg
5947,2895,Share My Burden,2016-10-07,https://example.com/covers/5947.jpg
5948,2896,A Virtual Landslide (Bonus Version),2012-01-12,https://example.com/covers/5948.jpg
5949,2897,Headlines and Footnotes: A Collection of Topical Songs,2012-06-09,https://example.com/covers/5949.jpg
5950,2897,If I Had a Hammer: Songs of Hope and Struggle,2020-10-15,https://example.com/covers/5950.jpg
5951,2898,Electracoustic (Electronic Acoustic),2014-03-24,https://example.com/covers/5951.jpg
5952,2898,Writer's Block,2015-04-08,https://example.com/covers/5952.jpg
5953,2899,Little Flower,2022-02-24,https://example.com/covers/5953.jpg
5954,2899,My Arms Were Always Around You,2018-03-31,https://example.com/covers/5954.jpg
5955,2900,Faith Presents TK Disco,2015-09-06,https://example.com/covers/5955.jpg
5956,2901,Bismillah,2019-01-09,https://example.com/covers/5956.jpg
5957,2902,Grace/Wastelands,2017-07-16,https://example.com/covers/5957.jpg
5958,2903,Peter Gabriel 1: Car,2019-05-27,https://example.com/covers/5958.jpg
5959,2904,Crusade,2008-06-27,https://example.com/covers/5959.jpg
5960,2904,In the Skies,2021-08-07,https://example.com/covers/5960.jpg
5961,2905,A Portrait of Jennie,2018-01-12,https://example.com/covers/5961.jpg
5962,2906,The Darjeeling Limited,2015-12-24,https://example.com/covers/5962.jpg
5963,2906,The Lost Album,2018-10-03,https://example.com/covers/5963.jpg
5964,2907,Walt Disney Records The Legacy Collection: Robin Hood,2014-07-23,https://example.com/covers/5964.jpg
5965,2908,Album 1700,2018-07-26,https://example.com/covers/5965.jpg
5966,2908,"Peter, Paul and Mommy",2014-06-23,https://example.com/covers/5966.jpg
5967,2908,"The Very Best of Peter, Paul and Mary",2018-02-27,https://example.com/covers/5967.jpg
5968,2909,R&B Party,2010-06-30,https://example.com/covers/5968.jpg
5969,2910,Presence,2015-07-08,https://example.com/covers/5969.jpg
5970,2911,Our House,2014-04-16,https://example.com/covers/5970.jpg
5971,2911,Phantom Planet,2013-06-08,https://example.com/covers/5971.jpg
5972,2911,Tormentoni TV,2010-07-22,https://example.com/covers/5972.jpg
5973,2912,Freedom,2005-11-05,https://example.com/covers/5973.jpg
5974,2913,"Hello, I Must Be Going",2006-10-03,https://example.com/covers/5974.jpg
5975,2914,Southland Mission,2016-01-13,https://example.com/covers/5975.jpg
5976,2915,Walt Disney Records The Legacy Collection: Robin Hood,2020-06-16,https://example.com/covers/5976.jpg
5977,2916,I Ain't Marching Anymore,2016-08-05,https://example.com/covers/5977.jpg
5978,2916,There But For Fortune,2017-08-14,https://example.com/covers/5978.jpg
5979,2917,Looking for the Magic,2016-10-02,https://example.com/covers/5979.jpg
5980,2918,Maple Leaf,2019-09-13,https://example.com/covers/5980.jpg
5981,2919,"Philip Glass: Glassworlds, Vol. 4 – On Love",2017-08-25,https://example.com/covers/5981.jpg
5982,2920,Dream by day,2017-12-23,https://example.com/covers/5982.jpg
5983,2920,Stolen Moments,2018-03-09,https://example.com/covers/5983.jpg
5984,2920,passing memories,2017-04-04,https://example.com/covers/5984.jpg
5985,2921,Les Misérables (10th Anniversary Concert Live at Royal Albert Hall),2014-10-09,https://example.com/covers/5985.jpg
5986,2922,Deux hommes dans la ville,2014-05-10,https://example.com/covers/5986.jpg
5987,2923,Behind The Light,2011-12-31,https://example.com/covers/5987.jpg
5988,2923,Home,2007-01-21,https://example.com/covers/5988.jpg
5989,2923,The World From The Side Of The Moon,2015-02-06,https://example.com/covers/5989.jpg
5990,2924,Billy Breathes,2011-11-22,https://example.com/covers/5990.jpg
5991,2924,Lawn Boy,2015-11-25,https://example.com/covers/5991.jpg
5992,2925,Spotify Singles,2016-03-16,https://example.com/covers/5992.jpg
5993,2926,Ti Amo,2017-02-04,https://example.com/covers/5993.jpg
5994,2926,United,2012-05-08,https://example.com/covers/5994.jpg
5995,2926,Wolfgang Amadeus Phoenix,2012-09-30,https://example.com/covers/5995.jpg
5996,2927,Fkn Around (feat. Megan Thee Stallion),2019-11-06,https://example.com/covers/5996.jpg
5997,2928,Day of the Dead,2011-10-07,https://example.com/covers/5997.jpg
5998,2929,Tribute to Richard Clayderman: Collection,2020-06-24,https://example.com/covers/5998.jpg
5999,2930,Mamma Mia! The Movie Soundtrack,2010-01-16,https://example.com/covers/5999.jpg
6000,2931,"Mascagni, P.: Symphonic and Choral Works",2019-01-16,https://example.com/covers/6000.jpg
6001,2931,Mascagni: Cavalleria Rusticana,2015-04-28,https://example.com/covers/6001.jpg
6002,2931,Mascagni: Cavalleria Rusticana/Leoncavallo: Pagliacci,2012-04-21,https://example.com/covers/6002.jpg
6003,2931,Revive,2015-07-02,https://example.com/covers/6003.jpg
6004,2932,From The Album Of The Same Name,2017-10-31,https://example.com/covers/6004.jpg
6005,2933,Like Sex on the Beaches,2012-05-10,https://example.com/covers/6005.jpg
6006,2934,A Momentary Lapse of Reason,2020-06-18,https://example.com/covers/6006.jpg
6007,2934,Animals,2013-12-11,https://example.com/covers/6007.jpg
6008,2934,Meddle,2012-04-30,https://example.com/covers/6008.jpg
6009,2934,Money,2015-03-09,https://example.com/covers/6009.jpg
6010,2934,Relics,2013-01-30,https://example.com/covers/6010.jpg
6011,2934,The Dark Side Of The Moon,2010-04-03,https://example.com/covers/6011.jpg
6012,2934,The Dark Side of the Moon,2013-09-02,https://example.com/covers/6012.jpg
6013,2934,The Division Bell,2011-06-21,https://example.com/covers/6013.jpg
6014,2934,The Piper at the Gates of Dawn,2010-04-17,https://example.com/covers/6014.jpg
6015,2934,The Wall,2010-01-15,https://example.com/covers/6015.jpg
6016,2934,Wish You Were Here,2011-03-16,https://example.com/covers/6016.jpg
6017,2934,Wish You Were Here [2011 - Remaster],2014-10-12,https://example.com/covers/6017.jpg
6018,2935,Pink Moon,2018-09-07,https://example.com/covers/6018.jpg
6019,2936,Déjala Que Vuelva (feat. Manuel Turizo),2016-07-08,https://example.com/covers/6019.jpg
6020,2936,Más De La Una,2013-11-01,https://example.com/covers/6020.jpg
6021,2936,Pa' Olvidarme De Ella,2014-08-28,https://example.com/covers/6021.jpg
6022,2936,Suele Suceder,2014-02-28,https://example.com/covers/6022.jpg
6023,2936,Te Amo,2019-02-19,https://example.com/covers/6023.jpg
6024,2936,Te Vi,2018-06-02,https://example.com/covers/6024.jpg
6025,2936,Ubuntu,2021-01-19,https://example.com/covers/6025.jpg
6026,2937,Dale,2016-03-18,https://example.com/covers/6026.jpg
6027,2937,Fireball (feat. John Ryan),2005-11-23,https://example.com/covers/6027.jpg
6028,2937,Globalization,2017-10-20,https://example.com/covers/6028.jpg
6029,2937,Planet Pit (Deluxe Version),2012-11-28,https://example.com/covers/6029.jpg
6030,2937,Timber,2007-06-14,https://example.com/covers/6030.jpg
6031,2938,Doolittle,2015-05-11,https://example.com/covers/6031.jpg
6032,2938,Indie Cindy,2016-01-07,https://example.com/covers/6032.jpg
6033,2938,Surfer Rosa,2016-06-02,https://example.com/covers/6033.jpg
6034,2939,Loco Loquito,2016-12-30,https://example.com/covers/6034.jpg
6035,2940,All That We Needed,2017-03-31,https://example.com/covers/6035.jpg
6036,2941,Candy,2008-01-12,https://example.com/covers/6036.jpg
6037,2941,Love & Sex,2012-03-03,https://example.com/covers/6037.jpg
6038,2941,Pina Records Present: # 1 Xclusive Urban Remixex,2012-01-18,https://example.com/covers/6038.jpg
6039,2942,Amanece,2018-02-26,https://example.com/covers/6039.jpg
6040,2943,Ritmo Natural,2020-03-06,https://example.com/covers/6040.jpg
6041,2944,Cream,2013-05-07,https://example.com/covers/6041.jpg
6042,2945,Bésame,2014-04-17,https://example.com/covers/6042.jpg
6043,2946,A Quiet Haven,2022-03-08,https://example.com/covers/6043.jpg
6044,2947,In The Blossom of Their Shade,2017-06-13,https://example.com/covers/6044.jpg
6045,2947,Rock Bottom Rhapsody,2020-12-28,https://example.com/covers/6045.jpg
6046,2948,"J. Strauss, Jr.: Edition - Vol. 9",2021-01-05,https://example.com/covers/6046.jpg
6047,2949,Ani Kuni,2018-07-25,https://example.com/covers/6047.jpg
6048,2949,Caravelle,2017-12-02,https://example.com/covers/6048.jpg
6049,2949,Cyclorama,2022-10-26,https://example.com/covers/6049.jpg
6050,2949,Dorothy,2020-09-13,https://example.com/covers/6050.jpg
6051,2949,From a World to Another,2015-09-15,https://example.com/covers/6051.jpg
6052,2949,Mumia,2019-05-14,https://example.com/covers/6052.jpg
6053,2950,Des Rse,2018-01-16,https://example.com/covers/6053.jpg
6054,2951,Libra Stripes,2015-04-22,https://example.com/covers/6054.jpg
6055,2952,Man It Feels Like Space Again,2008-10-21,https://example.com/covers/6055.jpg
6056,2953,Still On The Run,2013-06-16,https://example.com/covers/6056.jpg
6057,2954,Getting There From Here (with Todd Edwards) (Miami Horror & Lazywax Remix),2017-08-18,https://example.com/covers/6057.jpg
6058,2954,Heat,2018-12-04,https://example.com/covers/6058.jpg
6059,2954,Low Season,2016-09-08,https://example.com/covers/6059.jpg
6060,2954,Pacific Standard Time,2019-02-28,https://example.com/covers/6060.jpg
6061,2954,Shakedown Street,2014-06-02,https://example.com/covers/6061.jpg
6062,2955,Pop Evil,2011-05-25,https://example.com/covers/6062.jpg
6063,2956,Atemahawke,2017-08-01,https://example.com/covers/6063.jpg
6064,2956,Cuxillo,2013-11-26,https://example.com/covers/6064.jpg
6065,2956,Las Batallas,2022-02-05,https://example.com/covers/6065.jpg
6066,2956,Moctezuma,2014-05-31,https://example.com/covers/6066.jpg
6067,2957,Evil Friends,2011-04-03,https://example.com/covers/6067.jpg
6068,2957,Feel It Still,2018-11-23,https://example.com/covers/6068.jpg
6069,2957,In the Mountain in the Cloud,2007-04-29,https://example.com/covers/6069.jpg
6070,2957,Noise Pollution (feat. Mary Elizabeth Winstead & Zoe Manville),2014-01-30,https://example.com/covers/6070.jpg
6071,2957,Number One (feat. Richie Havens & Son Little),2014-07-16,https://example.com/covers/6071.jpg
6072,2957,Spotify Singles,2012-12-30,https://example.com/covers/6072.jpg
6073,2957,The Satanic Satanist,2021-03-06,https://example.com/covers/6073.jpg
6074,2957,Tomorrow (from “At home with the kids”),2011-06-21,https://example.com/covers/6074.jpg
6075,2957,Woodstock,2013-09-25,https://example.com/covers/6075.jpg
6076,2958,Goodbyes (Feat. Young Thug),2012-05-25,https://example.com/covers/6076.jpg
6077,2958,I Had Some Help,2016-09-26,https://example.com/covers/6077.jpg
6078,2958,Stoney - Deluxe,2011-05-23,https://example.com/covers/6078.jpg
6079,2958,Wow.,2018-08-29,https://example.com/covers/6079.jpg
6080,2958,beerbongs & bentleys,2011-02-26,https://example.com/covers/6080.jpg
6081,2958,rockstar,2010-05-29,https://example.com/covers/6081.jpg
6082,2959,Going to California,2014-05-07,https://example.com/covers/6082.jpg
6083,2960,Hate for Sale,2019-10-09,https://example.com/covers/6083.jpg
6084,2960,Last of the Independents,2020-02-11,https://example.com/covers/6084.jpg
6085,2961,Bluestars,2014-09-18,https://example.com/covers/6085.jpg
6086,2962,Screamadelica,2016-09-21,https://example.com/covers/6086.jpg
6087,2963,Dorama,2015-11-03,https://example.com/covers/6087.jpg
6088,2964,"Sign ""O"" the Times",2019-09-10,https://example.com/covers/6088.jpg
6089,2964,The Gold Experience,2020-03-11,https://example.com/covers/6089.jpg
6090,2965,Back It Up (feat. Pitbull),2013-07-31,https://example.com/covers/6090.jpg
6091,2965,Cúrame (feat. Manuel Turizo),2012-10-10,https://example.com/covers/6091.jpg
6092,2965,Handcuffs,2009-02-06,https://example.com/covers/6092.jpg
6093,2966,Procol Harum,2013-12-16,https://example.com/covers/6093.jpg
6094,2967,Kalina,2014-05-17,https://example.com/covers/6094.jpg
6095,2968,It Takes A Nation Of Millions To Hold Us Back,2022-12-03,https://example.com/covers/6095.jpg
6096,2969,El Pollito Pio,2021-07-07,https://example.com/covers/6096.jpg
6097,2970,Different Class,2019-08-25,https://example.com/covers/6097.jpg
6098,2970,His N Hers,2012-04-25,https://example.com/covers/6098.jpg
6099,2970,We Love Life,2019-12-09,https://example.com/covers/6099.jpg
6100,2971,Dished (Male Stripper),2015-08-27,https://example.com/covers/6100.jpg
6101,2971,Hypnotized,2015-08-02,https://example.com/covers/6101.jpg
6102,2971,Move Or Not EP,2016-03-23,https://example.com/covers/6102.jpg
6103,2971,Soulmatic,2016-01-29,https://example.com/covers/6103.jpg
6104,2972,Purple Mountains,2013-06-21,https://example.com/covers/6104.jpg
6105,2973,Most Relaxing MOVIE Music in the Universe,2015-12-06,https://example.com/covers/6105.jpg
6106,2973,Tchaikovsky: Sleeping Beauty,2021-07-06,https://example.com/covers/6106.jpg
6107,2973,Tchaikovsky: Swan Lake (Complete Ballet),2016-09-08,https://example.com/covers/6107.jpg
6108,2974,The Hall,2020-10-05,https://example.com/covers/6108.jpg
6109,2974,We Are Your Friends,2003-02-05,https://example.com/covers/6109.jpg
6110,2974,We Are Your Friends - Music From The Original Motion Picture,2016-02-23,https://example.com/covers/6110.jpg
6111,2975,The Shave Experiment (Director's Cut),2019-09-20,https://example.com/covers/6111.jpg
6112,2976,Dog With a Rope,2014-07-06,https://example.com/covers/6112.jpg
6113,2977,A Day At The Races,2014-01-30,https://example.com/covers/6113.jpg
6114,2977,A Night At The Opera,2012-02-12,https://example.com/covers/6114.jpg
6115,2977,Bohemian Rhapsody,2016-03-20,https://example.com/covers/6115.jpg
6116,2977,Face It Alone,2019-05-03,https://example.com/covers/6116.jpg
6117,2977,Hot Space,2011-03-28,https://example.com/covers/6117.jpg
6118,2977,Jazz,2010-11-12,https://example.com/covers/6118.jpg
6119,2977,News Of The World,2008-12-16,https://example.com/covers/6119.jpg
6120,2977,On Air,2015-04-06,https://example.com/covers/6120.jpg
6121,2977,Queen,2017-06-19,https://example.com/covers/6121.jpg
6122,2977,Queen - 2011 Remaster,2015-11-13,https://example.com/covers/6122.jpg
6123,2977,Queen II,2011-07-14,https://example.com/covers/6123.jpg
6124,2977,Sheer Heart Attack,2010-11-25,https://example.com/covers/6124.jpg
6125,2977,The Game,2007-01-28,https://example.com/covers/6125.jpg
6126,2977,The Works,2005-09-08,https://example.com/covers/6126.jpg
6127,2978,Era Vulgaris Tour Edition,2012-12-03,https://example.com/covers/6127.jpg
6128,2978,Revamp: The Songs Of Elton John & Bernie Taupin,2011-11-01,https://example.com/covers/6128.jpg
6129,2978,Songs For The Deaf,2016-10-15,https://example.com/covers/6129.jpg
6130,2978,The Way You Used To Do,2016-06-30,https://example.com/covers/6130.jpg
6131,2978,Villains,2015-09-30,https://example.com/covers/6131.jpg
6132,2979,Year of the Cartographer,2016-08-10,https://example.com/covers/6132.jpg
6133,2980,"Quiet Marauder - Men, Vol. 1",2012-09-19,https://example.com/covers/6133.jpg
6134,2981,Metal Health,2006-10-19,https://example.com/covers/6134.jpg
6135,2981,Quiet Riot - Greatest Hits,2011-11-18,https://example.com/covers/6135.jpg
6136,2982,Stacy,2010-07-05,https://example.com/covers/6136.jpg
6137,2982,The Story of Us,2018-01-15,https://example.com/covers/6137.jpg
6138,2983,Quinteto Ternura,2021-10-10,https://example.com/covers/6138.jpg
6139,2984,St. Louis Blues,2012-12-15,https://example.com/covers/6139.jpg
6140,2985,Ajuste de cuentas,2019-04-17,https://example.com/covers/6140.jpg
6141,2985,Me Mata Si Me Necesitas (feat. Los Detectives),2013-03-22,https://example.com/covers/6141.jpg
6142,2986,Travieso Carmesí,2013-12-10,https://example.com/covers/6142.jpg
6143,2987,図鑑,2013-06-05,https://example.com/covers/6143.jpg
6144,2988,Locked Away (feat. Adam Levine),2012-01-24,https://example.com/covers/6144.jpg
6145,2988,What Dreams Are Made Of,2015-08-30,https://example.com/covers/6145.jpg
6146,2989,12 Play,2019-10-13,https://example.com/covers/6146.jpg
6147,2989,R&B Party,2007-10-22,https://example.com/covers/6147.jpg
6148,2989,The Essential R. Kelly,2011-06-12,https://example.com/covers/6148.jpg
6149,2990,Warning,2020-12-07,https://example.com/covers/6149.jpg
6150,2991,Grab My Hand,2021-11-23,https://example.com/covers/6150.jpg
6151,2991,Let Me Reach That Mountain,2022-02-20,https://example.com/covers/6151.jpg
6152,2992,Automatic For The People,2009-01-16,https://example.com/covers/6152.jpg
6153,2992,Collapse Into Now,2012-06-24,https://example.com/covers/6153.jpg
6154,2992,Out Of Time,2015-08-09,https://example.com/covers/6154.jpg
6155,2992,Up,2014-05-27,https://example.com/covers/6155.jpg
6156,2993,Freak,2018-03-16,https://example.com/covers/6156.jpg
6157,2993,Sad Boy (feat. Ava Max & Kylie Cantrall),2014-04-25,https://example.com/covers/6157.jpg
6158,2994,Louder,2012-05-08,https://example.com/covers/6158.jpg
6159,2995,Nuestro Amor,2013-06-07,https://example.com/covers/6159.jpg
6160,2995,Rebelde,2016-10-26,https://example.com/covers/6160.jpg
6161,2996,Memories,2019-06-12,https://example.com/covers/6161.jpg
6162,2997,Instinct,2013-08-24,https://example.com/covers/6162.jpg
6163,2998,Con Altura,2016-05-05,https://example.com/covers/6163.jpg
6164,2998,El Mal Querer,2017-01-05,https://example.com/covers/6164.jpg
6165,2998,RR,2015-05-30,https://example.com/covers/6165.jpg
6166,2999,Ra Ra Riot,2012-06-08,https://example.com/covers/6166.jpg
6167,3000,Rachael & Vilray,2019-11-27,https://example.com/covers/6167.jpg
6168,3001,Fight Song - EP,2010-02-09,https://example.com/covers/6168.jpg
6169,3002,Chocolat (Original Motion Picture Soundtrack),2020-09-10,https://example.com/covers/6169.jpg
6170,3002,The Cider House Rules (Original Score),2017-02-05,https://example.com/covers/6170.jpg
6171,3002,ask the river,2021-09-10,https://example.com/covers/6171.jpg
6172,3003,A Moon Shaped Pool,2011-05-19,https://example.com/covers/6172.jpg
6173,3003,In Rainbows,2010-06-21,https://example.com/covers/6173.jpg
6174,3003,Kid A,2007-09-15,https://example.com/covers/6174.jpg
6175,3003,OK Computer,2011-01-21,https://example.com/covers/6175.jpg
6176,3003,OK Computer OKNOTOK 1997 2017,2020-05-15,https://example.com/covers/6176.jpg
6177,3003,Pablo Honey,2013-05-03,https://example.com/covers/6177.jpg
6178,3003,The Bends,2014-09-24,https://example.com/covers/6178.jpg
6179,3003,The Best Of,2005-01-11,https://example.com/covers/6179.jpg
6180,3004,Cinque Terre,2020-12-08,https://example.com/covers/6180.jpg
6181,3004,La Cascata,2013-11-06,https://example.com/covers/6181.jpg
6182,3005,Evil Empire,2007-03-05,https://example.com/covers/6182.jpg
6183,3005,Rage Against The Machine - XX (20th Anniversary Special Edition),2013-07-15,https://example.com/covers/6183.jpg
6184,3005,The Battle Of Los Angeles,2014-10-24,https://example.com/covers/6184.jpg
6185,3006,Blacknuss,2010-12-08,https://example.com/covers/6185.jpg
6186,3007,Al Vent / La Pedra / Som / A Cops,2017-01-21,https://example.com/covers/6186.jpg
6187,3008,Accordion World,2018-02-01,https://example.com/covers/6187.jpg
6188,3009,Ram Jam,2008-09-16,https://example.com/covers/6188.jpg
6189,3009,The Dukes Of Hazzard (Music From The Motion Picture),2008-09-27,https://example.com/covers/6189.jpg
6190,3009,The Very Best Of Ram Jam,2014-07-07,https://example.com/covers/6190.jpg
6191,3010,Game Of Thrones,2007-06-26,https://example.com/covers/6191.jpg
6192,3010,Game Of Thrones: Season 7 (Music from the HBO Series),2013-03-03,https://example.com/covers/6192.jpg
6193,3010,Game of Thrones (Music from the HBO® Series - Season 6),2015-05-11,https://example.com/covers/6193.jpg
6194,3011,Crazed San Francisco,2016-06-04,https://example.com/covers/6194.jpg
6195,3011,End of the Century - Expanded 2005 Remaster,2014-01-12,https://example.com/covers/6195.jpg
6196,3011,It's Alive,2016-03-20,https://example.com/covers/6196.jpg
6197,3011,Leave Home,2013-05-11,https://example.com/covers/6197.jpg
6198,3011,Leave Home: Expanded And Remastered,2015-11-12,https://example.com/covers/6198.jpg
6199,3011,Ramones,2013-03-29,https://example.com/covers/6199.jpg
6200,3011,Road to Ruin,2017-12-12,https://example.com/covers/6200.jpg
6201,3011,Road to Ruin - Expanded 2005 Remaster,2013-06-25,https://example.com/covers/6201.jpg
6202,3012,You Are Safe,2022-09-19,https://example.com/covers/6202.jpg
6203,3013,...And Out Come The Wolves,2015-07-24,https://example.com/covers/6203.jpg
6204,3014,Home On The Range,2015-07-25,https://example.com/covers/6204.jpg
6205,3015,Riviera,2016-03-13,https://example.com/covers/6205.jpg
6206,3016,Me And My Gang,2019-03-22,https://example.com/covers/6206.jpg
6207,3017,Raspberries,2016-06-29,https://example.com/covers/6207.jpg
6208,3018,Inyectado de Rocanrol,2013-12-15,https://example.com/covers/6208.jpg
6209,3019,Grandes Exitos,2020-02-09,https://example.com/covers/6209.jpg
6210,3020,'Gîtâ',2021-03-28,https://example.com/covers/6210.jpg
6211,3021,Algo Mágico,2021-03-18,https://example.com/covers/6211.jpg
6212,3021,Detective,2016-07-18,https://example.com/covers/6212.jpg
6213,3021,El Efecto,2012-02-09,https://example.com/covers/6213.jpg
6214,3021,Elegí (feat. Dímelo Flow),2020-06-16,https://example.com/covers/6214.jpg
6215,3021,Fantasias,2012-06-16,https://example.com/covers/6215.jpg
6216,3021,Que Le De,2013-02-24,https://example.com/covers/6216.jpg
6217,3021,Tattoo,2011-09-09,https://example.com/covers/6217.jpg
6218,3021,Todo De Ti,2021-05-20,https://example.com/covers/6218.jpg
6219,3021,VICE VERSA,2020-07-26,https://example.com/covers/6219.jpg
6220,3022,Cuando Los Acéfalos Predominan,2021-02-09,https://example.com/covers/6220.jpg
6221,3022,Trippy Caribbean,2017-08-14,https://example.com/covers/6221.jpg
6222,3022,¿Quién trae las cornetas?,2015-04-28,https://example.com/covers/6222.jpg
6223,3023,Blues Breakers,2019-06-10,https://example.com/covers/6223.jpg
6224,3023,"Ray Charles (aka: Hallelujah, I Love Her So)",2012-05-13,https://example.com/covers/6224.jpg
6225,3024,See My Friends,2015-04-29,https://example.com/covers/6225.jpg
6226,3025,God Willin' & The Creek Don't Rise (with The Pariah Dogs),2015-07-23,https://example.com/covers/6226.jpg
6227,3025,I Was Born To Love You,2014-06-22,https://example.com/covers/6227.jpg
6228,3025,MONOVISION,2017-08-23,https://example.com/covers/6228.jpg
6229,3025,Part Of The Light,2015-10-03,https://example.com/covers/6229.jpg
6230,3025,Till The Sun Turns Black,2017-12-11,https://example.com/covers/6230.jpg
6231,3025,Trouble,2008-10-14,https://example.com/covers/6231.jpg
6232,3026,Wide Awake,2017-03-10,https://example.com/covers/6232.jpg
6233,3026,Yellow Eyes,2008-10-21,https://example.com/covers/6233.jpg
6234,3027,The Only Night,2016-09-20,https://example.com/covers/6234.jpg
6235,3028,Bajo el Hechizo de Luna,2018-05-21,https://example.com/covers/6235.jpg
6236,3029,Real Estate,2017-04-09,https://example.com/covers/6236.jpg
6237,3030,Blood Sugar Sex Magik,2008-01-16,https://example.com/covers/6237.jpg
6238,3030,By the Way,2012-12-22,https://example.com/covers/6238.jpg
6239,3030,Californication,2012-02-25,https://example.com/covers/6239.jpg
6240,3030,Greatest Hits,2010-01-10,https://example.com/covers/6240.jpg
6241,3030,I'm with You,2014-08-19,https://example.com/covers/6241.jpg
6242,3030,Mother's Milk,2009-05-21,https://example.com/covers/6242.jpg
6243,3030,One Hot Minute,2011-09-23,https://example.com/covers/6243.jpg
6244,3030,Snow (Hey Oh),2011-03-22,https://example.com/covers/6244.jpg
6245,3030,Stadium Arcadium,2012-08-09,https://example.com/covers/6245.jpg
6246,3030,The Getaway,2009-10-03,https://example.com/covers/6246.jpg
6247,3031,The Best Of Redbone,2012-04-12,https://example.com/covers/6247.jpg
6248,3031,The Best of Redbone,2013-08-14,https://example.com/covers/6248.jpg
6249,3031,The Essential Redbone,2010-05-12,https://example.com/covers/6249.jpg
6250,3032,LIKE THAT! ⚡,2020-03-23,https://example.com/covers/6250.jpg
6251,3033,New Thang,2006-06-23,https://example.com/covers/6251.jpg
6252,3034,Pura Sal,2020-12-13,https://example.com/covers/6252.jpg
6253,3035,Cheer Up!,2020-12-01,https://example.com/covers/6253.jpg
6254,3036,Ahora,2015-06-03,https://example.com/covers/6254.jpg
6255,3036,Amigos Con Derechos,2008-11-11,https://example.com/covers/6255.jpg
6256,3036,Ciego,2009-08-11,https://example.com/covers/6256.jpg
6257,3036,De Amor y Desamor,2011-11-07,https://example.com/covers/6257.jpg
6258,3036,Des/Amor,2008-09-16,https://example.com/covers/6258.jpg
6259,3036,Indeciso,2010-06-13,https://example.com/covers/6259.jpg
6260,3036,Loquita,2020-02-05,https://example.com/covers/6260.jpg
6261,3036,Peligro,2015-03-23,https://example.com/covers/6261.jpg
6262,3036,Reik,2009-08-06,https://example.com/covers/6262.jpg
6263,3036,Reik En Vivo Auditorio Nacional,2016-07-17,https://example.com/covers/6263.jpg
6264,3036,Secuencia,2007-03-12,https://example.com/covers/6264.jpg
6265,3036,Sólo Pop,2010-06-15,https://example.com/covers/6265.jpg
6266,3036,Un Dia Mas (Edicion Especial),2013-09-21,https://example.com/covers/6266.jpg
6267,3036,Ya Me Enteré,2008-07-06,https://example.com/covers/6267.jpg
6268,3037,Fantastic Ambiance for New Year Spirits,2014-09-24,https://example.com/covers/6268.jpg
6269,3038,Un Verano En Mallorca,2011-05-25,https://example.com/covers/6269.jpg
6270,3039,Moon Hearts,2020-02-20,https://example.com/covers/6270.jpg
6271,3039,Perso nell'eternità,2018-10-16,https://example.com/covers/6271.jpg
6272,3040,The Golden Hum,2012-04-01,https://example.com/covers/6272.jpg
6273,3041,Lebendige Vergangenheit - Renata Tebaldi,2013-12-18,https://example.com/covers/6273.jpg
6274,3042,Le canta a México,2009-01-03,https://example.com/covers/6274.jpg
6275,3043,Fields of Gold,2016-04-01,https://example.com/covers/6275.jpg
6276,3044,Love Me Right,2011-11-11,https://example.com/covers/6276.jpg
6277,3044,Play with Me,2016-04-01,https://example.com/covers/6277.jpg
6278,3045,Resistiré,2016-12-11,https://example.com/covers/6278.jpg
6279,3046,Prestige Profiles: Lightnin' Hopkins,2010-11-09,https://example.com/covers/6279.jpg
6280,3047,From Anywhere,2015-01-22,https://example.com/covers/6280.jpg
6281,3047,Overpass Boy,2019-04-07,https://example.com/covers/6281.jpg
6282,3048,Domingo (feat. Cosculluela),2020-11-01,https://example.com/covers/6282.jpg
6283,3048,El Chisme,2014-09-28,https://example.com/covers/6283.jpg
6284,3048,El Error (feat. Zion & Lennox),2007-03-30,https://example.com/covers/6284.jpg
6285,3048,Imaginándote (feat. Daddy Yankee),2011-12-02,https://example.com/covers/6285.jpg
6286,3049,Reyli En La Luna,2022-03-27,https://example.com/covers/6286.jpg
6287,3050,Woman,2010-09-11,https://example.com/covers/6287.jpg
6288,3051,Classics,2012-11-29,https://example.com/covers/6288.jpg
6289,3052,The Prince I Became,2012-07-22,https://example.com/covers/6289.jpg
6290,3053,5to Piso,2015-11-01,https://example.com/covers/6290.jpg
6291,3053,Adentro,2006-08-11,https://example.com/covers/6291.jpg
6292,3053,Animal Nocturno,2009-03-22,https://example.com/covers/6292.jpg
6293,3053,Apague la Luz y Escuche,2015-10-02,https://example.com/covers/6293.jpg
6294,3053,Canciones De Amor,2008-01-24,https://example.com/covers/6294.jpg
6295,3053,Circo Soledad,2012-06-28,https://example.com/covers/6295.jpg
6296,3053,Hecho a la Antigua,2018-11-12,https://example.com/covers/6296.jpg
6297,3053,Historia de Taxi,2012-09-30,https://example.com/covers/6297.jpg
6298,3053,Historias,2018-10-10,https://example.com/covers/6298.jpg
6299,3053,Independiente,2012-06-17,https://example.com/covers/6299.jpg
6300,3053,Independiente + Demos,2008-01-22,https://example.com/covers/6300.jpg
6301,3053,Nada Es Como Tú,2011-01-17,https://example.com/covers/6301.jpg
6302,3053,Personalidad,2012-05-01,https://example.com/covers/6302.jpg
6303,3053,Quién Dijo Ayer,2016-10-30,https://example.com/covers/6303.jpg
6304,3053,Santo Pecado,2012-12-18,https://example.com/covers/6304.jpg
6305,3053,Si El Norte Fuera El Sur,2011-08-17,https://example.com/covers/6305.jpg
6306,3053,Sin Daños A Terceros,2011-01-31,https://example.com/covers/6306.jpg
6307,3053,Solo,2008-04-13,https://example.com/covers/6307.jpg
6308,3053,Sólo Para Mujeres,2007-03-28,https://example.com/covers/6308.jpg
6309,3054,Ricardo Montaner Volumen 2,2013-07-26,https://example.com/covers/6309.jpg
6310,3055,...E Penso A Te,2023-03-24,https://example.com/covers/6310.jpg
6311,3055,Ricchi E Poveri - Grandi Successi,2014-10-16,https://example.com/covers/6311.jpg
6312,3056,The Academy,2015-07-02,https://example.com/covers/6312.jpg
6313,3057,Pure Imagination,2019-08-18,https://example.com/covers/6313.jpg
6314,3058,50 Wedding Favourites,2014-06-13,https://example.com/covers/6314.jpg
6315,3058,At Home With Richard Clayderman,2019-01-25,https://example.com/covers/6315.jpg
6316,3058,Essential Love Songs,2013-04-02,https://example.com/covers/6316.jpg
6317,3058,French Favourites,2019-08-26,https://example.com/covers/6317.jpg
6318,3058,From This Moment on,2011-06-26,https://example.com/covers/6318.jpg
6319,3058,Songs of Love,2017-11-12,https://example.com/covers/6319.jpg
6320,3058,Swinging Pop Hits,2011-06-06,https://example.com/covers/6320.jpg
6321,3058,The Andrew Lloyd Webber Collection,2014-10-28,https://example.com/covers/6321.jpg
6322,3059,Princess Caraboo,2013-11-04,https://example.com/covers/6322.jpg
6323,3060,Lady's Bridge,2011-05-05,https://example.com/covers/6323.jpg
6324,3061,Local Color,2014-12-29,https://example.com/covers/6324.jpg
6325,3062,"Strauss: Also sprach Zarathustra, Op. 30; Don Juan, Op. 20; Le Bourgeois Gentilhomme: Suite, Op. 60 - Sony Classical Masters",2016-11-04,https://example.com/covers/6325.jpg
6326,3063,The Atlantic Ocean,2021-09-04,https://example.com/covers/6326.jpg
6327,3063,The Novelist / Walking Without Effort,2020-03-25,https://example.com/covers/6327.jpg
6328,3064,Mirror Blue,2015-10-08,https://example.com/covers/6328.jpg
6329,3064,Rumor And Sigh,2012-06-03,https://example.com/covers/6329.jpg
6330,3065,Wagner: Das Rheingold,2022-07-20,https://example.com/covers/6330.jpg
6331,3066,Live At The Cellar Door and at the Santa Monica Civic Auditorium,2017-10-27,https://example.com/covers/6331.jpg
6332,3067,Laramee,2013-09-05,https://example.com/covers/6332.jpg
6333,3068,Spring Song,2015-06-09,https://example.com/covers/6333.jpg
6334,3069,A Medio Vivir,2016-11-21,https://example.com/covers/6334.jpg
6335,3069,A Quien Quiera Escuchar,2011-01-29,https://example.com/covers/6335.jpg
6336,3069,El Ultimo Adiós,2015-12-30,https://example.com/covers/6336.jpg
6337,3069,Mr. Put It Down (feat. Pitbull),2013-09-03,https://example.com/covers/6337.jpg
6338,3069,Otra Noche en L.A.,2018-01-15,https://example.com/covers/6338.jpg
6339,3069,Tiburones,2021-09-30,https://example.com/covers/6339.jpg
6340,3069,Vente Pa' Ca (feat. Maluma),2011-09-07,https://example.com/covers/6340.jpg
6341,3070,ANTI,2009-07-12,https://example.com/covers/6341.jpg
6342,3070,Bitch Better Have My Money,2009-06-15,https://example.com/covers/6342.jpg
6343,3070,FourFiveSeconds,2012-11-14,https://example.com/covers/6343.jpg
6344,3070,Loud,2012-11-09,https://example.com/covers/6344.jpg
6345,3070,Talk That Talk,2016-07-14,https://example.com/covers/6345.jpg
6346,3070,Unapologetic - Deluxe,2013-09-03,https://example.com/covers/6346.jpg
6347,3071,Start It Over,2013-03-26,https://example.com/covers/6347.jpg
6348,3072,Akturu,2015-08-10,https://example.com/covers/6348.jpg
6349,3072,Night in Sevilla,2015-02-20,https://example.com/covers/6349.jpg
6350,3073,Live On Tour,2014-05-24,https://example.com/covers/6350.jpg
6351,3073,Liverpool 8,2020-03-09,https://example.com/covers/6351.jpg
6352,3073,Ringo,2013-09-27,https://example.com/covers/6352.jpg
6353,3073,What's My Name,2011-09-16,https://example.com/covers/6353.jpg
6354,3074,Prom Night,2021-01-11,https://example.com/covers/6354.jpg
6355,3075,"Aqui, Ali, Em Qualquer Lugar",2020-12-29,https://example.com/covers/6355.jpg
6356,3076,Monoflora,2019-05-13,https://example.com/covers/6356.jpg
6357,3077,Let The Road,2011-04-15,https://example.com/covers/6357.jpg
6358,3078,Roaring 20s,2006-12-29,https://example.com/covers/6358.jpg
6359,3078,Tell Her,2012-06-10,https://example.com/covers/6359.jpg
6360,3079,The Great Unknown,2014-11-06,https://example.com/covers/6360.jpg
6361,3080,La Papaye,2012-10-28,https://example.com/covers/6361.jpg
6362,3081,Sing When You're Winning,2021-04-26,https://example.com/covers/6362.jpg
6363,3081,Take The Crown,2015-12-13,https://example.com/covers/6363.jpg
6364,3082,Lo Que Aletea en Nuestras Cabezas,2016-06-28,https://example.com/covers/6364.jpg
6365,3083,Quentin Tarantino's Once Upon a Time in Hollywood Original Motion Picture Soundtrack,2012-09-28,https://example.com/covers/6365.jpg
6366,3084,Gryning,2021-08-07,https://example.com/covers/6366.jpg
6367,3085,Texas Piano Man,2014-08-20,https://example.com/covers/6367.jpg
6368,3086,All Alone,2019-04-04,https://example.com/covers/6368.jpg
6369,3087,Blues Breakers,2013-07-08,https://example.com/covers/6369.jpg
6370,3087,King Of The Delta Blues,2009-06-19,https://example.com/covers/6370.jpg
6371,3087,The Complete Recordings,2008-06-08,https://example.com/covers/6371.jpg
6372,3088,Piano Standards EP,2015-04-06,https://example.com/covers/6372.jpg
6373,3089,It's a Small World After All,2021-11-29,https://example.com/covers/6373.jpg
6374,3090,Mighty Rearranger,2010-08-19,https://example.com/covers/6374.jpg
6375,3091,"Schumann: Kinderszenen, Op. 15: Träumerei (Arr. Lewin for Guitar)",2015-03-04,https://example.com/covers/6375.jpg
6376,3092,Aranjuez,2019-03-13,https://example.com/covers/6376.jpg
6377,3092,Sarabande,2013-02-24,https://example.com/covers/6377.jpg
6378,3093,Roberto Carlos,2015-03-22,https://example.com/covers/6378.jpg
6379,3094,Feeling,2009-02-12,https://example.com/covers/6379.jpg
6380,3094,Headlights (feat. Ilsey),2006-12-22,https://example.com/covers/6380.jpg
6381,3094,Prayer,2016-11-29,https://example.com/covers/6381.jpg
6382,3094,Same EP,2016-06-05,https://example.com/covers/6382.jpg
6383,3094,Sugar,2013-11-17,https://example.com/covers/6383.jpg
6384,3094,Sugar (feat. Francesco Yates),2011-09-07,https://example.com/covers/6384.jpg
6385,3095,Robson Jorge e Lincoln Olivetti,2019-08-01,https://example.com/covers/6385.jpg
6386,3096,Amor Eterno,2009-04-01,https://example.com/covers/6386.jpg
6387,3096,Duetos,2013-10-30,https://example.com/covers/6387.jpg
6388,3096,Sus 16 Grandes Exitos,2015-12-15,https://example.com/covers/6388.jpg
6389,3097,Every Picture Tells A Story,2011-12-23,https://example.com/covers/6389.jpg
6390,3098,Ella,2016-08-03,https://example.com/covers/6390.jpg
6391,3099,Cold Fact,2013-08-20,https://example.com/covers/6391.jpg
6392,3099,Coming From Reality,2013-10-07,https://example.com/covers/6392.jpg
6393,3099,"Record Store Day 7""",2012-03-01,https://example.com/covers/6393.jpg
6394,3100,Wanted Afrobeat: From Diggers to Music Lovers,2017-08-25,https://example.com/covers/6394.jpg
6395,3101,Disney Classics,2011-10-03,https://example.com/covers/6395.jpg
6396,3101,King Of The Road,2019-12-16,https://example.com/covers/6396.jpg
6397,3101,King Of The Road: The Genius Of Roger Miller,2012-03-17,https://example.com/covers/6397.jpg
6398,3101,Oo-De-Lally,2022-03-29,https://example.com/covers/6398.jpg
6399,3101,Super Hits,2022-05-08,https://example.com/covers/6399.jpg
6400,3101,Walt Disney Records The Legacy Collection: Robin Hood,2018-06-12,https://example.com/covers/6400.jpg
6401,3102,Todo el Tiempo...,2022-08-21,https://example.com/covers/6401.jpg
6402,3103,Yellow + Blue,2019-08-30,https://example.com/covers/6402.jpg
6403,3104,Hope Downs,2019-12-22,https://example.com/covers/6403.jpg
6404,3105,Trust 2014,2014-04-08,https://example.com/covers/6404.jpg
6405,3106,Fórmula Vol. 1 (Deluxe Edition),2014-09-28,https://example.com/covers/6405.jpg
6406,3106,"Fórmula, Vol. 2 (Deluxe Edition)",2011-11-10,https://example.com/covers/6406.jpg
6407,3107,Memories Remixes,2008-11-05,https://example.com/covers/6407.jpg
6408,3108,Trax 3 Lascivious Summer,2017-08-15,https://example.com/covers/6408.jpg
6409,3109,When I Fall In Love,2018-09-02,https://example.com/covers/6409.jpg
6410,3110,CAN WE STILL BE FRIENDS?,2012-08-12,https://example.com/covers/6410.jpg
6411,3110,HEAVY META,2019-08-28,https://example.com/covers/6411.jpg
6412,3110,WUNDAY (CRAZY AFTER DARK),2014-07-16,https://example.com/covers/6412.jpg
6413,3111,Hermitage,2017-04-07,https://example.com/covers/6413.jpg
6414,3112,Intimation,2021-07-23,https://example.com/covers/6414.jpg
6415,3113,"Binge: Elizabethan Serenade, Scottish Rhapsody & Other Works",2012-11-09,https://example.com/covers/6415.jpg
6416,3114,I've Got My Own Album To Do,2017-06-09,https://example.com/covers/6416.jpg
6417,3115,we'll stay inside when it rains,2017-04-26,https://example.com/covers/6417.jpg
6418,3116,Young Romance,2015-01-25,https://example.com/covers/6418.jpg
6419,3117,Deuce,2013-02-16,https://example.com/covers/6419.jpg
6420,3118,Coming Home,2022-12-20,https://example.com/covers/6420.jpg
6421,3119,Más Alto,2018-09-11,https://example.com/covers/6421.jpg
6422,3120,8 Lunas,2021-12-19,https://example.com/covers/6422.jpg
6423,3120,Lunas Rotas: De casa a las ventas,2014-08-13,https://example.com/covers/6423.jpg
6424,3120,Lunas rotas,2016-02-26,https://example.com/covers/6424.jpg
6425,3121,Otro Lado,2021-05-28,https://example.com/covers/6425.jpg
6426,3122,Bravado,2013-07-12,https://example.com/covers/6426.jpg
6427,3123,Body,2018-01-25,https://example.com/covers/6427.jpg
6428,3123,Do It for Me,2016-11-11,https://example.com/covers/6428.jpg
6429,3123,I Want To,2018-01-11,https://example.com/covers/6429.jpg
6430,3123,The Red Room,2013-01-16,https://example.com/covers/6430.jpg
6431,3123,like u,2017-06-26,https://example.com/covers/6431.jpg
6432,3124,Sonic Apothecary,2013-12-26,https://example.com/covers/6432.jpg
6433,3125,Bare,2015-07-02,https://example.com/covers/6433.jpg
6434,3125,K.,2011-09-10,https://example.com/covers/6434.jpg
6435,3126,Teen Beach 2,2022-09-01,https://example.com/covers/6435.jpg
6436,3127,Bisexual Daze,2017-08-03,https://example.com/covers/6436.jpg
6437,3128,Say What?!,2013-06-12,https://example.com/covers/6437.jpg
6438,3129,My Love (feat. Jess Glynne),2015-02-24,https://example.com/covers/6438.jpg
6439,3130,Avalon,2009-09-29,https://example.com/covers/6439.jpg
6440,3130,Stranded,2018-11-25,https://example.com/covers/6440.jpg
6441,3131,Nothing Serious,2021-10-17,https://example.com/covers/6441.jpg
6442,3132,The Best Of Roy Head,2015-05-28,https://example.com/covers/6442.jpg
6443,3133,Black & White Night 30,2017-06-29,https://example.com/covers/6443.jpg
6444,3133,Crying,2010-11-01,https://example.com/covers/6444.jpg
6445,3133,Mystery Girl,2007-04-24,https://example.com/covers/6445.jpg
6446,3133,"Oh, Pretty Woman",2012-03-15,https://example.com/covers/6446.jpg
6447,3133,Pure... '60s,2017-09-10,https://example.com/covers/6447.jpg
6448,3133,Roy Orbison: The MGM Years 1965 - 1973,2015-04-07,https://example.com/covers/6448.jpg
6449,3133,The Essential Roy Orbison,2007-09-20,https://example.com/covers/6449.jpg
6450,3133,There Is Only One Roy Orbison,2014-04-08,https://example.com/covers/6450.jpg
6451,3134,Drama (feat. Drake),2014-05-27,https://example.com/covers/6451.jpg
6452,3134,Exis,2019-06-27,https://example.com/covers/6452.jpg
6453,3135,How Did We Get So Dark?,2012-02-12,https://example.com/covers/6453.jpg
6454,3135,Royal Blood,2011-01-19,https://example.com/covers/6454.jpg
6455,3135,Trouble’s Coming,2015-11-03,https://example.com/covers/6455.jpg
6456,3136,Themes For Lovers,2019-07-31,https://example.com/covers/6456.jpg
6457,3137,Cuando el Río Suena...,2014-10-23,https://example.com/covers/6457.jpg
6458,3137,En Los Márgenes,2019-06-27,https://example.com/covers/6458.jpg
6459,3138,Escapism Deluxe,2015-07-08,https://example.com/covers/6459.jpg
6460,3139,Bajo las Luces,2015-02-04,https://example.com/covers/6460.jpg
6461,3139,Dejarte Ir,2016-01-06,https://example.com/covers/6461.jpg
6462,3139,Dejarte Ir También Es Amar,2014-09-06,https://example.com/covers/6462.jpg
6463,3140,Mariachi from Mexico,2012-08-22,https://example.com/covers/6463.jpg
6464,3141,We the Generation,2006-06-24,https://example.com/covers/6464.jpg
6465,3142,Mis Favoritas,2013-05-07,https://example.com/covers/6465.jpg
6466,3143,Feliz Navidad,2024-06-10,https://example.com/covers/6466.jpg
6467,3144,All My Shades Of Blue,2014-04-12,https://example.com/covers/6467.jpg
6468,3144,Point Dume,2017-05-13,https://example.com/covers/6468.jpg
6469,3145,Vibrate: The Best Of,2016-02-18,https://example.com/covers/6469.jpg
6470,3145,Want One,2015-05-27,https://example.com/covers/6470.jpg
6471,3146,Verismo Arias,2010-08-10,https://example.com/covers/6471.jpg
6472,3147,This Is Just To Say,2020-03-20,https://example.com/covers/6472.jpg
6473,3148,Raising Hell,2018-09-03,https://example.com/covers/6473.jpg
6474,3149,Directo en Sdma,2012-02-21,https://example.com/covers/6474.jpg
6475,3150,Partners In Crime,2009-09-07,https://example.com/covers/6475.jpg
6476,3151,A Farewell To Kings,2018-04-06,https://example.com/covers/6476.jpg
6477,3151,Caress Of Steel,2015-12-24,https://example.com/covers/6477.jpg
6478,3151,Fly By Night,2017-08-15,https://example.com/covers/6478.jpg
6479,3151,Moving Pictures,2007-04-21,https://example.com/covers/6479.jpg
6480,3151,Permanent Waves,2019-09-07,https://example.com/covers/6480.jpg
6481,3151,Rush,2009-12-17,https://example.com/covers/6481.jpg
6482,3151,Signals,2021-06-06,https://example.com/covers/6482.jpg
6483,3152,When I Woke,2010-06-06,https://example.com/covers/6483.jpg
6484,3153,Shape & Destroy,2018-10-16,https://example.com/covers/6484.jpg
6485,3154,Lost Boy,2015-10-09,https://example.com/covers/6485.jpg
6486,3155,Les Misérables (10th Anniversary Concert Live at Royal Albert Hall),2012-02-29,https://example.com/covers/6486.jpg
6487,3156,B11 (feat. Myke Towers),2016-10-20,https://example.com/covers/6487.jpg
6488,3156,Nostálgico,2021-05-03,https://example.com/covers/6488.jpg
6489,3157,Easy Tiger,2013-12-22,https://example.com/covers/6489.jpg
6490,3157,Gold,2014-02-07,https://example.com/covers/6490.jpg
6491,3158,Cold Roses,2018-08-10,https://example.com/covers/6491.jpg
6492,3159,Junky Star,2010-09-01,https://example.com/covers/6492.jpg
6493,3159,Mescalito,2011-12-18,https://example.com/covers/6493.jpg
6494,3160,Jordan,2013-12-17,https://example.com/covers/6494.jpg
6495,3161,Barbie The Album,2021-09-27,https://example.com/covers/6495.jpg
6496,3161,La La Land,2011-10-31,https://example.com/covers/6496.jpg
6497,3162,Into the Mist,2014-09-03,https://example.com/covers/6497.jpg
6498,3162,Never to Return (Celestial Guitar),2022-05-24,https://example.com/covers/6498.jpg
6499,3163,The Revenant (Original Motion Picture Soundtrack),2007-07-08,https://example.com/covers/6499.jpg
6500,3164,CicatrIIIces,2014-07-19,https://example.com/covers/6500.jpg
6501,3164,En Estos Dias,2021-03-29,https://example.com/covers/6501.jpg
6502,3164,Especialista,2006-02-07,https://example.com/covers/6502.jpg
6503,3165,Al Fin Te Encontré,2010-03-14,https://example.com/covers/6503.jpg
6504,3166,Happy Up Here,2005-04-12,https://example.com/covers/6504.jpg
6505,3167,Going North,2013-05-03,https://example.com/covers/6505.jpg
6506,3168,SEX-O-RAMA II: Classic Adult Film Music,2017-07-02,https://example.com/covers/6506.jpg
6507,3169,Warm,2012-06-09,https://example.com/covers/6507.jpg
6508,3170,California,2008-03-06,https://example.com/covers/6508.jpg
6509,3171,Acid Love,2014-09-29,https://example.com/covers/6509.jpg
6510,3172,Starfucker,2019-07-30,https://example.com/covers/6510.jpg
6511,3173,The Day My Father Died,2023-01-14,https://example.com/covers/6511.jpg
6512,3173,You and I,2016-11-12,https://example.com/covers/6512.jpg
6513,3174,Z,2014-07-05,https://example.com/covers/6513.jpg
6514,3175,Illusiones,2011-09-25,https://example.com/covers/6514.jpg
6515,3176,La Ruta del Tentempié (Versión Sinfónico),2018-01-02,https://example.com/covers/6515.jpg
6516,3176,"Rock En Tu Idioma Sinfónico, Vol.2 (En Vivo)",2015-02-21,https://example.com/covers/6516.jpg
6517,3176,"Rock En Tu Idioma, Eléctrico",2017-06-07,https://example.com/covers/6517.jpg
6518,3176,Rock en Tu Idioma Sinfónico,2018-11-02,https://example.com/covers/6518.jpg
6519,3177,Espresso,2016-02-21,https://example.com/covers/6519.jpg
6520,3178,hear you me,2015-10-12,https://example.com/covers/6520.jpg
6521,3179,SUPER COLLECTION ~EMI Years~,2019-07-27,https://example.com/covers/6521.jpg
6522,3180,ザ・ベスト,2023-01-02,https://example.com/covers/6522.jpg
6523,3180,スーパー・セレクション,2017-11-23,https://example.com/covers/6523.jpg
6524,3181,Life Left To Go,2009-03-03,https://example.com/covers/6524.jpg
6525,3182,My Type EP,2013-09-13,https://example.com/covers/6525.jpg
6526,3183,"Carmen, Suite Nos. 1, 2; L&apos;Arlésienne, Suite Nos. 1, 2",2019-04-06,https://example.com/covers/6526.jpg
6527,3184,Mentirás,2007-10-07,https://example.com/covers/6527.jpg
6528,3185,Nadie Nos Va A Detener,2020-03-26,https://example.com/covers/6528.jpg
6529,3186,SMS,2013-10-19,https://example.com/covers/6529.jpg
6530,3187,Definitive Soul: Sam & Dave,2005-12-21,https://example.com/covers/6530.jpg
6531,3187,The Best of Sam & Dave,2011-05-30,https://example.com/covers/6531.jpg
6532,3188,Indie Electro,2017-04-03,https://example.com/covers/6532.jpg
6533,3189,Slow Fawn,2021-05-16,https://example.com/covers/6533.jpg
6534,3190,The Man Who Invented Soul,2015-06-02,https://example.com/covers/6534.jpg
6535,3191,Show Me Love,2013-05-02,https://example.com/covers/6535.jpg
6536,3192,Aye,2013-02-12,https://example.com/covers/6536.jpg
6537,3192,Get You Down,2012-09-29,https://example.com/covers/6537.jpg
6538,3192,Hypersonic Missiles,2014-07-22,https://example.com/covers/6538.jpg
6539,3192,Poundshop Kardashians,2011-12-17,https://example.com/covers/6539.jpg
6540,3192,Seventeen Going Under,2012-05-29,https://example.com/covers/6540.jpg
6541,3192,Spit Of You,2021-01-23,https://example.com/covers/6541.jpg
6542,3192,Wild Grey Ocean,2013-04-06,https://example.com/covers/6542.jpg
6543,3193,Montevallo,2008-06-21,https://example.com/covers/6543.jpg
6544,3194,Blues Breakers,2016-02-04,https://example.com/covers/6544.jpg
6545,3195,Scottish Folk Ballads of Freedom,2017-10-17,https://example.com/covers/6545.jpg
6546,3196,Gloria,2015-09-15,https://example.com/covers/6546.jpg
6547,3196,How Do You Sleep?,2017-08-21,https://example.com/covers/6547.jpg
6548,3196,In The Lonely Hour,2009-02-10,https://example.com/covers/6548.jpg
6549,3196,Love Goes,2019-03-18,https://example.com/covers/6549.jpg
6550,3196,Nirvana,2010-08-17,https://example.com/covers/6550.jpg
6551,3196,Writing's On The Wall,2007-11-19,https://example.com/covers/6551.jpg
6552,3197,Play with Fire (feat. Yacht Money),2016-03-02,https://example.com/covers/6552.jpg
6553,3198,Wild Heart,2012-05-14,https://example.com/covers/6553.jpg
6554,3199,Have Yourself A Merry Little Christmas,2023-03-15,https://example.com/covers/6554.jpg
6555,3199,Warm In December,2022-06-22,https://example.com/covers/6555.jpg
6556,3200,All Night Longer,2021-07-30,https://example.com/covers/6556.jpg
6557,3201,20th Century Masters: The Millennium Collection: Best Of Sammy Davis Jr.,2007-11-17,https://example.com/covers/6557.jpg
6558,3201,Capitol Collector's Series,2008-07-03,https://example.com/covers/6558.jpg
6559,3201,I've Gotta Be Me: The Best Of Sammy Davis Jr.,2014-09-10,https://example.com/covers/6559.jpg
6560,3201,The Sammy Davis Jr. Show with Special Guests Stars Frank Sinatra and Dean Martin,2008-08-24,https://example.com/covers/6560.jpg
6561,3202,Noche de Paz,2014-08-07,https://example.com/covers/6561.jpg
6562,3203,Les Yeux Noisette,2022-10-27,https://example.com/covers/6562.jpg
6563,3204,Guitar Serenade,2018-12-11,https://example.com/covers/6563.jpg
6564,3205,Awkward,2007-06-13,https://example.com/covers/6564.jpg
6565,3205,San Cisco,2007-09-20,https://example.com/covers/6565.jpg
6566,3205,SloMo,2010-11-12,https://example.com/covers/6566.jpg
6567,3206,Four-Part Harmony EP,2022-04-11,https://example.com/covers/6567.jpg
6568,3206,I Can't Believe,2013-06-29,https://example.com/covers/6568.jpg
6569,3207,Gold Skies (feat. Aleesia),2011-01-03,https://example.com/covers/6569.jpg
6570,3208,Don`t care,2005-12-16,https://example.com/covers/6570.jpg
6571,3209,Al Marge d'un Camí,2020-07-24,https://example.com/covers/6571.jpg
6572,3210,Debo Entender,2017-06-06,https://example.com/covers/6572.jpg
6573,3210,Te Ire A Buscar,2016-11-11,https://example.com/covers/6573.jpg
6574,3211,Abraxas,2008-11-21,https://example.com/covers/6574.jpg
6575,3211,Africa Speaks,2010-01-07,https://example.com/covers/6575.jpg
6576,3211,Amigos,2016-03-02,https://example.com/covers/6576.jpg
6577,3211,Caravanserai,2016-09-12,https://example.com/covers/6577.jpg
6578,3211,Corazón (Deluxe Version),2014-07-10,https://example.com/covers/6578.jpg
6579,3211,Corazón - Live From Mexico: Live It To Believe It,2018-03-06,https://example.com/covers/6579.jpg
6580,3211,Dance Of The Rainbow Serpent,2011-03-14,https://example.com/covers/6580.jpg
6581,3211,Festival,2014-07-01,https://example.com/covers/6581.jpg
6582,3211,La Flaca (feat. Juanes),2022-02-28,https://example.com/covers/6582.jpg
6583,3211,Marathon,2015-03-13,https://example.com/covers/6583.jpg
6584,3211,Move,2015-10-14,https://example.com/covers/6584.jpg
6585,3211,Sacred Fire: Santana Live In South America,2009-03-22,https://example.com/covers/6585.jpg
6586,3211,Santana,2013-07-12,https://example.com/covers/6586.jpg
6587,3211,Santana (Legacy Edition),2009-11-09,https://example.com/covers/6587.jpg
6588,3211,Supernatural,2010-09-26,https://example.com/covers/6588.jpg
6589,3211,Ultimate Santana,2013-10-28,https://example.com/covers/6589.jpg
6590,3212,Ventura,2014-08-25,https://example.com/covers/6590.jpg
6591,3213,notas,2016-02-07,https://example.com/covers/6591.jpg
6592,3214,Cruce de Caminos,2017-08-18,https://example.com/covers/6592.jpg
6593,3214,Una Y Otra Vez,2015-10-21,https://example.com/covers/6593.jpg
6594,3215,Santiago Soul,2023-07-19,https://example.com/covers/6594.jpg
6595,3216,Promises,2018-11-02,https://example.com/covers/6595.jpg
6596,3217,Green In Blue EP,2018-01-29,https://example.com/covers/6596.jpg
6597,3218,Moana: un mar de aventuras,2013-06-20,https://example.com/covers/6597.jpg
6598,3219,WYD (What You Doing),2018-04-24,https://example.com/covers/6598.jpg
6599,3220,I'm With It,2021-03-31,https://example.com/covers/6599.jpg
6600,3220,Move On,2016-12-06,https://example.com/covers/6600.jpg
6601,3220,Northern Lights,2017-12-16,https://example.com/covers/6601.jpg
6602,3220,Secret Lover,2019-08-17,https://example.com/covers/6602.jpg
6603,3220,Solar Nights,2017-04-26,https://example.com/covers/6603.jpg
6604,3220,Take It From Me,2016-04-12,https://example.com/covers/6604.jpg
6605,3221,Twenty-Twenty,2015-12-20,https://example.com/covers/6605.jpg
6606,3222,Oxymoron,2014-09-19,https://example.com/covers/6606.jpg
6607,3223,Scatman & Hatman,2014-02-20,https://example.com/covers/6607.jpg
6608,3224,Stranger Things (Soundtrack from the Netflix Original Series),2013-07-06,https://example.com/covers/6608.jpg
6609,3225,33 Resolutions Per Minute,2013-11-23,https://example.com/covers/6609.jpg
6610,3225,Blue Mirror,2014-01-12,https://example.com/covers/6610.jpg
6611,3225,Don't Stop Believin',2020-05-30,https://example.com/covers/6611.jpg
6612,3225,Emoji Antique,2012-09-11,https://example.com/covers/6612.jpg
6613,3225,Fake Blues,2016-03-20,https://example.com/covers/6613.jpg
6614,3225,Historical Misappropriation,2011-09-20,https://example.com/covers/6614.jpg
6615,3225,Jazz Me Outside Pt. 1,2012-03-29,https://example.com/covers/6615.jpg
6616,3225,OK Crooner,2014-02-15,https://example.com/covers/6616.jpg
6617,3225,Squad Goals,2017-02-17,https://example.com/covers/6617.jpg
6618,3225,Swing The Vote!,2018-05-01,https://example.com/covers/6618.jpg
6619,3225,Swipe Right For Vintage,2014-04-29,https://example.com/covers/6619.jpg
6620,3225,Top Hat On Fleek,2014-02-03,https://example.com/covers/6620.jpg
6621,3225,Twist Is The New Twerk,2016-06-04,https://example.com/covers/6621.jpg
6622,3226,Danish Ballads... & More,2016-01-17,https://example.com/covers/6622.jpg
6623,3227,"Joplin: Piano Rags, Vol. 1",2022-04-12,https://example.com/covers/6623.jpg
6624,3227,"Joplin: Piano Rags, Vol. 2",2021-01-25,https://example.com/covers/6624.jpg
6625,3228,The Kitchen,2018-10-30,https://example.com/covers/6625.jpg
6626,3229,Deep South Blues Hits,2020-01-10,https://example.com/covers/6626.jpg
6627,3230,Oceans - EP,2015-12-14,https://example.com/covers/6627.jpg
6628,3231,Fire Burning,2015-08-13,https://example.com/covers/6628.jpg
6629,3231,Sean Kingston,2008-07-09,https://example.com/covers/6629.jpg
6630,3232,Friendly Fire,2013-08-01,https://example.com/covers/6630.jpg
6631,3233,The Trinity,2013-04-05,https://example.com/covers/6631.jpg
6632,3234,I Started Out With Nothin And I Still Got Most Of It Left,2012-12-18,https://example.com/covers/6632.jpg
6633,3235,Pfitzner: Symphony in C major - Schumann: Koncertstück for Four Horns,2022-02-26,https://example.com/covers/6633.jpg
6634,3236,Two Moons,2016-04-24,https://example.com/covers/6634.jpg
6635,3237,Reload,2013-05-23,https://example.com/covers/6635.jpg
6636,3238,Alguien Robó,2014-06-20,https://example.com/covers/6636.jpg
6637,3238,Chica Ideal,2017-05-13,https://example.com/covers/6637.jpg
6638,3238,Cristina,2018-10-29,https://example.com/covers/6638.jpg
6639,3238,FANTASÍA,2012-10-10,https://example.com/covers/6639.jpg
6640,3238,Pareja Del Año,2013-04-18,https://example.com/covers/6640.jpg
6641,3238,Runaway,2018-06-20,https://example.com/covers/6641.jpg
6642,3238,SUTRA,2009-01-02,https://example.com/covers/6642.jpg
6643,3238,TBT,2013-11-21,https://example.com/covers/6643.jpg
6644,3238,"The Mixtape JukeBox, Vol. 1",2018-11-10,https://example.com/covers/6644.jpg
6645,3238,Traicionera,2017-05-07,https://example.com/covers/6645.jpg
6646,3238,Ya No Tiene Novio,2014-04-02,https://example.com/covers/6646.jpg
6647,3239,1 of 1,2013-04-23,https://example.com/covers/6647.jpg
6648,3239,42,2013-10-09,https://example.com/covers/6648.jpg
6649,3239,911 (Remix),2016-10-15,https://example.com/covers/6649.jpg
6650,3239,Otro Trago,2016-03-07,https://example.com/covers/6650.jpg
6651,3239,Si Te Vas,2014-02-19,https://example.com/covers/6651.jpg
6652,3239,Sueños,2018-04-12,https://example.com/covers/6652.jpg
6653,3240,A Naked Twist in My Story,2015-11-02,https://example.com/covers/6653.jpg
6654,3240,A Twist in My Story,2017-06-11,https://example.com/covers/6654.jpg
6655,3240,"Awake: Remixed & Remastered, 10 Years & 10,000 Tears Later",2018-08-19,https://example.com/covers/6655.jpg
6656,3241,Pretend,2011-10-24,https://example.com/covers/6656.jpg
6657,3242,Good For You,2005-11-23,https://example.com/covers/6657.jpg
6658,3242,Revelación - EP,2012-09-25,https://example.com/covers/6658.jpg
6659,3242,Revival,2009-09-15,https://example.com/covers/6659.jpg
6660,3242,Same Old Love,2013-07-20,https://example.com/covers/6660.jpg
6661,3242,The Heart Wants What It Wants,2011-01-15,https://example.com/covers/6661.jpg
6662,3243,For You,2006-06-21,https://example.com/covers/6662.jpg
6663,3244,Skin and Bones,2013-08-02,https://example.com/covers/6663.jpg
6664,3245,Algún Día,2023-09-30,https://example.com/covers/6664.jpg
6665,3246,¿QUE ESPERAS BEBE? REMIX,2018-08-20,https://example.com/covers/6665.jpg
6666,3247,Up to Me,2016-10-17,https://example.com/covers/6666.jpg
6667,3248,L'Essentiel Des Albums Studio,2014-09-21,https://example.com/covers/6667.jpg
6668,3249,Woods,2016-11-27,https://example.com/covers/6668.jpg
6669,3250,David Bowie narrates Prokofiev's Peter and the Wolf & The Young Person's Guide to the Orchestra,2013-11-09,https://example.com/covers/6669.jpg
6670,3250,Prokofiev: 7 Symphonies; Lieutenant Kijé,2013-08-12,https://example.com/covers/6670.jpg
6671,3250,"Prokofiev: Peter and the Wolf, Op. 67 (Without Narration)",2016-06-18,https://example.com/covers/6671.jpg
6672,3250,Prokofiev: Peter and the Wolf; Classical Symphony Op.25; March Op.99; Overture Op.34,2017-03-29,https://example.com/covers/6672.jpg
6673,3251,"Rachmaninoff: 12 Songs, Op. 21: V. Lilacs (Transcr. Rachmaninoff for Solo Piano)",2022-03-19,https://example.com/covers/6673.jpg
6674,3251,Rachmaninov: Piano Concerto No. 3 & Rhapsody On a Theme of Paganini,2016-08-10,https://example.com/covers/6674.jpg
6675,3252,Rarities - Remastered,2009-06-17,https://example.com/covers/6675.jpg
6676,3253,Nueva Vida,2014-05-01,https://example.com/covers/6676.jpg
6677,3254,Apex,2016-11-17,https://example.com/covers/6677.jpg
6678,3254,Moment Of Fire,2014-12-23,https://example.com/covers/6678.jpg
6679,3255,Funky Tumbao,2014-04-18,https://example.com/covers/6679.jpg
6680,3256,Músicas Para Churrasco,2012-01-18,https://example.com/covers/6680.jpg
6681,3256,The Life Aquatic Exclusive Studio Sessions Featuring Seu Jorge,2013-06-11,https://example.com/covers/6681.jpg
6682,3256,The Life Aquatic with Steve Zissou,2018-11-10,https://example.com/covers/6682.jpg
6683,3257,Live Pack - Sex Pistols - EP,2009-04-09,https://example.com/covers/6683.jpg
6684,3257,Rockline - Best of 70's,2008-11-14,https://example.com/covers/6684.jpg
6685,3258,"Oh, Loretta!",2022-04-25,https://example.com/covers/6685.jpg
6686,3259,DAMN!,2016-10-25,https://example.com/covers/6686.jpg
6687,3260,Podemos Sonreir,2021-06-23,https://example.com/covers/6687.jpg
6688,3261,A Bar Song (Tipsy),2022-08-20,https://example.com/covers/6688.jpg
6689,3262,"I Need Your Love (feat. Mohombi, Faydee & Costi)",2005-11-22,https://example.com/covers/6689.jpg
6690,3262,Only Love (feat. Pitbull & Gene Noble),2008-11-03,https://example.com/covers/6690.jpg
6691,3263,At Night,2013-01-27,https://example.com/covers/6691.jpg
6692,3264,And The War Came,2018-10-13,https://example.com/covers/6692.jpg
6693,3265,Merry Christmas Everyone,2024-10-02,https://example.com/covers/6693.jpg
6694,3266,Acróstico,2017-01-30,https://example.com/covers/6694.jpg
6695,3266,Donde Estan Los Ladrones,2018-01-11,https://example.com/covers/6695.jpg
6696,3266,Me Enamoré,2008-03-17,https://example.com/covers/6696.jpg
6697,3266,Pies Descalzos,2017-05-13,https://example.com/covers/6697.jpg
6698,3266,Sale el Sol,2020-07-08,https://example.com/covers/6698.jpg
6699,3267,Come On Over,2023-10-07,https://example.com/covers/6699.jpg
6700,3267,The Woman In Me,2023-03-21,https://example.com/covers/6700.jpg
6701,3268,Onion,2013-08-28,https://example.com/covers/6701.jpg
6702,3269,Living Water,2020-09-13,https://example.com/covers/6702.jpg
6703,3270,High School Musical 2,2008-05-03,https://example.com/covers/6703.jpg
6704,3271,Handwritten,2013-10-04,https://example.com/covers/6704.jpg
6705,3271,Illuminate,2015-11-24,https://example.com/covers/6705.jpg
6706,3271,Shawn Mendes,2013-08-12,https://example.com/covers/6706.jpg
6707,3271,Wonder,2017-12-19,https://example.com/covers/6707.jpg
6708,3272,Myfanwy (Arr. for Solo Cello),2013-06-11,https://example.com/covers/6708.jpg
6709,3273,Bombs Away,2007-02-21,https://example.com/covers/6709.jpg
6710,3274,Beginnings (Deluxe),2022-10-06,https://example.com/covers/6710.jpg
6711,3275,DIGGIN' VICTOR (The Compilation) Deep Into The Vaults Of Japanese Fusion & AOR selected by MURO,2022-11-11,https://example.com/covers/6711.jpg
6712,3276,Don't Know What's Normal,2022-07-23,https://example.com/covers/6712.jpg
6713,3277,Amnesia,2017-09-28,https://example.com/covers/6713.jpg
6714,3278,Something Else,2017-11-15,https://example.com/covers/6714.jpg
6715,3279,Kill Bill Vol. 2 Original Soundtrack,2016-03-04,https://example.com/covers/6715.jpg
6716,3280,O' Be Joyful,2015-04-05,https://example.com/covers/6716.jpg
6717,3281,Freedom Flight,2021-11-20,https://example.com/covers/6717.jpg
6718,3282,The Swingin’ Eye,2018-05-31,https://example.com/covers/6718.jpg
6719,3283,Everyday Is Christmas,2017-06-05,https://example.com/covers/6719.jpg
6720,3283,This Is Acting,2016-11-17,https://example.com/covers/6720.jpg
6721,3283,This Is Acting (Deluxe Version),2014-02-04,https://example.com/covers/6721.jpg
6722,3284,a sloth takes off,2018-03-18,https://example.com/covers/6722.jpg
6723,3285,0.00,2022-03-23,https://example.com/covers/6723.jpg
6724,3285,Al Aire (En Vivo),2016-12-01,https://example.com/covers/6724.jpg
6725,3285,Brújula,2013-12-18,https://example.com/covers/6725.jpg
6726,3285,El Vuelo del Pez,2019-06-15,https://example.com/covers/6726.jpg
6727,3285,MEMORIA FUTURO,2015-05-09,https://example.com/covers/6727.jpg
6728,3285,Náufrago,2016-10-02,https://example.com/covers/6728.jpg
6729,3285,Únicos,2017-10-02,https://example.com/covers/6729.jpg
6730,3286,Les Années Bechet,2015-04-27,https://example.com/covers/6730.jpg
6731,3287,Lo Más Maravilloso,2016-03-08,https://example.com/covers/6731.jpg
6732,3288,Boarded,2016-01-31,https://example.com/covers/6732.jpg
6733,3289,Brighter Days,2015-01-31,https://example.com/covers/6733.jpg
6734,3290,Nobody To Love,2019-11-28,https://example.com/covers/6734.jpg
6735,3291,Ágætis byrjun,2015-06-29,https://example.com/covers/6735.jpg
6736,3292,Kaldalóns: Ave María (Arr. Víkingur Ólafsson),2018-12-24,https://example.com/covers/6736.jpg
6737,3293,The Sea,2008-10-15,https://example.com/covers/6737.jpg
6738,3294,Sky Full Of Stars,2009-07-17,https://example.com/covers/6738.jpg
6739,3295,Watch Me (Whip / Nae Nae),2009-10-16,https://example.com/covers/6739.jpg
6740,3296,Primeras Canciones,2019-03-15,https://example.com/covers/6740.jpg
6741,3297,Carnavas,2013-03-30,https://example.com/covers/6741.jpg
6742,3298,ANIM4LES,2023-02-04,https://example.com/covers/6742.jpg
6743,3298,Sueño Cítrico,2016-10-08,https://example.com/covers/6743.jpg
6744,3299,Silvio Rodriguez y Pablo Milanes,2012-12-27,https://example.com/covers/6744.jpg
6745,3300,Al Final de Este Viaje...,2021-01-19,https://example.com/covers/6745.jpg
6746,3300,Días y Flores,2019-07-02,https://example.com/covers/6746.jpg
6747,3300,La Adivinanza,2021-02-21,https://example.com/covers/6747.jpg
6748,3300,Mariposas,2020-05-17,https://example.com/covers/6748.jpg
6749,3300,Mujeres,2020-07-29,https://example.com/covers/6749.jpg
6750,3300,Querido Pablo,2018-03-12,https://example.com/covers/6750.jpg
6751,3300,Silvio,2012-01-16,https://example.com/covers/6751.jpg
6752,3300,Tríptico (Vol. 2),2012-10-27,https://example.com/covers/6752.jpg
6753,3300,Tríptico (Vol. 3),2019-09-30,https://example.com/covers/6753.jpg
6754,3300,Unicornio,2020-06-07,https://example.com/covers/6754.jpg
6755,3301,Baby Driver (Music from the Motion Picture),2010-10-20,https://example.com/covers/6755.jpg
6756,3301,Bookends,2014-06-08,https://example.com/covers/6756.jpg
6757,3301,Bridge Over Troubled Water,2013-12-05,https://example.com/covers/6757.jpg
6758,3301,Live 1969,2011-12-25,https://example.com/covers/6758.jpg
6759,3301,Old Friends,2013-10-05,https://example.com/covers/6759.jpg
6760,3301,"Parsley, Sage, Rosemary And Thyme",2018-02-03,https://example.com/covers/6760.jpg
6761,3301,Quentin Tarantino's Once Upon a Time in Hollywood Original Motion Picture Soundtrack,2018-10-27,https://example.com/covers/6761.jpg
6762,3301,Sounds Of Silence,2013-01-11,https://example.com/covers/6762.jpg
6763,3301,The Graduate,2009-12-22,https://example.com/covers/6763.jpg
6764,3301,"Wednesday Morning, 3 A.M.",2014-10-07,https://example.com/covers/6764.jpg
6765,3302,Vaggande Vind,2022-02-03,https://example.com/covers/6765.jpg
6766,3303,Ciclo,2015-12-16,https://example.com/covers/6766.jpg
6767,3303,Mujer Eléctrica,2021-05-05,https://example.com/covers/6767.jpg
6768,3304,Get Your Heart On!,2013-11-28,https://example.com/covers/6768.jpg
6769,3304,Harder Than It Looks,2019-10-21,https://example.com/covers/6769.jpg
6770,3304,"No Pads, No Helmets...Just Balls",2009-07-28,https://example.com/covers/6770.jpg
6771,3304,Still Not Getting Any,2014-12-31,https://example.com/covers/6771.jpg
6772,3304,What's New Scooby-Doo?,2019-08-07,https://example.com/covers/6772.jpg
6773,3304,Where I Belong (feat. We The Kings),2018-12-20,https://example.com/covers/6773.jpg
6774,3305,Sunrise European Single,2023-09-15,https://example.com/covers/6774.jpg
6775,3306,Arre,2018-10-20,https://example.com/covers/6775.jpg
6776,3307,Hasta Ahora,2008-10-04,https://example.com/covers/6776.jpg
6777,3307,Sin Bandera,2012-09-13,https://example.com/covers/6777.jpg
6778,3308,Telephone,2013-10-01,https://example.com/covers/6778.jpg
6779,3309,Body,2020-01-04,https://example.com/covers/6779.jpg
6780,3310,Marie Antoinette,2014-03-29,https://example.com/covers/6780.jpg
6781,3311,Qualsevol Nit Pot Sortir El Sol,2019-05-11,https://example.com/covers/6781.jpg
6782,3312,Unleash The Dragon,2016-03-02,https://example.com/covers/6782.jpg
6783,3313,We Are Family,2016-11-22,https://example.com/covers/6783.jpg
6784,3314,Sixpence None the Richer,2012-11-18,https://example.com/covers/6784.jpg
6785,3315,Simple EP,2012-10-22,https://example.com/covers/6785.jpg
6786,3316,50 Push Ups For A Dollar,2012-09-28,https://example.com/covers/6786.jpg
6787,3316,50 Push Ups for a Dollar,2009-07-03,https://example.com/covers/6787.jpg
6788,3316,Everyone Is Good At Something,2012-07-04,https://example.com/covers/6788.jpg
6789,3316,Everyone Is Good at Something,2015-01-26,https://example.com/covers/6789.jpg
6790,3316,Fantasising,2012-08-17,https://example.com/covers/6790.jpg
6791,3316,Fun,2013-02-22,https://example.com/covers/6791.jpg
6792,3316,Got On My Skateboard,2010-12-31,https://example.com/covers/6792.jpg
6793,3316,Here Comes Your Man (triple j Like A Version),2013-01-18,https://example.com/covers/6793.jpg
6794,3316,Here Comes Your Man (triple j Like a Version),2014-08-27,https://example.com/covers/6794.jpg
6795,3316,Holiday Food,2008-01-13,https://example.com/covers/6795.jpg
6796,3316,L.S.D,2011-07-01,https://example.com/covers/6796.jpg
6797,3316,My Face,2010-07-15,https://example.com/covers/6797.jpg
6798,3316,My Own Mess,2016-10-26,https://example.com/covers/6798.jpg
6799,3316,Save It For The Weekend,2015-09-18,https://example.com/covers/6799.jpg
6800,3316,Smogged Out,2009-04-07,https://example.com/covers/6800.jpg
6801,3316,Spring Has Sprung,2018-06-01,https://example.com/covers/6801.jpg
6802,3316,Under The Thunder,2016-11-15,https://example.com/covers/6802.jpg
6803,3316,Valhalla,2012-03-01,https://example.com/covers/6803.jpg
6804,3316,Wake Up,2016-01-08,https://example.com/covers/6804.jpg
6805,3317,Spider-Man: Into the Spider-Verse,2014-09-22,https://example.com/covers/6805.jpg
6806,3318,Life & Love,2023-07-09,https://example.com/covers/6806.jpg
6807,3319,Baby Driver (Music from the Motion Picture),2010-10-14,https://example.com/covers/6807.jpg
6808,3320,Karma,2016-11-27,https://example.com/covers/6808.jpg
6809,3321,Birdie,2020-09-28,https://example.com/covers/6809.jpg
6810,3322,Groove Juice: The Norman Granz Recordings + More,2019-02-05,https://example.com/covers/6810.jpg
6811,3323,Slomosa,2019-07-27,https://example.com/covers/6811.jpg
6812,3324,"National Anthems Of The World, Vol. 2: Cambodia - France",2016-09-07,https://example.com/covers/6812.jpg
6813,3325,Johann Strauss I: Edition - Vol. 3,2021-03-05,https://example.com/covers/6813.jpg
6814,3326,The Rebels,2013-12-10,https://example.com/covers/6814.jpg
6815,3327,Christmas Jazz,2018-09-04,https://example.com/covers/6815.jpg
6816,3328,A Group Called Smith,2020-03-16,https://example.com/covers/6816.jpg
6817,3329,Dye It Blonde,2014-11-06,https://example.com/covers/6817.jpg
6818,3330,Bet,2018-10-25,https://example.com/covers/6818.jpg
6819,3331,Doggystyle,2008-05-23,https://example.com/covers/6819.jpg
6820,3331,More Malice,2014-08-03,https://example.com/covers/6820.jpg
6821,3331,R&G (Rhythm & Gangsta): The Masterpiece,2020-09-01,https://example.com/covers/6821.jpg
6822,3331,"Young, Wild & Free (feat. Bruno Mars)",2017-05-11,https://example.com/covers/6822.jpg
6823,3332,Eyes Open,2004-11-17,https://example.com/covers/6823.jpg
6824,3333,Social Distortion,2017-01-15,https://example.com/covers/6824.jpg
6825,3333,White Light White Heat White Trash,2018-06-19,https://example.com/covers/6825.jpg
6826,3334,Romantic Deep House,2013-02-19,https://example.com/covers/6826.jpg
6827,3335,Comfort Y Musica Para Volar,2011-12-09,https://example.com/covers/6827.jpg
6828,3335,El Ultimo Concierto A,2019-08-04,https://example.com/covers/6828.jpg
6829,3335,Me Verás Volver (Hits & Más),2013-10-18,https://example.com/covers/6829.jpg
6830,3335,Signos,2017-05-12,https://example.com/covers/6830.jpg
6831,3335,Zona de Promesas (Mixes 1984 - 1993),2021-09-10,https://example.com/covers/6831.jpg
6832,3336,MILAMORES,2019-11-29,https://example.com/covers/6832.jpg
6833,3336,Mal De Amores,2020-04-02,https://example.com/covers/6833.jpg
6834,3336,Mal de Amores,2017-05-29,https://example.com/covers/6834.jpg
6835,3336,Muevelo,2016-09-25,https://example.com/covers/6835.jpg
6836,3337,Diez años de Soledad,2012-08-19,https://example.com/covers/6836.jpg
6837,3338,Multicolor,2022-02-03,https://example.com/covers/6837.jpg
6838,3339,Dance Baby,2021-06-13,https://example.com/covers/6838.jpg
6839,3339,Kackvogel,2017-07-07,https://example.com/covers/6839.jpg
6840,3340,Lanterns,2007-05-27,https://example.com/covers/6840.jpg
6841,3341,Electro Melodier,2012-03-19,https://example.com/covers/6841.jpg
6842,3342,Daydream Nation (Deluxe Edition),2013-10-18,https://example.com/covers/6842.jpg
6843,3342,Goo,2010-09-19,https://example.com/covers/6843.jpg
6844,3342,Rather Ripped,2008-02-08,https://example.com/covers/6844.jpg
6845,3343,Crusade,2007-07-15,https://example.com/covers/6845.jpg
6846,3343,His Best,2011-02-01,https://example.com/covers/6846.jpg
6847,3343,Sonny Boy Williamson & The Yardbirds,2015-07-04,https://example.com/covers/6847.jpg
6848,3344,History,2009-08-07,https://example.com/covers/6848.jpg
6849,3344,The Essential Sonny Rollins: The RCA Years,2011-06-26,https://example.com/covers/6849.jpg
6850,3345,Tenor Madness - Saxophone Colossus,2008-09-09,https://example.com/covers/6850.jpg
6851,3346,Crusade,2010-03-02,https://example.com/covers/6851.jpg
6852,3347,Take It to the Beat,2013-09-18,https://example.com/covers/6852.jpg
6853,3348,Already Gone,2019-04-24,https://example.com/covers/6853.jpg
6854,3349,Rubber Soulive,2009-07-02,https://example.com/covers/6854.jpg
6855,3350,20 #1's: Modern Hip-Hop,2018-01-22,https://example.com/covers/6855.jpg
6856,3351,Grateful,2016-03-11,https://example.com/covers/6856.jpg
6857,3352,Spa,2014-06-20,https://example.com/covers/6857.jpg
6858,3353,"Mediterranea Spa Music - Mediterranean Spa Music. Relaxation Meditation Healing Music for Deep Meditation, Reiki, Massage, Chakra, Yoga and Tai Chi. Relaxing Sounds from the Islands in the Sun",2015-01-15,https://example.com/covers/6858.jpg
6859,3353,Riviera Maya - Spa Music,2013-08-30,https://example.com/covers/6859.jpg
6860,3354,Lullaby for Mommy: Relaxing Music for Peaceful Sleep,2018-11-04,https://example.com/covers/6860.jpg
6861,3355,Ska'd In Sydney,2012-12-30,https://example.com/covers/6861.jpg
6862,3356,The Shakedown,2019-08-02,https://example.com/covers/6862.jpg
6863,3357,Guitar Spectacular,2019-07-23,https://example.com/covers/6863.jpg
6864,3358,Spencer Cullum's Coin Collection,2017-09-18,https://example.com/covers/6864.jpg
6865,3359,Spinetta y los Socios del Desierto,2013-09-06,https://example.com/covers/6865.jpg
6866,3360,Ladies and gentlemen we are floating in space,2012-10-04,https://example.com/covers/6866.jpg
6867,3361,Gimme Fiction,2013-05-10,https://example.com/covers/6867.jpg
6868,3361,Music From The O.C. Mix 1,2006-09-24,https://example.com/covers/6868.jpg
6869,3361,They Want My Soul,2009-08-12,https://example.com/covers/6869.jpg
6870,3362,Naked All the Time,2015-06-06,https://example.com/covers/6870.jpg
6871,3363,Spotify Sessions,2009-11-03,https://example.com/covers/6871.jpg
6872,3364,Angels In Science Fiction,2013-05-11,https://example.com/covers/6872.jpg
6873,3364,Half The City,2013-09-20,https://example.com/covers/6873.jpg
6874,3364,Oporto-Madrid Blvd,2018-09-25,https://example.com/covers/6874.jpg
6875,3364,Sea of Noise,2017-11-25,https://example.com/covers/6875.jpg
6876,3364,The Alien Coast,2016-08-10,https://example.com/covers/6876.jpg
6877,3364,Young Sick Camellia,2021-10-26,https://example.com/covers/6877.jpg
6878,3365,Getz Plays Jobim: The Girl From Ipanema,2012-06-29,https://example.com/covers/6878.jpg
6879,3365,Getz/Gilberto,2017-08-16,https://example.com/covers/6879.jpg
6880,3365,Recorded Fall '61,2007-09-10,https://example.com/covers/6880.jpg
6881,3366,Look Out!,2014-05-28,https://example.com/covers/6881.jpg
6882,3367,We Could Be More EP,2009-02-25,https://example.com/covers/6882.jpg
6883,3368,Knee Deep In The Hoopla,2022-05-05,https://example.com/covers/6883.jpg
6884,3369,Crystal Ball,2010-12-29,https://example.com/covers/6884.jpg
6885,3369,Dead and Gone,2016-12-13,https://example.com/covers/6885.jpg
6886,3370,The Ginning,2015-07-21,https://example.com/covers/6886.jpg
6887,3371,Reservoir Dogs,2012-08-11,https://example.com/covers/6887.jpg
6888,3371,Stealers Wheel,2014-08-10,https://example.com/covers/6888.jpg
6889,3372,ism,2012-12-29,https://example.com/covers/6889.jpg
6890,3373,Can't Buy A Thrill,2017-12-20,https://example.com/covers/6890.jpg
6891,3374,Love Routes (Romantic Accordion Ballads in Rome),2022-06-09,https://example.com/covers/6891.jpg
6892,3375,Snow!,2016-09-09,https://example.com/covers/6892.jpg
6893,3376,Bad Dream,2015-03-08,https://example.com/covers/6893.jpg
6894,3377,Fracture,2018-10-11,https://example.com/covers/6894.jpg
6895,3378,Echoes,2015-03-23,https://example.com/covers/6895.jpg
6896,3379,Bistro Fada,2014-06-09,https://example.com/covers/6896.jpg
6897,3379,Midnight in Paris (Music from the Motion Picture),2014-02-03,https://example.com/covers/6897.jpg
6898,3380,Recitement,2014-06-25,https://example.com/covers/6898.jpg
6899,3381,Stephen Malkmus,2014-03-08,https://example.com/covers/6899.jpg
6900,3382,Evangeline,2018-05-10,https://example.com/covers/6900.jpg
6901,3383,Company,2013-11-27,https://example.com/covers/6901.jpg
6902,3384,Hedwig and the Angry Inch - Original Motion Picture Soundtrack,2017-01-02,https://example.com/covers/6902.jpg
6903,3385,20th Century Masters : The Millennium Collection: Best of Steppenwolf,2013-09-08,https://example.com/covers/6903.jpg
6904,3385,Born To Be Wild: A Retrospective,2011-12-11,https://example.com/covers/6904.jpg
6905,3386,Language.Sex.Violence.Other?,2016-12-27,https://example.com/covers/6905.jpg
6906,3386,Pull The Pin,2006-09-27,https://example.com/covers/6906.jpg
6907,3387,Out Of This Town,2017-08-16,https://example.com/covers/6907.jpg
6908,3388,"Sleep, Volume 2",2012-12-25,https://example.com/covers/6908.jpg
6909,3389,Invítame A Un Café,2020-12-28,https://example.com/covers/6909.jpg
6910,3390,Correlations,2019-11-24,https://example.com/covers/6910.jpg
6911,3391,J.T.,2017-03-27,https://example.com/covers/6911.jpg
6912,3391,Train A Comin',2015-12-29,https://example.com/covers/6912.jpg
6913,3392,Dust Filled Room,2013-12-23,https://example.com/covers/6913.jpg
6914,3393,The Joker,2012-12-29,https://example.com/covers/6914.jpg
6915,3394,Crystal Visions...The Very Best of Stevie Nicks,2011-12-10,https://example.com/covers/6915.jpg
6916,3395,Archives,2013-12-11,https://example.com/covers/6916.jpg
6917,3395,Couldn't Stand The Weather,2013-07-06,https://example.com/covers/6917.jpg
6918,3395,Couldn't Stand The Weather (Legacy Edition),2008-04-08,https://example.com/covers/6918.jpg
6919,3395,In Step,2007-07-14,https://example.com/covers/6919.jpg
6920,3395,Live at Carnegie Hall,2015-07-15,https://example.com/covers/6920.jpg
6921,3395,Texas Flood (Legacy Edition),2013-01-31,https://example.com/covers/6921.jpg
6922,3395,The Best Of,2009-05-18,https://example.com/covers/6922.jpg
6923,3395,The Essential Stevie Ray Vaughan And Double Trouble,2006-11-14,https://example.com/covers/6923.jpg
6924,3395,The Real Deal: Greatest Hits Volume 1,2013-05-05,https://example.com/covers/6924.jpg
6925,3395,The Sky Is Crying,2007-06-16,https://example.com/covers/6925.jpg
6926,3396,For Once In My Life,2016-05-28,https://example.com/covers/6926.jpg
6927,3396,"Signed, Sealed And Delivered",2011-06-20,https://example.com/covers/6927.jpg
6928,3396,Songs In The Key Of Life,2015-09-05,https://example.com/covers/6928.jpg
6929,3396,Talking Book,2018-09-10,https://example.com/covers/6929.jpg
6930,3396,The Definitive Collection,2014-08-07,https://example.com/covers/6930.jpg
6931,3397,Mercury Falling,2018-09-19,https://example.com/covers/6931.jpg
6932,3397,Ten Summoner's Tales,2020-06-10,https://example.com/covers/6932.jpg
6933,3398,Purple,2019-03-17,https://example.com/covers/6933.jpg
6934,3399,Beachcomber's Windowsill,2009-02-19,https://example.com/covers/6934.jpg
6935,3400,Eraserland,2020-09-12,https://example.com/covers/6935.jpg
6936,3400,In Heaven,2021-01-31,https://example.com/covers/6936.jpg
6937,3401,Johann Strauss II.: Most Famous Waltzes,2014-01-26,https://example.com/covers/6937.jpg
6938,3402,Rock This Town - The Collection,2013-08-27,https://example.com/covers/6938.jpg
6939,3402,Stray Cats,2010-08-24,https://example.com/covers/6939.jpg
6940,3403,Persuasion (Soundtrack from the Netflix Film),2018-10-07,https://example.com/covers/6940.jpg
6941,3404,40oz. To Freedom,2015-09-26,https://example.com/covers/6941.jpg
6942,3404,Gold,2005-10-12,https://example.com/covers/6942.jpg
6943,3404,Jah Won't Pay The Bills,2021-05-27,https://example.com/covers/6943.jpg
6944,3404,Sublime,2012-07-25,https://example.com/covers/6944.jpg
6945,3405,Sudan Archives,2016-03-21,https://example.com/covers/6945.jpg
6946,3406,Carrie & Lowell,2010-11-16,https://example.com/covers/6946.jpg
6947,3407,"All Killer, No Filler",2013-09-13,https://example.com/covers/6947.jpg
6948,3407,Does This Look Infected?,2016-12-11,https://example.com/covers/6948.jpg
6949,3408,Weekend,2017-08-26,https://example.com/covers/6949.jpg
6950,3409,Odoacer,2017-05-25,https://example.com/covers/6950.jpg
6951,3410,On Tour: A Documentary - The Soundtrack,2009-08-13,https://example.com/covers/6951.jpg
6952,3411,Pocket Music,2016-04-08,https://example.com/covers/6952.jpg
6953,3411,Tarka & Friends: Life,2016-05-13,https://example.com/covers/6953.jpg
6954,3412,From the Basement,2015-01-29,https://example.com/covers/6954.jpg
6955,3413,Simple Syrup,2015-03-15,https://example.com/covers/6955.jpg
6956,3414,Canciones de Películas Infantiles,2017-07-04,https://example.com/covers/6956.jpg
6957,3415,I Should Coco,2016-05-30,https://example.com/covers/6957.jpg
6958,3415,I Should Coco (20th Anniversary Collector's Edition),2024-03-14,https://example.com/covers/6958.jpg
6959,3415,Life On Other Planets,2014-02-05,https://example.com/covers/6959.jpg
6960,3416,Soul Dance,2019-06-05,https://example.com/covers/6960.jpg
6961,3417,Breakfast In America,2014-08-19,https://example.com/covers/6961.jpg
6962,3417,Even In The Quietest Moments,2011-03-10,https://example.com/covers/6962.jpg
6963,3418,Sure Sure,2024-07-23,https://example.com/covers/6963.jpg
6964,3419,Horizons,2013-07-20,https://example.com/covers/6964.jpg
6965,3420,1000 Palms,2010-10-27,https://example.com/covers/6965.jpg
6966,3421,Dicen,2015-08-07,https://example.com/covers/6966.jpg
6967,3421,En el club,2017-12-08,https://example.com/covers/6967.jpg
6968,3421,Moonlight,2015-07-10,https://example.com/covers/6968.jpg
6969,3421,SOS,2019-08-10,https://example.com/covers/6969.jpg
6970,3421,Tanta Mentira,2021-06-19,https://example.com/covers/6970.jpg
6971,3422,Rocky IV,2007-02-08,https://example.com/covers/6971.jpg
6972,3423,The Bakman Tapes,2015-08-12,https://example.com/covers/6972.jpg
6973,3424,Get Down,2012-06-08,https://example.com/covers/6973.jpg
6974,3424,Time in the Sun,2012-02-29,https://example.com/covers/6974.jpg
6975,3425,Until Now,2013-11-22,https://example.com/covers/6975.jpg
6976,3426,Break of Day,2009-12-02,https://example.com/covers/6976.jpg
6977,3427,Midnight in Paris (Music from the Motion Picture),2010-01-20,https://example.com/covers/6977.jpg
6978,3428,Fading West,2016-11-04,https://example.com/covers/6978.jpg
6979,3429,The Madcap Laughs,2014-11-08,https://example.com/covers/6979.jpg
6980,3430,Quentin Tarantino's Once Upon a Time in Hollywood Original Motion Picture Soundtrack,2015-03-26,https://example.com/covers/6980.jpg
6981,3431,I Saw Mommy Kissing Santa Claus,2022-12-08,https://example.com/covers/6981.jpg
6982,3432,Step II,2014-01-18,https://example.com/covers/6982.jpg
6983,3433,Miami 82,2007-04-06,https://example.com/covers/6983.jpg
6984,3434,Toxicity,2010-07-21,https://example.com/covers/6984.jpg
6985,3435,Le minuit glacé,2017-01-19,https://example.com/covers/6985.jpg
6986,3436,T-Bone Blues,2014-01-20,https://example.com/covers/6986.jpg
6987,3437,Booty Wurk (One Cheek At a Time) (feat. Joey Galaxy),2014-12-31,https://example.com/covers/6987.jpg
6988,3438,Nasty Freestyle,2016-02-13,https://example.com/covers/6988.jpg
6989,3439,Get It On: The Collection,2016-11-09,https://example.com/covers/6989.jpg
6990,3440,Paper Trail,2013-08-23,https://example.com/covers/6990.jpg
6991,3441,The Grapefruit Skies,2021-10-03,https://example.com/covers/6991.jpg
6992,3442,X,2015-12-07,https://example.com/covers/6992.jpg
6993,3443,SLOWDANCE,2018-06-16,https://example.com/covers/6993.jpg
6994,3444,Sunshine (feat. Dan Harkna),2017-03-23,https://example.com/covers/6994.jpg
6995,3445,Consejo de Amor,2013-10-23,https://example.com/covers/6995.jpg
6996,3445,Miénteme,2016-02-05,https://example.com/covers/6996.jpg
6997,3445,Quiero Volver,2014-06-27,https://example.com/covers/6997.jpg
6998,3445,Reguetón Sudoroso,2018-08-17,https://example.com/covers/6998.jpg
6999,3446,Ambre,2018-09-27,https://example.com/covers/6999.jpg
7000,3447,Sprinter,2014-04-26,https://example.com/covers/7000.jpg
7001,3448,Toto,2013-03-11,https://example.com/covers/7001.jpg
7002,3448,Toto IV,2012-03-14,https://example.com/covers/7002.jpg
7003,3449,Trst,2021-06-16,https://example.com/covers/7003.jpg
7004,3450,Nine Types of Light,2005-08-16,https://example.com/covers/7004.jpg
7005,3451,Ensayo y Error,2015-08-14,https://example.com/covers/7005.jpg
7006,3452,Tacatà (feat. Rodriguez),2008-05-16,https://example.com/covers/7006.jpg
7007,3453,Lo Siento BB:/ (with Bad Bunny & Julieta Venegas),2013-04-04,https://example.com/covers/7007.jpg
7008,3453,NEON16 TAPE: THE KIDS THAT GREW UP ON REGGAETON,2010-12-01,https://example.com/covers/7008.jpg
7009,3453,The SpongeBob Movie: Sponge On The Run - Original Motion Picture Soundtrack,2020-07-13,https://example.com/covers/7009.jpg
7010,3454,Rokstarr,2017-11-05,https://example.com/covers/7010.jpg
7011,3455,Phantom Blues,2018-01-02,https://example.com/covers/7011.jpg
7012,3456,Burning Down the House / I Get Wild / Wild Gravity,2018-07-15,https://example.com/covers/7012.jpg
7013,3456,Naked,2018-10-22,https://example.com/covers/7013.jpg
7014,3456,Speaking in Tongues,2018-05-23,https://example.com/covers/7014.jpg
7015,3456,Stop Making Sense,2019-10-30,https://example.com/covers/7015.jpg
7016,3457,"Holding On, Holding Out",2023-01-02,https://example.com/covers/7016.jpg
7017,3458,Currents,2007-03-30,https://example.com/covers/7017.jpg
7018,3458,Divergent: Original Motion Picture Soundtrack,2008-07-02,https://example.com/covers/7018.jpg
7019,3458,Lonerism,2010-06-19,https://example.com/covers/7019.jpg
7020,3458,The Slow Rush,2015-09-10,https://example.com/covers/7020.jpg
7021,3459,Notion,2015-08-26,https://example.com/covers/7021.jpg
7022,3460,Jazz at Night,2019-06-23,https://example.com/covers/7022.jpg
7023,3461,Feliz Navidad,2014-09-09,https://example.com/covers/7023.jpg
7024,3461,Los Reyes Magos,2017-02-07,https://example.com/covers/7024.jpg
7025,3462,Capitol Gold: The Best Of Tavares,2014-09-10,https://example.com/covers/7025.jpg
7026,3463,Burnt Letters,2015-03-10,https://example.com/covers/7026.jpg
7027,3464,1989,2017-11-21,https://example.com/covers/7027.jpg
7028,3464,Anti-Hero (feat. Bleachers),2015-11-12,https://example.com/covers/7028.jpg
7029,3464,Fearless (Taylor's Version),2013-07-27,https://example.com/covers/7029.jpg
7030,3464,Fearless (Taylor’s Version): The I Remember What You Said Last Night Chapter,2017-08-10,https://example.com/covers/7030.jpg
7031,3464,Love Story (Taylor’s Version),2022-06-09,https://example.com/covers/7031.jpg
7032,3464,Lover,2019-02-03,https://example.com/covers/7032.jpg
7033,3464,Lover (Remix) [feat. Shawn Mendes],2020-01-31,https://example.com/covers/7033.jpg
7034,3464,Midnights,2016-03-06,https://example.com/covers/7034.jpg
7035,3464,Mr. Perfectly Fine (Taylor’s Version) (From The Vault),2017-12-02,https://example.com/covers/7035.jpg
7036,3464,Red,2019-05-26,https://example.com/covers/7036.jpg
7037,3464,Red (Taylor's Version),2019-09-26,https://example.com/covers/7037.jpg
7038,3464,Speak Now,2019-02-11,https://example.com/covers/7038.jpg
7039,3464,This Love (Taylor’s Version),2021-11-18,https://example.com/covers/7039.jpg
7040,3464,Wildest Dreams (Taylor's Version),2022-12-27,https://example.com/covers/7040.jpg
7041,3464,evermore,2017-11-28,https://example.com/covers/7041.jpg
7042,3464,folklore,2012-12-31,https://example.com/covers/7042.jpg
7043,3464,folklore: the long pond studio sessions (from the Disney+ special) - deluxe edition,2020-12-22,https://example.com/covers/7043.jpg
7044,3464,reputation,2018-07-29,https://example.com/covers/7044.jpg
7045,3465,Songs From The Big Chair,2020-02-09,https://example.com/covers/7045.jpg
7046,3466,Bahía Santiago,2023-05-18,https://example.com/covers/7046.jpg
7047,3466,Bienvenidos,2022-05-25,https://example.com/covers/7047.jpg
7048,3467,The Next Hundred Years,2016-10-02,https://example.com/covers/7048.jpg
7049,3468,Free-For-All,2010-03-23,https://example.com/covers/7049.jpg
7050,3468,The Essential Ted Nugent,2011-09-21,https://example.com/covers/7050.jpg
7051,3469,Underage Thinking,2014-08-20,https://example.com/covers/7051.jpg
7052,3470,Marquee Moon,2011-05-20,https://example.com/covers/7052.jpg
7053,3471,The Comedian,2017-03-22,https://example.com/covers/7053.jpg
7054,3472,Just Like Moby Dick,2019-11-21,https://example.com/covers/7054.jpg
7055,3473,The Great Radio Controversy,2010-10-25,https://example.com/covers/7055.jpg
7056,3474,Live In... New York City,2020-03-12,https://example.com/covers/7056.jpg
7057,3475,Coastal Cat,2016-06-06,https://example.com/covers/7057.jpg
7058,3475,Seve,2020-10-23,https://example.com/covers/7058.jpg
7059,3475,Walls (summer mix) (feat. Julia Church),2018-10-16,https://example.com/covers/7059.jpg
7060,3476,De temps en temps,2014-04-18,https://example.com/covers/7060.jpg
7061,3477,Habítame Siempre Edición Especial,2009-07-12,https://example.com/covers/7061.jpg
7062,3477,Thalia,2019-07-29,https://example.com/covers/7062.jpg
7063,3477,Thalia En Primera Fila,2018-09-11,https://example.com/covers/7063.jpg
7064,3478,Les Misérables (10th Anniversary Concert Live at Royal Albert Hall),2015-11-25,https://example.com/covers/7064.jpg
7065,3479,"I like it when you sleep, for you are so beautiful yet so unaware of it",2011-12-30,https://example.com/covers/7065.jpg
7066,3480,Community (Music from the Original Television Series),2016-07-26,https://example.com/covers/7066.jpg
7067,3481,When The World Comes Down,2018-03-02,https://example.com/covers/7067.jpg
7068,3482,The Almighty Defenders,2013-02-23,https://example.com/covers/7068.jpg
7069,3483,Animalisms,2012-06-06,https://example.com/covers/7069.jpg
7070,3483,Before We Were so Rudely Interrupted,2015-09-01,https://example.com/covers/7070.jpg
7071,3483,Most of the Animals,2010-08-06,https://example.com/covers/7071.jpg
7072,3483,On Their Own - [The Dave Cash Collection],2006-05-31,https://example.com/covers/7072.jpg
7073,3484,Apache Relay,2018-05-29,https://example.com/covers/7073.jpg
7074,3485,Her Wallpaper Reverie,2019-11-12,https://example.com/covers/7074.jpg
7075,3486,"Myths, Legends And Other Amazing Adventures Vol. 2",2016-07-11,https://example.com/covers/7075.jpg
7076,3487,Lake Superior,2013-08-05,https://example.com/covers/7076.jpg
7077,3487,"Yours, Dreamily,",2011-07-17,https://example.com/covers/7077.jpg
7078,3488,And Then...Along Comes,2015-11-18,https://example.com/covers/7078.jpg
7079,3489,Wildflower,2022-06-13,https://example.com/covers/7079.jpg
7080,3490,Fade Out Lines,2013-12-13,https://example.com/covers/7080.jpg
7081,3490,The Wanderings Of The Avener,2013-03-09,https://example.com/covers/7081.jpg
7082,3491,I And Love And You,2008-06-29,https://example.com/covers/7082.jpg
7083,3491,The Third Gleam,2018-04-02,https://example.com/covers/7083.jpg
7084,3492,When We Were Friends,2020-11-19,https://example.com/covers/7084.jpg
7085,3493,Music From Big Pink,2011-05-15,https://example.com/covers/7085.jpg
7086,3493,The Band,2005-08-08,https://example.com/covers/7086.jpg
7087,3493,The Last Waltz,2009-10-16,https://example.com/covers/7087.jpg
7088,3494,My Thoughts on You,2009-05-14,https://example.com/covers/7088.jpg
7089,3495,Duende,2019-02-16,https://example.com/covers/7089.jpg
7090,3496,Goodbye Yellow Brick Road,2017-08-15,https://example.com/covers/7090.jpg
7091,3497,Pitch Perfect 2 - Original Motion Picture Soundtrack,2013-07-22,https://example.com/covers/7091.jpg
7092,3497,Pitch Perfect Soundtrack,2012-06-06,https://example.com/covers/7092.jpg
7093,3498,Strike!,2016-05-29,https://example.com/covers/7093.jpg
7094,3499,All This Is That / Carry Me Home / You Need A Mess Of Help To Stand Alone,2021-04-17,https://example.com/covers/7094.jpg
7095,3499,Feel Flows The Sunflower & Surf’s Up Sessions 1969-1971,2017-04-03,https://example.com/covers/7095.jpg
7096,3499,Good Vibrations 40th Anniversary,2013-01-24,https://example.com/covers/7096.jpg
7097,3499,Pet Sounds,2007-05-06,https://example.com/covers/7097.jpg
7098,3499,Smiley Smile,2011-09-05,https://example.com/covers/7098.jpg
7099,3499,Surfin' USA,2017-06-07,https://example.com/covers/7099.jpg
7100,3499,The Beach Boys Love Songs,2013-08-07,https://example.com/covers/7100.jpg
7101,3499,The Beach Boys' Christmas Album,2015-06-03,https://example.com/covers/7101.jpg
7102,3500,1,2014-03-26,https://example.com/covers/7102.jpg
7103,3500,A Hard Day's Night,2011-02-02,https://example.com/covers/7103.jpg
7104,3500,Abbey Road,2009-01-02,https://example.com/covers/7104.jpg
7105,3500,Anthology 1,2020-09-11,https://example.com/covers/7105.jpg
7106,3500,Anthology 2,2022-05-06,https://example.com/covers/7106.jpg
7107,3500,Anthology 3,2017-04-28,https://example.com/covers/7107.jpg
7108,3500,Beatles For Sale,2007-06-09,https://example.com/covers/7108.jpg
7109,3500,Beatles For Sale - Remastered,2010-08-31,https://example.com/covers/7109.jpg
7110,3500,Get Back,2016-02-07,https://example.com/covers/7110.jpg
7111,3500,Help!,2007-06-30,https://example.com/covers/7111.jpg
7112,3500,Let It Be,2009-03-08,https://example.com/covers/7112.jpg
7113,3500,Let It Be... Naked,2010-08-24,https://example.com/covers/7113.jpg
7114,3500,Live At The BBC,2017-03-24,https://example.com/covers/7114.jpg
7115,3500,Magical Mystery Tour,2012-10-27,https://example.com/covers/7115.jpg
7116,3500,Now And Then,2015-05-05,https://example.com/covers/7116.jpg
7117,3500,Past Masters,2008-04-04,https://example.com/covers/7117.jpg
7118,3500,Please Please Me,2007-09-18,https://example.com/covers/7118.jpg
7119,3500,Revolver,2006-07-30,https://example.com/covers/7119.jpg
7120,3500,Rubber Soul,2011-12-25,https://example.com/covers/7120.jpg
7121,3500,Sgt. Pepper's Lonely Hearts Club Band,2011-03-15,https://example.com/covers/7121.jpg
7122,3500,The Beatles,2008-04-28,https://example.com/covers/7122.jpg
7123,3500,With The Beatles,2008-07-07,https://example.com/covers/7123.jpg
7124,3500,Yellow Submarine,2014-03-21,https://example.com/covers/7124.jpg
7125,3501,30 Beatles Top Hits,2004-09-07,https://example.com/covers/7125.jpg
7126,3502,Shake Your Money Maker,2010-08-04,https://example.com/covers/7126.jpg
7127,3503,Brothers,2015-05-08,https://example.com/covers/7127.jpg
7128,3503,Chulahoma,2015-08-14,https://example.com/covers/7128.jpg
7129,3503,Crawling Kingsnake,2020-01-06,https://example.com/covers/7129.jpg
7130,3503,Delta Kream,2012-05-29,https://example.com/covers/7130.jpg
7131,3503,Dropout Boogie,2022-01-27,https://example.com/covers/7131.jpg
7132,3503,El Camino,2015-07-06,https://example.com/covers/7132.jpg
7133,3503,Go / Eagle Birds / Lo/Hi,2017-08-30,https://example.com/covers/7133.jpg
7134,3503,Let's Rock,2015-07-20,https://example.com/covers/7134.jpg
7135,3503,Lo/Hi,2013-06-29,https://example.com/covers/7135.jpg
7136,3503,Lonely Boy,2016-09-15,https://example.com/covers/7136.jpg
7137,3503,Magic Potion,2013-07-02,https://example.com/covers/7137.jpg
7138,3503,Rubber Factory,2014-06-25,https://example.com/covers/7138.jpg
7139,3503,The Big Come Up,2014-03-06,https://example.com/covers/7139.jpg
7140,3503,Turn Blue,2016-04-28,https://example.com/covers/7140.jpg
7141,3504,Sunshine,2015-04-10,https://example.com/covers/7141.jpg
7142,3505,Catalina Breeze,2011-12-08,https://example.com/covers/7142.jpg
7143,3506,BBC Radio Sessions,2017-03-14,https://example.com/covers/7143.jpg
7144,3507,The Both,2016-04-07,https://example.com/covers/7144.jpg
7145,3508,Quentin Tarantino's Once Upon a Time in Hollywood Original Motion Picture Soundtrack,2013-07-26,https://example.com/covers/7145.jpg
7146,3509,Strung Out In Heaven,2012-08-02,https://example.com/covers/7146.jpg
7147,3509,Their Satanic Majesties' Second Request,2021-03-09,https://example.com/covers/7147.jpg
7148,3510,Sun King,2016-09-17,https://example.com/covers/7148.jpg
7149,3511,Any Day Now,2018-07-27,https://example.com/covers/7149.jpg
7150,3512,On The Road Again,2019-10-12,https://example.com/covers/7150.jpg
7151,3513,Long in the Tooth,2020-08-26,https://example.com/covers/7151.jpg
7152,3513,The Budos Band,2018-05-12,https://example.com/covers/7152.jpg
7153,3514,Fifth Dimension,2020-01-10,https://example.com/covers/7153.jpg
7154,3514,Sweetheart Of The Rodeo,2014-03-15,https://example.com/covers/7154.jpg
7155,3514,Turn! Turn! Turn!,2016-07-19,https://example.com/covers/7155.jpg
7156,3515,Easy Way,2018-08-05,https://example.com/covers/7156.jpg
7157,3515,Happy Man,2014-01-11,https://example.com/covers/7157.jpg
7158,3515,Hey Baby,2020-04-28,https://example.com/covers/7158.jpg
7159,3515,One Day,2015-08-17,https://example.com/covers/7159.jpg
7160,3516,Call It Home: Vol. 1 & 2,2015-11-17,https://example.com/covers/7160.jpg
7161,3517,Complete Greatest Hits,2015-09-10,https://example.com/covers/7161.jpg
7162,3517,Heartbeat City,2014-12-28,https://example.com/covers/7162.jpg
7163,3517,The Cars,2012-05-13,https://example.com/covers/7163.jpg
7164,3518,So Many Nights,2012-08-08,https://example.com/covers/7164.jpg
7165,3519,#SELFIE,2014-04-08,https://example.com/covers/7165.jpg
7166,3519,All We Know,2007-01-04,https://example.com/covers/7166.jpg
7167,3519,Closer,2013-09-29,https://example.com/covers/7167.jpg
7168,3519,Don't Let Me Down,2009-01-07,https://example.com/covers/7168.jpg
7169,3519,Memories...Do Not Open,2021-10-15,https://example.com/covers/7169.jpg
7170,3519,Setting Fires,2009-05-29,https://example.com/covers/7170.jpg
7171,3519,Sick Boy,2009-02-24,https://example.com/covers/7171.jpg
7172,3519,Something Just Like This,2012-07-04,https://example.com/covers/7172.jpg
7173,3520,Greatest Hits / Tequila,2019-05-28,https://example.com/covers/7173.jpg
7174,3521,Hora Loca,2017-06-06,https://example.com/covers/7174.jpg
7175,3521,Imperio,2012-12-12,https://example.com/covers/7175.jpg
7176,3521,TRE CE,2012-02-03,https://example.com/covers/7176.jpg
7177,3522,High Risk Behaviour,2011-11-15,https://example.com/covers/7177.jpg
7178,3523,Push The Button,2020-02-21,https://example.com/covers/7178.jpg
7179,3524,When Pigs Fly,2007-09-18,https://example.com/covers/7179.jpg
7180,3525,"Past, Present & Futures",2012-11-15,https://example.com/covers/7180.jpg
7181,3526,Wide Open Spaces,2019-01-11,https://example.com/covers/7181.jpg
7182,3527,Voice of Ages,2015-06-06,https://example.com/covers/7182.jpg
7183,3528,Starfish,2019-03-18,https://example.com/covers/7183.jpg
7184,3529,Barton Hollow,2011-05-23,https://example.com/covers/7184.jpg
7185,3529,Live At Eddie's Attic,2006-11-04,https://example.com/covers/7185.jpg
7186,3530,Combat Rock (Remastered),2010-03-27,https://example.com/covers/7186.jpg
7187,3530,Give 'Em Enough Rope (Remastered),2010-07-25,https://example.com/covers/7187.jpg
7188,3530,Hits Back,2008-07-28,https://example.com/covers/7188.jpg
7189,3530,London Calling (Remastered),2014-01-07,https://example.com/covers/7189.jpg
7190,3530,Sound System,2013-02-11,https://example.com/covers/7190.jpg
7191,3531,South of Reality,2019-09-25,https://example.com/covers/7191.jpg
7192,3532,Greetings From Imrie House,2020-05-31,https://example.com/covers/7192.jpg
7193,3533,The Colourist,2012-05-17,https://example.com/covers/7193.jpg
7194,3534,Duets: The Final Chapter,2015-02-24,https://example.com/covers/7194.jpg
7195,3535,Cheap Date,2010-06-08,https://example.com/covers/7195.jpg
7196,3535,Roots and Echoes,2018-11-22,https://example.com/covers/7196.jpg
7197,3535,Singles Collection,2016-01-23,https://example.com/covers/7197.jpg
7198,3536,"Everybody Else Is Doing It, So Why Can't We?",2016-12-05,https://example.com/covers/7198.jpg
7199,3536,To The Faithful Departed,2020-11-14,https://example.com/covers/7199.jpg
7200,3537,Brady Days - Music Inspired By The Brady Bunch,2008-08-06,https://example.com/covers/7200.jpg
7201,3538,Love,2018-12-31,https://example.com/covers/7201.jpg
7202,3538,Pure Cult,2016-04-19,https://example.com/covers/7202.jpg
7203,3539,Disintegration,2013-02-05,https://example.com/covers/7203.jpg
7204,3539,"Kiss Me, Kiss Me, Kiss Me",2016-09-29,https://example.com/covers/7204.jpg
7205,3539,Wish,2017-11-01,https://example.com/covers/7205.jpg
7206,3540,Soul Explosion,2019-03-30,https://example.com/covers/7206.jpg
7207,3541,Charlie Watts Meets The Danish Radio Big Band,2015-10-17,https://example.com/covers/7207.jpg
7208,3542,Permission to Land,2018-09-09,https://example.com/covers/7208.jpg
7209,3543,Time Further Out,2009-09-14,https://example.com/covers/7209.jpg
7210,3543,Time Out,2009-06-26,https://example.com/covers/7210.jpg
7211,3544,The King Is Dead,2012-12-27,https://example.com/covers/7211.jpg
7212,3544,Traveling On,2018-06-19,https://example.com/covers/7212.jpg
7213,3545,Sticking With It,2019-06-26,https://example.com/covers/7213.jpg
7214,3545,The Dip | OurVinyl Sessions,2018-06-22,https://example.com/covers/7214.jpg
7215,3546,Rock 'n' Roll Circus,2011-03-07,https://example.com/covers/7215.jpg
7216,3546,The Rolling Stones Rock And Roll Circus,2019-06-02,https://example.com/covers/7216.jpg
7217,3547,Telephone,2015-09-18,https://example.com/covers/7217.jpg
7218,3548,Don't Mention The War,2016-11-21,https://example.com/covers/7218.jpg
7219,3549,Minute by Minute,2014-05-23,https://example.com/covers/7219.jpg
7220,3549,Toulouse Street,2020-08-15,https://example.com/covers/7220.jpg
7221,3550,American Animals (Original Motion Picture Soundtrack),2020-07-28,https://example.com/covers/7221.jpg
7222,3550,L.A. Woman,2015-08-19,https://example.com/covers/7222.jpg
7223,3550,Light My Fire / Crystal Ship,2012-07-01,https://example.com/covers/7223.jpg
7224,3550,Strange Days,2011-08-11,https://example.com/covers/7224.jpg
7225,3550,The Doors,2012-07-16,https://example.com/covers/7225.jpg
7226,3550,The Future Starts Here: The Essential Doors Hits,2011-08-22,https://example.com/covers/7226.jpg
7227,3550,The Soft Parade,2013-09-13,https://example.com/covers/7227.jpg
7228,3550,The Very Best of the Doors,2011-01-19,https://example.com/covers/7228.jpg
7229,3550,Waiting for the Sun,2013-11-09,https://example.com/covers/7229.jpg
7230,3551,The Dose,2017-05-12,https://example.com/covers/7230.jpg
7231,3552,That Beatnik Jive,2020-03-31,https://example.com/covers/7231.jpg
7232,3553,Save the Last Dance for Me,2021-04-23,https://example.com/covers/7232.jpg
7233,3553,Up on the Roof: The Best of the Drifters,2022-11-21,https://example.com/covers/7233.jpg
7234,3554,Bay B. MoMa,2022-06-16,https://example.com/covers/7234.jpg
7235,3555,20 Original Greatest Hits,2016-08-20,https://example.com/covers/7235.jpg
7236,3555,40 Years,2014-11-16,https://example.com/covers/7236.jpg
7237,3555,Dublin,2013-12-27,https://example.com/covers/7237.jpg
7238,3555,The Best Of The Dubliners,2018-09-25,https://example.com/covers/7238.jpg
7239,3556,A Long Time Comin',2019-01-20,https://example.com/covers/7239.jpg
7240,3557,Down In the Bottom: The Country Rock Sessions 1966 - 1968,2018-03-11,https://example.com/covers/7240.jpg
7241,3557,The Very Best of The Everly Brothers,2011-07-26,https://example.com/covers/7241.jpg
7242,3558,Exhibit A,2018-09-09,https://example.com/covers/7242.jpg
7243,3559,Favorite Waitress,2015-03-26,https://example.com/covers/7243.jpg
7244,3559,From Dreams to Dust,2020-07-20,https://example.com/covers/7244.jpg
7245,3559,God Bless You Amigo,2017-03-15,https://example.com/covers/7245.jpg
7246,3559,Inferno,2019-12-16,https://example.com/covers/7246.jpg
7247,3559,Life in the Dark,2019-03-15,https://example.com/covers/7247.jpg
7248,3559,The Felice Brothers,2016-07-09,https://example.com/covers/7248.jpg
7249,3559,Undress,2017-12-15,https://example.com/covers/7249.jpg
7250,3559,Yonder Is the Clock,2018-04-14,https://example.com/covers/7250.jpg
7251,3560,The First Edition,2017-11-08,https://example.com/covers/7251.jpg
7252,3561,For Collectors Only,2018-08-11,https://example.com/covers/7252.jpg
7253,3562,The First Family of Soul: The Best of The Five Stairsteps,2016-07-11,https://example.com/covers/7253.jpg
7254,3563,At War With the Mystics,2008-03-08,https://example.com/covers/7254.jpg
7255,3563,"Greatest Hits, Vol. 1",2021-03-21,https://example.com/covers/7255.jpg
7256,3563,Transmissions From the Satellite Heart,2013-04-25,https://example.com/covers/7256.jpg
7257,3563,With a Little Help from My Fwends,2009-05-21,https://example.com/covers/7257.jpg
7258,3563,Yoshimi Battles the Pink Robots,2012-04-26,https://example.com/covers/7258.jpg
7259,3564,Leave It All Behind,2008-02-19,https://example.com/covers/7259.jpg
7260,3565,Costello Music,2012-02-22,https://example.com/covers/7260.jpg
7261,3566,Helios,2013-02-18,https://example.com/covers/7261.jpg
7262,3566,How To Save A Life,2011-08-13,https://example.com/covers/7262.jpg
7263,3566,Over My Head (Cable Car),2007-05-27,https://example.com/covers/7263.jpg
7264,3566,Scars & Stories,2007-10-31,https://example.com/covers/7264.jpg
7265,3566,The Fray,2012-10-12,https://example.com/covers/7265.jpg
7266,3567,Dancing Time: The Best of Eastern Nigeria's Afro Rock Exponents 1973-77,2015-06-24,https://example.com/covers/7266.jpg
7267,3568,The Documentary,2006-11-08,https://example.com/covers/7267.jpg
7268,3569,The Best Of The Gap Band,2013-08-02,https://example.com/covers/7268.jpg
7269,3570,American Slang,2011-07-27,https://example.com/covers/7269.jpg
7270,3570,Handwritten,2010-09-20,https://example.com/covers/7270.jpg
7271,3570,The '59 Sound,2013-05-01,https://example.com/covers/7271.jpg
7272,3571,Funky Gene's,2012-10-26,https://example.com/covers/7272.jpg
7273,3572,"Field Notes, Vol. 1",2014-02-20,https://example.com/covers/7273.jpg
7274,3573,Greatest Hits Volume One - The Singles,2014-03-23,https://example.com/covers/7274.jpg
7275,3573,"Live in Buffalo July 4th, 2004",2019-09-30,https://example.com/covers/7275.jpg
7276,3573,Magnetic,2010-10-07,https://example.com/covers/7276.jpg
7277,3574,Novo's,2012-12-04,https://example.com/covers/7277.jpg
7278,3575,Merrie Land,2019-12-28,https://example.com/covers/7278.jpg
7279,3576,Acoustic EP,2017-02-28,https://example.com/covers/7279.jpg
7280,3576,Be Impressive,2015-05-31,https://example.com/covers/7280.jpg
7281,3577,Fake a Frown / Till I See You Again,2014-06-24,https://example.com/covers/7281.jpg
7282,3578,Pheromones,2008-11-27,https://example.com/covers/7282.jpg
7283,3579,A Real Fine Mess (Deluxe Version),2014-03-31,https://example.com/covers/7283.jpg
7284,3580,Don't Dream It's Over,2019-11-08,https://example.com/covers/7284.jpg
7285,3580,Honeybee,2019-09-29,https://example.com/covers/7285.jpg
7286,3580,Let's Be Still,2014-10-07,https://example.com/covers/7286.jpg
7287,3580,Our House,2014-06-29,https://example.com/covers/7287.jpg
7288,3580,Signs of Light,2008-01-20,https://example.com/covers/7288.jpg
7289,3580,The Head And The Heart,2015-01-31,https://example.com/covers/7289.jpg
7290,3580,The Head and the Heart,2011-05-05,https://example.com/covers/7290.jpg
7291,3581,Zappa Original Motion Picture Soundtrack,2013-07-12,https://example.com/covers/7291.jpg
7292,3582,The Glorious Dead,2015-12-29,https://example.com/covers/7292.jpg
7293,3583,Subterranean Homesick Blues: A Tribute to Bob Dylan's 'Bringing It All Back Home',2021-02-08,https://example.com/covers/7293.jpg
7294,3584,Highwayman,2018-12-23,https://example.com/covers/7294.jpg
7295,3585,Drew's Famous Broadway Show Tunes,2015-06-16,https://example.com/covers/7295.jpg
7296,3586,Luau Party,2014-10-15,https://example.com/covers/7296.jpg
7297,3587,Boyhood: Music from the Motion Picture,2011-11-23,https://example.com/covers/7297.jpg
7298,3587,Veni Vidi Vicious,2014-05-05,https://example.com/covers/7298.jpg
7299,3588,Boys and Girls in America,2013-07-18,https://example.com/covers/7299.jpg
7300,3589,Hollies,2016-05-12,https://example.com/covers/7300.jpg
7301,3590,Bubble Gum Pop from TV & the Movies,2007-02-14,https://example.com/covers/7301.jpg
7302,3591,Impeach the President,2021-07-18,https://example.com/covers/7302.jpg
7303,3592,"The Honeydrippers, Vol. 1",2016-10-22,https://example.com/covers/7303.jpg
7304,3593,Nobody But Me,2015-12-14,https://example.com/covers/7304.jpg
7305,3594,Freeze Frame,2022-05-12,https://example.com/covers/7305.jpg
7306,3595,Greatest Hits,2017-02-13,https://example.com/covers/7306.jpg
7307,3596,You've Always Been Here,2019-11-29,https://example.com/covers/7307.jpg
7308,3597,Sound Affects,2018-10-23,https://example.com/covers/7308.jpg
7309,3598,The Jane Austen Era,2017-09-27,https://example.com/covers/7309.jpg
7310,3599,Tomorrow The Green Grass,2015-12-15,https://example.com/covers/7310.jpg
7311,3600,Orange,2009-07-29,https://example.com/covers/7311.jpg
7312,3601,F*CK LOVE (SAVAGE),2018-01-25,https://example.com/covers/7312.jpg
7313,3601,F*CK LOVE 3: OVER YOU,2011-10-26,https://example.com/covers/7313.jpg
7314,3602,All These Things That I've Done,2010-09-04,https://example.com/covers/7314.jpg
7315,3602,Battle Born,2003-12-08,https://example.com/covers/7315.jpg
7316,3602,Battle Born - Deluxe Edition,2009-12-23,https://example.com/covers/7316.jpg
7317,3602,Bright Lights,2018-03-29,https://example.com/covers/7317.jpg
7318,3602,Caution,2016-03-21,https://example.com/covers/7318.jpg
7319,3602,Caution (Clean Bandit Remix),2016-03-22,https://example.com/covers/7319.jpg
7320,3602,Day & Age,2010-08-12,https://example.com/covers/7320.jpg
7321,3602,Day & Age - Bonus Tracks,2012-04-26,https://example.com/covers/7321.jpg
7322,3602,Direct Hits,2008-11-26,https://example.com/covers/7322.jpg
7323,3602,Don't Waste Your Wishes,2019-07-08,https://example.com/covers/7323.jpg
7324,3602,Dustland (feat. Bruce Springsteen),2016-06-26,https://example.com/covers/7324.jpg
7325,3602,Dying Breed,2019-10-12,https://example.com/covers/7325.jpg
7326,3602,Fire In Bone,2014-10-26,https://example.com/covers/7326.jpg
7327,3602,Hot Fuss,2008-09-27,https://example.com/covers/7327.jpg
7328,3602,Human,2013-04-26,https://example.com/covers/7328.jpg
7329,3602,Imploding The Mirage,2014-11-28,https://example.com/covers/7329.jpg
7330,3602,Imploding The Mirage - Deluxe,2012-02-17,https://example.com/covers/7330.jpg
7331,3602,Land Of The Free,2018-09-19,https://example.com/covers/7331.jpg
7332,3602,Live From The Royal Albert Hall,2017-04-08,https://example.com/covers/7332.jpg
7333,3602,My Own Soul's Warning,2013-08-29,https://example.com/covers/7333.jpg
7334,3602,Peace Of Mind,2013-08-15,https://example.com/covers/7334.jpg
7335,3602,Pressure Machine,2013-09-21,https://example.com/covers/7335.jpg
7336,3602,Read My Mind,2017-09-29,https://example.com/covers/7336.jpg
7337,3602,Rebel Diamonds,2020-08-10,https://example.com/covers/7337.jpg
7338,3602,Rock Motivation,2019-08-10,https://example.com/covers/7338.jpg
7339,3602,Run For Cover,2011-02-22,https://example.com/covers/7339.jpg
7340,3602,Sam's Town,2016-02-23,https://example.com/covers/7340.jpg
7341,3602,Sawdust,2004-09-11,https://example.com/covers/7341.jpg
7342,3602,Some Kind Of Love,2009-11-05,https://example.com/covers/7342.jpg
7343,3602,Somebody Told Me,2017-01-21,https://example.com/covers/7343.jpg
7344,3602,Spaceman,2010-11-20,https://example.com/covers/7344.jpg
7345,3602,The Man,2008-03-27,https://example.com/covers/7345.jpg
7346,3602,Wonderful Wonderful,2013-02-08,https://example.com/covers/7346.jpg
7347,3602,Wonderful Wonderful - Deluxe,2012-02-05,https://example.com/covers/7347.jpg
7348,3602,Your Side of Town,2015-11-25,https://example.com/covers/7348.jpg
7349,3602,boy,2017-08-03,https://example.com/covers/7349.jpg
7350,3603,The Capitol Collector's Series,2011-08-07,https://example.com/covers/7350.jpg
7351,3604,Arthur,2014-11-13,https://example.com/covers/7351.jpg
7352,3604,Arthur or the Decline and Fall of the British Empire,2019-10-14,https://example.com/covers/7352.jpg
7353,3604,Come Dancing with the Kinks (The Best of the Kinks 1977-1986),2017-05-01,https://example.com/covers/7353.jpg
7354,3604,Everybody's in Show-Biz,2015-09-19,https://example.com/covers/7354.jpg
7355,3604,Face to Face,2009-05-15,https://example.com/covers/7355.jpg
7356,3604,Give the People What They Want,2014-12-01,https://example.com/covers/7356.jpg
7357,3604,Kinda Kinks,2016-04-26,https://example.com/covers/7357.jpg
7358,3604,Kinks,2011-01-05,https://example.com/covers/7358.jpg
7359,3604,Lola Versus Powerman and the Moneygoround / Percy,2006-12-12,https://example.com/covers/7359.jpg
7360,3604,"Lola Versus Powerman and the Moneygoround, Pt. 1",2018-08-07,https://example.com/covers/7360.jpg
7361,3604,"Lola Versus Powerman and the Moneygoround, Pt. One",2013-02-14,https://example.com/covers/7361.jpg
7362,3604,"Lola Versus Powerman and the Moneygoround, Pt. One + Percy",2017-11-27,https://example.com/covers/7362.jpg
7363,3604,"Lola vs. Powerman and the Moneygoround, Pt. One + Percy",2017-07-31,https://example.com/covers/7363.jpg
7364,3604,Low Budget,2018-04-23,https://example.com/covers/7364.jpg
7365,3604,Picture Book,2018-07-25,https://example.com/covers/7365.jpg
7366,3604,Pirate Radio,2015-08-25,https://example.com/covers/7366.jpg
7367,3604,Something Else,2018-10-31,https://example.com/covers/7367.jpg
7368,3604,State of Confusion,2014-03-19,https://example.com/covers/7368.jpg
7369,3604,The Anthology 1964 - 1971,2014-07-14,https://example.com/covers/7369.jpg
7370,3604,The Kink Kontroversy,2013-12-26,https://example.com/covers/7370.jpg
7371,3604,The Kinks Are The Village Green Preservation Society,2012-10-24,https://example.com/covers/7371.jpg
7372,3604,The Kinks Are the Village Green Preservation Society,2023-10-24,https://example.com/covers/7372.jpg
7373,3604,The Ultimate Collection,2005-10-29,https://example.com/covers/7373.jpg
7374,3604,The Village Green Preservation Society,2006-11-15,https://example.com/covers/7374.jpg
7375,3604,Word of Mouth,2014-11-16,https://example.com/covers/7375.jpg
7376,3605,55,2011-03-26,https://example.com/covers/7376.jpg
7377,3605,Melody & Silence,2015-09-16,https://example.com/covers/7377.jpg
7378,3606,Inside In / Inside Out,2005-07-02,https://example.com/covers/7378.jpg
7379,3606,Junk Of The Heart,2012-11-14,https://example.com/covers/7379.jpg
7380,3606,Konk,2007-09-19,https://example.com/covers/7380.jpg
7381,3607,The La's,2019-03-13,https://example.com/covers/7381.jpg
7382,3608,Inheritance,2012-03-31,https://example.com/covers/7382.jpg
7383,3609,Everything You've Come To Expect,2007-04-16,https://example.com/covers/7383.jpg
7384,3609,Les Cactus,2014-05-18,https://example.com/covers/7384.jpg
7385,3609,The Age Of The Understatement,2013-07-11,https://example.com/covers/7385.jpg
7386,3610,Car Button Cloth,2013-01-17,https://example.com/covers/7386.jpg
7387,3610,It's A Shame About Ray,2015-06-19,https://example.com/covers/7387.jpg
7388,3611,Blame It On My Youth,2014-08-03,https://example.com/covers/7388.jpg
7389,3612,Anthems For Doomed Youth,2020-11-18,https://example.com/covers/7389.jpg
7390,3612,Don't Look Back into the Sun,2019-04-17,https://example.com/covers/7390.jpg
7391,3612,The Libertines,2014-05-03,https://example.com/covers/7391.jpg
7392,3612,Up the Bracket,2020-12-16,https://example.com/covers/7392.jpg
7393,3613,Covers EP,2014-03-09,https://example.com/covers/7393.jpg
7394,3614,Horizon Unlimited,2022-02-14,https://example.com/covers/7394.jpg
7395,3615,Surf Rider,2016-12-27,https://example.com/covers/7395.jpg
7396,3616,Half Moon Light (Deluxe Edition),2021-03-04,https://example.com/covers/7396.jpg
7397,3617,Popstar: Never Stop Never Stopping,2013-01-29,https://example.com/covers/7397.jpg
7398,3618,When I Pretend To Fall,2019-05-01,https://example.com/covers/7398.jpg
7399,3619,Daydream,2011-06-08,https://example.com/covers/7399.jpg
7400,3620,Swing Me On a Vine of Sunshine,2014-03-16,https://example.com/covers/7400.jpg
7401,3620,The Way Life Runs,2015-09-29,https://example.com/covers/7401.jpg
7402,3621,BRIGHTSIDE,2018-08-10,https://example.com/covers/7402.jpg
7403,3621,Boots Of Spanish Leather,2010-10-30,https://example.com/covers/7403.jpg
7404,3621,C-Sides,2011-10-04,https://example.com/covers/7404.jpg
7405,3621,Caves,2020-09-01,https://example.com/covers/7405.jpg
7406,3621,Classy Girls,2013-06-02,https://example.com/covers/7406.jpg
7407,3621,Cleopatra,2013-10-03,https://example.com/covers/7407.jpg
7408,3621,Gloria Sparks,2010-05-11,https://example.com/covers/7408.jpg
7409,3621,III,2017-04-14,https://example.com/covers/7409.jpg
7410,3621,Junior Sparks,2013-07-23,https://example.com/covers/7410.jpg
7411,3621,Lo Más 40,2017-11-17,https://example.com/covers/7411.jpg
7412,3621,Pete's Dragon,2021-03-11,https://example.com/covers/7412.jpg
7413,3621,Pilates,2013-12-07,https://example.com/covers/7413.jpg
7414,3621,Spotify Singles,2016-03-28,https://example.com/covers/7414.jpg
7415,3621,Subterranean Homesick Blues (feat. Andrew Bird),2010-07-20,https://example.com/covers/7415.jpg
7416,3621,The Leading Ladies,2017-05-23,https://example.com/covers/7416.jpg
7417,3621,The Lumineers,2009-05-14,https://example.com/covers/7417.jpg
7418,3622,Black & White,2013-03-17,https://example.com/covers/7418.jpg
7419,3622,Can't Stop Won't Stop,2017-12-13,https://example.com/covers/7419.jpg
7420,3622,Can't Stop Won't Stop (Holiday Deluxe Edition),2008-12-10,https://example.com/covers/7420.jpg
7421,3622,Lovely Little Lonely,2008-06-15,https://example.com/covers/7421.jpg
7422,3622,Pioneer,2010-09-10,https://example.com/covers/7422.jpg
7423,3622,The Sound of Reverie (Remix),2015-03-22,https://example.com/covers/7423.jpg
7424,3622,The Way We Talk,2008-10-12,https://example.com/covers/7424.jpg
7425,3623,All The Leaves Are Brown The Golden Era Collection,2023-04-17,https://example.com/covers/7425.jpg
7426,3623,If You Can Believe Your Eyes & Ears,2010-11-29,https://example.com/covers/7426.jpg
7427,3623,The Papas & The Mamas,2014-07-02,https://example.com/covers/7427.jpg
7428,3624,Les Miserables,2016-08-27,https://example.com/covers/7428.jpg
7429,3625,...baby one more time,2017-12-22,https://example.com/covers/7429.jpg
7430,3625,Hush,2022-12-27,https://example.com/covers/7430.jpg
7431,3625,"Superclean, Vol. II",2016-08-11,https://example.com/covers/7431.jpg
7432,3626,The Meltdown,2014-02-06,https://example.com/covers/7432.jpg
7433,3627,The Merry Macs Sing Mairzy Doats,2020-08-17,https://example.com/covers/7433.jpg
7434,3628,Daptone Records Singles Collection: Volume 1,2014-07-28,https://example.com/covers/7434.jpg
7435,3628,Thunder Chicken,2019-11-26,https://example.com/covers/7435.jpg
7436,3629,Let's Face It,2019-09-01,https://example.com/covers/7436.jpg
7437,3630,Elegante!,2016-06-14,https://example.com/covers/7437.jpg
7438,3631,Prologue,2019-11-16,https://example.com/covers/7438.jpg
7439,3632,The Anthology: 1931 - 1968,2018-12-27,https://example.com/covers/7439.jpg
7440,3633,The Modern Lovers,2017-10-02,https://example.com/covers/7440.jpg
7441,3634,Good Times!,2016-03-04,https://example.com/covers/7441.jpg
7442,3634,Head,2014-12-08,https://example.com/covers/7442.jpg
7443,3634,Me & Magdalena,2014-04-02,https://example.com/covers/7443.jpg
7444,3634,More of The Monkees,2008-01-20,https://example.com/covers/7444.jpg
7445,3634,"The Birds, The Bees, & The Monkees",2012-03-26,https://example.com/covers/7445.jpg
7446,3635,What Do All the People Know?,2013-05-22,https://example.com/covers/7446.jpg
7447,3636,Gold,2008-12-21,https://example.com/covers/7447.jpg
7448,3636,Live At The Isle Of Wight,2015-06-08,https://example.com/covers/7448.jpg
7449,3637,GoodFellas - Music From The Motion Picture,2008-10-13,https://example.com/covers/7449.jpg
7450,3638,Totem,2015-04-15,https://example.com/covers/7450.jpg
7451,3639,We're Only In It For The Money,2015-01-07,https://example.com/covers/7451.jpg
7452,3640,The Sunset Tree,2016-09-22,https://example.com/covers/7452.jpg
7453,3641,Waiting For The Dawn,2006-02-07,https://example.com/covers/7453.jpg
7454,3642,Doritos Presenta: Music For The Bold Compilado 4,2012-12-17,https://example.com/covers/7454.jpg
7455,3642,Las Mercedes,2012-07-19,https://example.com/covers/7455.jpg
7456,3642,R.R.R,2009-04-29,https://example.com/covers/7456.jpg
7457,3642,Timeliness,2009-05-23,https://example.com/covers/7457.jpg
7458,3643,Loopholes,2010-06-16,https://example.com/covers/7458.jpg
7459,3643,Young Blindness,2011-02-21,https://example.com/covers/7459.jpg
7460,3644,"Passive Me, Aggressive You",2014-07-25,https://example.com/covers/7460.jpg
7461,3644,Simple Forms,2007-07-23,https://example.com/covers/7461.jpg
7462,3645,Alligator,2014-03-24,https://example.com/covers/7462.jpg
7463,3645,Day of the Dead,2013-11-11,https://example.com/covers/7463.jpg
7464,3645,I Am Easy to Find,2017-04-27,https://example.com/covers/7464.jpg
7465,3645,Sad Songs for Dirty Lovers,2018-08-06,https://example.com/covers/7465.jpg
7466,3646,Away With Meloncholy,2021-07-12,https://example.com/covers/7466.jpg
7467,3646,Spectral Flux,2017-04-17,https://example.com/covers/7467.jpg
7468,3646,The 13 Moons of Neptune / Satelites,2016-10-02,https://example.com/covers/7468.jpg
7469,3647,The Neanderthals In Space,2012-08-15,https://example.com/covers/7469.jpg
7470,3648,Chip Chrome & The Mono-Tones,2011-11-30,https://example.com/covers/7470.jpg
7471,3648,I Love You.,2005-07-02,https://example.com/covers/7471.jpg
7472,3648,I'm Sorry...,2009-07-05,https://example.com/covers/7472.jpg
7473,3648,The Beach,2013-12-10,https://example.com/covers/7473.jpg
7474,3648,Wiped Out!,2016-07-29,https://example.com/covers/7474.jpg
7475,3649,Lost On The River - Deluxe,2019-07-17,https://example.com/covers/7475.jpg
7476,3650,The New Birth,2015-08-19,https://example.com/covers/7476.jpg
7477,3651,Born Again,2007-06-09,https://example.com/covers/7477.jpg
7478,3651,Greatest Hits,2010-09-15,https://example.com/covers/7478.jpg
7479,3651,Life After Death,2011-06-11,https://example.com/covers/7479.jpg
7480,3651,Ready to Die,2023-01-26,https://example.com/covers/7480.jpg
7481,3651,"Spit Your Game (Remix) [feat. Twista, Bone Thugs-n-Harmony, 8Ball & MJG]",2010-03-17,https://example.com/covers/7481.jpg
7482,3652,Chevrolet Van / Poor Boy Blues,2019-11-30,https://example.com/covers/7482.jpg
7483,3652,Hot Tub,2015-04-24,https://example.com/covers/7483.jpg
7484,3652,Midnight Manor,2022-07-31,https://example.com/covers/7484.jpg
7485,3652,The Nude Party,2015-10-20,https://example.com/covers/7485.jpg
7486,3652,What’s The Deal?,2018-10-19,https://example.com/covers/7486.jpg
7487,3653,Sign of the Fighter,2012-02-25,https://example.com/covers/7487.jpg
7488,3654,Americana,2008-01-19,https://example.com/covers/7488.jpg
7489,3654,Days Go By,2018-02-17,https://example.com/covers/7489.jpg
7490,3654,Greatest Hits,2017-12-27,https://example.com/covers/7490.jpg
7491,3654,"Rise And Fall, Rage And Grace",2013-09-19,https://example.com/covers/7491.jpg
7492,3655,Dusk at Cubist Castle,2015-07-14,https://example.com/covers/7492.jpg
7493,3656,Fools,2012-11-13,https://example.com/covers/7493.jpg
7494,3657,Back To The Future,2015-03-14,https://example.com/covers/7494.jpg
7495,3658,Diamond Days,2013-10-22,https://example.com/covers/7495.jpg
7496,3658,Play Deep,2020-12-02,https://example.com/covers/7496.jpg
7497,3658,Super Hits,2017-07-20,https://example.com/covers/7497.jpg
7498,3659,On the Train Ride Home,2019-07-20,https://example.com/covers/7498.jpg
7499,3659,Roses,2021-03-09,https://example.com/covers/7499.jpg
7500,3659,Woodland,2020-06-25,https://example.com/covers/7500.jpg
7501,3660,And You Were A Crow,2013-09-17,https://example.com/covers/7501.jpg
7502,3661,The Paul Butterfield Blues Band,2012-02-28,https://example.com/covers/7502.jpg
7503,3662,Emergency,2007-12-26,https://example.com/covers/7503.jpg
7504,3663,I Wanna Be A Girl,2010-06-02,https://example.com/covers/7504.jpg
7505,3664,Practice What You Preach,2021-10-13,https://example.com/covers/7505.jpg
7506,3665,Fairytale of New York (feat. Kirsty MacColl),2024-01-11,https://example.com/covers/7506.jpg
7507,3665,Waiting for Herb,2020-01-01,https://example.com/covers/7507.jpg
7508,3666,Outlandos D'Amour - Remastered 2003,2019-01-03,https://example.com/covers/7508.jpg
7509,3666,Reggatta De Blanc,2012-09-20,https://example.com/covers/7509.jpg
7510,3666,Zenyatta Mondatta,2014-12-21,https://example.com/covers/7510.jpg
7511,3667,Together We're Heavy,2015-12-25,https://example.com/covers/7511.jpg
7512,3668,Give Up,2006-05-15,https://example.com/covers/7512.jpg
7513,3668,Give Up (Deluxe 10th Anniversary Edition),2016-06-11,https://example.com/covers/7513.jpg
7514,3669,Parachute,2020-03-21,https://example.com/covers/7514.jpg
7515,3670,I Flip My Life Every Time I Fly,2015-10-31,https://example.com/covers/7515.jpg
7516,3671,Finest,2011-01-14,https://example.com/covers/7516.jpg
7517,3671,Sunshine on Leith,2019-05-14,https://example.com/covers/7517.jpg
7518,3672,Psycho African Beat,2015-11-23,https://example.com/covers/7518.jpg
7519,3673,Broken Boy Soldiers,2007-04-12,https://example.com/covers/7519.jpg
7520,3674,Pet Grief,2006-07-09,https://example.com/covers/7520.jpg
7521,3675,Sister Saviour,2023-04-15,https://example.com/covers/7521.jpg
7522,3676,The Bad & The Better,2008-10-26,https://example.com/covers/7522.jpg
7523,3677,Real Thing,2022-11-01,https://example.com/covers/7523.jpg
7524,3678,Don't You Fake It,2017-08-29,https://example.com/covers/7524.jpg
7525,3679,Don't Tell a Soul,2017-05-11,https://example.com/covers/7525.jpg
7526,3679,Tim,2017-02-01,https://example.com/covers/7526.jpg
7527,3680,Men Amongst Mountains,2016-02-01,https://example.com/covers/7527.jpg
7528,3681,None the Wiser,2006-06-04,https://example.com/covers/7528.jpg
7529,3682,The Roches,2021-12-27,https://example.com/covers/7529.jpg
7530,3683,The New York Tapes,2012-10-22,https://example.com/covers/7530.jpg
7531,3684,12 X 5,2006-05-31,https://example.com/covers/7531.jpg
7532,3684,12 x 5,2009-04-29,https://example.com/covers/7532.jpg
7533,3684,A Little Bang (Bigger Bang Tour EP),2020-10-31,https://example.com/covers/7533.jpg
7534,3684,Aftermath,2014-03-24,https://example.com/covers/7534.jpg
7535,3684,Aftermath (UK Version),2012-10-19,https://example.com/covers/7535.jpg
7536,3684,Beggars Banquet,2015-05-25,https://example.com/covers/7536.jpg
7537,3684,Between The Buttons,2014-10-01,https://example.com/covers/7537.jpg
7538,3684,Blue & Lonesome,2013-11-05,https://example.com/covers/7538.jpg
7539,3684,Can't You Hear Me Knocking,2013-10-08,https://example.com/covers/7539.jpg
7540,3684,Country,2015-10-01,https://example.com/covers/7540.jpg
7541,3684,England's Newest Hit Makers,2008-08-23,https://example.com/covers/7541.jpg
7542,3684,Exile On Main St,2015-03-21,https://example.com/covers/7542.jpg
7543,3684,Exile On Main Street,2006-06-26,https://example.com/covers/7543.jpg
7544,3684,Flowers,2016-06-12,https://example.com/covers/7544.jpg
7545,3684,Forty Licks,2006-11-11,https://example.com/covers/7545.jpg
7546,3684,Get Yer Ya-Ya's Out! The Rolling Stones In Concert,2014-03-06,https://example.com/covers/7546.jpg
7547,3684,Goats Head Soup,2010-10-05,https://example.com/covers/7547.jpg
7548,3684,Goats Head Soup - Remastered 2009,2009-04-19,https://example.com/covers/7548.jpg
7549,3684,It's Only Rock 'N' Roll,2006-07-20,https://example.com/covers/7549.jpg
7550,3684,Just Your Fool,2012-11-24,https://example.com/covers/7550.jpg
7551,3684,Let It Bleed,2005-12-13,https://example.com/covers/7551.jpg
7552,3684,Live 1965: Music From Charlie Is My Darling,2007-10-11,https://example.com/covers/7552.jpg
7553,3684,Now!,2014-10-09,https://example.com/covers/7553.jpg
7554,3684,Out Of Our Heads,2013-06-10,https://example.com/covers/7554.jpg
7555,3684,Scarlet,2019-01-10,https://example.com/covers/7555.jpg
7556,3684,Singles 1968-1971,2010-04-28,https://example.com/covers/7556.jpg
7557,3684,Some Girls,2006-11-07,https://example.com/covers/7557.jpg
7558,3684,Some Girls: Live In Texas '78,2015-09-18,https://example.com/covers/7558.jpg
7559,3684,Sticky Fingers,2010-05-11,https://example.com/covers/7559.jpg
7560,3684,Tattoo You,2005-10-21,https://example.com/covers/7560.jpg
7561,3684,The Rolling Stones,2013-07-16,https://example.com/covers/7561.jpg
7562,3684,The Rolling Stones In Mono,2013-05-26,https://example.com/covers/7562.jpg
7563,3684,The Rolling Stones In Mono - Remastered 2016,2013-03-20,https://example.com/covers/7563.jpg
7564,3684,The Rolling Stones No. 2,2010-05-10,https://example.com/covers/7564.jpg
7565,3684,The Rolling Stones Rock And Roll Circus,2018-05-17,https://example.com/covers/7565.jpg
7566,3684,Their Satanic Majesties Request,2012-10-11,https://example.com/covers/7566.jpg
7567,3685,A Christmas Gift For You From Phil Spector,2024-03-07,https://example.com/covers/7567.jpg
7568,3686,Something You Can Take,2017-07-21,https://example.com/covers/7568.jpg
7569,3687,Snoopy Vs. The Red Baron,2012-07-29,https://example.com/covers/7569.jpg
7570,3688,Dile la Verdad,2016-07-12,https://example.com/covers/7570.jpg
7571,3689,Mr Bubbles,2010-04-13,https://example.com/covers/7571.jpg
7572,3690,The Runaways,2011-07-08,https://example.com/covers/7572.jpg
7573,3691,#3 Deluxe Version,2012-01-22,https://example.com/covers/7573.jpg
7574,3691,For the First Time,2020-11-19,https://example.com/covers/7574.jpg
7575,3691,Freedom Child,2008-05-04,https://example.com/covers/7575.jpg
7576,3691,No Sound Without Silence,2015-01-28,https://example.com/covers/7576.jpg
7577,3691,Rain,2016-04-19,https://example.com/covers/7577.jpg
7578,3691,Science & Faith,2009-06-20,https://example.com/covers/7578.jpg
7579,3691,Superheroes,2012-03-31,https://example.com/covers/7579.jpg
7580,3691,The Last Time,2018-06-30,https://example.com/covers/7580.jpg
7581,3691,The Script,2011-02-05,https://example.com/covers/7581.jpg
7582,3691,Written in the Scars,2008-03-12,https://example.com/covers/7582.jpg
7583,3692,The Slow March Of Time Flies By,2016-11-17,https://example.com/covers/7583.jpg
7584,3693,Flight of The Ancients,2022-03-22,https://example.com/covers/7584.jpg
7585,3694,You Made Me Warm (Acoustic) / You Made Me Warm,2023-10-21,https://example.com/covers/7585.jpg
7586,3695,The Shelters,2016-08-08,https://example.com/covers/7586.jpg
7587,3696,Chutes Too Narrow,2020-09-12,https://example.com/covers/7587.jpg
7588,3696,"Oh, Inverted World",2017-09-16,https://example.com/covers/7588.jpg
7589,3696,Port Of Morrow,2017-05-06,https://example.com/covers/7589.jpg
7590,3696,Wincing The Night Away,2009-08-15,https://example.com/covers/7590.jpg
7591,3697,Replica Sun Machine,2020-10-23,https://example.com/covers/7591.jpg
7592,3698,Aeroplane Flies High,2009-08-22,https://example.com/covers/7592.jpg
7593,3698,Pisces Iscariot,2013-08-07,https://example.com/covers/7593.jpg
7594,3699,El Matador,2017-10-02,https://example.com/covers/7594.jpg
7595,3699,Hatful of Hollow,2018-06-02,https://example.com/covers/7595.jpg
7596,3699,Louder Than Bombs,2010-06-30,https://example.com/covers/7596.jpg
7597,3699,The Queen Is Dead,2012-06-06,https://example.com/covers/7597.jpg
7598,3699,The World Won't Listen,2013-01-02,https://example.com/covers/7598.jpg
7599,3700,Coffee & Cigarettes,2012-12-03,https://example.com/covers/7599.jpg
7600,3701,"O Brother, Where Art Thou?",2012-03-26,https://example.com/covers/7600.jpg
7601,3702,Freedom No Go Die (Remastered),2014-08-30,https://example.com/covers/7601.jpg
7602,3703,Smooth And Sweet,2016-12-31,https://example.com/covers/7602.jpg
7603,3704,Nothing's Gonna Happen,2017-07-01,https://example.com/covers/7603.jpg
7604,3705,The Stone Roses,2019-01-27,https://example.com/covers/7604.jpg
7605,3706,Raw Power,2016-01-31,https://example.com/covers/7605.jpg
7606,3706,The Stooges,2014-10-19,https://example.com/covers/7606.jpg
7607,3707,The Strange Blue Dreams,2020-10-14,https://example.com/covers/7607.jpg
7608,3708,Angles,2013-09-02,https://example.com/covers/7608.jpg
7609,3708,Bad Decisions,2016-02-01,https://example.com/covers/7609.jpg
7610,3708,Comedown Machine,2015-12-22,https://example.com/covers/7610.jpg
7611,3708,First Impressions Of Earth,2009-12-04,https://example.com/covers/7611.jpg
7612,3708,Future Present Past,2012-08-09,https://example.com/covers/7612.jpg
7613,3708,Is This It,2012-04-11,https://example.com/covers/7613.jpg
7614,3708,Modern Girls & Old Fashion Men,2017-12-25,https://example.com/covers/7614.jpg
7615,3708,Room On Fire,2012-12-28,https://example.com/covers/7615.jpg
7616,3708,The New Abnormal,2019-09-16,https://example.com/covers/7616.jpg
7617,3709,Hope,2014-06-05,https://example.com/covers/7617.jpg
7618,3710,Everybody Wants,2017-06-04,https://example.com/covers/7618.jpg
7619,3711,Spitting Image,2019-04-09,https://example.com/covers/7619.jpg
7620,3712,Good Times,2010-11-20,https://example.com/covers/7620.jpg
7621,3712,Young For Eternity,2015-01-05,https://example.com/covers/7621.jpg
7622,3713,Laurel & Sunset,2019-04-10,https://example.com/covers/7622.jpg
7623,3714,Moon River,2016-06-06,https://example.com/covers/7623.jpg
7624,3714,You Don't Know What Love Is,2018-09-30,https://example.com/covers/7624.jpg
7625,3715,Kitsuné: Elouisa (Extended) - EP,2013-04-02,https://example.com/covers/7625.jpg
7626,3716,Graceland,2016-06-07,https://example.com/covers/7626.jpg
7627,3716,Shallow Grave,2019-09-05,https://example.com/covers/7627.jpg
7628,3717,Conditions,2008-11-08,https://example.com/covers/7628.jpg
7629,3717,Fall Together,2009-02-25,https://example.com/covers/7629.jpg
7630,3717,The Temper Trap,2010-02-14,https://example.com/covers/7630.jpg
7631,3717,Thick As Thieves,2009-05-12,https://example.com/covers/7631.jpg
7632,3718,Gettin' Ready,2006-03-25,https://example.com/covers/7632.jpg
7633,3718,The Temptations Sing Smokey,2014-03-14,https://example.com/covers/7633.jpg
7634,3719,Forever You and Me,2019-05-07,https://example.com/covers/7634.jpg
7635,3719,Half Mile Harvest,2013-06-07,https://example.com/covers/7635.jpg
7636,3719,Live at the Forum,2022-01-31,https://example.com/covers/7636.jpg
7637,3719,London Bridge,2020-03-19,https://example.com/covers/7637.jpg
7638,3719,Never Tear Us Apart,2017-08-27,https://example.com/covers/7638.jpg
7639,3719,Oceans Of Emotions,2015-10-31,https://example.com/covers/7639.jpg
7640,3719,Palm Beach - Original Motion Picture Soundtrack,2019-02-11,https://example.com/covers/7640.jpg
7641,3719,Run Home Slow,2020-04-10,https://example.com/covers/7641.jpg
7642,3719,This Will Be Our Year,2014-02-28,https://example.com/covers/7642.jpg
7643,3720,Pitch Perfect Soundtrack,2007-08-25,https://example.com/covers/7643.jpg
7644,3721,Happy Together,2012-01-02,https://example.com/covers/7644.jpg
7645,3721,The Turtles Present The Battle of the Bands,2020-02-04,https://example.com/covers/7645.jpg
7646,3722,The Anthology,2008-06-20,https://example.com/covers/7646.jpg
7647,3723,Dream Lover,2017-09-12,https://example.com/covers/7647.jpg
7648,3724,All Night,2007-06-10,https://example.com/covers/7648.jpg
7649,3724,Meet The Vamps,2013-12-02,https://example.com/covers/7649.jpg
7650,3724,Somebody To You,2006-11-12,https://example.com/covers/7650.jpg
7651,3725,EP 2.0,2009-12-18,https://example.com/covers/7651.jpg
7652,3726,Enter The Vaselines,2019-09-13,https://example.com/covers/7652.jpg
7653,3727,Another View,2016-12-18,https://example.com/covers/7653.jpg
7654,3727,Gold,2017-10-04,https://example.com/covers/7654.jpg
7655,3727,Loaded,2012-03-09,https://example.com/covers/7655.jpg
7656,3727,Loaded: Re-Loaded 45th Anniversary Edition,2015-02-05,https://example.com/covers/7656.jpg
7657,3727,Loaded: The Fully Loaded Edition,2007-06-27,https://example.com/covers/7657.jpg
7658,3727,Peel Slowly And See 1965-1969,2010-04-06,https://example.com/covers/7658.jpg
7659,3727,The Velvet Underground,2007-10-15,https://example.com/covers/7659.jpg
7660,3727,The Velvet Underground & Nico 45th Anniversary,2010-04-28,https://example.com/covers/7660.jpg
7661,3727,White Light / White Heat,2007-06-18,https://example.com/covers/7661.jpg
7662,3728,This Is Music: The Singles 92-98,2012-11-06,https://example.com/covers/7662.jpg
7663,3728,Urban Hymns,2016-01-19,https://example.com/covers/7663.jpg
7664,3729,Quentin Tarantino's Once Upon a Time in Hollywood Original Motion Picture Soundtrack,2013-10-13,https://example.com/covers/7664.jpg
7665,3730,Highly Evolved,2010-11-25,https://example.com/covers/7665.jpg
7666,3730,Wicked Nature,2007-07-18,https://example.com/covers/7666.jpg
7667,3731,Strike Gently,2017-11-05,https://example.com/covers/7667.jpg
7668,3732,At CO & CE - the Complete Singles & More,2022-03-30,https://example.com/covers/7668.jpg
7669,3732,The Vogues,2019-10-17,https://example.com/covers/7669.jpg
7670,3733,Alien Crime Lord,2017-04-03,https://example.com/covers/7670.jpg
7671,3733,Coul as a Ghoul,2019-06-16,https://example.com/covers/7671.jpg
7672,3733,Did My Best,2018-11-06,https://example.com/covers/7672.jpg
7673,3733,The Eternal Tao,2012-04-12,https://example.com/covers/7673.jpg
7674,3733,Tyranny,2016-04-04,https://example.com/covers/7674.jpg
7675,3733,Virtue,2016-12-03,https://example.com/covers/7675.jpg
7676,3734,Legend,2012-12-21,https://example.com/covers/7676.jpg
7677,3735,A Hundred Miles Off,2016-01-26,https://example.com/covers/7677.jpg
7678,3735,Heaven,2017-05-16,https://example.com/covers/7678.jpg
7679,3736,The Wanted,2010-03-10,https://example.com/covers/7679.jpg
7680,3736,We Own The Night,2007-10-23,https://example.com/covers/7680.jpg
7681,3737,I Don't Live Here Anymore (feat. Lucius),2017-09-11,https://example.com/covers/7681.jpg
7682,3737,Lost In The Dream,2014-03-18,https://example.com/covers/7682.jpg
7683,3737,Wagonwheel Blues,2012-02-18,https://example.com/covers/7683.jpg
7684,3738,Fisherman's Blues,2014-02-07,https://example.com/covers/7684.jpg
7685,3739,Reunion Tour,2017-04-18,https://example.com/covers/7685.jpg
7686,3740,After Hours,2018-07-14,https://example.com/covers/7686.jpg
7687,3740,Beauty Behind The Madness,2006-08-01,https://example.com/covers/7687.jpg
7688,3740,Can’t Feel My Face,2008-03-13,https://example.com/covers/7688.jpg
7689,3740,"Earned It (Fifty Shades Of Grey) - From The ""Fifty Shades Of Grey"" Soundtrack",2012-10-21,https://example.com/covers/7689.jpg
7690,3740,Fifty Shades Of Grey - Original Motion Picture Soundtrack,2017-05-25,https://example.com/covers/7690.jpg
7691,3740,Kiss Land,2013-02-08,https://example.com/covers/7691.jpg
7692,3740,"My Dear Melancholy,",2012-01-08,https://example.com/covers/7692.jpg
7693,3740,Often,2009-12-31,https://example.com/covers/7693.jpg
7694,3740,Reminder,2015-01-15,https://example.com/covers/7694.jpg
7695,3740,Starboy,2010-08-31,https://example.com/covers/7695.jpg
7696,3740,The Hills,2010-01-15,https://example.com/covers/7696.jpg
7697,3740,Trilogy,2009-07-23,https://example.com/covers/7697.jpg
7698,3741,Sirens,2016-02-23,https://example.com/covers/7698.jpg
7699,3742,"Darkest Darks, Lightest Lights",2013-10-25,https://example.com/covers/7699.jpg
7700,3743,De Stijl,2015-02-21,https://example.com/covers/7700.jpg
7701,3743,Elephant,2011-04-06,https://example.com/covers/7701.jpg
7702,3743,Get Behind Me Satan,2015-11-25,https://example.com/covers/7702.jpg
7703,3743,Icky Thump,2009-03-23,https://example.com/covers/7703.jpg
7704,3743,Rag and Bone,2009-07-26,https://example.com/covers/7704.jpg
7705,3743,The White Stripes,2012-02-11,https://example.com/covers/7705.jpg
7706,3743,Under Great White Northern Lights,2010-12-05,https://example.com/covers/7706.jpg
7707,3743,White Blood Cells,2010-05-11,https://example.com/covers/7707.jpg
7708,3744,Dreams,2012-04-01,https://example.com/covers/7708.jpg
7709,3745,My Generation,2009-12-11,https://example.com/covers/7709.jpg
7710,3745,The Rolling Stones Rock And Roll Circus,2011-01-03,https://example.com/covers/7710.jpg
7711,3745,The Who By Numbers,2012-12-14,https://example.com/covers/7711.jpg
7712,3745,The Who Sell Out,2013-03-24,https://example.com/covers/7712.jpg
7713,3745,The Who Sings My Generation - U.S. Version,2009-11-26,https://example.com/covers/7713.jpg
7714,3745,Thirty Years Of Maximum R&B,2016-10-22,https://example.com/covers/7714.jpg
7715,3745,Tommy,2012-04-24,https://example.com/covers/7715.jpg
7716,3745,WHO,2015-10-18,https://example.com/covers/7716.jpg
7717,3745,Who Are You,2015-08-28,https://example.com/covers/7717.jpg
7718,3745,Who's Next,2013-01-22,https://example.com/covers/7718.jpg
7719,3745,Who's Next - Deluxe Edition,2010-10-01,https://example.com/covers/7719.jpg
7720,3746,Glitterbug,2016-09-06,https://example.com/covers/7720.jpg
7721,3746,"Proudly Present... A Guide to Love, Loss & Desperation",2016-11-23,https://example.com/covers/7721.jpg
7722,3747,Pequeñines,2017-05-14,https://example.com/covers/7722.jpg
7723,3748,Little Games,2011-03-21,https://example.com/covers/7723.jpg
7724,3748,Live At BB King Blues Club,2015-01-13,https://example.com/covers/7724.jpg
7725,3748,Roger The Engineer / Over Under Sideways Down,2015-04-20,https://example.com/covers/7725.jpg
7726,3748,Roger the Engineer (Expanded Edition),2020-01-01,https://example.com/covers/7726.jpg
7727,3748,The Yardbirds Story - Pt. 3 - 1965/66 - Big Hits & America Calling,2011-08-07,https://example.com/covers/7727.jpg
7728,3748,Yardbirds Reunion Jam,2011-05-08,https://example.com/covers/7728.jpg
7729,3749,Odessey & Oracle_ 30th Anniversary Edition,2011-07-13,https://example.com/covers/7729.jpg
7730,3749,Odessey and Oracle,2010-01-11,https://example.com/covers/7730.jpg
7731,3750,Coexist,2003-09-20,https://example.com/covers/7731.jpg
7732,3750,I See You,2008-08-02,https://example.com/covers/7732.jpg
7733,3750,xx,2004-04-03,https://example.com/covers/7733.jpg
7734,3751,Love/Hate,2016-03-28,https://example.com/covers/7734.jpg
7735,3752,Sad Girls,2021-05-04,https://example.com/covers/7735.jpg
7736,3753,Parachute b/w Si Me Faltaras Tu,2018-09-23,https://example.com/covers/7736.jpg
7737,3754,Genius Of Modern Music,2016-02-11,https://example.com/covers/7737.jpg
7738,3754,Thelonious Monk with John Coltrane,2006-01-12,https://example.com/covers/7738.jpg
7739,3755,Monk's Music,2011-11-03,https://example.com/covers/7739.jpg
7740,3756,Plus de Sauce,2014-10-09,https://example.com/covers/7740.jpg
7741,3757,Homemade Lemonade,2016-08-18,https://example.com/covers/7741.jpg
7742,3758,Bebey,2018-12-21,https://example.com/covers/7742.jpg
7743,3759,Jailbreak,2019-04-26,https://example.com/covers/7743.jpg
7744,3760,Revelation,2012-12-31,https://example.com/covers/7744.jpg
7745,3761,Third Eye Blind,2014-10-20,https://example.com/covers/7745.jpg
7746,3761,We Are Drugs,2016-09-10,https://example.com/covers/7746.jpg
7747,3762,A Beautiful Lie,2008-06-14,https://example.com/covers/7747.jpg
7748,3762,One Track Mind (feat. A$AP Rocky),2016-08-20,https://example.com/covers/7748.jpg
7749,3762,This Is War,2012-04-15,https://example.com/covers/7749.jpg
7750,3763,ANIMA,2011-08-28,https://example.com/covers/7750.jpg
7751,3763,Creep,2013-08-14,https://example.com/covers/7751.jpg
7752,3763,The Bridge School Concerts 25th Anniversary Edition,2019-05-21,https://example.com/covers/7752.jpg
7753,3764,The Great Belonging,2018-10-03,https://example.com/covers/7753.jpg
7754,3765,Yellow Rain,2014-10-05,https://example.com/covers/7754.jpg
7755,3766,Disney/Pixar Greatest,2016-12-04,https://example.com/covers/7755.jpg
7756,3766,Finding Nemo,2014-12-05,https://example.com/covers/7756.jpg
7757,3767,This Is Our Year,2018-03-24,https://example.com/covers/7757.jpg
7758,3768,Naturally,2017-12-16,https://example.com/covers/7758.jpg
7759,3769,Sea Change,2020-05-05,https://example.com/covers/7759.jpg
7760,3770,Hollywood Dream,2013-05-03,https://example.com/covers/7760.jpg
7761,3771,Thunderpussy,2019-10-11,https://example.com/covers/7761.jpg
7762,3772,Spider-Man: Into the Spider-Verse,2011-07-18,https://example.com/covers/7762.jpg
7763,3773,Folksongs & Ballads,2014-11-01,https://example.com/covers/7763.jpg
7764,3774,Entre Nosotros,2020-10-28,https://example.com/covers/7764.jpg
7765,3775,Legacy,2010-03-28,https://example.com/covers/7765.jpg
7766,3776,Goodbye And Hello,2011-08-01,https://example.com/covers/7766.jpg
7767,3776,Sefronia (Remastered),2014-05-01,https://example.com/covers/7767.jpg
7768,3776,Works In Progress,2011-03-19,https://example.com/covers/7768.jpg
7769,3777,Fear Of Death,2019-11-28,https://example.com/covers/7769.jpg
7770,3778,Brasilian Fiesta,2023-06-24,https://example.com/covers/7770.jpg
7771,3779,Sunset In Alcudia,2021-05-03,https://example.com/covers/7771.jpg
7772,3780,Imprescindibles,2012-04-29,https://example.com/covers/7772.jpg
7773,3780,Timbiriche 7,2014-10-09,https://example.com/covers/7773.jpg
7774,3780,Timbiriche 8,2020-05-05,https://example.com/covers/7774.jpg
7775,3780,Timbiriche Rock Show,2019-09-04,https://example.com/covers/7775.jpg
7776,3781,All The Way,2014-09-21,https://example.com/covers/7776.jpg
7777,3781,Monsters,2015-06-12,https://example.com/covers/7777.jpg
7778,3782,Doing Better,2016-07-16,https://example.com/covers/7778.jpg
7779,3783,Book of Silk,2011-12-15,https://example.com/covers/7779.jpg
7780,3784,Easy,2006-04-10,https://example.com/covers/7780.jpg
7781,3785,A Side / B Side,2017-01-12,https://example.com/covers/7781.jpg
7782,3786,El Documental II,2014-09-04,https://example.com/covers/7782.jpg
7783,3786,El Patrón - La Victoria,2013-11-02,https://example.com/covers/7783.jpg
7784,3786,Invencible,2020-05-17,https://example.com/covers/7784.jpg
7785,3786,It's My Time,2011-02-01,https://example.com/covers/7785.jpg
7786,3787,Fabricando Fantasías,2014-01-31,https://example.com/covers/7786.jpg
7787,3788,From Tito With Love,2022-05-13,https://example.com/covers/7787.jpg
7788,3789,TZN -The Best Of Tiziano Ferro,2008-01-15,https://example.com/covers/7788.jpg
7789,3790,A Town Called Paradise,2013-11-25,https://example.com/covers/7789.jpg
7790,3790,Don't Be Shy,2013-10-26,https://example.com/covers/7790.jpg
7791,3790,The Business,2018-07-16,https://example.com/covers/7791.jpg
7792,3791,Lost Highway,2015-06-20,https://example.com/covers/7792.jpg
7793,3792,Midnight,2017-04-24,https://example.com/covers/7793.jpg
7794,3793,Bias,2015-01-20,https://example.com/covers/7794.jpg
7795,3794,Isolate,2019-02-21,https://example.com/covers/7795.jpg
7796,3795,A Few Reasons,2018-01-01,https://example.com/covers/7796.jpg
7797,3796,Burnt Out,2014-11-20,https://example.com/covers/7797.jpg
7798,3797,Aspromonte,2015-09-10,https://example.com/covers/7798.jpg
7799,3798,Geography,2013-02-03,https://example.com/covers/7799.jpg
7800,3799,Long Way Down (Deluxe),2015-05-20,https://example.com/covers/7800.jpg
7801,3799,Magnetised,2013-03-21,https://example.com/covers/7801.jpg
7802,3799,Wrong Crowd - Expanded Edition,2015-03-10,https://example.com/covers/7802.jpg
7803,3800,Full Moon Fever,2013-03-15,https://example.com/covers/7803.jpg
7804,3800,The Best Of Everything - The Definitive Career Spanning Hits Collection 1976-2016,2021-06-15,https://example.com/covers/7804.jpg
7805,3800,Wildflowers,2010-04-15,https://example.com/covers/7805.jpg
7806,3800,Wildflowers & All The Rest,2013-10-21,https://example.com/covers/7806.jpg
7807,3801,Anthology: Through The Years,2015-03-24,https://example.com/covers/7807.jpg
7808,3801,She's the One (Songs and Music from the Motion Picture),2014-05-09,https://example.com/covers/7808.jpg
7809,3801,Tom Petty & The Heartbreakers,2011-06-26,https://example.com/covers/7809.jpg
7810,3801,Tom Petty And The Heatbreakers,2022-07-23,https://example.com/covers/7810.jpg
7811,3802,The Circle Game [Expanded & Remastered],2015-09-18,https://example.com/covers/7811.jpg
7812,3803,"Tom T. Hall - Storyteller, Poet, Philosopher",2019-06-12,https://example.com/covers/7812.jpg
7813,3804,Closing Time,2017-07-17,https://example.com/covers/7813.jpg
7814,3804,The Heart Of Saturday Night,2016-07-25,https://example.com/covers/7814.jpg
7815,3805,Just You and I (Acoustic),2007-12-25,https://example.com/covers/7815.jpg
7816,3806,Hollywood Movies Music,2017-03-13,https://example.com/covers/7816.jpg
7817,3807,Pink Sky,2015-05-13,https://example.com/covers/7817.jpg
7818,3808,GRACIAS X,2011-10-31,https://example.com/covers/7818.jpg
7819,3808,Gracias X,2015-06-14,https://example.com/covers/7819.jpg
7820,3809,Tommy Dorsey - I'm Getting Sentimental Over You,2013-11-22,https://example.com/covers/7820.jpg
7821,3810,Tommy James and The Shondells: Anthology,2007-06-03,https://example.com/covers/7821.jpg
7822,3811,12 Historias,2007-02-16,https://example.com/covers/7822.jpg
7823,3812,Dance Monkey (Stripped Back) / Dance Monkey,2017-01-10,https://example.com/covers/7823.jpg
7824,3813,Nantucket,2016-07-05,https://example.com/covers/7824.jpg
7825,3813,To The Moon,2017-05-11,https://example.com/covers/7825.jpg
7826,3814,60 Years: The Artistry of Tony Bennett,2013-06-15,https://example.com/covers/7826.jpg
7827,3814,A Swingin' Christmas (feat. Count Basie Big Band),2008-12-21,https://example.com/covers/7827.jpg
7828,3814,Cheek To Cheek,2014-05-03,https://example.com/covers/7828.jpg
7829,3814,Duets An American Classic,2012-03-05,https://example.com/covers/7829.jpg
7830,3814,Duets II,2015-03-03,https://example.com/covers/7830.jpg
7831,3814,GoodFellas - Music From The Motion Picture,2013-11-02,https://example.com/covers/7831.jpg
7832,3814,Jazz,2015-11-09,https://example.com/covers/7832.jpg
7833,3814,"Rarities, Outtakes & Other Delights, Vol. 2",2011-07-26,https://example.com/covers/7833.jpg
7834,3814,Snowfall - The Tony Bennett Christmas Album,2012-08-29,https://example.com/covers/7834.jpg
7835,3814,Strike Up The Band (Digitally Remastered),2015-06-28,https://example.com/covers/7835.jpg
7836,3814,The Beat Of My Heart,2007-07-01,https://example.com/covers/7836.jpg
7837,3814,The Classics,2014-07-06,https://example.com/covers/7837.jpg
7838,3814,The Movie Song Album,2016-03-28,https://example.com/covers/7838.jpg
7839,3814,The Silver Lining - The Songs of Jerome Kern,2009-12-26,https://example.com/covers/7839.jpg
7840,3814,Viva Duets,2016-04-04,https://example.com/covers/7840.jpg
7841,3814,When Lights Are Low,2014-06-07,https://example.com/covers/7841.jpg
7842,3814,Winter Wonderland,2012-07-12,https://example.com/covers/7842.jpg
7843,3815,El Año Viejo,2019-11-03,https://example.com/covers/7843.jpg
7844,3816,La Melodia de la Calle (Remastered),2013-03-14,https://example.com/covers/7844.jpg
7845,3816,Latin Party,2007-12-28,https://example.com/covers/7845.jpg
7846,3817,Manzanita,2015-05-30,https://example.com/covers/7846.jpg
7847,3818,All Blues,2013-12-29,https://example.com/covers/7847.jpg
7848,3819,In The Dark,2012-07-15,https://example.com/covers/7848.jpg
7849,3820,Breaking Me,2020-10-14,https://example.com/covers/7849.jpg
7850,3821,Scarlet's Walk,2012-04-02,https://example.com/covers/7850.jpg
7851,3822,Unbreakable Smile,2007-10-27,https://example.com/covers/7851.jpg
7852,3823,Outer Peace,2019-01-04,https://example.com/covers/7852.jpg
7853,3824,When We Break,2014-04-15,https://example.com/covers/7853.jpg
7854,3825,So Freakin’ Tight,2012-01-18,https://example.com/covers/7854.jpg
7855,3826,The Best of Toulouse,2017-06-21,https://example.com/covers/7855.jpg
7856,3827,"Live at the Old Quarter, Houston, Texas",2009-12-12,https://example.com/covers/7856.jpg
7857,3827,Roadsongs,2016-09-12,https://example.com/covers/7857.jpg
7858,3827,The Late Great Townes Van Zandt,2007-11-14,https://example.com/covers/7858.jpg
7859,3827,Townes Van Zandt,2012-11-17,https://example.com/covers/7859.jpg
7860,3828,Homenaje a Agustin Lara - Toña La Negra,2022-01-31,https://example.com/covers/7860.jpg
7861,3828,Lo Mejor De Lo Mejor,2023-04-28,https://example.com/covers/7861.jpg
7862,3829,"Fast Folk Musical Magazine (Vol. 3, No. 4) Boston One",2004-06-05,https://example.com/covers/7862.jpg
7863,3829,Tracy Chapman,2013-01-20,https://example.com/covers/7863.jpg
7864,3830,Blues Breakers,2012-05-03,https://example.com/covers/7864.jpg
7865,3830,Le canta a México,2011-12-12,https://example.com/covers/7865.jpg
7866,3831,Mr. Fantasy,2017-12-26,https://example.com/covers/7866.jpg
7867,3832,Bulletproof Picasso,2013-10-23,https://example.com/covers/7867.jpg
7868,3832,California 37,2015-08-23,https://example.com/covers/7868.jpg
7869,3832,Does Led Zeppelin II,2015-08-29,https://example.com/covers/7869.jpg
7870,3832,Drops Of Jupiter,2015-12-26,https://example.com/covers/7870.jpg
7871,3832,Play That Song,2013-01-05,https://example.com/covers/7871.jpg
7872,3832,Rescue Dog,2013-07-21,https://example.com/covers/7872.jpg
7873,3832,"Save Me, San Francisco (Golden Gate Edition)",2008-02-12,https://example.com/covers/7873.jpg
7874,3832,Working Girl,2007-05-10,https://example.com/covers/7874.jpg
7875,3833,Midnight,2017-10-26,https://example.com/covers/7875.jpg
7876,3834,"The Traveling Wilburys, Vol. 1",2020-12-05,https://example.com/covers/7876.jpg
7877,3835,The Invisible Band,2018-07-22,https://example.com/covers/7877.jpg
7878,3835,The Man Who,2019-07-24,https://example.com/covers/7878.jpg
7879,3836,Stitches,2013-11-12,https://example.com/covers/7879.jpg
7880,3837,ASTROWORLD,2012-09-28,https://example.com/covers/7880.jpg
7881,3838,Challengers (Original Score),2023-02-02,https://example.com/covers/7881.jpg
7882,3839,XXX in the Morning,2020-11-05,https://example.com/covers/7882.jpg
7883,3840,"Passion, Pain & Pleasure",2021-01-16,https://example.com/covers/7883.jpg
7884,3840,Ready,2011-02-08,https://example.com/covers/7884.jpg
7885,3840,Trey Day,2017-09-05,https://example.com/covers/7885.jpg
7886,3840,Trigga Reloaded,2008-06-23,https://example.com/covers/7886.jpg
7887,3841,Hayya Hayya (Better Together),2018-11-18,https://example.com/covers/7887.jpg
7888,3841,Por Favor,2020-03-30,https://example.com/covers/7888.jpg
7889,3842,El preso número 9,2017-09-30,https://example.com/covers/7889.jpg
7890,3842,RCA 100 Años de Música,2021-09-02,https://example.com/covers/7890.jpg
7891,3843,Trio Delfines,2016-10-10,https://example.com/covers/7891.jpg
7892,3844,Hidden Beauty,2022-08-17,https://example.com/covers/7892.jpg
7893,3844,Quiet Sense (feat. Paolo Fresu),2020-03-13,https://example.com/covers/7893.jpg
7894,3845,Excitement,2018-12-03,https://example.com/covers/7894.jpg
7895,3846,Greatest Hits Remixed,2019-06-21,https://example.com/covers/7895.jpg
7896,3846,Never Surrender,2014-01-11,https://example.com/covers/7896.jpg
7897,3846,Thunder Seven,2014-02-02,https://example.com/covers/7897.jpg
7898,3847,Trixie Mattel: Moving Parts (The Acoustic Soundtrack),2022-07-11,https://example.com/covers/7898.jpg
7899,3848,A Cantiga de Juan C,2015-05-11,https://example.com/covers/7899.jpg
7900,3849,21 Black Jack,2012-10-16,https://example.com/covers/7900.jpg
7901,3850,Chiringuito Mix Vol. 2,2015-06-19,https://example.com/covers/7901.jpg
7902,3851,High School Musical,2021-11-28,https://example.com/covers/7902.jpg
7903,3851,High School Musical 2,2015-02-13,https://example.com/covers/7903.jpg
7904,3852,Easy (with Kacey Musgraves feat. Mark Ronson),2017-07-29,https://example.com/covers/7904.jpg
7905,3853,Sweet Misery,2022-01-27,https://example.com/covers/7905.jpg
7906,3854,"Boleros Tríos, Vol. 1",2020-06-21,https://example.com/covers/7906.jpg
7907,3855,Tirar la Casa por la Ventana,2015-08-01,https://example.com/covers/7907.jpg
7908,3856,La Calma Chicha,2016-02-17,https://example.com/covers/7908.jpg
7909,3857,Vidorra,2007-04-25,https://example.com/covers/7909.jpg
7910,3858,Somebody To Get Shy With (feat. Bad Sounds),2018-05-16,https://example.com/covers/7910.jpg
7911,3859,母親,2015-08-31,https://example.com/covers/7911.jpg
7912,3860,Sukierae,2015-05-12,https://example.com/covers/7912.jpg
7913,3861,Blurryface,2014-09-03,https://example.com/covers/7913.jpg
7914,3861,Cancer,2013-02-14,https://example.com/covers/7914.jpg
7915,3861,Heathens,2008-06-05,https://example.com/covers/7915.jpg
7916,3861,TOPxMM,2012-07-11,https://example.com/covers/7916.jpg
7917,3861,Trench,2011-07-03,https://example.com/covers/7917.jpg
7918,3861,Twenty One Pilots,2012-08-29,https://example.com/covers/7918.jpg
7919,3862,Range Anxiety,2015-10-13,https://example.com/covers/7919.jpg
7920,3863,Plump (Chapters 1 & 2),2016-12-01,https://example.com/covers/7920.jpg
7921,3864,Down in Heaven,2009-10-02,https://example.com/covers/7921.jpg
7922,3864,Lookout Low,2019-11-11,https://example.com/covers/7922.jpg
7923,3865,The College Dropout,2011-11-12,https://example.com/covers/7923.jpg
7924,3866,Stay Hungry,2013-03-21,https://example.com/covers/7924.jpg
7925,3867,Another Tape,2013-05-19,https://example.com/covers/7925.jpg
7926,3867,Keeping Me Under,2015-11-22,https://example.com/covers/7926.jpg
7927,3868,Beacon,2014-06-11,https://example.com/covers/7927.jpg
7928,3868,Four Words To Stand On,2012-07-20,https://example.com/covers/7928.jpg
7929,3868,Gameshow,2007-08-30,https://example.com/covers/7929.jpg
7930,3868,Lost Songs (Found),2011-09-01,https://example.com/covers/7930.jpg
7931,3868,The Kitsuné Special Edition #3 (Kitsuné Maison 14: The Absinthe Edition + Gildas Kitsuné Club Night Mix #3),2011-10-02,https://example.com/covers/7931.jpg
7932,3868,Tourist History,2016-01-27,https://example.com/covers/7932.jpg
7933,3869,A 20 Something Fuck,2014-12-29,https://example.com/covers/7933.jpg
7934,3869,First Steps,2012-08-26,https://example.com/covers/7934.jpg
7935,3869,Had Some Drinks,2017-05-29,https://example.com/covers/7935.jpg
7936,3869,Lost The Game & I Want It,2016-03-25,https://example.com/covers/7936.jpg
7937,3869,Love Is a Bitch,2015-01-15,https://example.com/covers/7937.jpg
7938,3869,Momentum,2011-11-02,https://example.com/covers/7938.jpg
7939,3869,Pink,2012-01-10,https://example.com/covers/7939.jpg
7940,3870,"Or Nah (feat. The Weeknd, Wiz Khalifa & DJ Mustard) [Remix]",2015-02-26,https://example.com/covers/7940.jpg
7941,3871,Only Love (with Brijean),2021-01-02,https://example.com/covers/7941.jpg
7942,3872,Fuk Wat They Talkin Bout,2015-02-25,https://example.com/covers/7942.jpg
7943,3873,BLUEPRINT,2021-05-07,https://example.com/covers/7943.jpg
7944,3874,Hérésie,2015-05-01,https://example.com/covers/7944.jpg
7945,3875,New Feelings,2018-06-16,https://example.com/covers/7945.jpg
7946,3876,Tis the Season to Be Jazzy,2023-12-11,https://example.com/covers/7946.jpg
7947,3877,CHROMAKOPIA,2017-09-28,https://example.com/covers/7947.jpg
7948,3877,Flower Boy,2020-01-06,https://example.com/covers/7948.jpg
7949,3877,IGOR,2013-01-02,https://example.com/covers/7949.jpg
7950,3878,Achtung Baby,2014-03-26,https://example.com/covers/7950.jpg
7951,3878,All That You Can't Leave Behind,2014-06-09,https://example.com/covers/7951.jpg
7952,3878,How To Dismantle An Atomic Bomb,2004-05-20,https://example.com/covers/7952.jpg
7953,3878,Love Is Bigger Than Anything In Its Way,2010-09-19,https://example.com/covers/7953.jpg
7954,3878,Mandela – Long Walk To Freedom (Original Motion Picture Soundtrack),2008-04-01,https://example.com/covers/7954.jpg
7955,3878,Rattle And Hum,2020-07-19,https://example.com/covers/7955.jpg
7956,3878,Songs Of Experience,2009-05-07,https://example.com/covers/7956.jpg
7957,3878,The Best Of 1990-2000,2005-05-19,https://example.com/covers/7957.jpg
7958,3878,The Joshua Tree,2015-01-09,https://example.com/covers/7958.jpg
7959,3878,U218 Singles,2007-10-25,https://example.com/covers/7959.jpg
7960,3878,Zooropa,2015-04-05,https://example.com/covers/7960.jpg
7961,3879,Here I Stand,2015-03-31,https://example.com/covers/7961.jpg
7962,3879,I Don't Mind (feat. Juicy J),2011-08-25,https://example.com/covers/7962.jpg
7963,3879,My Way,2011-08-08,https://example.com/covers/7963.jpg
7964,3880,Goodbye,2017-02-11,https://example.com/covers/7964.jpg
7965,3881,Essência Feminina Internacional,2016-03-18,https://example.com/covers/7965.jpg
7966,3882,Faith Presents TK Disco,2020-02-15,https://example.com/covers/7966.jpg
7967,3883,Pavarotti Forever,2016-04-15,https://example.com/covers/7967.jpg
7968,3883,Pure - Maria Callas,2009-07-10,https://example.com/covers/7968.jpg
7969,3883,Verismo,2016-09-02,https://example.com/covers/7969.jpg
7970,3884,Double Wide,2018-02-10,https://example.com/covers/7970.jpg
7971,3884,Floatin',2018-08-26,https://example.com/covers/7971.jpg
7972,3884,Midnight Special,2017-11-15,https://example.com/covers/7972.jpg
7973,3884,No Stranger to Shame,2014-12-03,https://example.com/covers/7973.jpg
7974,3884,Seventy Two & Sunny,2012-04-25,https://example.com/covers/7974.jpg
7975,3885,And You Are Me,2015-05-07,https://example.com/covers/7975.jpg
7976,3886,"March 16-20, 1992",2020-08-02,https://example.com/covers/7976.jpg
7977,3887,Rock 'n' Roll Circus,2008-07-23,https://example.com/covers/7977.jpg
7978,3888,II,2013-10-16,https://example.com/covers/7978.jpg
7979,3888,Sex & Food,2013-11-24,https://example.com/covers/7979.jpg
7980,3889,Sintético,2019-08-01,https://example.com/covers/7980.jpg
7981,3890,"High in Heaven (ft. Louie Louie! & Josh Epstein) (Now, Now Remix)",2018-11-12,https://example.com/covers/7981.jpg
7982,3891,Tiempo Compartido,2021-11-10,https://example.com/covers/7982.jpg
7983,3892,Vibes,2014-07-06,https://example.com/covers/7983.jpg
7984,3893,Te Equivocaste,2014-01-31,https://example.com/covers/7984.jpg
7985,3894,Bagatellen und Serenaden,2022-02-01,https://example.com/covers/7985.jpg
7986,3894,"Silvestrov: Leggiero, Pesante",2018-06-15,https://example.com/covers/7986.jpg
7987,3894,"Takemitsu, Hindemith, Janáček, Silvestrov: Five Pieces",2016-07-27,https://example.com/covers/7987.jpg
7988,3895,Bésame,2012-04-18,https://example.com/covers/7988.jpg
7989,3896,Lo Mejor De Homenaje A Una Vida,2011-02-14,https://example.com/covers/7989.jpg
7990,3896,Mi Satisfacción,2016-03-15,https://example.com/covers/7990.jpg
7991,3896,Sin Censura Su Último Concierto,2010-09-26,https://example.com/covers/7991.jpg
7992,3897,You And I,2022-11-05,https://example.com/covers/7992.jpg
7993,3898,Savoca,2021-05-21,https://example.com/covers/7993.jpg
7994,3898,Senza Fine,2014-05-23,https://example.com/covers/7994.jpg
7995,3899,Contra,2006-07-30,https://example.com/covers/7995.jpg
7996,3899,Father of the Bride,2015-10-15,https://example.com/covers/7996.jpg
7997,3899,Modern Vampires of the City,2010-03-14,https://example.com/covers/7997.jpg
7998,3899,Only God Was Above Us,2014-08-23,https://example.com/covers/7998.jpg
7999,3899,Spotify Singles,2012-08-22,https://example.com/covers/7999.jpg
8000,3899,This Life / Unbearably White,2010-06-04,https://example.com/covers/8000.jpg
8001,3899,Vampire Weekend,2012-08-16,https://example.com/covers/8001.jpg
8002,3900,Best of Volume 1,2010-02-23,https://example.com/covers/8002.jpg
8003,3900,The Very Best of Van Halen (UK Release),2014-08-19,https://example.com/covers/8003.jpg
8004,3900,Van Halen,2011-06-06,https://example.com/covers/8004.jpg
8005,3900,Women and Children First,2018-08-11,https://example.com/covers/8005.jpg
8006,3901,Astral Weeks,2013-09-02,https://example.com/covers/8006.jpg
8007,3901,Blowin' Your Mind!,2013-09-01,https://example.com/covers/8007.jpg
8008,3901,Bringing Out The Dead - Music From The Motion Picture,2022-02-21,https://example.com/covers/8008.jpg
8009,3901,Moondance,2014-12-03,https://example.com/covers/8009.jpg
8010,3901,Saint Dominic's Preview,2018-12-26,https://example.com/covers/8010.jpg
8011,3902,Dream Your Life Away,2009-12-20,https://example.com/covers/8011.jpg
8012,3902,Dream Your Life Away - Special Edition,2017-02-17,https://example.com/covers/8012.jpg
8013,3902,God Loves You When You're Dancing,2013-03-08,https://example.com/covers/8013.jpg
8014,3902,Nation of Two,2021-02-24,https://example.com/covers/8014.jpg
8015,3902,Riptide,2016-05-09,https://example.com/covers/8015.jpg
8016,3903,Sonnen Diamant,2020-11-30,https://example.com/covers/8016.jpg
8017,3904,Todas las mujeres que habitan en mí,2011-09-03,https://example.com/covers/8017.jpg
8018,3905,Start Of Something New,2007-01-02,https://example.com/covers/8018.jpg
8019,3906,Blade Runner (Music From The Original Soundtrack),2015-12-04,https://example.com/covers/8019.jpg
8020,3907,We Feelin' It,2017-12-30,https://example.com/covers/8020.jpg
8021,3908,50//50,2016-08-03,https://example.com/covers/8021.jpg
8022,3908,Metro City,2020-01-04,https://example.com/covers/8022.jpg
8023,3909,Massive Attack 2014,2009-10-18,https://example.com/covers/8023.jpg
8024,3910,Dengue Fever presents Electric Cambodia,2014-02-13,https://example.com/covers/8024.jpg
8025,3911,Endkadenz Vol. 1,2016-02-05,https://example.com/covers/8025.jpg
8026,3912,"Los Abrazos Prohibidos (feat. Alice Wonder, Andrés Suárez, Carlotta Cosials, Christina Rosenvinge, Dani Martin, Depedro, Eva Amaral, Ismael Serrano, Iván Ferreiro, Kase.O, Leiva, Luz Casal, Maika Makovski, Marwán, Nacho Vegas, Nina de Juan, Rozalén, Joaquín Sabina, Santi Balmes & Xoel López)",2014-11-14,https://example.com/covers/8026.jpg
8027,3913,That Towering Feeling,2015-04-26,https://example.com/covers/8027.jpg
8028,3914,"35 Anniversary Re-mastered Series, Vol. 16",2015-11-27,https://example.com/covers/8028.jpg
8029,3914,"35 Anniversary Re-mastered Series, Vol. 20",2010-04-28,https://example.com/covers/8029.jpg
8030,3914,"35 Anniversary Re-mastered Series, Vol. 21",2011-03-24,https://example.com/covers/8030.jpg
8031,3914,"35 Anniversary Re-mastered Series, Vol. 7",2016-04-03,https://example.com/covers/8031.jpg
8032,3914,Arriba Huentitan,2017-06-05,https://example.com/covers/8032.jpg
8033,3914,El Hombre que mas Te Amo,2007-08-30,https://example.com/covers/8033.jpg
8034,3914,Entre El Amor Y Yo,2014-01-29,https://example.com/covers/8034.jpg
8035,3914,Historia De Un Idolo Vol.II,2012-03-15,https://example.com/covers/8035.jpg
8036,3914,Mano a Mano - Tangos a la Manera de Vicente Fernández,2012-02-11,https://example.com/covers/8036.jpg
8037,3914,Mi Amigo El Tordillo,2008-09-08,https://example.com/covers/8037.jpg
8038,3914,Mi Viejo,2011-06-16,https://example.com/covers/8038.jpg
8039,3914,Mujeres Divinas,2010-09-01,https://example.com/covers/8039.jpg
8040,3914,Por Tu Maldito Amor,2016-06-01,https://example.com/covers/8040.jpg
8041,3914,Que De Raro Tiene,2011-10-04,https://example.com/covers/8041.jpg
8042,3914,Un Azteca en el Azteca,2013-07-30,https://example.com/covers/8042.jpg
8043,3914,Un Mexicano En La Mexico,2011-12-11,https://example.com/covers/8043.jpg
8044,3914,Un Mexicano en la México,2011-10-02,https://example.com/covers/8044.jpg
8045,3914,Vicente Fernandez Para Siempre,2014-01-18,https://example.com/covers/8045.jpg
8046,3914,Vicente Fernández,2015-10-27,https://example.com/covers/8046.jpg
8047,3914,Vicente Fernández Y Sus Corridos Consentidos,2012-07-05,https://example.com/covers/8047.jpg
8048,3915,Vicentico 5,2021-03-10,https://example.com/covers/8048.jpg
8049,3915,Último Acto,2015-02-21,https://example.com/covers/8049.jpg
8050,3916,Just Marinate,2016-04-03,https://example.com/covers/8050.jpg
8051,3917,Le canta a México,2011-01-11,https://example.com/covers/8051.jpg
8052,3918,Best Of Victor Jara (Remastered),2017-05-04,https://example.com/covers/8052.jpg
8053,3919,JAGUAR,2019-06-22,https://example.com/covers/8053.jpg
8054,3920,La Manigua,2012-12-14,https://example.com/covers/8054.jpg
8055,3921,Drop It Again,2005-10-03,https://example.com/covers/8055.jpg
8056,3921,UFO,2007-12-04,https://example.com/covers/8056.jpg
8057,3922,Fever Dreams,2021-06-13,https://example.com/covers/8057.jpg
8058,3922,Spotify Sessions,2015-07-07,https://example.com/covers/8058.jpg
8059,3923,There You Were,2013-07-23,https://example.com/covers/8059.jpg
8060,3924,Alma-Ville,2021-03-11,https://example.com/covers/8060.jpg
8061,3924,"Vince Guaraldi and the Lost Cues, Vol. 2",2012-11-20,https://example.com/covers/8061.jpg
8062,3925,A Charlie Brown Christmas [2012 Remastered & Expanded Edition],2013-01-13,https://example.com/covers/8062.jpg
8063,3925,Charlie Brown Holiday Hits,2019-02-27,https://example.com/covers/8063.jpg
8064,3926,Silver Light,2015-01-30,https://example.com/covers/8064.jpg
8065,3927,Bellini: I Puritani,2012-02-05,https://example.com/covers/8065.jpg
8066,3927,Bellini: Norma,2011-11-08,https://example.com/covers/8066.jpg
8067,3927,Cellopera,2022-11-26,https://example.com/covers/8067.jpg
8068,3927,Maria,2019-07-28,https://example.com/covers/8068.jpg
8069,3928,Modì,2012-04-06,https://example.com/covers/8069.jpg
8070,3929,Hollywood,2019-09-16,https://example.com/covers/8070.jpg
8071,3929,Human (Remix),2019-08-15,https://example.com/covers/8071.jpg
8072,3929,Wild Kidz,2016-04-27,https://example.com/covers/8072.jpg
8073,3930,Vinicius de Moraes en Argentina (Edición 50 Aniversario),2021-01-06,https://example.com/covers/8073.jpg
8074,3931,Violent Femmes,2015-03-21,https://example.com/covers/8074.jpg
8075,3932,im Schatten,2018-06-13,https://example.com/covers/8075.jpg
8076,3933,Vive la Palabra,2007-10-21,https://example.com/covers/8076.jpg
8077,3934,Seal The Deal & Let's Boogie,2018-04-20,https://example.com/covers/8077.jpg
8078,3935,Raised By Wolves EP,2018-06-28,https://example.com/covers/8078.jpg
8079,3936,Impactos De Arranque,2017-12-26,https://example.com/covers/8079.jpg
8080,3936,Levantando Polvadera,2012-07-15,https://example.com/covers/8080.jpg
8081,3936,Los Mejores Corridos De,2017-02-26,https://example.com/covers/8081.jpg
8082,3937,Hill Climber,2016-06-13,https://example.com/covers/8082.jpg
8083,3937,Schvitz,2021-11-17,https://example.com/covers/8083.jpg
8084,3938,W.A.S.P.,2011-07-05,https://example.com/covers/8084.jpg
8085,3939,Headphones,2012-07-24,https://example.com/covers/8085.jpg
8086,3939,Lose You Again,2014-05-22,https://example.com/covers/8086.jpg
8087,3939,TALKING IS HARD,2008-04-24,https://example.com/covers/8087.jpg
8088,3939,TALKING IS HARD (Expanded Edition),2013-10-15,https://example.com/covers/8088.jpg
8089,3939,Walk The Moon,2004-04-30,https://example.com/covers/8089.jpg
8090,3939,Walk The Moon (Expanded Edition),2014-07-06,https://example.com/covers/8090.jpg
8091,3940,Feel My Needs (Purple Disco Machine Remix),2023-06-04,https://example.com/covers/8091.jpg
8092,3941,ARDIPITHECUS,2022-03-24,https://example.com/covers/8092.jpg
8093,3942,"My Love (feat. Major Lazer, WizKid, Dua Lipa)",2016-04-20,https://example.com/covers/8093.jpg
8094,3942,Shine,2010-04-20,https://example.com/covers/8094.jpg
8095,3943,Closer,2015-10-08,https://example.com/covers/8095.jpg
8096,3944,Vinyl Skip,2012-09-13,https://example.com/covers/8096.jpg
8097,3945,Quarterback,2012-09-28,https://example.com/covers/8097.jpg
8098,3946,European Quartet: Diamonds and Other Jewels,2018-01-13,https://example.com/covers/8098.jpg
8099,3947,Blues Breakers,2017-03-04,https://example.com/covers/8099.jpg
8100,3948,Anthology 1970-1974,2020-04-16,https://example.com/covers/8100.jpg
8101,3949,Excitable Boy,2017-01-08,https://example.com/covers/8101.jpg
8102,3949,The Wind,2019-04-01,https://example.com/covers/8102.jpg
8103,3950,Life of Leisure,2014-10-18,https://example.com/covers/8103.jpg
8104,3951,New Star,2019-04-12,https://example.com/covers/8104.jpg
8105,3952,Bullit,2010-05-17,https://example.com/covers/8105.jpg
8106,3953,Entertainment,2016-09-03,https://example.com/covers/8106.jpg
8107,3954,Watkins Family Hour,2018-12-20,https://example.com/covers/8107.jpg
8108,3955,Dreaming My Dreams,2011-04-24,https://example.com/covers/8108.jpg
8109,3955,Honky Tonk Heroes,2010-11-15,https://example.com/covers/8109.jpg
8110,3955,Ultimate Waylon Jennings,2015-05-26,https://example.com/covers/8110.jpg
8111,3955,Waylon & Willie,2019-06-15,https://example.com/covers/8111.jpg
8112,3955,Waylon Forever,2017-01-20,https://example.com/covers/8112.jpg
8113,3956,Smile Kid,2011-10-30,https://example.com/covers/8113.jpg
8114,3956,Somewhere Somehow,2015-03-17,https://example.com/covers/8114.jpg
8115,3956,Sunshine State of Mind,2012-04-03,https://example.com/covers/8115.jpg
8116,3956,We The Kings,2015-06-29,https://example.com/covers/8116.jpg
8117,3956,We the Kings,2010-04-22,https://example.com/covers/8117.jpg
8118,3957,TTT,2021-12-30,https://example.com/covers/8118.jpg
8119,3958,White Pepper,2013-10-22,https://example.com/covers/8119.jpg
8120,3959,2000s Throwbacks Vibes,2020-05-22,https://example.com/covers/8120.jpg
8121,3959,OK Human,2017-05-31,https://example.com/covers/8121.jpg
8122,3959,SZNZ: Winter,2016-07-21,https://example.com/covers/8122.jpg
8123,3959,The End of the Game,2019-04-16,https://example.com/covers/8123.jpg
8124,3959,Weezer,2013-05-24,https://example.com/covers/8124.jpg
8125,3960,Alpocalypse,2010-08-20,https://example.com/covers/8125.jpg
8126,3960,Poodle Hat,2020-06-28,https://example.com/covers/8126.jpg
8127,3961,Legendary - EP,2017-01-08,https://example.com/covers/8127.jpg
8128,3962,It's Your Smile,2011-09-18,https://example.com/covers/8128.jpg
8129,3963,Jordan Belfort,2012-08-07,https://example.com/covers/8129.jpg
8130,3964,Coast To Coast,2012-03-30,https://example.com/covers/8130.jpg
8131,3965,Youth Attraction,2018-08-27,https://example.com/covers/8131.jpg
8132,3966,LAST CHRISTMAS,2019-07-01,https://example.com/covers/8132.jpg
8133,3967,Fifty Shades Freed - Original Motion Picture Soundtrack,2019-06-06,https://example.com/covers/8133.jpg
8134,3968,Firewater,2019-07-28,https://example.com/covers/8134.jpg
8135,3969,Last Day of Summer (Remastered),2019-01-17,https://example.com/covers/8135.jpg
8136,3970,Ritual,2005-11-03,https://example.com/covers/8136.jpg
8137,3971,White Reaper Does It Again,2016-12-23,https://example.com/covers/8137.jpg
8138,3972,Earthology,2015-04-23,https://example.com/covers/8138.jpg
8139,3973,1987,2008-01-30,https://example.com/covers/8139.jpg
8140,3973,Slide It In,2012-02-10,https://example.com/covers/8140.jpg
8141,3973,Whitesnake's Greatest Hits,2013-04-26,https://example.com/covers/8141.jpg
8142,3974,Forever Turned Around,2018-02-21,https://example.com/covers/8142.jpg
8143,3975,What's Your 20? Essential Tracks 1994 - 2014,2014-03-26,https://example.com/covers/8143.jpg
8144,3975,Yankee Hotel Foxtrot,2020-09-30,https://example.com/covers/8144.jpg
8145,3976,Elevator Jazz,2021-12-26,https://example.com/covers/8145.jpg
8146,3977,Going In,2021-06-09,https://example.com/covers/8146.jpg
8147,3977,Sinking Ship / Back & Forth,2022-04-03,https://example.com/covers/8147.jpg
8148,3978,Sidelines,2019-12-15,https://example.com/covers/8148.jpg
8149,3979,Old Man,2015-08-20,https://example.com/covers/8149.jpg
8150,3979,Reaper,2019-04-06,https://example.com/covers/8150.jpg
8151,3980,Still Life,2017-06-08,https://example.com/covers/8151.jpg
8152,3981,Beggars Banquet,2005-12-07,https://example.com/covers/8152.jpg
8153,3982,Tiny Dancer,2007-09-18,https://example.com/covers/8153.jpg
8154,3983,Acoustic Sessions,2017-12-13,https://example.com/covers/8154.jpg
8155,3984,Citizen,2013-02-27,https://example.com/covers/8155.jpg
8156,3985,Vorfreude,2018-04-19,https://example.com/covers/8156.jpg
8157,3986,World Psychedelic Classics 5: Who Is William Onyeabor?,2018-01-25,https://example.com/covers/8157.jpg
8158,3987,Earthly Days,2017-10-11,https://example.com/covers/8158.jpg
8159,3988,Maverick Thinker,2014-01-28,https://example.com/covers/8159.jpg
8160,3989,This is the Day: Music on Royal Occasions,2020-01-08,https://example.com/covers/8160.jpg
8161,3990,William Wild,2018-02-11,https://example.com/covers/8161.jpg
8162,3991,Mis Favoritas,2013-02-09,https://example.com/covers/8162.jpg
8163,3992,Crusade,2015-12-24,https://example.com/covers/8163.jpg
8164,3993,Always On My Mind,2019-09-13,https://example.com/covers/8164.jpg
8165,3993,And Then I Wrote,2015-12-06,https://example.com/covers/8165.jpg
8166,3993,Band of Brothers,2016-11-25,https://example.com/covers/8166.jpg
8167,3993,Both Sides Now,2012-04-15,https://example.com/covers/8167.jpg
8168,3993,City Of New Orleans,2017-05-29,https://example.com/covers/8168.jpg
8169,3993,Country Willie - His Own Songs,2018-11-23,https://example.com/covers/8169.jpg
8170,3993,Django and Jimmie,2018-07-06,https://example.com/covers/8170.jpg
8171,3993,First Rose of Spring,2016-10-27,https://example.com/covers/8171.jpg
8172,3993,God's Problem Child,2016-01-14,https://example.com/covers/8172.jpg
8173,3993,Good Times,2015-04-30,https://example.com/covers/8173.jpg
8174,3993,Heroes,2015-05-29,https://example.com/covers/8174.jpg
8175,3993,Me and Paul,2014-09-25,https://example.com/covers/8175.jpg
8176,3993,Nashville Rebel,2009-08-21,https://example.com/covers/8176.jpg
8177,3993,One Hell Of A Ride,2011-12-12,https://example.com/covers/8177.jpg
8178,3993,Rainbow Connection,2018-12-08,https://example.com/covers/8178.jpg
8179,3993,Red Headed Stranger,2012-12-04,https://example.com/covers/8179.jpg
8180,3993,Restoration: The Songs Of Elton John And Bernie Taupin,2015-11-02,https://example.com/covers/8180.jpg
8181,3993,Ride Me Back Home,2016-10-05,https://example.com/covers/8181.jpg
8182,3993,Shotgun Willie,2012-12-18,https://example.com/covers/8182.jpg
8183,3993,Stardust,2014-05-05,https://example.com/covers/8183.jpg
8184,3993,Teatro,2017-10-06,https://example.com/covers/8184.jpg
8185,3993,The Essential Willie Nelson,2011-07-04,https://example.com/covers/8185.jpg
8186,3993,The Sound In Your Mind,2020-08-17,https://example.com/covers/8186.jpg
8187,3993,The Troublemaker,2014-06-13,https://example.com/covers/8187.jpg
8188,3993,To All The Girls...,2011-12-16,https://example.com/covers/8188.jpg
8189,3993,Vote 'Em Out,2014-01-16,https://example.com/covers/8189.jpg
8190,3993,Willie And Family Live,2018-07-06,https://example.com/covers/8190.jpg
8191,3993,Willie Nelson - 16 Biggest Hits,2019-11-13,https://example.com/covers/8191.jpg
8192,3993,Willie Nelson Sings Kristofferson,2012-08-18,https://example.com/covers/8192.jpg
8193,3993,Willie Nelson The Collection,2009-11-16,https://example.com/covers/8193.jpg
8194,3993,"Willie Nelson: The Demos Project, Vol. Two",2014-04-01,https://example.com/covers/8194.jpg
8195,3993,Yesterday's Wine,2013-10-27,https://example.com/covers/8195.jpg
8196,3994,Telling The Truth,2023-03-06,https://example.com/covers/8196.jpg
8197,3995,Hey Jude,2017-09-20,https://example.com/covers/8197.jpg
8198,3996,Venus And Mars,2011-12-16,https://example.com/covers/8198.jpg
8199,3996,Venus And Mars - Archive Collection,2010-03-03,https://example.com/covers/8199.jpg
8200,3996,Wings At The Speed Of Sound,2011-03-04,https://example.com/covers/8200.jpg
8201,3997,Corazón Acelerao,2008-01-10,https://example.com/covers/8201.jpg
8202,3997,El Regreso del Sobreviviente (Deluxe Edition),2007-02-06,https://example.com/covers/8202.jpg
8203,3997,Escápate Conmigo (feat. Ozuna),2009-03-17,https://example.com/covers/8203.jpg
8204,3997,Nota de Amor (feat. Daddy Yankee),2009-09-10,https://example.com/covers/8204.jpg
8205,3997,Vacaciones,2013-05-29,https://example.com/covers/8205.jpg
8206,3997,Victory,2017-10-02,https://example.com/covers/8206.jpg
8207,3998,El Documental II,2014-09-01,https://example.com/covers/8207.jpg
8208,3998,Ganas de Ti,2015-05-25,https://example.com/covers/8208.jpg
8209,3998,"Los Campeones del Pueblo ""The Big Leagues""",2018-01-10,https://example.com/covers/8209.jpg
8210,3998,"Los Vaqueros, El Regreso",2010-10-03,https://example.com/covers/8210.jpg
8211,3998,Líderes,2006-08-30,https://example.com/covers/8211.jpg
8212,3998,Pa'l Mundo,2012-02-17,https://example.com/covers/8212.jpg
8213,3998,Reggaetón en lo Oscuro,2017-07-17,https://example.com/covers/8213.jpg
8214,3999,Furious 7: Original Motion Picture Soundtrack,2006-09-06,https://example.com/covers/8214.jpg
8215,3999,Nine Track Mind,2009-10-15,https://example.com/covers/8215.jpg
8216,3999,Stayin Out All Night,2011-01-25,https://example.com/covers/8216.jpg
8217,4000,Faith Presents TK Disco,2020-11-11,https://example.com/covers/8217.jpg
8218,4001,My Love Is Cool,2009-09-30,https://example.com/covers/8218.jpg
8219,4001,Visions Of A Life,2013-11-03,https://example.com/covers/8219.jpg
8220,4002,Opposites (feat. Databoy),2023-08-10,https://example.com/covers/8220.jpg
8221,4003,50 Masterworks Mozart,2013-04-11,https://example.com/covers/8221.jpg
8222,4003,Mozart: Die Zauberflöte,2008-10-22,https://example.com/covers/8222.jpg
8223,4003,Mozart: Don Giovanni,2007-08-07,https://example.com/covers/8223.jpg
8224,4003,Mozart: Horn Concertos Nos. 1-4,2021-04-24,https://example.com/covers/8224.jpg
8225,4003,Mozart: Le Nozze di Figaro,2010-12-02,https://example.com/covers/8225.jpg
8226,4003,Mozart: Le nozze di Figaro,2013-02-07,https://example.com/covers/8226.jpg
8227,4003,Mozart: Nozze Di Figaro (Le) (The Marriage of Figaro),2015-10-23,https://example.com/covers/8227.jpg
8228,4003,"Mozart: Symphonies Nos. 29, K.201; 33, K.319; 35, K.385 ""Haffner""; 38, K.504 ""Prague""; 41, K.551 ""Jupiter""",2016-03-26,https://example.com/covers/8228.jpg
8229,4003,Piano Favorites,2021-11-17,https://example.com/covers/8229.jpg
8230,4004,"Modern Classical Guitar, Vol. 2",2022-07-29,https://example.com/covers/8230.jpg
8231,4005,Bella,2015-06-18,https://example.com/covers/8231.jpg
8232,4006,Wolfmother,2013-01-03,https://example.com/covers/8232.jpg
8233,4007,Periodicals,2014-03-27,https://example.com/covers/8233.jpg
8234,4008,City Sun Eater in the River of Light,2016-04-18,https://example.com/covers/8234.jpg
8235,4009,Rosewood,2008-10-11,https://example.com/covers/8235.jpg
8236,4010,Goodbye Jumbo,2015-06-18,https://example.com/covers/8236.jpg
8237,4011,Whole Wide World,2012-04-21,https://example.com/covers/8237.jpg
8238,4012,Enter The Wu-Tang (36 Chambers) [Expanded Edition],2013-09-21,https://example.com/covers/8238.jpg
8239,4013,"Complete Vee Jay Studio Recordings (1959-1961, Wynton Kelly Trio)",2009-11-06,https://example.com/covers/8239.jpg
8240,4014,Standard Time Vol. 2: Intimacy Calling,2011-04-14,https://example.com/covers/8240.jpg
8241,4014,Standard Time Vol. 3: The Resolution Of Romance,2020-07-01,https://example.com/covers/8241.jpg
8242,4015,Me Before You,2012-07-11,https://example.com/covers/8242.jpg
8243,4015,Torches,2014-11-21,https://example.com/covers/8243.jpg
8244,4015,VHS,2013-05-17,https://example.com/covers/8244.jpg
8245,4016,Wild,2013-11-18,https://example.com/covers/8245.jpg
8246,4017,Revolucionario,2009-11-20,https://example.com/covers/8246.jpg
8247,4018,Spirit Bird,2021-03-13,https://example.com/covers/8247.jpg
8248,4018,White Moth,2018-04-28,https://example.com/covers/8248.jpg
8249,4019,Atlántico,2012-06-05,https://example.com/covers/8249.jpg
8250,4019,Me Cuesta Tanto Olvidarte,2018-08-06,https://example.com/covers/8250.jpg
8251,4019,Si Mi Rayo Te Alcanzara,2021-05-19,https://example.com/covers/8251.jpg
8252,4019,Sueños y Pan,2018-03-06,https://example.com/covers/8252.jpg
8253,4020,Mi corazón (feat. Buxxi),2012-11-23,https://example.com/covers/8253.jpg
8254,4021,Danny Boy,2017-04-19,https://example.com/covers/8254.jpg
8255,4022,See Mystery Lights: Remixes & B-Sides,2015-01-28,https://example.com/covers/8255.jpg
8256,4023,Frágil,2013-07-28,https://example.com/covers/8256.jpg
8257,4024,Exitos,2014-12-16,https://example.com/covers/8257.jpg
8258,4025,Te Pintaron Pajaritos,2013-10-23,https://example.com/covers/8258.jpg
8259,4026,Calentura,2010-10-04,https://example.com/covers/8259.jpg
8260,4026,Dangerous,2013-08-05,https://example.com/covers/8260.jpg
8261,4026,De Líder a Leyenda,2011-03-30,https://example.com/covers/8261.jpg
8262,4026,En Cero,2014-11-20,https://example.com/covers/8262.jpg
8263,4026,Encantadora (feat. Farruko & Zion & Lennox),2011-09-27,https://example.com/covers/8263.jpg
8264,4026,Legacy - De Líder a Leyenda Tour,2012-05-30,https://example.com/covers/8264.jpg
8265,4026,Plakito (feat. El General Gadiel & Farruko),2012-05-28,https://example.com/covers/8265.jpg
8266,4026,Quien Contra Mi 2,2011-04-01,https://example.com/covers/8266.jpg
8267,4026,Resistencia,2017-03-22,https://example.com/covers/8267.jpg
8268,4026,Yandel 150,2018-06-06,https://example.com/covers/8268.jpg
8269,4027,The Lost And Found,2017-01-22,https://example.com/covers/8269.jpg
8270,4028,Upstairs At Eric's,2015-05-17,https://example.com/covers/8270.jpg
8271,4029,Fever To Tell,2017-03-11,https://example.com/covers/8271.jpg
8272,4029,It's Blitz!,2014-04-23,https://example.com/covers/8272.jpg
8273,4030,מיטב השירים 2,2022-01-26,https://example.com/covers/8273.jpg
8274,4031,Blooming Tall Phlox,2017-11-04,https://example.com/covers/8274.jpg
8275,4032,A Carnival of Fears,2016-08-12,https://example.com/covers/8275.jpg
8276,4033,Punk Goes Pop,2017-09-17,https://example.com/covers/8276.jpg
8277,4034,Picó,2019-09-02,https://example.com/covers/8277.jpg
8278,4035,90125,2009-07-16,https://example.com/covers/8278.jpg
8279,4035,In the Present – Live From Lyon,2009-01-25,https://example.com/covers/8279.jpg
8280,4035,Yes,2019-07-19,https://example.com/covers/8280.jpg
8281,4036,The Rabbit That Hunts Tigers,2017-10-20,https://example.com/covers/8281.jpg
8282,4037,La Bebe,2018-06-01,https://example.com/covers/8282.jpg
8283,4038,I Still Am,2019-02-21,https://example.com/covers/8283.jpg
8284,4039,Boyhood: Music from the Motion Picture,2017-01-20,https://example.com/covers/8284.jpg
8285,4039,Fakebook,2012-03-15,https://example.com/covers/8285.jpg
8286,4040,Time & Space,2014-03-08,https://example.com/covers/8286.jpg
8287,4041,Rock 'n' Roll Circus,2008-10-30,https://example.com/covers/8287.jpg
8288,4041,The Rolling Stones Rock And Roll Circus,2012-06-23,https://example.com/covers/8288.jpg
8289,4042,Dance and Chant,2015-08-19,https://example.com/covers/8289.jpg
8290,4043,Dámelo,2016-07-14,https://example.com/covers/8290.jpg
8291,4044,About This Thing - Remixes,2020-03-29,https://example.com/covers/8291.jpg
8292,4045,Gypsy Boy,2014-05-08,https://example.com/covers/8292.jpg
8293,4046,"Gang Up (with Young Thug, 2 Chainz, Wiz Khalifa feat. PnB Rock)",2010-05-22,https://example.com/covers/8293.jpg
8294,4047,Young Wonder,2004-05-01,https://example.com/covers/8294.jpg
8295,4048,American Bollywood,2021-09-29,https://example.com/covers/8295.jpg
8296,4048,American Bollywood: Acts III & IV,2021-10-23,https://example.com/covers/8296.jpg
8297,4048,Home of the Strange,2007-07-05,https://example.com/covers/8297.jpg
8298,4048,Mind Over Matter,2006-03-14,https://example.com/covers/8298.jpg
8299,4048,Mirror Master,2018-05-22,https://example.com/covers/8299.jpg
8300,4048,Something to Believe In,2015-05-01,https://example.com/covers/8300.jpg
8301,4048,Young The Giant,2009-07-27,https://example.com/covers/8301.jpg
8302,4049,Pressure,2015-05-07,https://example.com/covers/8302.jpg
8303,4049,Spotify Sessions,2008-09-04,https://example.com/covers/8303.jpg
8304,4049,Wake Up,2010-12-01,https://example.com/covers/8304.jpg
8305,4050,Midnight in Paris (Music from the Motion Picture),2015-09-22,https://example.com/covers/8305.jpg
8306,4051,DIGGIN' VICTOR (The Compilation) Deep Into The Vaults Of Japanese Fusion & AOR selected by MURO,2018-04-01,https://example.com/covers/8306.jpg
8307,4052,Canciones De Amor De Yuri,2007-02-07,https://example.com/covers/8307.jpg
8308,4052,Eterna Navidad,2013-06-21,https://example.com/covers/8308.jpg
8309,4053,Amigos No por Favor (Primera Fila),2014-03-29,https://example.com/covers/8309.jpg
8310,4053,Pa' Luego Es Tarde,2017-03-12,https://example.com/covers/8310.jpg
8311,4054,The Blue Yusef Lateef,2023-09-03,https://example.com/covers/8311.jpg
8312,4055,Buddha And The Chocolate Box,2013-07-08,https://example.com/covers/8312.jpg
8313,4055,Catch Bull At Four,2015-06-04,https://example.com/covers/8313.jpg
8314,4055,Izitso,2013-10-16,https://example.com/covers/8314.jpg
8315,4055,Mona Bone Jakon,2015-06-06,https://example.com/covers/8315.jpg
8316,4055,New Masters,2012-04-27,https://example.com/covers/8316.jpg
8317,4055,On The Road To Find Out,2018-03-15,https://example.com/covers/8317.jpg
8318,4055,Tea For The Tillerman,2009-10-07,https://example.com/covers/8318.jpg
8319,4055,Tea for the Tillerman,2017-04-01,https://example.com/covers/8319.jpg
8320,4055,Teaser And The Firecat,2007-08-06,https://example.com/covers/8320.jpg
8321,4055,The Laughing Apple,2015-06-15,https://example.com/covers/8321.jpg
8322,4055,The Very Best Of Cat Stevens,2014-06-15,https://example.com/covers/8322.jpg
8323,4056,Valse Musette,2020-07-13,https://example.com/covers/8323.jpg
8324,4057,Icarus Falls,2013-03-24,https://example.com/covers/8324.jpg
8325,4057,Mind Of Mine (Deluxe Edition),2016-09-21,https://example.com/covers/8325.jpg
8326,4057,Nobody Is Listening,2016-03-26,https://example.com/covers/8326.jpg
8327,4057,PILLOWTALK,2013-08-25,https://example.com/covers/8327.jpg
8328,4058,Eliminator,2015-07-17,https://example.com/covers/8328.jpg
8329,4058,Fandango!,2014-02-27,https://example.com/covers/8329.jpg
8330,4058,Oh What A Night - 70's Classics,2006-01-31,https://example.com/covers/8330.jpg
8331,4058,Rio Grande Mud,2015-09-18,https://example.com/covers/8331.jpg
8332,4058,Tres Hombres,2014-12-16,https://example.com/covers/8332.jpg
8333,4059,From Now On,2014-11-28,https://example.com/covers/8333.jpg
8334,4059,Goodbye Yellow Brick Road,2009-12-17,https://example.com/covers/8334.jpg
8335,4059,Greatest Hits So Far...,2010-06-27,https://example.com/covers/8335.jpg
8336,4059,JEKYLL + HYDE,2011-10-19,https://example.com/covers/8336.jpg
8337,4059,Out In The Middle / Old Love Song,2012-03-29,https://example.com/covers/8337.jpg
8338,4059,Same Boat,2014-02-25,https://example.com/covers/8338.jpg
8339,4059,The Comeback,2015-08-23,https://example.com/covers/8339.jpg
8340,4059,The Foundation,2006-11-22,https://example.com/covers/8340.jpg
8341,4059,"The Grohl Sessions, Vol. 1",2008-07-15,https://example.com/covers/8341.jpg
8342,4059,The Owl,2015-03-18,https://example.com/covers/8342.jpg
8343,4059,Uncaged,2017-05-08,https://example.com/covers/8343.jpg
8344,4059,You Get What You Give,2012-08-17,https://example.com/covers/8344.jpg
8345,4059,You Get What You Give (Deluxe),2011-06-27,https://example.com/covers/8345.jpg
8346,4060,High School Musical 2 - Original Soundtrack,2019-11-29,https://example.com/covers/8346.jpg
8347,4060,The Greatest Showman (Original Motion Picture Soundtrack),2012-12-08,https://example.com/covers/8347.jpg
8348,4061,Something in the Orange,2019-11-07,https://example.com/covers/8348.jpg
8349,4062,Found,2020-06-23,https://example.com/covers/8349.jpg
8350,4063,Irreplaceable,2010-04-22,https://example.com/covers/8350.jpg
8351,4064,Ain't My Fault,2009-06-30,https://example.com/covers/8351.jpg
8352,4065,Automatic Yes (feat. John Mayer),2021-09-26,https://example.com/covers/8352.jpg
8353,4065,Divergent: Original Motion Picture Soundtrack,2016-05-14,https://example.com/covers/8353.jpg
8354,4065,Good Thing (with Kehlani),2012-02-09,https://example.com/covers/8354.jpg
8355,4065,True Colors,2006-08-26,https://example.com/covers/8355.jpg
8356,4066,Soñar Contigo,2016-12-28,https://example.com/covers/8356.jpg
8357,4067,SURRENDER,2016-12-16,https://example.com/covers/8357.jpg
8358,4068,Simple Things,2019-10-06,https://example.com/covers/8358.jpg
8359,4068,The Garden,2022-08-28,https://example.com/covers/8359.jpg
8360,4069,Reggae Classics,2020-02-24,https://example.com/covers/8360.jpg
8361,4070,E perto do anoitecer,2022-08-13,https://example.com/covers/8361.jpg
8362,4070,Livandi,2022-10-01,https://example.com/covers/8362.jpg
8363,4071,La Fórmula,2016-01-23,https://example.com/covers/8363.jpg
8364,4071,"Pina Records Presenta : La Fórmula , the Company",2019-05-19,https://example.com/covers/8364.jpg
8365,4071,Solo Tu (Remix) [feat. Nicky Jam & J Balvin],2007-06-29,https://example.com/covers/8365.jpg
8366,4072,Embriágame,2012-02-21,https://example.com/covers/8366.jpg
8367,4072,Ganas de Ti,2006-11-29,https://example.com/covers/8367.jpg
8368,4072,Guayo,2010-05-15,https://example.com/covers/8368.jpg
8369,4072,Hola,2015-04-13,https://example.com/covers/8369.jpg
8370,4072,La Player (Bandolera),2011-09-04,https://example.com/covers/8370.jpg
8371,4072,Motivan2,2012-07-29,https://example.com/covers/8371.jpg
8372,4072,Motivando a la Yal,2014-05-16,https://example.com/covers/8372.jpg
8373,4072,Otra Vez (feat. J Balvin),2013-05-26,https://example.com/covers/8373.jpg
8374,4072,Pierdo la Cabeza,2014-02-26,https://example.com/covers/8374.jpg
8375,4072,Pierdo la Cabeza (Remix),2017-10-08,https://example.com/covers/8375.jpg
8376,4072,Pierdo la Cabeza (Remix) [feat. Farruko & Yandel],2010-07-18,https://example.com/covers/8376.jpg
8377,4073,The Greatest Showman (Original Motion Picture Soundtrack),2013-05-12,https://example.com/covers/8377.jpg
8378,4074,Con Rastafari Todo Concuerda,2019-09-17,https://example.com/covers/8378.jpg
8379,4075,This Is The Blues Volume 2,2009-05-05,https://example.com/covers/8379.jpg
8380,4076,Bleu de lune,2017-06-10,https://example.com/covers/8380.jpg
8381,4077,Rocanlover,2020-11-18,https://example.com/covers/8381.jpg
8382,4078,La Flor Y El Abejorro,2015-04-08,https://example.com/covers/8382.jpg
8383,4079,Blue's,2014-09-04,https://example.com/covers/8383.jpg
8384,4079,Discover,2017-06-28,https://example.com/covers/8384.jpg
8385,4079,Oro Incenso & Birra - Zucchero Sugar Fornaciari,2012-08-11,https://example.com/covers/8385.jpg
8386,4079,Shake,2021-04-28,https://example.com/covers/8386.jpg
8387,4080,Froosh,2012-08-05,https://example.com/covers/8387.jpg
8388,4081,Kaelyn,2016-06-13,https://example.com/covers/8388.jpg
8389,4081,Madeline,2018-02-10,https://example.com/covers/8389.jpg
8390,4082,Hunting High and Low,2022-08-22,https://example.com/covers/8390.jpg
8391,4082,Take On Me,2015-08-28,https://example.com/covers/8391.jpg
8392,4083,An Awesome Wave,2011-03-17,https://example.com/covers/8392.jpg
8393,4084,Bored To Death,2010-12-14,https://example.com/covers/8393.jpg
8394,4084,California,2014-06-26,https://example.com/covers/8394.jpg
8395,4084,Enema Of The State,2012-04-22,https://example.com/covers/8395.jpg
8396,4084,I Really Wish I Hated You,2016-01-27,https://example.com/covers/8396.jpg
8397,4084,Take Off Your Pants And Jacket,2012-09-03,https://example.com/covers/8397.jpg
8398,4085,distance,2019-10-22,https://example.com/covers/8398.jpg
8399,4086,Studio Ghibli Classics for Piano: played by daigoro789,2012-06-10,https://example.com/covers/8399.jpg
8400,4087,A Muse In Her Feelings,2019-01-04,https://example.com/covers/8400.jpg
8401,4087,Morning After,2020-10-28,https://example.com/covers/8401.jpg
8402,4087,SEPT 5TH,2014-06-16,https://example.com/covers/8402.jpg
8403,4088,Her,2012-08-06,https://example.com/covers/8403.jpg
8404,4089,Dawn EP,2015-09-26,https://example.com/covers/8404.jpg
8405,4090,sun of a beach,2015-12-05,https://example.com/covers/8405.jpg
8406,4091,Aim and Ignite,2017-06-10,https://example.com/covers/8406.jpg
8407,4091,Beck Song Reader,2014-11-28,https://example.com/covers/8407.jpg
8408,4091,Believe In Me,2015-07-09,https://example.com/covers/8408.jpg
8409,4091,Sight of the Sun,2006-09-26,https://example.com/covers/8409.jpg
8410,4091,Some Nights,2011-02-19,https://example.com/covers/8410.jpg
8411,4091,We Are Young (feat. Janelle Monáe),2006-02-17,https://example.com/covers/8411.jpg
8412,4092,I Hate U I Love U (feat. Olivia O'Brien),2007-02-21,https://example.com/covers/8412.jpg
8413,4093,En Cantos,2013-03-20,https://example.com/covers/8413.jpg
8414,4094,Hit the Quan #HTQ,2012-08-28,https://example.com/covers/8414.jpg
8415,4095,Santiago,2014-01-27,https://example.com/covers/8415.jpg
8416,4096,Liberty Citadel,2016-10-14,https://example.com/covers/8416.jpg
8417,4097,BINGE,2016-11-13,https://example.com/covers/8417.jpg
8418,4097,Hotel Diablo,2016-01-10,https://example.com/covers/8418.jpg
8419,4098,petrichor,2019-04-19,https://example.com/covers/8419.jpg
8420,4099,eclipse,2020-07-15,https://example.com/covers/8420.jpg
8421,4100,Cherry Peel,2019-12-11,https://example.com/covers/8421.jpg
8422,4100,"Hissing Fauna, Are You The Destroyer?",2020-09-01,https://example.com/covers/8422.jpg
8423,4101,Riso,2018-01-07,https://example.com/covers/8423.jpg
8424,4102,RED II,2021-06-13,https://example.com/covers/8424.jpg
8425,4103,infamous,2014-07-13,https://example.com/covers/8425.jpg
8426,4104,Next Time,2012-12-11,https://example.com/covers/8426.jpg
8427,4105,i miss new york,2017-08-10,https://example.com/covers/8427.jpg
8428,4106,Mon Amour,2020-02-20,https://example.com/covers/8428.jpg
8429,4107,Winter In Tarifa,2022-09-04,https://example.com/covers/8429.jpg
8430,4108,Primero Soy Mexicana,2014-04-20,https://example.com/covers/8430.jpg
8431,4109,Shifting Ground,2014-12-16,https://example.com/covers/8431.jpg
8432,4110,DIGGIN' VICTOR (The Compilation) Deep Into The Vaults Of Japanese Fusion & AOR selected by MURO,2017-09-20,https://example.com/covers/8432.jpg
8433,4111,"TOKYO 1980s Victor Edition (The Compilation) Boogie, Funk & Modern Soul from Japan",2023-01-26,https://example.com/covers/8433.jpg
8434,4112,DIGGIN' VICTOR (The Compilation) Deep Into The Vaults Of Japanese Fusion & AOR selected by MURO,2017-07-17,https://example.com/covers/8434.jpg
8435,4113,CASSA NOVA,2020-07-02,https://example.com/covers/8435.jpg
8436,4113,Cassa Nova,2023-07-12,https://example.com/covers/8436.jpg
