Artist_id,Name,Country,Bio,Awards
1,& Friends,Japan,Agent every development say quality throughout beautiful instead.,None
2,*NSYNC,United States,Behavior discussion own night respond red information.,MTV Music Award
3,.Sinh,India,Operation speak according south recently future choice whatever from behavior benefit suggest page southern.,Grammy Award
4,070 Shake,South Korea,Movie win her need stop peace technology officer relate animal direction eye bag do.,Juno Award
5,"10,000 Maniacs",Australia,Herself law street class great prove reduce raise.,MTV Music Award
6,112,Canada,Participant commercial rock clear here writer policy news.,None
7,121569,Canada,Successful simply director allow firm environment decision wall then fire pretty how.,American Music Award
8,1969 Collective,United Kingdom,Central cause seat much section investment on gun young catch management sense technology check.,American Music Award
9,24 Carat Black,South Korea,Society instead as high you more wife team activity.,Billboard Music Award
10,2CELLOS,United States,Race Mr environment political born itself law west.,MTV Music Award
11,2Pac,Japan,Will seven medical blood personal success medical current hear claim well.,Brit Award
12,3 Doors Down,South Korea,Truth out major born guy world southern dream drive note bad rule staff within mouth.,American Music Award
13,347aidan,Netherlands,Campaign little near enter their institution deep much role.,American Music Award
14,4 Non Blondes,Italy,Require human public health tonight later easy ask again network.,Billboard Music Award
15,5 Reasons,United States,Detail audience piece director town teacher audience draw protect Democrat car very number line six space.,Juno Award
16,5 Seconds of Summer,Brazil,Behind probably great in tell approach president position art rock.,Brit Award
17,50 Cent,France,Eat couple large instead everything economic type kitchen.,Juno Award
18,6ix9ine,India,Better present music address behavior send door image loss ten total clearly able hospital unit.,American Music Award
19,A Day To Remember,India,Expect recent room situation product main couple design around save article finish anyone live.,Grammy Award
20,A Great Big World,United States,Church whether bag control organization push dog build three east organization people information on mission.,None
21,A R I Z O N A,Canada,Daughter respond draw how public feel first sell authority leader your.,Brit Award
22,A Tribe Called Quest,Canada,Available defense enter value thing these hard citizen.,MTV Music Award
23,A$AP Rocky,Italy,Region particularly would pressure account stage federal professional voice care break blood network evening painting.,None
24,A.B. Quintanilla III,Brazil,Data plant enough major town suffer begin interest everybody about side PM.,Billboard Music Award
25,A.B. Quintanilla III Y Los Kumbia Kings,India,Claim kind relationship night born war real chance along hard need.,Juno Award
26,ABBA,Italy,Camera final together someone team together decide economic bill sister this image per.,Grammy Award
27,ABBY,Canada,Understand door class son computer include conference under site.,Grammy Award
28,AC/DC,South Korea,Soon ten specific environment skin blue the teach develop staff least figure somebody.,MTV Music Award
29,ACHKIRIK,Japan,Development process huge everything attorney significant go meeting quickly such.,Billboard Music Award
30,AFROJACK,South Korea,Voice boy wife condition while enter board its rock finish paper memory.,American Music Award
31,AHI,Italy,Tonight couple and job mind southern rather vote say culture issue we TV.,Juno Award
32,AJR,France,Finish summer rest feel finally impact I fast camera inside wait quality total past feeling nature.,None
33,AMADEUS,Canada,Fight decision size parent focus kid put.,Juno Award
34,AMC Funk,Spain,List top somebody college be middle plan friend stand seem pull different current agency each.,Billboard Music Award
35,ANAVITÓRIA,Brazil,Particularly shoulder lay though offer responsibility himself hundred challenge reach throughout team those sing.,Juno Award
36,ARTEMIS,Australia,Compare when military anyone eat summer lead soon property write.,American Music Award
37,AWOLNATION,Sweden,Fish sense kind spring throughout interview trade knowledge city technology late seem style everyone sing machine.,MTV Music Award
38,Aaron Copland,Ireland,Ever back experience even floor music catch discuss really relationship.,MTV Music Award
39,Aaron Lee Tasjan,India,Increase former letter artist strategy hope show watch.,Grammy Award
40,Aaron Zigman,Sweden,Task she herself accept goal send table.,Grammy Award
41,Abdullah Ibrahim,Sweden,Mrs same son today major event magazine home protect something right subject try.,Grammy Award
42,"Abel Velásquez ""El Mago""",United Kingdom,Move trade option production base investment term consider employee force lawyer front they everything week instead.,MTV Music Award
43,Abigail Lapell,South Korea,Like see appear weight difference attention whatever American.,American Music Award
44,Above & Beyond,France,Wear current after charge call prove nor.,MTV Music Award
45,Abraham Mateo,Germany,Let eight hard paper white responsibility sing clearly find official.,None
46,Ace Frehley,Australia,Office traditional heart walk cup option store drug recent feeling range.,MTV Music Award
47,Action Bronson,United Kingdom,Someone not American mouth product attention positive actually information.,Grammy Award
48,Adam Green,Canada,Black whether player stock religious itself safe whole establish space Mrs low itself room.,Billboard Music Award
49,Adam Levine,Sweden,Focus early various everything late seek now property from management foot.,Grammy Award
50,Adelaide Symphony Orchestra,Germany,Deep something future they red everybody act way beat result major serve real position.,Billboard Music Award
51,Adele,United States,Large admit family identify during professional hard network gas you nearly goal law fill.,American Music Award
52,Adolphus Hailstork,United States,Building court build movie several continue describe machine right with.,American Music Award
53,Adone Alleva,France,Others wonder strategy fast guess few remain call animal approach factor want point sell bill.,Brit Award
54,Adriana,United States,Off light key continue anything wait local.,Brit Award
55,Adriana Aloysius,Germany,Husband available picture approach chance none fight yes.,Brit Award
56,Adriel Favela,Ireland,Newspaper indicate other peace simply herself training father open.,American Music Award
57,Adrián Berenguer,Germany,Figure perform participant science way debate decision produce church community avoid able late.,Grammy Award
58,Aerosmith,Brazil,Like allow explain executive teacher author do enough social operation sound cup boy different chance enter.,Grammy Award
59,Africa Levine,Australia,Author coach film see notice eye buy read record.,Grammy Award
60,Afroman,Sweden,Matter management ball always it focus economy before while structure offer.,MTV Music Award
61,Afterhours,India,Yourself public especially American series like prepare.,Brit Award
62,Agnes Obel,South Korea,Consider one play man before girl four prove tax form really.,Grammy Award
63,Agustín Amigó,Spain,Production hundred set already because education break significant ten stay ability.,Brit Award
64,Agustín Lara,Italy,Left approach million performance material kind appear environment capital explain thing machine ahead picture son.,Brit Award
65,Ahmad Jamal Quintet,United States,Financial add impact different success box water positive child.,None
66,Ahmed Malek,Netherlands,Meeting event strong woman during necessary himself two meet these tell.,MTV Music Award
67,Ahron Kupner,France,Significant take future skin environment able rise study oil process tend.,None
68,Aiday Ainur,United States,Mrs generation necessary myself lay focus country recently occur do simply analysis seat relate.,American Music Award
69,Ainda,Italy,History professional star wonder manager already maybe opportunity thank them key moment.,Grammy Award
70,Ainslie Wills,Australia,Address century that wide avoid sit enter perhaps however bag forget purpose move west.,MTV Music Award
71,Airha,Ireland,Responsibility service their along attention piece TV young section its better plant their kitchen really tough.,American Music Award
72,Aisha Badru,Japan,Food argue grow issue each include radio.,American Music Award
73,Ajate,Brazil,Color bad that people drive tree central leave effect.,None
74,Akon,Netherlands,Project together let explain national available war write federal while real.,Grammy Award
75,Akshin Alizadeh,Ireland,Suddenly current his low down occur offer yeah far within probably ever not rate.,Juno Award
76,Al Green,Germany,Treat seat strategy total simply discover soon.,Brit Award
77,Alabama Shakes,Brazil,Pm per question return process stuff pick tough position final.,Billboard Music Award
78,Alan Hovhaness,Canada,Almost half capital travel force indeed customer skill theory hand maybe evening clearly.,Brit Award
79,Alan Jackson,South Korea,Whose far that sound life away senior difficult put purpose however suffer newspaper bed.,Brit Award
80,Alan Price,United States,Add Mr lawyer pull public once state wait board doctor agent this no.,Billboard Music Award
81,Albert Hammond Jr,India,Determine as statement travel few impact cause watch fight manage best thought career law provide sea.,Juno Award
82,Albert King,Japan,Industry score choice increase between majority impact week allow have kitchen wear talk between rate.,American Music Award
83,Albert Natural,Canada,Top population art every why we station begin deep police wife anything four writer skin.,Billboard Music Award
84,Albert Pla,Sweden,Attention share debate democratic thank forget challenge too able teach.,Billboard Music Award
85,Albert Wenmo,Australia,Would music sometimes body term capital group small open.,MTV Music Award
86,Alberto Beltran,United States,Company appear score moment second live sing.,MTV Music Award
87,Alberto Cortez,Ireland,Order later develop past road training probably feeling poor all your suggest international blue Republican.,MTV Music Award
88,Alberto Escobar,Canada,Available ball part assume every plan nature foot yes most law painting between.,American Music Award
89,Alberto Y Roberto,Ireland,Table prepare shoulder result Democrat later direction fund.,Billboard Music Award
90,Albéric Magnard,United States,Human role fine fine effort well rather listen before be it season head candidate.,Grammy Award
91,Aldo Romano,France,Only no form business government program seek test.,Billboard Music Award
92,Ale Imke,Australia,Why outside goal official defense prevent difference.,American Music Award
93,Alejandra Guzman,Spain,Glass news boy everything difficult investment night should.,MTV Music Award
94,Alejandro Fernández,Japan,Party poor ago upon stop environment Congress reflect finally fund accept thank not husband center plan.,American Music Award
95,Alejandro Filio,Ireland,Begin most heavy law church find food.,MTV Music Award
96,Alejandro Santamaria,Germany,Other third choose senior anyone bank kitchen interest parent increase democratic mention generation book question.,American Music Award
97,Alejandro Sanz,United Kingdom,Main project animal house out account feeling deep case eight foreign account section compare herself region.,None
98,Aleks Syntek,Germany,Next property government however score job least back fine investment identify policy face if.,Grammy Award
99,Alessi Brothers,Germany,Commercial way least ready gun join black job hundred bad that second.,MTV Music Award
100,Alessia Cara,Canada,Four collection member box member town glass road standard spring.,MTV Music Award
101,Alesso,Japan,Bill eight community check service away week physical less nor.,Billboard Music Award
102,Alex & Sierra,Australia,Large under north play person ten physical character attention kind field ever argue medical financial later.,Juno Award
103,Alex Aiono,South Korea,Hard expert popular within bed order his oil.,Juno Award
104,Alex Anwandter,Netherlands,Last special prepare focus little character artist.,American Music Award
105,Alex Bleeker & The Freaks,Japan,Specific study word base position always remain yard.,Brit Award
106,Alex Clare,Japan,Mission city health executive impact full our smile positive at behind question exist rich prevent.,Brit Award
107,Alex Cuba,United States,Their four old center glass whose recognize hot organization visit finally heavy social spend prove stock.,Billboard Music Award
108,Alex Divello,Brazil,Behavior provide meet adult final week game she court yourself choice fast small medical music.,American Music Award
109,Alex Fernández,Japan,Also from short capital heavy class story side speak close join improve put down know.,Grammy Award
110,Alex Ferreira,United Kingdom,Sell six doctor dream whole six tough create question now key.,Billboard Music Award
111,Alex Galvan,Italy,Sing me industry class current painting their appear lose he various.,MTV Music Award
112,Alex Gargolas,South Korea,Surface expect several evening town challenge join watch develop later glass ago apply maybe dog.,Grammy Award
113,Alex Gaudino,Canada,Heart agreement us stuff practice social case expert.,American Music Award
114,Alex Rose,United Kingdom,Receive catch relationship large accept bad eight strong nature road month book explain feeling.,MTV Music Award
115,Alex Schulz,Spain,Draw police performance artist student matter movie.,None
116,Alex Turner,France,Middle drop century investment pass drive indicate professor beat window attack moment medical write never hospital.,Brit Award
117,Alex Ubago,Australia,Analysis hit health section ground attack drop price billion old series card good full.,American Music Award
118,Alex Wiley,Netherlands,Store range wonder long consider care respond want already.,None
119,Alex Winston,Japan,Analysis current among value middle writer myself education send course.,None
120,Alexa Popov,South Korea,Television answer pretty event son join hundred keep what fund cost reality.,MTV Music Award
121,Alexander Borodin,Italy,Under mind song risk bad own state nation fly bag produce fill.,American Music Award
122,Alexander Glazunov,Canada,Response coach know language risk treatment past itself police social arm provide image message seek civil.,MTV Music Award
123,Alexander Jean,Japan,Central parent sit alone attack sing hand.,American Music Award
124,Alexander Scriabin,Germany,We allow check last he know baby case happen fire everything whether ago.,None
125,Alexander Wurzler,Ireland,Material hit no energy employee land you experience trouble.,None
126,Alexandra Stan,Sweden,Customer career available common require young specific whose worry property remember nearly face feel.,None
127,Alexandre Desplat,Sweden,Republican until point soldier meeting building cut catch so.,Juno Award
128,Alexas Lucio,India,Guess occur level work candidate this assume.,Brit Award
129,Alexis Ffrench,Canada,Yourself rest moment shoulder statement available win politics last quite general there sister.,Billboard Music Award
130,Alexis Korner's Blues Incorporated,Ireland,Consider whom item treat area buy check clearly follow remember generation wait thus suffer economy play.,MTV Music Award
131,Alexis y Fido,India,Ever person pass behavior political option oil commercial person top front under American tell ball.,MTV Music Award
132,Alfio Origlio,Sweden,Enough decision occur peace air threat nation politics few each southern image law read citizen.,Brit Award
133,Alfonso Barbieri,Germany,Machine daughter parent fine responsibility safe team wish candidate have no five letter.,Juno Award
134,Alfonso Esparza Oteo,France,Last cell anything war ten industry while total spend value return.,Billboard Music Award
135,Alfonso de Vilallonga,Australia,Several marriage method material final age war measure whom Democrat.,American Music Award
136,Alfredo Catalani,United States,Any example our successful pull experience account blue care enough hand idea.,MTV Music Award
137,Alfredo Evans,Canada,Hundred now crime network available mean share.,Billboard Music Award
138,Alfredo Olivas,Netherlands,Stay perhaps particularly campaign benefit health would newspaper hand certain own.,American Music Award
139,Alfredo Rodriguez,Brazil,Matter and case four listen lead paper middle foreign party class wrong school.,MTV Music Award
140,Algero,Netherlands,Order medical meeting majority none little admit former body indicate film.,MTV Music Award
141,Alice Cooper,South Korea,Ago listen whose situation simply officer return on color pick people subject challenge quite all way.,Juno Award
142,Alice Deejay,Germany,Course kid industry include data maybe particularly likely.,Juno Award
143,Alice True Colors,Canada,Relationship million night your long heavy what least.,Juno Award
144,Alicia Keys,Japan,Garden great sign return poor really particular court east newspaper different win father eye debate.,American Music Award
145,Alicia Rey,Spain,First give value somebody event business quality here woman stand west source fact explain.,Brit Award
146,Alina Baraz,France,Get kind either look dark Mrs usually receive.,None
147,Alina Hussain,Netherlands,Body scientist dream anything toward difficult do beyond form.,Billboard Music Award
148,Aliotta Haynes Jeremiah,Netherlands,Beyond side accept nearly upon imagine various there local current white fly position traditional.,MTV Music Award
149,Alkilados,Japan,Present discussion school sure also TV individual study.,American Music Award
150,All Time Low,Spain,Young however many view while unit theory.,MTV Music Award
151,Allday,United Kingdom,Fear owner up friend lawyer political modern.,None
152,Allison,Australia,Surface life cover both class learn either control say.,None
153,Allman Brothers Band,United Kingdom,Nothing serious compare task today still middle beautiful protect continue cell.,American Music Award
154,Alogte Oho & His Sounds of Joy,Canada,Very according himself land environment form old of end growth door property.,MTV Music Award
155,Alok,South Korea,Fill if maybe time region financial brother trouble far pass despite card check security.,Grammy Award
156,Alonestar,Italy,Health reduce tree serious soon stay seven quite other skin moment month gun true born stock.,Brit Award
157,Alpine,Italy,Dark Mr clearly take kind quite response major together knowledge argue car indeed nor.,Billboard Music Award
158,Alta Consigna,Australia,Left southern rich how staff second official and general as yes various attorney value all.,Brit Award
159,Alun Armstrong,South Korea,Conference career political role white hear through large true help bag who themselves.,Brit Award
160,Alvaro Carrillo,Brazil,President girl condition Mr more road development about age.,Billboard Music Award
161,Amanaz,France,Leg rest interest here discover leave choice country themselves she allow.,Juno Award
162,Amanda Seyfried,Netherlands,Past view threat drive attack order land public the each analysis keep music.,None
163,Ameba,Brazil,Cell year doctor trouble office officer significant stand.,Brit Award
164,America,France,Few century produce determine feel article we they treatment personal.,Grammy Award
165,American Authors,Germany,New another general poor high modern recent impact feel contain Mrs drive different.,Juno Award
166,American Legion,Canada,South trip none whose newspaper care drug data position.,American Music Award
167,Amilcare Ponchielli,United Kingdom,Suggest begin right couple environmental purpose owner them could seven right next look thank.,Juno Award
168,Aminé,Italy,Field training deep couple scientist section senior trial receive region however dream.,Billboard Music Award
169,Amma Lerato,Spain,Simply herself move grow end mention market better wonder light style trial.,American Music Award
170,Amos Lee,United States,Fine animal ten scientist administration network once result far cultural discover now.,None
171,Amy Beach,Sweden,Material pressure range either start whom politics make collection some.,MTV Music Award
172,Amy Grant,India,Cause national contain threat wrong whatever model stuff avoid.,None
173,Amy Winehouse,Ireland,Share include successful discuss religious across media.,Juno Award
174,Ana Belén,United States,Art point value tree process administration mother in admit reveal movie expert.,Grammy Award
175,Ana Bárbara,United Kingdom,Spend purpose south travel blood benefit chance court money spring environment however health image.,None
176,Ana Tijoux,Japan,During recently feel stock ball yard practice all if help live PM reflect bar suddenly.,None
177,Anakena,United Kingdom,Not teach believe month amount deep test thought little another avoid understand.,None
178,Anaïs Mitchell,Sweden,Nor allow up fire which onto sell require huge baby class drive strong home to.,None
179,Anderson .Paak,Japan,Himself science so ready bad seat generation best discussion away painting pass.,American Music Award
180,Anderson East,France,However similar ahead event yeah make green wait it quickly produce beat peace something require bank.,Juno Award
181,Andrea Bocelli,Brazil,Here six child hope guess before wall know seven.,American Music Award
182,Andrea Echeverri,United States,Car cost large never impact ago government behavior.,Billboard Music Award
183,Andrea Laszlo De Simone,France,Six tell activity including single right nice yeah drug minute rate college especially environmental certainly cold.,Juno Award
184,Andrea von Kampen,France,Inside machine baby edge east person order crime blood fight we.,MTV Music Award
185,Andreas Borkental,Brazil,Success here television key issue statement prepare organization feel owner receive look.,Billboard Music Award
186,Andreas Horschel,Spain,Who why fact reason make office drug heavy staff.,MTV Music Award
187,Andreas Moe,Italy,Half usually customer young conference should agree road wall decide something story attorney.,Juno Award
188,Andrei Smirnova,Australia,Pull cause field education child institution help last our old move type thank.,Billboard Music Award
189,Andrew Bird,Italy,Myself so growth time Mr point be shoulder price great positive and worker.,Juno Award
190,Andrew Gialanella,Ireland,Whom former someone black better develop section newspaper reach determine hear leg quickly.,American Music Award
191,Andrew Lloyd Webber,India,Character young lot far turn beat story role give gas six miss give best.,None
192,André Rieu,Japan,Five feel special boy support possible quality clearly worker during company civil nice when.,American Music Award
193,André Verchuren,South Korea,Something picture control price how scene third last involve above.,Grammy Award
194,Andrés Calamaro,United States,Day sell speak artist big the cost for leader energy.,American Music Award
195,Andrés Cepeda,Japan,Month police others particularly only girl suddenly pay sport relationship father pass be care.,Brit Award
196,Andy & Lucas,Netherlands,Draw bring health center home others offer institution main.,American Music Award
197,Andy Frasco & The U.N.,Italy,Really population yourself never majority cell fire late approach grow act carry spring white measure.,Brit Award
198,Andy Grammer,Sweden,Important man report kitchen cold not somebody determine allow different eye sit not significant.,American Music Award
199,Andy Rivera,Australia,Near both box simple statement happen state among rest national wrong bill stop seem.,Brit Award
200,Andy Sheppard Quartet,Sweden,Themselves allow enjoy television beautiful tend bring speech decide scene ready.,Brit Award
201,Andy Williams,Japan,Plan coach cause deal deal arrive go exactly much food region eye environment teach world quickly.,None
202,Angel Y Khriz,Germany,Career seek in arrive everyone pretty reduce car.,Juno Award
203,Angelina Winter,United States,Represent stock seven put majority officer environmental increase later.,American Music Award
204,Angelo,Australia,Idea seek reason theory lawyer maintain old than.,Brit Award
205,Angelo De Augustine,France,Room learn professional group as move design involve.,Grammy Award
206,Angus & Julia Stone,United Kingdom,Manager follow exist natural candidate system small thus several animal.,None
207,Angus Grove,Spain,Six least buy tax kid a when dark read car practice city usually ever pressure economy.,MTV Music Award
208,Ani DiFranco,India,Professor power appear personal rise sense investment before believe degree back order.,Juno Award
209,Anikdote,South Korea,Quite act receive stage write institution car audience him room bill finish thing case similar.,None
210,Anitta,Netherlands,Political quality attention none particular clearly goal defense security.,Brit Award
211,Anja Lechner,South Korea,Pattern kind describe to cause but role goal investment social easy popular easy.,Brit Award
212,Anna Kendrick,Australia,Outside parent single real summer probably feeling military meeting security far approach today west manager both.,Juno Award
213,Anna Mieke,Italy,Point audience thousand activity guess first hit stuff inside national common likely would authority.,Grammy Award
214,Anne Hathaway,Sweden,Attack energy always art smile media pick may indeed reduce bar Mr pattern everyone finally memory.,Grammy Award
215,Annie Lennox,United Kingdom,Window choice force only shake power poor financial join well.,None
216,Anonymous,Italy,Around beat its law participant finally score scientist budget remain.,Billboard Music Award
217,Anthony Crivello,Netherlands,Clearly well mission situation result cold camera.,Juno Award
218,Anthony King,United States,Run brother tonight friend investment model enjoy window physical many member.,Juno Award
219,Antoine Gasquet,Ireland,Matter note happy effort bill off reveal direction.,MTV Music Award
220,Anton Ewald,Japan,Able teach activity animal hair turn condition whether along sort research pretty different eat trouble.,Billboard Music Award
221,Antonio Aguilar,Australia,Even back head maybe top conference source wonder west attention let executive.,Juno Award
222,Antonio Garcia Isaac,Ireland,Force network account customer nor fight performance less option management significant.,Brit Award
223,Antonio Orozco,Japan,Run national somebody character usually agency must player really act.,Grammy Award
224,Antonio Salieri,Italy,Ability price support road billion morning draw man art young Republican behavior.,Brit Award
225,Antonio Vega,Brazil,Today mind red head window be believe card star avoid.,Juno Award
226,Antonio Vivaldi,Canada,Artist production candidate factor surface unit hotel story for laugh do want carry show board.,Juno Award
227,Antonín Dvořák,United Kingdom,Clearly letter image movie who debate final enter.,Juno Award
228,Anuel AA,Germany,Bed space fight relate owner Democrat task chance represent.,American Music Award
229,Aoife O'Donovan,Sweden,How any federal star community weight take new nearly behind big soldier.,None
230,Aquilo,United Kingdom,Activity store work candidate statement head piece popular old.,MTV Music Award
231,Aram Khachaturian,Italy,True avoid young cup position speak begin suggest speak business walk.,None
232,Arcade Fire,Sweden,Collection off start house ahead raise common.,American Music Award
233,Architecture In Helsinki,Netherlands,Traditional every land chance pass pay positive material third look.,Grammy Award
234,Arctic Monkeys,Italy,Evidence case current this moment piece soon some.,Grammy Award
235,Arcángel,Netherlands,Site grow name machine tree maybe home conference five despite time sing.,Grammy Award
236,Aretha Franklin,India,Speak line group once do city easy drop.,MTV Music Award
237,Argonaut & Wasp,Brazil,Staff true argue you detail suffer something great stuff suddenly compare or south recently trial.,Billboard Music Award
238,Argun North,Germany,Region goal nothing center way student special.,Brit Award
239,Ari Abdul,Spain,My compare also argue own after long forward pass southern future concern sort than.,Juno Award
240,Ariana Grande,India,Against only true similar suffer team whether health.,Brit Award
241,Ariel Camacho y Los Plebes Del Rancho,United States,Only from follow wish run join police maintain fish religious no threat party.,Brit Award
242,Arizona Baby,Netherlands,Development open compare fill read camera rock we we hot yes whole.,Brit Award
243,Arizona Zervas,Germany,Consider fish speak particularly policy bit many.,Juno Award
244,Armand Beck,Netherlands,Seat draw word collection those become remember police though land enter economic.,Brit Award
245,Armando Manzanero,Ireland,Go skin result answer just information coach increase.,Billboard Music Award
246,Armel Dupas Trio,Sweden,Goal heart stock small official serve difficult later son almost after end.,American Music Award
247,Armin van Buuren,Australia,Avoid color heart rule natural together behavior order.,MTV Music Award
248,Arms,Canada,Throw relate issue president parent its approach former window important never understand music produce father benefit.,American Music Award
249,Arnold Schoenberg,India,Occur style child guess into far product outside current agent color factor bank.,American Music Award
250,AronChupa,Canada,Final however major produce before name continue those.,None
251,Art Blakey & The Jazz Messengers,Netherlands,Cost and keep enjoy student nor character recent benefit property space including.,Juno Award
252,Art Davis,Brazil,Dinner article hit mission whole reach view of dog federal house take alone number might number.,Brit Award
253,Art Tatum,United States,Challenge we last we cold deep cover amount bad raise dark state challenge organization floor road.,Juno Award
254,Arthur & The Emigrants,United States,Beautiful news need task mind true actually red.,Brit Award
255,Arthur Alexander,South Korea,Mission information increase challenge onto serve vote understand none big experience movie gas improve him magazine.,Billboard Music Award
256,Arthur Lyman,Spain,List common idea peace race I how these real any little environmental head full soldier financial.,MTV Music Award
257,Arthur Russell,Ireland,Teach range win direction feel season similar fly rock painting become kid tree imagine.,Grammy Award
258,Artie Shaw,United States,Service test start middle city find medical career surface these ahead cover strategy student.,American Music Award
259,Arturo Márquez,Sweden,Almost anything growth current happy less however type race drop.,Grammy Award
260,Arvo Pärt,Italy,Order concern that only glass clear thus see read expect hit clear occur who.,MTV Music Award
261,Ases Falsos,Sweden,Positive question especially important after sister should across treatment positive.,American Music Award
262,Ash,United Kingdom,Song difference part wall require remember every time surface learn design few minute perhaps once account.,Grammy Award
263,Asher Monroe,United Kingdom,No order executive range loss from everybody foot everybody prevent weight prepare.,Grammy Award
264,Ashlee,Japan,Change she tonight south sort outside produce race return pretty.,None
265,Ashley Artus,Spain,Else industry home along remain occur couple risk develop movement size.,Juno Award
266,Aspirante,Italy,Medical suddenly subject theory Congress best campaign else space several consumer quite.,Billboard Music Award
267,Aterciopelados,United Kingdom,Pressure develop development the inside thought he one less brother approach plant.,MTV Music Award
268,Athletic Progression,Australia,Want author threat matter test high fear approach take case customer important notice trade leader first.,MTV Music Award
269,Atlas Genius,Italy,Single maintain piece computer play above event seven collection.,MTV Music Award
270,Audio Bug,Ireland,Majority shake because pass plant idea whole himself also.,American Music Award
271,Audio Idols,Brazil,Room wear throughout series most adult above safe difficult theory.,None
272,Audioslave,France,Can himself open cold statement fear fact road others full thousand.,Billboard Music Award
273,August Wilkes,Canada,Garden top grow could way truth idea direction road.,Brit Award
274,Aurelius Schmidt,Netherlands,Deep against mean but represent society heart policy side.,American Music Award
275,Austin Basham,Italy,Any yes product president after ready indicate herself natural listen check receive piece feeling product production.,MTV Music Award
276,Austin Mahone,Sweden,Performance red industry together memory pay executive size marriage participant sing.,American Music Award
277,Austyn Johnson,South Korea,Win group important civil nature travel read lose doctor actually become book off management we.,Grammy Award
278,Ava Olivia Bailey,South Korea,Avoid rich toward popular lead with enough anyone spend them system growth quality international break.,American Music Award
279,Aveline Bisset,Canada,Act catch positive forget thus western environmental.,Juno Award
280,Avenged Sevenfold,South Korea,Head garden box hundred lead structure ready long.,Juno Award
281,Aventura,Australia,Power someone both receive around wall city indeed opportunity soon question consider here.,American Music Award
282,Avi Kaplan,France,Particularly television they road through low maintain thought key as pressure actually.,MTV Music Award
283,Avicii,Japan,Should office north within prove full mission red believe product eat generation put his stuff.,Grammy Award
284,Avril Lavigne,Japan,Throughout party activity various measure light many close seem fly former everything medical nearly her.,MTV Music Award
285,Axel,Germany,Bad know of because material firm wonder seat adult idea.,Grammy Award
286,Axel Muñiz,Spain,News a before page people fight meet.,None
287,Axero,Netherlands,Pressure lay future stay staff such forward should outside respond.,Juno Award
288,Axwell /\ Ingrosso,Italy,Respond box service develop game stop who factor miss reduce animal clearly.,Grammy Award
289,Ayurveda Massage Music Specialists,Spain,State score important effect cultural building system democratic station.,Grammy Award
290,Azul Azul,United States,Response blue increase unit study open sign late probably what.,None
291,Azul de Viena,Canada,White above save network item one under sit travel.,MTV Music Award
292,Azur,Canada,Community spring billion price paper focus thing industry participant realize eat huge garden family source catch.,Juno Award
293,Azymuth,United States,Record security federal reduce team Republican very plan cut person fact generation public wonder practice when.,Grammy Award
294,B.B. King,Germany,My PM report set no old wall report purpose throw move there institution actually.,Juno Award
295,B.o.B,India,Agent certainly prove customer seek claim expert economy.,None
296,BAILEN,Brazil,Real far send allow sport bill test science.,Billboard Music Award
297,BANDIDO,Italy,Score night down six sometimes explain professor unit hold what.,Juno Award
298,BANKS,Canada,Whole approach season data than team kitchen difficult plant remember happy open.,Billboard Music Award
299,BANNERS,Brazil,Cultural right cover large work avoid while same budget American evidence enough claim suffer accept letter.,Brit Award
300,BAYNK,Canada,Always up others similar personal successful feeling so nearly.,Billboard Music Award
301,BOY,India,Six fish detail contain attention measure indeed Mr.,Brit Award
302,BOYS LIKE GIRLS,United States,Glass third professional former family wear peace little.,Billboard Music Award
303,BRIDGE,South Korea,Statement wonder across protect knowledge toward party perform where radio fly trouble war history music.,MTV Music Award
304,Babasonicos,Japan,Agency might side method meet main fast prepare fly bank benefit.,Brit Award
305,Babe Rainbow,India,Mouth phone decision picture defense rate structure day stock these scientist itself stage authority rather.,American Music Award
306,Babik Reinhardt,Canada,Learn forward beautiful approach some newspaper offer.,American Music Award
307,Baby Rasta & Gringo,United States,Treat imagine later identify first hope brother accept result as.,Billboard Music Award
308,Babyshambles,Netherlands,Animal summer group me face rate paper example unit high state air choose detail section someone.,None
309,Bachman-Turner Overdrive,India,Far plant fear thought whole term possible whatever action themselves center among of hour natural.,American Music Award
310,Bacilos,Ireland,Fight security tough gas include position mention claim.,Juno Award
311,Backstreet Boys,Germany,Pattern education boy provide note approach seem wrong nature popular.,Billboard Music Award
312,Bad Books,United States,Fact attack better rise maintain former campaign pretty.,Billboard Music Award
313,Bad Bunny,Italy,Expect attorney cover magazine foreign process really charge.,Juno Award
314,Bad Company,Canada,Hair first into above east develop science job style care run there leg grow figure.,Juno Award
315,Bad Flamingo,Australia,Board population bank exactly step through cultural safe phone road throughout support place spend often.,American Music Award
316,Bad Gyal,Japan,Defense already end thus music president chance hotel through operation tax card may bed hair action.,American Music Award
317,Bad Meets Evil,Spain,Summer southern pass coach method land condition we process whose.,Grammy Award
318,Bad Suns,Canada,Voice American seven discussion enough doctor protect military social hold truth thing always possible.,Juno Award
319,Badfinger,Italy,Region miss stop strong enjoy name community president.,Brit Award
320,Bag Raiders,United Kingdom,Onto together back edge win development image stage generation society thought according.,Billboard Music Award
321,Baha Men,South Korea,Key discover method exactly change church own stage produce.,American Music Award
322,Bahamas,Netherlands,Specific result loss long decision claim street against amount of claim picture always.,Brit Award
323,Bailey Jehl,Netherlands,Chair coach two might if wide point these road start water describe paper likely loss.,American Music Award
324,Bakar,Brazil,Store over some star consider process enough right garden law.,American Music Award
325,Bakermat,Brazil,Attention her car admit mission training range step painting concern top outside there mother sell behavior.,Grammy Award
326,Balduin,Spain,Top much ability visit question issue inside themselves recently.,Juno Award
327,Baltic House Orchestra,Canada,Director sort smile high open scientist seven recent best care local discussion teacher.,Billboard Music Award
328,Baltimora,Sweden,Our myself election accept season according mission mind heart day sound.,Billboard Music Award
329,Band Of Skulls,Spain,Gun choice prepare effect talk interest hand every quite sense including six lot.,MTV Music Award
330,Band of Horses,Sweden,Next low write officer similar huge catch tell budget discover situation we.,None
331,Banda El Recodo,France,Democrat hundred full nearly recent religious claim who.,Juno Award
332,Banda Los Recoditos,Canada,Source statement likely outside because enjoy he.,None
333,Banda MS de Sergio Lizárraga,United States,Also his worker pass minute represent our watch star policy keep cut prevent sound experience almost.,None
334,Banda Sinaloense MS de Sergio Lizárraga,United States,Member recognize past purpose growth pretty wish beautiful every human prove if customer address region try.,Grammy Award
335,Banda Tierra Sagrada,Japan,Expect stop trip give white everybody paper create upon offer end imagine blood authority family.,Brit Award
336,Baptiste Trotignon,France,Sort what then spend offer reason whom none.,Grammy Award
337,Barenaked Ladies,Germany,Serious which learn leave only agree break attack plant yes.,None
338,Barns Courtney,France,Son include good movie red enjoy expert human see garden.,None
339,Baron Dance,France,Use live government thus especially water raise travel material current save their deal dark economic.,Brit Award
340,Barry Louis Polisar,Spain,Green single build bad what manage according tax when summer he firm together thing off ever.,Billboard Music Award
341,Barton Hartshorn,Ireland,Worker trouble exactly develop office approach son long must.,MTV Music Award
342,Bastille,South Korea,Girl team simply lead build million firm across purpose here beyond gun technology cost.,MTV Music Award
343,Basto,India,Down likely party hand material decision red head take evidence conference.,Billboard Music Award
344,Bazzi,Japan,Without rather sport result sound new task cultural son.,American Music Award
345,Beach House,Japan,List act instead care throw piece move firm main.,Grammy Award
346,Beady Eye,Japan,No nothing huge real art sport live picture last free guess.,MTV Music Award
347,Beastie Boys,United States,Newspaper special general in go quickly paper officer practice Mrs without expect foot member simple.,Juno Award
348,Bebe Rexha,India,Threat high expert place certain cold space front piece occur support author class direction.,None
349,Bebu Silvetti,France,President report painting house thought sit voice security minute late cold take.,American Music Award
350,Beck,South Korea,Road product wait red bag cold billion as these.,Brit Award
351,Becky G,Germany,Approach side model you billion peace base use hope director scene kitchen call money color.,Juno Award
352,Bedřich Smetana,Sweden,Professional team foot live window music evening.,MTV Music Award
353,Bee Gees,Ireland,Career way much opportunity lead see theory itself policy move training loss dinner.,Brit Award
354,Beegie Adair,United States,Kind hand employee field a spring summer gas.,American Music Award
355,Belanova,Canada,Movement reach man sense federal she something others someone nature country think join economic.,Brit Award
356,Belbao,Canada,Stock determine bad personal might son party really even possible mother especially could.,American Music Award
357,Belinda,Canada,Consumer face PM pay evening performance could affect.,Brit Award
358,Belinda Carlisle,Italy,Wide against win example by just account.,Grammy Award
359,Bellakath,Spain,Character management game find son your less social.,MTV Music Award
360,Belle and Sebastian,United Kingdom,Bag seek certainly entire hotel myself consider time economic high actually window.,MTV Music Award
361,Belleville,France,His window east yes current same behind program decade home.,None
362,Belly,United Kingdom,View city rock seat near business loss federal growth appear project.,American Music Award
363,Ben E. King,Australia,Door its address some once how during why.,Brit Award
364,Ben Flocks,Spain,Situation little other he become citizen before peace us young personal art popular red social call.,Billboard Music Award
365,Ben Folds,Canada,First next popular girl through run again help right economy.,None
366,Ben Folds Five,Ireland,Magazine join far recent couple cost girl.,Juno Award
367,Ben Frost,Netherlands,Every story trial never attention choice fast enjoy happen a point here control affect.,Juno Award
368,Ben Harper,United States,Simply draw return probably much hold model marriage necessary party follow political.,None
369,Ben Howard,Spain,Benefit probably analysis visit condition all blood court.,MTV Music Award
370,Ben Kweller,Sweden,Number student price moment red eight hand.,Brit Award
371,Ben Rector,Ireland,Responsibility actually TV pretty up story life police guess sea three state some around pay more.,Brit Award
372,Ben Webster & Oscar Peterson,Ireland,Strong back democratic mind big discuss history cover.,Grammy Award
373,Ben von Wildenhaus,Italy,Now way next newspaper second short office purpose reflect interview.,Juno Award
374,Benis Cletin,United States,Coach Congress husband front citizen your kitchen good.,Billboard Music Award
375,Benito Martinez,India,Nearly you suddenly include plan step food drive nation heart nearly season.,MTV Music Award
376,Benjamin Baker,Japan,Which language however risk work other military year few feel develop talk.,Grammy Award
377,Benjamin Francis Leftwich,Italy,Sign wall state try memory number occur.,Billboard Music Award
378,Benjamin Gibbard,Ireland,Also green catch happen old do specific begin.,MTV Music Award
379,Benjamins Friend,India,Notice design baby foot lot major together reflect standard believe politics also space.,Grammy Award
380,Benny,United States,Bad argue side girl stage indicate test thank dinner present own activity.,Billboard Music Award
381,Benny Goodman Sextet,Netherlands,Him fight American music change maybe determine anything rule hotel knowledge organization measure develop face hour.,MTV Music Award
382,Beny Moré,Sweden,From live seat nature energy huge its recently seven.,Juno Award
383,Bessie Smith,Ireland,Nice maintain present cultural pattern save east author since food under become public interest.,Billboard Music Award
384,Betoko,Canada,Couple general pretty show college glass start sort perhaps key under do.,Brit Award
385,Betta Lemme,United Kingdom,Choose rock beat science drug per challenge strategy explain gas sound figure.,American Music Award
386,Better Oblivion Community Center,France,Age decade Mrs data model else low role center recognize adult on professional analysis.,American Music Award
387,Betty Who,Spain,Art customer recent even let war at produce production.,Brit Award
388,Beyoncé,Spain,Ten affect test power discuss herself with between firm term mother cost.,Billboard Music Award
389,Beéle,Canada,Whom night Republican always two figure majority season adult range green few you without.,Brit Award
390,Bienvenido Granda,Ireland,Speech personal these three spring ahead never exactly charge today prevent.,American Music Award
391,Biffy Clyro,France,Role minute question their rather individual of interview.,American Music Award
392,Big Boy,Netherlands,Travel forget my deal catch must son television finally relate model.,Billboard Music Award
393,Big Brother & The Holding Company,India,Involve training show prevent north citizen attack mouth rest.,American Music Award
394,Big Gigantic,United Kingdom,Fish they risk she they increase in kitchen value.,Juno Award
395,Big Grams,France,Charge could capital ago worry pay paper partner others discuss ago.,Brit Award
396,Big Mountain,India,Read live maybe painting Republican hear system man.,Juno Award
397,Big Red Machine,France,Clearly difficult impact why understand wear development provide dark.,Juno Award
398,Big Scary,Australia,At until worry term majority foot leader east if among.,Billboard Music Award
399,Big Shaq,Netherlands,Result hour voice occur movie political region although body lead there there.,Brit Award
400,Big Star,Sweden,Million how same newspaper might piece any fact huge fight.,Billboard Music Award
401,Big Thief,Sweden,Leave institution party approach might central stop later reveal both single.,American Music Award
402,Big Wild,Spain,Career including late condition opportunity Republican dark lawyer economic reality trade someone responsibility but box.,MTV Music Award
403,Big Yamo,Australia,Plant be religious risk window partner civil nearly analysis color friend the television class.,Billboard Music Award
404,Bill Charlap,France,Condition Republican information finally shoulder land phone brother capital.,Billboard Music Award
405,Bill Charlap Trio,South Korea,About she activity marriage material space part management describe process.,MTV Music Award
406,Bill Conti,South Korea,Improve bag outside each natural people newspaper stay any challenge president already take project.,None
407,Bill Evans,Sweden,Fear turn any indicate condition public particularly reality organization skin concern lay often use behavior federal.,American Music Award
408,Bill Frisell,Italy,Today star serve successful assume likely business teacher forget including decide decade.,Brit Award
409,Bill Medley,Japan,Body role pick would low read value worry.,Grammy Award
410,Bill Swindon,South Korea,Interview summer employee offer perhaps until pass market role marriage space.,None
411,Bill Valentino,Spain,Discussion fact cover brother let someone scene debate past increase animal glass south defense political real.,MTV Music Award
412,Bill Withers,United Kingdom,So film media food accept rate game right pattern ahead compare.,Grammy Award
413,Bill Wyman,Canada,Street two look listen along career choice leave tend time leg sport.,American Music Award
414,Billie Eilish,Australia,Strong federal right firm movie decade rate son.,Billboard Music Award
415,Billie Holiday,Canada,At chance subject fund heart move coach paper cost bring site final.,Billboard Music Award
416,Billie The Vision & The Dancers,India,Report even beautiful theory he stop few modern company hear also dark.,None
417,Billy Bragg,Brazil,Kitchen agent lot matter couple type run model.,American Music Award
418,Billy Idol,South Korea,Century the state visit quality car right least require mission about usually.,Brit Award
419,Billy Joel,Italy,The four threat billion she seat against serve police decide customer expert mother significant provide evening.,Brit Award
420,Billy Mack,India,Event address performance method deal go five center region.,Juno Award
421,Bing Crosby,South Korea,Off commercial find throughout music anything ahead tough anyone himself beat.,American Music Award
422,Birdtalker,Germany,Condition other or structure record pattern fine stage require provide move wind sense.,American Music Award
423,Birdy,India,Nothing behavior sort recognize best financial popular short like water century time election guy.,Juno Award
424,Bishop Briggs,India,Record professor small think law air little goal leave.,American Music Award
425,Bizarrap,Brazil,Executive give offer meet if research blood news audience.,American Music Award
426,Black Atlass,Spain,Mouth husband including per nature wind himself future sport opportunity six.,Juno Award
427,Black Coffee,Italy,Note garden reason community prove school Republican student boy other foot best knowledge.,None
428,Black Eyed Peas,Netherlands,What attorney board sport side her management produce bed stage thought.,American Music Award
429,Black Joe Lewis,Ireland,Serious produce laugh factor past language day.,American Music Award
430,Black Lips,Italy,Feel some quickly truth view response trip wrong old particularly member summer.,Billboard Music Award
431,Black Pumas,United Kingdom,Artist too whose a nice without body executive all it opportunity.,Grammy Award
432,Black Sabbath,India,Fish him high nation production little could his under style child young prove care author administration.,Brit Award
433,Black Sugar,Italy,Price window career case south team throw receive us perhaps lawyer interest star his.,Grammy Award
434,Black Uhuru,United States,Control painting official suggest door maybe improve national happen within.,None
435,Blackberry Smoke,Ireland,Low happy oil which bag room money teacher seek evidence might model particular early piece.,None
436,Blackie & Lois,United Kingdom,Range much often party tough movement action law.,Billboard Music Award
437,Blackway,United States,Off former good within far cold reason our fight size employee picture official of.,MTV Music Award
438,Bladverk Band,Brazil,Speak person expert bar measure surface everyone car exactly tax add.,Grammy Award
439,Blake Mills,United States,Page travel school process have compare site door.,MTV Music Award
440,Blake Shelton,Japan,Son television garden base certain value child many year.,Billboard Music Award
441,Blaze,Ireland,Draw key point decision same generation politics sense break cold human feeling second.,Brit Award
442,Bleachers,Canada,Do raise hope enjoy most itself eye something high firm morning what best most government.,MTV Music Award
443,Bleecker Jazz Duo,France,Particular present evening establish sort effort once leave push drop public side mind.,Billboard Music Award
444,Bleeker,United States,Finish action across attack in moment rate goal rise.,None
445,Bleu Toucan,Netherlands,Cover agency begin voice prevent structure wear point remain build task.,American Music Award
446,Blind Faith,Brazil,Heavy shake possible sort continue book contain far produce.,Brit Award
447,Blind Melon,Canada,Police two everybody interview tough show food class.,Juno Award
448,Blind Willie Johnson,Brazil,Everyone artist home you election spend concern attorney.,None
449,Blitzen Trapper,Brazil,Particular condition man century shoulder despite poor tree resource billion.,None
450,Bloc Party,India,Audience road since affect marriage present a also.,American Music Award
451,Blondfire,Brazil,Entire record toward off middle vote make job such sit size music about.,Brit Award
452,Blondie,United States,Building movement yard four field area young positive half table future subject set face.,Brit Award
453,Bloodstone,France,Computer always his course receive to piece grow be plan.,Grammy Award
454,Blue,Japan,Cause cover rest or majority as music film move strong.,Brit Award
455,Blue Foundation,Brazil,Whom administration fund front return if deep president mission vote thank Mr scientist do.,Grammy Award
456,Blue Mink,Brazil,Already center president likely truth animal red candidate.,MTV Music Award
457,Blue Scholars,Italy,Plan toward star best particularly structure ask stage box.,None
458,Blue Swede,Germany,Sometimes determine source international specific word question food wish office case student soldier share or friend.,Brit Award
459,Blue Öyster Cult,Netherlands,Event serious collection have close during old card social.,None
460,Blur,Australia,Partner sing administration main according conference become prepare thought indicate southern significant realize deal policy mission.,MTV Music Award
461,Blythe Davidson,Canada,Dream company reality other response partner because step feeling industry newspaper court worry.,Brit Award
462,Bo Boss,Japan,Peace television would medical less phone decade apply.,None
463,Bo Diddley,South Korea,Someone rate why listen computer prove amount population.,None
464,Boards of Canada,Germany,Decide edge pattern three law bit appear Mr citizen ahead method.,Grammy Award
465,Bob Dylan,Canada,Time return or for cup quality for single.,None
466,Bob Marley & The Wailers,Australia,Direction down include customer through available one approach job democratic participant concern.,Juno Award
467,Bob Seger,France,Carry rest place wish dark camera realize arrive carry surface learn commercial.,American Music Award
468,Bob Seger & The Last Heard,United Kingdom,Detail far church some well town official need discover in miss television.,Brit Award
469,Bobby Caldwell,Japan,Option student evidence role save east force often through option.,Billboard Music Award
470,Bobby Darin,Japan,Trial together individual analysis yard safe mean international hour.,American Music Award
471,Bobby Darin & The Rinky-Dinks,Australia,Laugh drive next actually rule wear car fast.,Grammy Award
472,Bobby Durham,Spain,Administration protect class learn now on with less.,Juno Award
473,Bobby Helms,Germany,Them if smile have less plant team audience throw.,None
474,Bobby Hutcherson,Netherlands,Most fast send recently partner offer debate range per friend usually method.,Juno Award
475,Bobby Oroza,Sweden,Thousand book half people half compare next attack remember daughter wonder draw.,None
476,Bobby Patterson,Netherlands,Power say sell that reflect send set fly.,Billboard Music Award
477,Bobby Womack,United States,Me institution approach health laugh may stop like mother stay tonight.,MTV Music Award
478,Boby Drum,India,Per son war speak wait assume throughout leader bag today eye what body every.,None
479,Bolz Bolz,Spain,Many themselves minute physical fall wide must car get.,Grammy Award
480,Bomba Estéreo,Brazil,Scene again country against soon strong mind from official pretty skin main program.,American Music Award
481,Bombay Bicycle Club,Brazil,Success knowledge fight car smile commercial employee machine wife show another good lay coach under.,MTV Music Award
482,Bon Iver,United States,Expect win stuff realize project child draw American first call employee continue none alone first.,MTV Music Award
483,Bon Jovi,United States,Challenge large wish move building agent use shoulder way until choose wife.,None
484,Bonka,Italy,Wish former relate listen face want wonder off chair north trade kind ready rule too.,None
485,Bonnie Raitt,Canada,Question bring agent pay detail group for part crime.,Grammy Award
486,Bonnie Tyler,Italy,Develop very everyone against Mrs knowledge public beautiful memory create fish painting want training guess.,American Music Award
487,Bonno Neo,Australia,Respond into history activity general final knowledge night democratic.,None
488,Bonny Light Horseman,United Kingdom,Score indeed kind clearly road today rock increase structure our century field write.,Grammy Award
489,Bonobo,Netherlands,Would at whether series because important trial increase new report sense carry control high network.,None
490,Booker Ervin,Germany,State few one management science different social.,None
491,Booker T. & the M.G.'s,Netherlands,Enjoy what strong line president throughout individual man reach.,Billboard Music Award
492,BoomBox,United States,Agreement share manage wife out gun lose job election rather.,Billboard Music Award
493,Born At Midnite,Netherlands,Health run adult employee ok certainly leave really group.,None
494,Born Ruffians,Canada,Evening information treatment green face morning view.,Juno Award
495,Boston,Germany,Create physical share out cold follow first suddenly son even recently guy move goal century.,Brit Award
496,Bowling For Soup,Australia,Million health machine future treat bill choice determine could.,Juno Award
497,Boyce Avenue,United Kingdom,Party story moment mother necessary series box leave baby standard type look find guy stage.,MTV Music Award
498,Boza,Spain,Mission wide common fight season budget campaign reason read film decide wonder interesting several born affect.,None
499,Brad Barr,Ireland,Serious amount blue soldier message arrive budget education at property senior site turn day.,Juno Award
500,Brad Mehldau,Italy,Continue goal before suffer walk we girl civil may rock.,Brit Award
501,Brad Paisley,South Korea,Measure attention standard shake more respond who commercial senior above.,Juno Award
502,Bradley Cooper,Australia,Under turn surface listen recently continue pull blue.,American Music Award
503,Brandi Carlile,Brazil,Wonder interest method imagine seven fire letter mind many guess explain reveal.,Billboard Music Award
504,Brandon Deshon,Sweden,Foreign break exist outside find wish know network.,Brit Award
505,Brandon Flowers,Japan,World into task thus sort voice happen actually purpose public how.,Billboard Music Award
506,Brandon Jenner,Italy,Probably be century husband opportunity big understand within ask window full organization wrong but study.,None
507,Brandy Charles,India,Everything require old event smile popular hundred live owner identify machine everything should blue.,Billboard Music Award
508,Branford Marsalis Quartet,Japan,Majority discuss wall ahead scene store marriage ago condition painting force.,None
509,Bre Kennedy,Ireland,Perform benefit baby seem should society dark product make energy gas.,Billboard Music Award
510,Breakbot,Italy,National weight all involve trip himself fire heavy least allow news team field relationship man.,None
511,Breathe Carolina,Australia,Fine home shake notice make network much like no.,Grammy Award
512,Brenda Lee,Netherlands,Media hot manager wife pay good within fly agreement.,Brit Award
513,Brett Dennen,Japan,Campaign hand special once she personal herself.,MTV Music Award
514,Brett Eldredge,United States,Generation group goal product easy possible or travel assume figure front after for.,Brit Award
515,Brett Williams,Netherlands,Price institution method inside after like against first now follow best major real day.,MTV Music Award
516,Brian Wilson,United Kingdom,Me share fund pass guy job market suggest skin subject movie explain answer you.,Brit Award
517,Bright Eyes,Australia,Source person when response official option event note most interview girl baby statement.,Brit Award
518,Brijean,United States,Sound item music customer I person law shake Congress affect reflect television officer defense.,Billboard Music Award
519,Bristol-Myers,Netherlands,Environmental point speak table trade various risk art customer leg drive second she such.,MTV Music Award
520,Briston Maroney,United States,Five store ask data include statement position either over image box court early.,Juno Award
521,Britney Spears,South Korea,Less nice job positive already city carry election sound probably compare.,MTV Music Award
522,Broken Bells,Italy,White magazine after teacher base own test.,MTV Music Award
523,Bronco,United Kingdom,To public though however style successful door number matter building professional oil simple.,Brit Award
524,Bronwen,Australia,Edge this draw business southern forget once hope security door institution certain compare wide keep.,MTV Music Award
525,Brooks,Australia,Television argue mouth record both nation little east everyone six certain.,None
526,Brooks & Dunn,Brazil,Resource start again whom paper success production wait real small dream need finally when.,Brit Award
527,Brother Ali,Canada,Total rate movement door kind account whether until truth feeling view series.,Juno Award
528,Brotherhood of Man,South Korea,Decision three trouble place these short image almost term statement wait.,None
529,Bruce Cockburn,Germany,Say unit four institution truth beyond civil end at inside role natural force receive.,Grammy Award
530,Bruce Springsteen,Canada,Political contain kitchen political able customer figure.,Billboard Music Award
531,Bruno Borlone,Japan,Bank citizen might wide store shake suggest rate society floor long same end reach step.,None
532,Bruno Mars,Japan,Cup increase consider then war this difference way type positive phone.,None
533,Bruno Martini,Ireland,Wind cup red collection husband investment employee become.,American Music Award
534,Bruno Sanders,Australia,Color note add moment significant up still management difference data watch spend.,Grammy Award
535,Bryan Adams,Italy,Explain management candidate task outside yet executive quality industry impact certainly.,MTV Music Award
536,Bryan Ferry,Spain,Wish dog late eat old positive beat light the window huge.,None
537,Bryan Kennedy,Australia,Require remain save eight believe arrive four dog traditional you.,Juno Award
538,Bryce Fox,Netherlands,Remember special accept mean herself within provide car throughout American conference college manage fund life bed.,Billboard Music Award
539,Bryce Vine,Netherlands,Item employee finish without material wind exactly guess involve total enjoy stop unit might job.,Juno Award
540,Bryson Tiller,Ireland,Firm yes shake character table price sometimes apply chance.,None
541,Bubbs,India,Consumer like clear level break time manager kid writer night.,Billboard Music Award
542,Buchanan Brothers,United States,Manage suffer term buy behavior test Congress collection meet evening through one on will.,Billboard Music Award
543,Bud Powell Trio,Japan,Short Congress turn east marriage behind forget expect wonder business health upon black food ahead.,Billboard Music Award
544,Buddy Holly,France,Store process law western order accept wide prevent week foot rule same whatever notice.,Juno Award
545,Buddy Holly & The Crickets,Ireland,Tell soon executive sometimes season natural own begin effort drive.,MTV Music Award
546,Buddy Rich Big Band,Australia,Become system clear single expect sell pressure building make it south financial rate.,None
547,Buena Vista Social Club,India,Grow benefit happen customer knowledge hold environmental outside bed.,Billboard Music Award
548,Buffalo Springfield,India,Specific pass its international American game less difference rather choice manager picture modern.,None
549,Buffy Sainte-Marie,Germany,Life bad soon feel worker range feel eat into notice necessary.,None
550,Bufi,Sweden,Message member including let result spend green.,Juno Award
551,Bunbury,United Kingdom,Bank me box product conference consider hotel bar theory fear onto lawyer prove perhaps enter whom.,American Music Award
552,Burl Ives,Japan,Decision back word else pull its adult house actually.,American Music Award
553,Bustamante,Australia,Least if price season rise field spend pattern real white push source because career.,Billboard Music Award
554,Buzzard Buzzard Buzzard,United Kingdom,Born administration wife teacher decide possible power job personal so.,Brit Award
555,BØRNS,South Korea,Beat show challenge instead bring total school knowledge machine after.,Juno Award
556,C-Funk,Spain,One cut notice street anything account piece require woman support say other never fact.,MTV Music Award
557,C-Kan,Italy,Hundred message right very toward test discussion art affect office network environmental possible threat.,Juno Award
558,C. Tangana,South Korea,Manager voice get recently again explain court gas.,American Music Award
559,CAKE,France,Medical onto rate two table resource life third rich hospital.,American Music Award
560,CAN,Italy,Strategy pull same somebody son suddenly perform executive see project can current paper.,American Music Award
561,CAPYAC,India,Soldier wall management doctor news yourself grow end.,Grammy Award
562,CHIC,United States,Company teacher me southern front box dinner no main.,Juno Award
563,CLOVES,United States,Size show show news to table them page bit anyone watch sometimes.,None
564,CLUBZ,Netherlands,Window sit participant teach big none medical cold.,None
565,CMC 3,South Korea,That treat church factor kid media run between positive.,Grammy Award
566,CNCO,Netherlands,Standard but dark wide shoulder according strong list expert commercial entire resource.,American Music Award
567,COIN,United Kingdom,Guess professor charge send instead direction soon including important learn system some gun.,Brit Award
568,CRFT,Italy,Kind show response military attorney full I.,Juno Award
569,CRX,India,Its hotel also two character off within woman sometimes.,MTV Music Award
570,Caamp,Ireland,Win information though red them return finish general still too particular chair identify popular thought.,Juno Award
571,Caballo Dorado,Germany,Small present recently thought sit identify culture feeling already free rise science call yeah exist behavior.,MTV Music Award
572,Caesars,Brazil,Fine future player age three music else strategy fight institution measure rule success employee medical.,American Music Award
573,Caetano Veloso,Italy,Answer prepare by fear say law work south writer.,American Music Award
574,Café Tacvba,United Kingdom,Research visit program suddenly doctor federal project spring of cause help scene black might court.,MTV Music Award
575,Cage The Elephant,France,Lawyer chair international include begin interesting candidate Democrat back quality idea next.,Brit Award
576,Caiola,United Kingdom,The once PM you ready way rule indicate clear media machine leader whose.,Grammy Award
577,Caity Gyorgy,India,Tell brother defense list second want hard weight own impact building occur American check he.,None
578,Cala (Rostros Ocultos),Australia,Field magazine social central operation any thus threat democratic standard major business.,None
579,Calexico,Germany,Attack and loss finally laugh full help strong street car catch PM.,None
580,Cali Y El Dandee,Netherlands,Project chance road become person perhaps hold too fund animal provide kitchen everyone because.,Juno Award
581,Calibre 50,Netherlands,Religious occur someone religious night buy nice court peace.,Grammy Award
582,Califone,Sweden,Serious whatever miss seek me affect probably mother while ever day stop stuff often be.,Juno Award
583,Calle 13,Ireland,Parent I and technology age join increase teacher fish either boy between collection century eight.,American Music Award
584,Caloncho,India,Child weight question arrive which consider require fear.,Juno Award
585,Calor Norteño,Netherlands,Floor include food heart still building dark sell.,Juno Award
586,Calvin Harris,Germany,Door meet mean we especially five network assume ahead plant trial affect never only big several.,Juno Award
587,Camelo,Canada,Fight image base player data whose health world site.,MTV Music Award
588,Camera Obscura,Japan,Weight which new among spend which per president cold art two event economy quite yourself.,None
589,Cameron Avery,Canada,Defense subject example claim move attorney bed recognize store rise your there decision measure soon this.,Grammy Award
590,Camila,Japan,Play woman remain event production focus decision where foreign trial card two.,None
591,Camila Cabello,United States,Live top pull including time reflect several Mrs skin power back all story public public good.,Brit Award
592,Camille,Germany,Still group concern should recent across leg view know develop after exactly.,American Music Award
593,Camille Saint-Saëns,Sweden,Course staff personal space determine woman whose already manage region paper according.,Billboard Music Award
594,Camilo,Italy,Book everyone matter color create school public owner compare open second camera value.,American Music Award
595,Camilo Branca,Netherlands,Thing rock ever summer age wide question pass quite third.,None
596,Candi Staton,Ireland,Visit political wall appear voice item yet.,Billboard Music Award
597,Canned Heat,France,Business million many military analysis return another truth mother first hot.,American Music Award
598,Cannonball Adderley,Brazil,Bank occur agent scene within interest avoid economic clearly financial personal benefit.,MTV Music Award
599,Cantares,South Korea,It agency something various subject east list when strategy start mind door authority outside.,MTV Music Award
600,Canteen,United Kingdom,Shake personal often beat art almost finish summer assume camera try kind feeling.,None
601,Car Seat Headrest,Netherlands,It big argue appear sure I pay in ten skin perhaps law less into per big.,MTV Music Award
602,Cardellino,Netherlands,Law foreign court bill organization attack smile.,MTV Music Award
603,Cardenales De Nuevo León,Canada,Toward call meeting green loss per control case analysis camera.,Brit Award
604,Cardi B,Ireland,Job where senior find those simply challenge final garden hard account only question arm medical strong.,Brit Award
605,Carin Leon,United Kingdom,Instead crime customer training size game property.,Billboard Music Award
606,Carl Ditters von Dittersdorf,Sweden,Outside former official white pattern industry class lawyer smile among detail about development discover.,Brit Award
607,Carl Perkins,Sweden,Defense lose shoulder spring southern heavy hundred step according act group never central key place tree.,None
608,Carl Philipp Emanuel Bach,United Kingdom,Analysis ahead cup company those responsibility fund never condition again successful treat.,American Music Award
609,Carl Winther Trio,Netherlands,Story case pressure those full decision lay.,None
610,Carla Morrison,France,Special produce wait with young think there assume certain under some court.,MTV Music Award
611,Carla Moses,India,Reason fish involve player TV several onto take family chance easy picture.,Juno Award
612,Carla Rego,United Kingdom,Their surface why though decide bank likely professional ask meet seem.,None
613,Carla Thomas,South Korea,Hear million condition Republican moment low what listen ok point so power debate thus later.,Grammy Award
614,Carlos Baute,Netherlands,How fill thousand number very hear nearly care base know.,Grammy Award
615,Carlos Cipa,Germany,Discover American mention from later it happen marriage event agent kid enter.,Grammy Award
616,Carlos Colosio,Sweden,Grow bar successful mention poor skill unit better.,Juno Award
617,Carlos Gardel,Netherlands,Growth national free push economic seat shoulder suddenly.,None
618,Carlos Henry,France,Relationship your your sell science treatment across federal state situation.,None
619,Carlos Rafael Rivera,Sweden,Watch state serious activity pressure writer week tend dinner rich decide do only.,American Music Award
620,Carlos Rivera,Japan,Serious reveal left social fine could show recently decide last next hear officer campaign wall.,Grammy Award
621,Carlos Sadness,Ireland,Matter probably great different international sell several.,Grammy Award
622,Carlos Santana,South Korea,Federal only nothing allow cause with yes nothing sometimes trial off hospital high we as.,None
623,Carlos Varela,Sweden,Could board notice later thus behavior bit need allow ready major cost attorney.,Billboard Music Award
624,Carlos Vives,Canada,Exist do process attorney arm million commercial teacher improve church book movie long.,American Music Award
625,Carlos uzi,Australia,Home tough deal that finally stand professor city.,American Music Award
626,Carly Rae Jepsen,United Kingdom,Voice onto maybe range every account central ask human space moment travel these least office.,Grammy Award
627,Carmen McRae,Sweden,Explain thing lead red Republican father party special.,American Music Award
628,Carmen Miranda,South Korea,Indeed conference pay it his probably recognize believe recognize.,Billboard Music Award
629,Carmen Sarahi,United States,Dream that event physical factor trouble recently.,Juno Award
630,Carol Maddox,France,Training in seven building hard sense mean single improve close.,Billboard Music Award
631,Caroline Spence,Ireland,Media left available reason see high second talk however action.,Juno Award
632,Carpenters,India,Remember carry prove less leave bar prevent require.,MTV Music Award
633,Carré Bleu,Ireland,Cell star success color adult beyond family movement hospital back shake quality child.,Billboard Music Award
634,Carsie Blanton,Spain,Concern research throughout mother kind answer play mission production process bill real.,None
635,Cartel De Santa,Canada,Appear above significant short up hear draw before instead writer front court protect.,MTV Music Award
636,Cass McCombs,Canada,When benefit structure professional right analysis mention spring follow phone.,Grammy Award
637,Cassidy,Ireland,Debate must voice building degree ground community I first home learn at spring practice hard attack.,Juno Award
638,Cassio Kohl,Netherlands,In should matter wrong Republican social two notice edge behind.,MTV Music Award
639,Cast,Spain,Wonder recent question win really forward play this fish surface lot friend.,MTV Music Award
640,Cast of Mamma Mia! The Movie,Germany,Treatment large memory score me relate actually again serve buy door investment during bag case material.,Grammy Award
641,Catfish and the Bottlemen,Australia,Charge daughter also type our watch school forget everything poor.,MTV Music Award
642,Cautious Clay,Ireland,Minute within possible eye agency suggest former.,Juno Award
643,Cayucas,Sweden,Day approach truth write soon recent develop their miss contain.,Juno Award
644,Cazzeros,Ireland,Accept thank attorney court plant center daughter begin or story use door back right find return.,Billboard Music Award
645,Celia Cloten,Canada,Interest paper field office whose cut television loss week growth.,Grammy Award
646,Celia Cruz,Canada,Cold kid measure same set standard soldier after high take serve TV.,American Music Award
647,Chad & Jeremy,India,Mr need compare herself figure exist no lose four resource cultural trouble above technology room hear.,Juno Award
648,Challem,Japan,Understand wait wife health majority political open impact although TV his not create.,MTV Music Award
649,Chambao,Canada,Whatever side seem give remember play happy around history interest east local TV.,Juno Award
650,Champion Jack Dupree,France,Piece put recently population end lay race effect own weight success activity.,Juno Award
651,Chance the Rapper,Germany,Popular true huge only too million country institution.,None
652,Change,Australia,Education few whose probably him final in then road become player since general.,Billboard Music Award
653,Chansons d´Accordeon,Ireland,Especially decide security recognize according collection man best similar.,American Music Award
654,Charanga 76,United States,Modern pressure run color hear region cup consider way late sport control arrive.,Juno Award
655,Charles Ans,Sweden,Speak court work the key tree body player bag.,Grammy Award
656,Charles Bradley,Australia,Help everybody garden one long pull beyond article.,Juno Award
657,Charles Goose,Germany,Program smile among decision social heart mind.,Grammy Award
658,Charles Gounod,Japan,Usually list front investment he three yourself stage wait professor her.,Grammy Award
659,Charles Mingus,Italy,Wish their south able that I structure understand.,Billboard Music Award
660,Charley Crockett,France,Own than evidence recognize spring happy peace.,American Music Award
661,Charli xcx,Japan,Method produce about point walk focus plant them wide save question do machine school.,Grammy Award
662,Charlie Cruz,Ireland,Give voice walk live probably record beyond his.,Billboard Music Award
663,Charlie Parker,Italy,Crime century mind occur task measure campaign someone feeling pull nature themselves collection land break production.,Brit Award
664,Charlie Parr,Germany,During color want record black year ahead upon force himself.,Billboard Music Award
665,Charlie Puth,India,Detail election live today but career movement rise bed reality the.,Brit Award
666,Charly Black,United States,Short over popular help response save high politics no task speak difference break because become.,Juno Award
667,Charly García,Netherlands,Visit seat break happy table west officer ability artist movie suggest woman floor half quickly someone.,American Music Award
668,Chase Atlantic,Australia,Professional opportunity blood across system firm staff father despite quite challenge exist section support still.,Grammy Award
669,Chayanne,United Kingdom,Out final wrong but you religious long.,Grammy Award
670,Cheap Trick,Brazil,Manager region heavy wonder four still decision run special red.,Juno Award
671,Chema Rivas,Australia,Type simply task road federal spring treatment.,MTV Music Award
672,Chemical Surf,India,Yard nature front question wrong serious hospital month executive.,None
673,Cheo,United States,Red nature best food social tend approach various fight pressure.,Grammy Award
674,Cher Lloyd,Brazil,Case receive fact certain design security same across rise offer question write challenge wear interview.,None
675,Cherokee,France,Unit benefit wind conference appear woman practice order wide.,American Music Award
676,Cherub,Germany,Reveal each budget however few other common seat simply yard provide bed less stand him place.,Juno Award
677,Cheryl Patterson,South Korea,Happen build bar majority protect meeting age of of event seat some Congress.,Billboard Music Award
678,Chet Atkins,Sweden,Yourself reflect fear by foot research television Mr if red hour stage situation morning.,American Music Award
679,Chet Baker,Germany,Million once research so buy send whole today.,Grammy Award
680,Chet Faker,France,Television receive accept language fire always offer present because.,Billboard Music Award
681,Chevy Chase,Brazil,Surface alone woman media hair name institution war a feel watch.,American Music Award
682,ChiChi Peralta,Italy,Toward fall move cause make fine treat you paper member reach production and already center.,Grammy Award
683,Chicago,United States,Whatever own democratic grow campaign performance avoid effort high tough.,Juno Award
684,Chicano Batman,France,Lay war put vote century data picture especially plan population research nor positive.,None
685,Chicho Sánchez Ferlosio,Netherlands,Painting information child yeah its ago page back by body nature at policy guy four.,Grammy Award
686,Chick Webb,Brazil,Chair something event better woman develop weight situation but money then.,Grammy Award
687,Child Of The Parish,Canada,Start majority more red tend necessary parent to color water hope generation scientist whose mother organization.,MTV Music Award
688,Childish Gambino,Australia,Local camera act message choice call her save apply rise window religious eat.,MTV Music Award
689,Chimbala,India,Industry leader keep government light expert weight minute responsibility under director player beautiful figure side suddenly.,MTV Music Award
690,Chino & Nacho,South Korea,Baby drive behavior offer be experience upon space.,Billboard Music Award
691,Chino Pacas,France,While interest meet room look middle your.,American Music Award
692,Chiquetere Band,India,Recently if pattern treat second research reflect see each school week statement they month participant.,None
693,Chisu,Italy,Large collection us shake tough company happen card government anything many color wide full quickly story.,None
694,ChocQuibTown,Netherlands,Face low enter able piece hour type upon where.,None
695,Chocolate,Sweden,Stay along leg pay major green past forget government accept three control great big man.,None
696,Chris Bell,Italy,More together improve tree according show economic likely.,Billboard Music Award
697,Chris Benstead,Japan,Federal into consider speech board just style class government its grow that.,Juno Award
698,Chris Brown,South Korea,Book expect card inside former all program way where work.,Juno Award
699,Chris Cornell,South Korea,Inside nearly son research foot share think maybe type.,Billboard Music Award
700,Chris Isaak,South Korea,Capital whatever society call general add range appear stop involve others account lose.,Grammy Award
701,Chris Jedi,Japan,Magazine set easy check memory economic short ten yes easy star.,Brit Award
702,Chris Memento,Canada,Listen situation billion room particularly country talk pick chance build.,Brit Award
703,Chris Stapleton,Germany,Although wrong upon international pattern before anything imagine fill plan discuss from look.,Grammy Award
704,Chris Thile,France,Interview appear body hair wall represent east time consider a produce focus experience exactly paper.,Brit Award
705,ChrisLee,United States,Continue way hair fight best add necessary technology former scientist guess single more.,Juno Award
706,Chrissie Hynde,Japan,Draw every once beautiful blood picture own American why this stage cover.,Billboard Music Award
707,Christian Daniel,Netherlands,Understand avoid national garden rise writer dark result analysis court nearly education theory table.,American Music Award
708,Christian Kuria,Germany,Window thus large response treat attack industry use mean against out recent can animal not.,MTV Music Award
709,Christian McBride Trio,Brazil,Scientist however range that will close seek his single husband.,Juno Award
710,Christian Nodal,Germany,Deal about occur option across up mention mean result else system.,Billboard Music Award
711,Christina Perri,Japan,Remain need commercial animal draw although challenge third until establish so.,Juno Award
712,Christine Baranski,Ireland,Writer decide break possible plan win foot watch this enough.,Juno Award
713,Christoph Willibald Gluck,United States,Impact particularly foot arm staff station despite whole computer.,Billboard Music Award
714,Chromeo,South Korea,Mr without sing sister blood second high.,American Music Award
715,Chuck Berry,Netherlands,Thank plant nearly stage determine environmental ok space send choose discussion.,Brit Award
716,Chuck Prophet,Australia,Happy total behavior consider continue television country make role positive again clear concern.,Juno Award
717,Church of the Cosmic Skull,Italy,Reach could century interview lawyer population I right case seek activity between himself.,American Music Award
718,Ciara Lowry,Australia,Step shake popular analysis eat base central physical.,None
719,Cicada Rhythm,Japan,Society act social my stand system be.,Billboard Music Award
720,Cimafunk,France,Lose none know clear forward choice argue reality physical.,Grammy Award
721,Cinderella,Germany,Again and name bill though indeed ability difference dinner.,Grammy Award
722,Circa Waves,France,Challenge pretty difficult these his this state both college body big what ground.,Billboard Music Award
723,Circus Band,South Korea,Free guess under be analysis character investment friend consider interesting throw reach person expert then even.,None
724,Claptone,Australia,Product usually specific represent baby able value chance pretty floor hospital return size long.,Grammy Award
725,Clarence Reid,Italy,Both into risk certain follow camera should good.,Brit Award
726,Clase-A,United Kingdom,Interest really including soldier four soon president early industry market move mouth start his.,Juno Award
727,Classixx,Canada,Resource money since specific despite beautiful gun data sure gun listen card body treat guess support.,American Music Award
728,Claude Bolling,France,Far century table will tree drug still argue case.,MTV Music Award
729,Claude Debussy,Japan,Help ago who he reduce production available study that.,American Music Award
730,Claudio Jr De Rosa,France,Chair center each actually store indicate she.,MTV Music Award
731,Claudio Ranalli,Japan,Sea security recognize federal in front sit receive expert choose thing allow seem me.,None
732,Clean Bandit,South Korea,How interest way lawyer represent election occur.,Billboard Music Award
733,Clem Snide,Netherlands,Remember interest church win miss within by deep people despite contain.,Billboard Music Award
734,Clifford Brown,United Kingdom,Painting baby realize local present if herself area he interest establish bit guy single friend.,MTV Music Award
735,Clint Eastwood,Brazil,Executive must assume others series finally necessary point allow especially.,Juno Award
736,Clive Richardson,Brazil,North nor so animal fire want across ground executive huge crime sell rise wind reflect.,Grammy Award
737,Club Unicorn,Australia,Former to me maybe simple age somebody local.,Billboard Music Award
738,Club del Río,France,Face charge leg those behavior responsibility this.,Brit Award
739,Clément,Italy,Shoulder claim white might rock prepare us game size.,Brit Award
740,Coast Modern,Ireland,Fact perhaps vote always require raise dream young parent when note yes.,Brit Award
741,Cocofunka,India,Source central that natural why sit beautiful behind.,Juno Award
742,Cody Simpson,Australia,College fast attention office government author represent leave worry without shake kind.,Brit Award
743,Coffee House Instrumental Jazz Playlist,Australia,Vote will major guy expert important people quite kid.,MTV Music Award
744,Colbie Caillat,Canada,Suddenly weight health radio media enjoy then radio per popular scientist each start account table.,None
745,Cold Frame,France,Heart now take development them protect give life movement stand board.,Juno Award
746,Cold War Kids,Sweden,Rule true two should current forget fish you main.,Grammy Award
747,Coldplay,Brazil,Boy lawyer nation we certainly degree nothing write similar artist speak smile without degree.,None
748,Cole Porter,Brazil,Test well raise establish player base attorney if fear Republican.,None
749,Coleman Hawkins,Japan,Modern prove else store begin top garden send clearly glass industry little read.,Juno Award
750,Colin Hay,Germany,Whole join tree now statement night throw cup reveal.,MTV Music Award
751,Collabro,Spain,Pattern food worry voice sea say first character learn challenge ten box wide image minute about.,Billboard Music Award
752,Collie Buddz,Spain,Wall tax plant police official already second could recent similar over democratic decide course.,Brit Award
753,Colm Wilkinson,Spain,Western have hair few film standard by material yourself increase goal stock international wind from.,Brit Award
754,Colter Wall,Japan,Learn health need class job expect process quite plant.,Brit Award
755,Combo Cadre,Canada,Visit town between because student bed administration usually billion seek perhaps name plant me south property.,Billboard Music Award
756,Comisario Pantera,Italy,Deep since necessary boy task wear go soldier less traditional population six how.,Juno Award
757,Commodores,Spain,Site medical environment probably film total training pull above training allow ago.,American Music Award
758,Common Market,Sweden,Subject million scientist fish color occur involve new hot pattern hotel appear.,MTV Music Award
759,Conal Fowkes,Netherlands,Investment vote hospital road idea fish citizen discuss report call brother officer hot several true.,Juno Award
760,Conjunto Rio Grande,Sweden,City follow behavior agent activity show check peace myself win occur agent safe work play.,Grammy Award
761,Connor Price,South Korea,Cost present develop create subject risk southern her employee appear bar century.,None
762,Conor Oberst and the Mystic Valley Band,United Kingdom,Point often billion learn other blood executive.,None
763,Constance Timon,Japan,Behavior management guess stuff hospital make against available where.,Billboard Music Award
764,Consuelo Velasquez,United States,Decision information threat plant late claim federal tough.,American Music Award
765,Contacto Norte,Australia,Piece talk bring garden get yet outside above miss effort business paper movie military set.,American Music Award
766,Control,Italy,Term boy describe foreign detail road vote environment loss well.,Grammy Award
767,Cookin' On 3 Burners,Japan,Remain present level speak job watch two economic cup suffer response which.,Billboard Music Award
768,Cool Calm Pete,Japan,On short find some west maintain third interest.,American Music Award
769,Coque Malla,Brazil,Staff performance parent investment note hear plan ask cold almost memory.,Juno Award
770,Cordae,Germany,Important page theory wear most huge boy speak investment control early Democrat he certain fire act.,Brit Award
771,Cordell Zoe,United States,Response degree nothing focus discussion at exist.,Grammy Award
772,Corinne Bailey Rae,Ireland,Money bill everyone part third teacher avoid throughout instead series.,Brit Award
773,Cornershop,Sweden,Spend cup anyone management another ever budget laugh over option door again.,Grammy Award
774,Cortando Troncos,Canada,Popular task write treatment expect success idea.,MTV Music Award
775,Cory Weeds,Japan,Truth although population attorney believe sort rich ever send hundred news finish partner hotel recent.,MTV Music Award
776,Cory Wong,Australia,Management political treat successful visit bill difference stay catch year technology right difficult because.,Billboard Music Award
777,Cosculluela,Canada,Staff Mr above read appear third amount answer fight enough reach social.,American Music Award
778,Cosmo's Midnight,Sweden,Establish color case leave call technology send thousand whole including land business.,None
779,Coti,Canada,Drive long majority exactly significant lot begin she represent good structure drug positive task reason.,None
780,Coty Inc.,United Kingdom,Will art actually democratic stand could bit decade.,Brit Award
781,Couch,India,Seven method finish want remain pretty summer black candidate true history laugh per data hundred attention.,American Music Award
782,Coucheron,India,Clearly film thank possible challenge then seat drive thus cost agreement product laugh.,MTV Music Award
783,Count Basie,Canada,Brother nearly great deep however issue free kid have any him.,Brit Award
784,Counting Crows,Spain,Create country computer every parent million body anyone eat book boy time offer.,Juno Award
785,Courier,Brazil,Assume big difficult per respond hot big safe they environmental.,Billboard Music Award
786,Courtney Barnett,Ireland,Commercial data PM relationship explain about continue traditional performance school.,None
787,Craig Alston,Sweden,Color race coach forward lay while program into again window.,American Music Award
788,Craig Armstrong,United States,Color set act goal listen a their line.,None
789,Craig Cardiff,Spain,Standard note wrong structure moment cold chair.,Grammy Award
790,Craig David,France,Beyond sound friend make go nation professional effect.,Grammy Award
791,Craig Finn,Netherlands,Add good report through simple tax total other both rate rock again without task.,Brit Award
792,Craig Sharmat,Japan,Ground all officer receive issue deal become turn help.,Grammy Award
793,Crazibiza,Brazil,Whole theory quickly tonight last when money enter.,Grammy Award
794,Cream,Canada,Thousand hospital individual yes finally American mind gas partner item lawyer why.,MTV Music Award
795,Creed Bratton,South Korea,Eye wide material rate letter change whom perhaps professor field explain son.,Billboard Music Award
796,Creedence Clearwater Revival,South Korea,Law design stay but major above good.,Grammy Award
797,Cristian Castro,France,Anyone case these size maybe when night.,Grammy Award
798,Cristin Milioti,Spain,Require central run it truth fact allow usually.,None
799,Crooked Colours,France,Speech PM institution whom better end few financial nor quickly.,American Music Award
800,Crooked Fingers,Canada,Source cause should economic indicate current figure father until leave contain site.,Brit Award
801,Crooked Still,United Kingdom,Benefit money reason mean rate group government level which leave tree ago short.,MTV Music Award
802,Crosby & Nash,Japan,Sense past few drug mention camera myself not.,Juno Award
803,"Crosby, Stills & Nash",South Korea,Apply suddenly call prove leg several military stuff be establish worry.,Juno Award
804,"Crosby, Stills, Nash & Young",India,Four best fact loss former article science purpose.,Brit Award
805,Crystal Fighters,Netherlands,Reduce might no whose carry time policy.,None
806,Cuco,Sweden,Feeling financial writer according machine reach boy a page.,American Music Award
807,Curren$y,Ireland,Mind easy billion agency media hospital unit feel low.,American Music Award
808,Curry & Krawall,Sweden,Star success national start race teacher pay it player.,Juno Award
809,Cut Worms,Netherlands,Center seat drive memory record customer lose face beyond.,American Music Award
810,Cutting Crew,United States,Manage property hospital recently blue indicate interesting agreement lead nor action few population throw people amount.,Grammy Award
811,Cypress Hill,Sweden,While life rich everybody word group task me give relationship hospital artist.,Juno Award
812,Czech National Symphony Orchestra,France,Goal rest fund resource skill everything several field hour.,Brit Award
813,Czech Philharmonic,Canada,Heavy line probably office until simple moment can food western give pay identify and.,Brit Award
814,Céline Dion,United Kingdom,Discuss professor material quickly food discuss sign true somebody.,Brit Award
815,César Franck,Sweden,Tonight community throughout sense information ask partner boy.,Billboard Music Award
816,Código FN,South Korea,Kid hear piece ahead company blue last card.,MTV Music Award
817,Cómplices,Italy,News cultural make quickly different score its more so beat agency where benefit almost cell.,Grammy Award
818,DCS,Spain,Growth impact national author continue role treat.,MTV Music Award
819,DELLAFUENTE,India,Many strategy now list goal peace next case attack into heavy audience back site fear.,Grammy Award
820,DJ Antoine,Italy,Material anything music against start face stock hospital group.,Brit Award
821,DJ Harrison,Canada,Why avoid offer table use matter human arm recently.,Billboard Music Award
822,DJ Kelvin El Sacamostro,Netherlands,Old view world president allow instead customer thousand.,None
823,DJ Khaled,Ireland,Cause natural safe under professional there dog authority.,Billboard Music Award
824,DJ Redblack,United States,Toward reflect she along wonder wear our partner ball necessary water establish among along medical.,Brit Award
825,DJ Snake,Spain,It field sure will again area similar specific move team radio scene.,MTV Music Award
826,DJ Who,United Kingdom,Lot hit help by red near break brother past tough goal gas truth draw begin.,American Music Award
827,DJ Ötzi,Sweden,Dinner section thousand soldier nothing yard address.,Brit Award
828,DJane HouseKat,Spain,Spend baby camera Congress analysis glass pretty each factor paper.,Juno Award
829,DNCE,Japan,Price prevent baby voice day relate spend today teach kitchen few happen necessary than.,None
830,DOPE LEMON,Italy,Money environment recently me approach too relationship perform evidence data.,None
831,DaBaby,Italy,Success minute figure need but right small along dog.,Juno Award
832,Daddy Yankee,Brazil,Practice law box material almost everyone his still be everything particular manager television.,Juno Award
833,Daft Punk,Germany,Know difference here process mouth produce all several visit travel senior from stock.,Juno Award
834,Dale Watson,Sweden,Special opportunity serious game stop its into role save arm body.,Grammy Award
835,Dalex,Netherlands,Weight usually explain yard movement interest rest shoulder employee whether level yeah draw.,MTV Music Award
836,Dalton,Spain,Exactly radio ever your side fast number.,Juno Award
837,Damien Jurado,Brazil,Past gun process site special part buy.,American Music Award
838,Damien Rice,Ireland,Produce structure summer kitchen admit across already grow point news impact often bag today necessary.,Juno Award
839,Dan + Shay,South Korea,Key election skill employee manager dinner company that.,None
840,Dan Auerbach,Netherlands,Discussion pressure contain medical key fish network.,Billboard Music Award
841,Dan Berk,Italy,Article research else either question tax government responsibility over glass.,Grammy Award
842,Dan Eifler,France,Medical both back daughter now stop race author.,Billboard Music Award
843,Dan Evans-Parker,Ireland,Then central force small friend impact present likely wind perform civil and us.,Grammy Award
844,Dan Lacksman,Netherlands,Agent participant space member sit meet ok general Democrat store allow risk high young bad back.,American Music Award
845,Dana Boulé,Italy,Not young piece safe much building these sometimes parent process.,Grammy Award
846,Danco,Spain,Kid especially structure fall during during should gun lay security break drop run they gun.,American Music Award
847,Danger Mouse,Netherlands,Night baby gun machine discover skill discover still would understand each training.,Brit Award
848,Dani Martín,United Kingdom,Program painting somebody game brother impact measure chance management thing cup conference law coach industry she.,Brit Award
849,Daniel Caesar,South Korea,Sea call alone issue real wrong car term truth toward great I news Republican.,Grammy Award
850,Daniel Colin,Ireland,Front station from participant blue reveal available TV wear.,MTV Music Award
851,Daniel Jang,Spain,Piece scientist job serious record safe rich operation star meeting charge account or.,Juno Award
852,Daniel Johnston,Spain,Here just meet open war best father game nor today oil such interview follow.,Juno Award
853,Daniel Lanois,Australia,Serious well among war think room issue everything they fire girl close.,Juno Award
854,Daniel May,Sweden,Event keep those eye truth writer send under project cell deal.,Juno Award
855,Daniel Norgren,Canada,Senior agree total whether music sometimes according strategy ago data walk number rule minute store.,Billboard Music Award
856,Daniel Quién,Ireland,Truth respond try build threat manage beautiful carry everything protect why.,Grammy Award
857,Daniel Romano,Japan,Season develop avoid church friend law save public.,Grammy Award
858,"Daniel, Me Estás Matando",Australia,Religious fire under item usually some fish success.,Juno Award
859,Daniela Petrová,Sweden,Along play account carry heavy wall pull enter charge sport safe executive cup then week tax.,Billboard Music Award
860,Daniela Spalla,Sweden,About attack newspaper decade concern industry enjoy herself on point.,Juno Award
861,Daniele Silvestri,Italy,Most west there subject themselves property make picture our myself far despite while to.,Grammy Award
862,Danna Paola,Spain,Information language easy interesting computer what produce girl huge campaign think.,Billboard Music Award
863,Danny Ocean,Japan,Over reach ahead environmental Democrat surface important no follow push in speak interesting end.,American Music Award
864,Danny Romero,Canada,Environmental rock fund stand final important occur.,MTV Music Award
865,Danny Walgreen,Australia,Movie single book why particularly can music wear again.,Brit Award
866,Daphni,Spain,Bed relate treatment short need pressure million gun cup church movie teacher.,Brit Award
867,Darell,United States,Face claim hear including need eat add suddenly sense money.,None
868,Darius Rucker,South Korea,Huge machine church feeling discover significant easy evening buy six pretty capital scientist establish.,None
869,Dark Waves,Australia,Baby mean region run after sea must try.,Juno Award
870,Darlene Love,Canada,Save society create paper fine food mention age.,MTV Music Award
871,Darlingside,Australia,Learn between wide office heavy involve develop image everything expect reflect.,Billboard Music Award
872,Darondo,Germany,Each admit market hour head national board difference window however discussion have none poor.,MTV Music Award
873,Daryl Hall & John Oates,Germany,Century picture base night debate walk order base idea study model style.,Billboard Music Award
874,Das Sound Machine,Netherlands,Arrive management in scientist strong already ready out the environmental.,Juno Award
875,Dasha,Italy,Sense some nation fine present focus remember method teach yeah.,None
876,Daughtry,United States,Tv international back camera add mind building culture.,None
877,Dave Matthews Band,United Kingdom,Although interest color sort maintain see natural human.,MTV Music Award
878,Dave Van Ronk,United Kingdom,Brother yet result they even follow threat nor coach face rate.,Juno Award
879,David Arden,Canada,Weight he page line decision form section you until clearly resource listen fish conference like year.,Grammy Award
880,David Axelrod,France,Find could really Mrs former article light.,None
881,David Bisbal,South Korea,At player third general add cover exist treatment international.,Grammy Award
882,David Bowie,United Kingdom,Happen short various night political dark or bill describe condition nor.,MTV Music Award
883,David Byrne,South Korea,Someone onto she form sign option everyone southern the.,None
884,David Duchovny,Canada,Decide able discussion describe upon past century little a back wide case southern international.,American Music Award
885,David Dundas,United States,Force matter bring nice help history listen find miss most third success western watch.,MTV Music Award
886,David Fitzpatrick Trio,France,Represent style night majority smile rate newspaper itself give agent hand.,Brit Award
887,David Foster,France,Side generation interest pay then turn course hear value yet cultural guess crime only.,Grammy Award
888,David Gilmour,Germany,Behind hard effect TV parent almost ever long analysis receive education personal.,MTV Music Award
889,David Gray,Italy,Statement tell until young place make list themselves seek space although ahead thus check save.,Juno Award
890,David Guetta,Spain,Bar street budget kitchen report fire teach everyone system.,Brit Award
891,David Hazeltine,France,Scene four public tonight today college worry reveal hand add professor indicate property article cover seven.,Juno Award
892,David Keller,India,Rock base kitchen every cup measure common section study.,Grammy Award
893,David Kushner,Canada,Find night brother letter structure beat us.,American Music Award
894,David Maman,Ireland,Break bed role control option whole short small.,American Music Award
895,David McCallum,France,Point least theory wall film race wall ten section scene.,Brit Award
896,David Rawlings,France,Apply relationship concern cell firm difficult could third computer far recently.,MTV Music Award
897,David Rees,Netherlands,Begin great hair sign mission stop reach color wear one choose.,Grammy Award
898,Dawa Sherpa,Sweden,Decision reduce get specific someone debate record mean stop some before significant election life all.,American Music Award
899,Dawes,Brazil,Military piece little level follow nor probably top.,None
900,Dawn Avenue,South Korea,Red picture thank account instead friend possible beyond tree fill level control.,Brit Award
901,Dawn Geller,India,Keep pattern order reason room list during.,Billboard Music Award
902,Dayglow,Ireland,Over lot husband always upon doctor various until blue international especially officer.,MTV Music Award
903,Dayvi,Netherlands,Agreement mention two though whole wall cup win sell candidate four whether wife finally she soon.,Billboard Music Award
904,De Hofnar,Sweden,How leave probably customer common film continue tax job right child new simply above.,MTV Music Award
905,De La Ghetto,Brazil,General likely rather recognize tree protect story relationship several.,None
906,De Norte A Sur,France,Hold five very hundred force executive push their.,Grammy Award
907,DeLyzer,Spain,Hour author major science only develop part should hard fund statement particular seem trip population catch.,Brit Award
908,DeVotchKa,India,Analysis few behavior himself conference character find push lose end.,Juno Award
909,Dead Horses,Germany,Conference huge military blood south get run pretty identify southern claim can medical.,Juno Award
910,Dead Kennedys,Australia,Activity president prove institution approach interesting score break southern traditional maybe sit Republican such.,Grammy Award
911,Dead Man Fall,Sweden,Born condition interest service that bag according way remain election method pass.,Billboard Music Award
912,Dean M Parker,France,Itself let always test least anyone out hard international push short age environment fall.,Juno Award
913,Dean Martin,Ireland,Adult foot player other ground already school eat base behind risk plan issue.,Brit Award
914,Death Cab for Cutie,Netherlands,Generation leader pay try tough usually star notice American force although.,Grammy Award
915,Death Team,Ireland,With point think high woman bad until see institution against wear either present third student item.,Grammy Award
916,Declan McKenna,France,Soldier number yet past much soldier reason any.,None
917,Dee Clark,Italy,List set join section sing everybody provide painting travel question evening imagine affect increase candidate.,None
918,Deep Chills,South Korea,Leg so play best different remember determine particularly rock participant leave.,Grammy Award
919,Deep Divers,South Korea,Play forget home upon actually future get know left sea decision recently pull.,Billboard Music Award
920,Deep Purple,Italy,Idea produce number bad main world bar security morning fight seem.,Grammy Award
921,Def Leppard,Sweden,Purpose ahead person coach goal it yet age wind news make doctor TV capital.,American Music Award
922,Delta Spirit,Brazil,We but how deep book eye ten short worker without nearly goal design too everything side.,MTV Music Award
923,Deluxe,Netherlands,Black those whether seven fish movie hot teacher manager less step last under concern eye mouth.,American Music Award
924,Demi Lovato,Canada,Several prevent raise better oil individual industry country ahead difference particular me.,Billboard Music Award
925,Denis Gäbel,Spain,Outside rule watch foot economic notice line before.,Billboard Music Award
926,Dennis Lloyd,Canada,Age over smile hope memory cover tree leader rich dream line require.,None
927,Dennis Riley-Jones,Australia,Follow fall thus debate leave each owner wrong someone win.,Grammy Award
928,Deorro,France,Political sound study the training each reveal attorney security radio image mind like history.,Brit Award
929,Depedro,Spain,Whatever third Mr respond parent writer resource just still art speech stock rise.,None
930,Derek & The Dominos,India,Guy respond memory power investment buy certainly.,Juno Award
931,Derek Shearer,France,Serious often social reveal hand prevent center during lot enough form.,Juno Award
932,Derik Fein,Germany,Leader remember sell serious garden ready former late.,Juno Award
933,Dermot Kennedy,Japan,Nothing organization seven challenge eye determine he guy fact war citizen.,American Music Award
934,Des Rocs,Japan,Little key far season reason chair factor his PM agreement deep.,Billboard Music Award
935,Destroyer,Sweden,Chance activity hair meet thank might local tonight win popular onto.,MTV Music Award
936,Devendra Banhart,France,Fire hear tend magazine college moment compare today add water garden finally difference everything.,Billboard Music Award
937,Dexter Gordon,South Korea,Practice ground least tree trade style suffer situation model.,American Music Award
938,Dexys Midnight Runners,United Kingdom,Scientist hair allow phone weight medical even which suggest Mrs.,Juno Award
939,Diamante Eléctrico,Ireland,Wife argue note easy eight school ready practice.,MTV Music Award
940,Diana Krall,Spain,Direction response concern without entire everyone sea safe true town.,MTV Music Award
941,Dick Diver,Netherlands,Mission article dinner one ok less Mr sit five.,None
942,Dick Hyman,United Kingdom,Cultural bring bar culture my Democrat maintain notice.,Grammy Award
943,Dickey Betts,Brazil,Involve toward result kind politics open play sense yeah edge imagine establish piece forget low exist.,Brit Award
944,Diddy,Italy,Enough mother game question me personal born series consider according throw.,MTV Music Award
945,Die Atzen,India,Like clear assume it fight understand kitchen point Mrs consumer single several degree maybe floor.,Grammy Award
946,Diego Torres,Netherlands,Line range until decision public food court how commercial citizen production for might listen organization.,Brit Award
947,Diego de Frigiliana,France,Sister especially usually line task field certain free government seat last interesting hour.,Juno Award
948,Dieter Huber,Brazil,Accept vote area impact position cause lead ever stand dark product eight strategy.,Grammy Award
949,Digitalism,Brazil,Focus so for nice current Democrat me.,Billboard Music Award
950,Diles que no me maten,Japan,Blood during for look return like wife animal process reach training.,Billboard Music Award
951,Dillon Francis,India,Economic would only arrive argue garden Mrs just exist line thing available with run.,None
952,Dimash B,United States,Them operation off no just foreign national produce news.,Brit Award
953,Dimitri Vegas & Like Mike,Japan,Ready cell show that recognize school whatever guess significant section Democrat.,Grammy Award
954,Dimmi,France,Life leave four question region effort section age budget improve how main.,American Music Award
955,Dinah Washington,United Kingdom,Story art writer health not yet where.,Grammy Award
956,Dio,Ireland,So man offer plant same north wind sister mother sometimes suffer because.,American Music Award
957,Dionisio Aguado,Spain,Particular year sell short issue everybody later thing school practice authority possible fund month.,None
958,Dire Straits,United Kingdom,Threat husband family perhaps hope across follow character talk once should mother president.,MTV Music Award
959,Dirty Mac,India,Show off great they test check significant deal consider ago.,None
960,Dirty Pretty Things,Australia,War always camera give attorney that up probably cut clear yard do turn sign agree there.,None
961,Dirty South,France,But way agent test take decade any just cup side opportunity by wide.,MTV Music Award
962,Disclosure,Germany,Tree right business series build major painting see first course world son growth effort.,MTV Music Award
963,Discovery,Canada,War administration herself information which beyond growth finally.,Grammy Award
964,Disturbed,Spain,Its summer feel yourself be poor hope likely.,Brit Award
965,División Minúscula,Germany,Role today animal suggest concern act million cell like although other.,American Music Award
966,Dj Kass,Germany,Term produce he increase church common view whole score special.,Grammy Award
967,Django Reinhardt,Sweden,Half understand skill air daughter idea health success perform.,MTV Music Award
968,Dmitri Shostakovich,Netherlands,Situation former threat alone the trial another.,Billboard Music Award
969,Dmitry Kabalevsky,France,Several reveal college beyond give development information at why less indeed together.,MTV Music Award
970,Doc Robinson,Australia,Care owner PM find light total campaign prevent half party respond local see.,Brit Award
971,Doja Cat,Sweden,Cultural despite candidate walk difficult bank believe identify thought black difficult continue process forget wind.,None
972,Dolly Parton,Ireland,Mind officer third service capital instead product often various alone town his answer cup consider central.,MTV Music Award
973,Domenico Modugno,France,Structure down however activity lose tax could.,Juno Award
974,Domenico Monleone,Australia,If yeah law enjoy key seat pretty method front you control game the sign lead.,Brit Award
975,Dominic Cooper,Ireland,Property garden mind as half politics who call.,Billboard Music Award
976,Dominic Fike,United States,Window store build require call girl laugh network vote whom.,American Music Award
977,Dominik Scherrer,Spain,Consumer star those memory center quite simply cup seat moment sister none most another.,MTV Music Award
978,Don Diablo,India,Guy discover water most hear beyond close plant peace successful seem charge walk participant teach.,Brit Award
979,Don McLean,South Korea,Any wide husband hope miss instead live focus return feel avoid.,American Music Award
980,Don Omar,Italy,Property decade safe order at sense cell lose civil will with within hospital city industry.,None
981,Don Patricio,India,Cover strong audience white everybody throughout but science want charge kitchen public set action bring find.,None
982,Donald Glover & Danny Pudi,Germany,Sign out discussion just state must particular child.,Billboard Music Award
983,Donatella Monza,Canada,Themselves we American study eight phone international collection report tend maintain fact.,Juno Award
984,Donavon Frankenreiter,Japan,Billion young owner out guy thank professor student white instead point tend exactly right every.,Brit Award
985,Donovan,United States,Policy forget project economy ground actually require magazine one determine its.,None
986,Donovan Woods,Sweden,Billion sit remain night study heart million understand him own opportunity.,None
987,Dooley Wilson,Japan,Offer brother shake guess pull tough instead hour.,Billboard Music Award
988,Dopla,India,Girl small system of mission vote spend.,Billboard Music Award
989,Doris Day,Sweden,Season it traditional democratic Congress piece forget factor include agreement lead through grow raise good whole.,Grammy Award
990,Doug Kaufman,India,Land answer leader yard enjoy soldier decide side natural focus husband.,American Music Award
991,Down Like Silver,Canada,Sit common matter become goal Mrs source whole first figure trial bed.,Grammy Award
992,Dr. Dog,Canada,Fine market control him enter religious go south time senior where follow born.,Billboard Music Award
993,Dr. Dre,Ireland,Financial media politics fast nice concern peace away behavior Republican trip production system certainly future government.,Brit Award
994,Dr. John,India,Tv billion what sport thought family now bank yourself.,MTV Music Award
995,Drake,Brazil,Step early choice yeah ago difference reason despite themselves key specific certainly father.,Juno Award
996,Dread Mar I,United Kingdom,Tax low keep news your court control.,None
997,Dreezy,Canada,Ok physical thousand without section religious word sound enjoy have tonight view floor ground when.,Juno Award
998,Dresses,United Kingdom,Focus still reflect somebody often benefit true world remain.,Grammy Award
999,Drew Holcomb & The Neighbors,Spain,Finish southern page result response population never world let off apply peace market job well.,MTV Music Award
1000,Drive-By Truckers,Japan,Against large practice time live relationship as great western.,Grammy Award
1001,Dromedarios Mágicos,United States,Now water road require make region wall worry Democrat laugh Mrs.,None
1002,Drugdealer,Brazil,Form now then watch certain much race fire according participant Republican.,Juno Award
1003,Drunk Mums,Canada,Onto simple audience as including claim create woman similar writer structure ahead.,American Music Award
1004,Dstance,Spain,Rock forward behind idea red rate source high listen suggest consumer find concern involve.,None
1005,Dua Lipa,South Korea,Matter continue husband dinner worry plan fund sell model after paper.,Juno Award
1006,Dubdogz,Australia,Arrive health collection white more above his agree toward nor teacher western country per consider.,Juno Award
1007,Dueto Las Palomas,Sweden,Wish best raise choice hear computer key suffer sign medical.,MTV Music Award
1008,Duke Dumont,Germany,Air although Mr when wait southern find fact give Congress million too marriage.,Grammy Award
1009,Duke Ellington,United Kingdom,Choice party front lawyer probably story six want protect assume east center whether make some among.,Billboard Music Award
1010,Duki,Brazil,True TV specific travel remain stuff better mind.,Brit Award
1011,Dumb Punts,Brazil,Treatment none reduce miss series poor executive career shake fall phone identify.,Billboard Music Award
1012,Duncan Dhu,South Korea,Bank agency bit night participant fill yeah side side recognize month among.,American Music Award
1013,Duo Acoustica,South Korea,Film onto too myself political school move another.,American Music Award
1014,Durand Jones & The Indications,United States,His goal Mrs statement range its meet support meet race and.,Grammy Award
1015,Dusty Springfield,Sweden,Better wear throughout Republican authority data deal policy administration two.,Billboard Music Award
1016,Dvicio,Ireland,Too break fact toward process trip former computer hope direction.,Juno Award
1017,Dylan Gardner,United Kingdom,And center east protect think institution now tell phone daughter these say evening.,MTV Music Award
1018,Dylan LeBlanc,Australia,Indeed including everything too stage major outside.,Grammy Award
1019,Dylan McFerrin,United States,Realize among short can ready audience boy city social at Mr cold science western resource reason.,Grammy Award
1020,Dylan Reynolds,Brazil,Movie expect now board budget statement this wear never marriage camera.,Billboard Music Award
1021,Dynamyte,India,Light body director strategy continue several southern.,None
1022,ELEW,Netherlands,Job he scene kind shoulder production mean window shoulder right.,Brit Award
1023,ELIO,Australia,Notice we game wear two glass customer.,American Music Award
1024,EMELINE,Brazil,Hospital check factor as contain create price keep.,Juno Award
1025,ERNEST,Japan,Attorney early more news century who arm range improve move peace college usually.,MTV Music Award
1026,Eagles,Netherlands,Although top range accept about around hold note tax several along nation.,American Music Award
1027,Eagles Of Death Metal,France,Power treat visit population executive pattern last.,Juno Award
1028,Earl Sweatshirt,France,Raise partner generation write lawyer try check movie growth certain.,Grammy Award
1029,"Earth, Wind & Fire",South Korea,White home either civil science it feel amount improve.,Brit Award
1030,Echo In The Canyon,Canada,Surface would by phone decade image third leave laugh weight less full program card morning.,Grammy Award
1031,Echoes of Swing,United States,Describe course create them process peace too nature shake impact.,Brit Award
1032,Ed Maverick,Brazil,Degree center board present feel strategy simple perhaps anything describe necessary.,Billboard Music Award
1033,Ed Sheeran,South Korea,Process view it wall agency deal note common worker.,Juno Award
1034,Eddie & Ernie,Ireland,Shoulder political offer song character first early school several main particular shake most physical along.,None
1035,Eddie Berman,Japan,Skin beat across television apply system finish top.,American Music Award
1036,Eddie Chacon,Canada,Season when film at perhaps firm toward land full compare.,Grammy Award
1037,Eddie Money,United States,Big no too charge indeed mother peace citizen need light work.,Brit Award
1038,Eddie Santiago,South Korea,Wish professional chair knowledge sense career herself here color after.,Brit Award
1039,Eddie Vedder,Sweden,Us once consider thus wife water note those write though attention career.,Grammy Award
1040,Eddie Vedder and Natalie Maines,Australia,Quality true book various whether culture plant factor society skill great.,American Music Award
1041,Eddy Current Suppression Ring,Ireland,Administration through individual college surface court exactly minute trouble majority town appear draw fill.,Juno Award
1042,Ede,Japan,You front evening yet prevent process four all the unit action off few current.,Billboard Music Award
1043,Eden Muñoz,Brazil,Here along public recent friend sort table six imagine garden wall rest need major.,Billboard Music Award
1044,Edgar Oceransky,Sweden,Bar last public south tree technology time age campaign seven drug.,MTV Music Award
1045,Edie Brickell & New Bohemians,United States,Health child soon single tell act add southern thank.,MTV Music Award
1046,Editors,Sweden,Audience old whole wide piece former professor partner argue catch truth unit control responsibility before item.,None
1047,Eduardo di Capua,Brazil,Decision response hit personal cover stage remain manager relationship light.,MTV Music Award
1048,Edvard Grieg,Sweden,Ten article continue according compare culture century my win record reflect away cost focus yeah class.,None
1049,Edward Elgar,India,Father include political design economy general drive according three raise example claim article management total art.,American Music Award
1050,Edward Sharpe & The Magnetic Zeros,Germany,Bag share respond activity season because open trouble guess race question assume energy.,Juno Award
1051,Eels,Italy,Late score lose matter shake finish yourself couple onto amount good let.,None
1052,Egwa,France,Food someone war idea than less check scene history wear them small high that.,Juno Award
1053,Ehrling,Japan,Human add social product common or contain believe hospital.,MTV Music Award
1054,Ekkah,Germany,Even cup market citizen stop take everyone couple parent.,MTV Music Award
1055,El Bebeto,United States,Item water civil why art which at follow live eye dog wall sound indicate.,American Music Award
1056,El Chachito,Italy,Whatever place full financial peace particularly out.,MTV Music Award
1057,El Chicano,Japan,Example right southern ten hard wife as language indicate decide for do the fine trouble.,Billboard Music Award
1058,El Coyote Y Su Banda Tierra Santa,Germany,Skill never officer former create camera focus plan wife director or down standard major.,Grammy Award
1059,El Cuarteto De Nos,India,Three finish thing his chance focus more leg too water road at hope cover.,Billboard Music Award
1060,El Jose,Ireland,Republican hair sing listen development able green per no situation what.,Billboard Music Award
1061,El Kanka,France,World painting movie station position whatever our build safe save crime sometimes executive so.,None
1062,El Komander,Ireland,Red system fear daughter fast agreement popular instead happy simply year land high.,None
1063,El Mató a un Policía Motorizado,Spain,Order serve blue event every relationship law clear campaign.,Brit Award
1064,El Michels Affair,United States,Buy test need hard firm result nearly.,Grammy Award
1065,El Rey De La Taquilla,France,Its food concern party set poor food series always memory reveal require market until cause bill.,Billboard Music Award
1066,El Tambor De La Tribu,Germany,Vote dog senior win full include seem manage nation.,Grammy Award
1067,El Zar,Japan,Indicate smile reason nature become debate city several than dinner argue raise agency poor recently.,Billboard Music Award
1068,El Último De La Fila,Netherlands,Amount despite discussion check that may follow series prove affect she man prove recent.,American Music Award
1069,Eladio Carrion,Ireland,Attack customer along director man glass ball think meeting stock however charge account physical performance.,American Music Award
1070,Electric Guest,Spain,News memory civil cut parent free force employee budget experience agreement.,MTV Music Award
1071,Electric Light Orchestra,South Korea,Whose public show daughter both hold blood value day service save fear ready Democrat order field.,American Music Award
1072,Electric Wurms,United Kingdom,Approach personal note this education memory finally describe Congress free matter result result leader.,Grammy Award
1073,Elenco original de Madrid,France,Own close man night experience would tax eat pattern this system people tax.,Brit Award
1074,Elf Power,United Kingdom,Us field high nothing city apply democratic course institution theory away.,MTV Music Award
1075,Eli Starr Trio,South Korea,President father alone build center lead usually work trip build PM weight society.,None
1076,Eliades Ochoa,Italy,Company both right lay though reason event against none as reality democratic huge help.,Billboard Music Award
1077,Elias,Japan,Market store include win officer analysis as.,American Music Award
1078,Elijah Stone,Australia,Report rest dark environment provide white could ready special yet analysis.,MTV Music Award
1079,Elisa Rodrigues,Brazil,Structure itself weight major discuss summer another hair our lead line clearly probably he necessary.,American Music Award
1080,Eliseo Robles,Sweden,Fly police imagine oil head work should challenge pull.,MTV Music Award
1081,Elke Meyer,Netherlands,Put imagine which beat education case under population late much quite threat gas truth.,None
1082,Ella Fitzgerald,Italy,Certain game plan seat surface off with society station how statement thing wrong name mind offer.,Grammy Award
1083,Ella Mai,Sweden,Various professor clearly dinner report friend bring rule someone nature house.,Grammy Award
1084,Elle Cordova,Spain,Despite go impact seem blood policy law strong time could a soldier mean.,Billboard Music Award
1085,Elle King,Spain,Manager trouble reason fill sense field decide point.,None
1086,Elle Vorink,France,Age all building control simply author effect week instead group.,Juno Award
1087,Ellie Goulding,Ireland,Action our gas heart field people try play order quickly with matter goal.,MTV Music Award
1088,Elliott Smith,South Korea,Red technology himself much better read per go will make agree.,None
1089,Elmer Soulé,Brazil,While service beautiful edge begin early store.,Juno Award
1090,Elmore James,Australia,Two lawyer see drop worker alone finally since take describe improve act campaign television sit very.,Juno Award
1091,Elport,Germany,Attorney Congress ever north soon movie right education brother might community later table.,Brit Award
1092,Elsa y Elmar,Ireland,Face former body choice study current main.,Grammy Award
1093,Elson Complex,Canada,Hold season president computer heavy few development.,Billboard Music Award
1094,Elton John,Ireland,Suffer director know red treatment big cause science water none just happen recognize after modern really.,None
1095,Elvis Costello,Netherlands,Blood list everything newspaper institution assume enjoy we group husband try trade then building class.,None
1096,Elvis Costello & The Attractions,United States,Cost cultural process national newspaper long wife prevent old break always dark feel second hospital.,MTV Music Award
1097,Elvis Presley,Australia,Art small both program one across they case TV team song country.,Billboard Music Award
1098,Emanuel Nord,Netherlands,Long degree common need phone teach audience project tax certainly set local wrong authority.,Grammy Award
1099,Emeli Sandé,Spain,East send style gun different energy arrive it that.,Juno Award
1100,"Emerson, Lake & Palmer",Canada,Agree public us hospital paper term security camera past so thousand position sense.,Billboard Music Award
1101,Emil Brandqvist,Sweden,Drop miss market avoid outside individual no relate since.,MTV Music Award
1102,Emil Dahl,Spain,Hard hotel let southern true field movement.,American Music Award
1103,Emily Krueger,Brazil,Try talk like maintain serious style operation nice radio out skill case.,Brit Award
1104,Emily Scott Robinson,Brazil,Before majority garden military place edge environmental even eye message fine town.,Grammy Award
1105,Emilíana Torrini,Japan,Not give fill stay military in enough interest probably shoulder.,Juno Award
1106,Eminem,France,Soon read couple rather Republican need daughter leg minute.,MTV Music Award
1107,Emitt Rhodes,Germany,Right then police day so store consumer positive market.,MTV Music Award
1108,Emma Stone,India,Hot response usually learn game effort author buy heavy nearly.,None
1109,Emmanuel,Spain,About country various until lawyer yard on everyone note current anything into word.,Billboard Music Award
1110,Emmy Rossum,Ireland,Blue join finish cause but set yes American audience blue movement camera benefit sea institution always.,Grammy Award
1111,Empire Of The Sun,Germany,Art born with rest exist drive determine page seem until government door age once several.,American Music Award
1112,Endor,United Kingdom,South stay data pattern west before science without especially.,None
1113,Enj Society,Spain,Buy east image drug participant throughout truth evidence about provide itself team support land.,American Music Award
1114,Enjambre,Canada,Beyond bank Republican kind school his past herself must even.,Brit Award
1115,Ennio Morricone,Germany,Job themselves garden again medical hold kind day certain back student raise collection identify.,Juno Award
1116,Enrique Granados,Sweden,Fire if eat fact discuss over like agency very during.,Brit Award
1117,Enrique Iglesias,Australia,Laugh son home generation herself make right training.,Billboard Music Award
1118,Enrique Santos Discépolo,Germany,Join give especially treatment employee citizen despite one.,Grammy Award
1119,Enrique Ugarte,Australia,Out special suffer without hair set bed trouble begin receive anyone bad use laugh fall.,American Music Award
1120,Enrique Urquijo y Los problemas,Netherlands,Everything trouble director find minute discussion begin appear pressure six west walk compare.,Grammy Award
1121,Enya,Brazil,Like institution collection admit which owner baby significant especially situation move single network hard condition.,None
1122,Enzo,South Korea,Usually early across talk short message again mean arm career answer choose car technology strong.,None
1123,Enzo La Mattina,Netherlands,Situation left lawyer report require class paper amount work career expert more majority senior nearly.,Billboard Music Award
1124,Erasure,Australia,Threat level positive mind skill officer study if edge view cold teach call.,Grammy Award
1125,Eric Burdon,Italy,Deal outside happen fear page include heavy.,Grammy Award
1126,Eric Carmen,India,Agency maintain seek democratic simple seek last opportunity serve cause soldier how.,Grammy Award
1127,Eric Clapton,Italy,Administration dinner keep main letter let think leg indeed.,None
1128,Eric Dolphy,Canada,Early certainly policy big hear go travel.,None
1129,Eric Johnson,United States,Back family start necessary American wonder suggest attack former financial medical action big.,Billboard Music Award
1130,Eric Lindell,Canada,Especially agency despite minute agency idea sometimes least perform expect anything military but just maintain.,Billboard Music Award
1131,Eric Olsen,South Korea,Already single rock not attack why usually help produce key reveal environment central trip behavior.,Billboard Music Award
1132,Eric Prydz,France,Every detail analysis activity card industry create son third interview nothing wrong decision.,None
1133,Erich Kunzel,Spain,Clear also road skin despite trip close pull.,American Music Award
1134,Erich Wolfgang Korngold,Italy,Bag least tonight pattern woman sure western election.,MTV Music Award
1135,Erik Satie,Sweden,Nature top score place force choose radio respond mind everything order to difficult against low.,Juno Award
1136,Erik Truffaz,Canada,Vote feel win yard anything option soon election station never such despite.,Juno Award
1137,Ernesto Elorduy,South Korea,Less check better my guy score information former ball class.,Juno Award
1138,Ernesto Lecuona,Spain,Way production simple unit arm image it increase within free have final main young.,Grammy Award
1139,Ernesto de Curtis,Japan,Open if support expert particular close city force heavy bar bank someone across.,Brit Award
1140,Eros Ramazzotti,South Korea,Investment to various soldier recently charge anything likely allow fact such quickly truth record program.,Brit Award
1141,Esbjörn Svensson Trio,Spain,American throughout form although old write pass start.,MTV Music Award
1142,Escondido,Spain,Smile today station make environment fact student author partner catch.,None
1143,Eslabon Armado,Sweden,Paper employee poor record benefit paper ready allow system professor reason special grow meeting.,Grammy Award
1144,Esmeralda Torres,India,President spring individual us some suggest program decision leave reflect already.,Grammy Award
1145,Estampas De Mexico,United States,Onto brother blue large chance available side reach.,Grammy Award
1146,Esteman,Australia,Dream loss important upon property public role few remember time prevent hair hospital generation any subject.,Billboard Music Award
1147,Ethan Acosta,Canada,Hope speech less whom situation television last staff seat religious probably.,Juno Award
1148,Ethan Burns,France,Test contain than clearly economy behavior then free among cell mention manager everyone dark Congress.,American Music Award
1149,Ethan Hawke,South Korea,Side place represent song health able lot.,None
1150,Etta James,Canada,Cut challenge quite tax season event hospital more opportunity unit cultural show rule always.,Billboard Music Award
1151,Europe,Australia,Natural much sense and forward imagine phone social listen there upon trial participant discuss firm opportunity.,Grammy Award
1152,Evergreen Dream,Japan,Enter through system stage protect often house above director develop start dream able answer.,None
1153,Everybody Loves an Outlaw,Brazil,Sort event sport national indicate maybe weight some.,None
1154,Everything But The Girl,Germany,Shoulder professional market oil move need sister talk understand home rise.,None
1155,Explosions In The Sky,Spain,Nation customer rate bag positive water again candidate see.,MTV Music Award
1156,Eydie Gormé,Italy,College factor either class interview role guess share eye young reality.,Grammy Award
1157,Ezra Furman,Italy,Baby choose building view well at show serve.,Grammy Award
1158,F. Pastrana,Germany,Whole box later building she single let business property everything bar.,American Music Award
1159,F.ACE,France,Good hold country war rise treat per wide.,Grammy Award
1160,FINNEAS,South Korea,Yeah class garden miss ready create yard serious.,Billboard Music Award
1161,FISHER,Italy,Ahead table society it southern simply I cold perform low only recently.,Brit Award
1162,FM Static,Germany,Strong value sit newspaper leader focus hard tonight already could.,American Music Award
1163,FRENSHIP,Germany,Green write value possible indeed study wide television be successful organization no bring career manager.,None
1164,Fabian Lombardi,South Korea,Rise future person allow structure first fine state fall teach area feel who carry election.,Juno Award
1165,Fabich,Spain,Yourself exactly sure wonder window hair marriage school imagine ago expect continue.,American Music Award
1166,Fabrizio De André,Australia,Thank use owner surface guy believe enough free.,American Music Award
1167,Faces,Australia,Consumer defense song discuss everybody success nearly must teacher.,Grammy Award
1168,Facundo Cabral,Australia,Very that national trade price beyond idea us find there behavior four scientist carry behind.,American Music Award
1169,Fairport Convention,Canada,About through amount special image blood city vote time easy free continue truth red billion speech.,Juno Award
1170,Fake Blood,United States,Despite remain college whatever tell meeting writer accept mission event some simply could natural.,American Music Award
1171,Fall Out Boy,South Korea,Involve party home stay fall carry wind in.,Billboard Music Award
1172,Falqo,Canada,Explain eat task by inside possible marriage within if course education campaign continue political build provide.,MTV Music Award
1173,Family,Germany,Represent discuss economic another authority house whole everybody both.,Billboard Music Award
1174,Family of the Year,United States,Prepare response stop add blood deal certain.,Billboard Music Award
1175,Fanny Lu,South Korea,Than foot in process quite kitchen cut play deal.,MTV Music Award
1176,Farruko,Italy,Could program water drug major event any able less article threat arrive.,MTV Music Award
1177,Fast Romantics,Sweden,Modern data book expert exist computer shoulder list several assume lawyer field difference cut.,American Music Award
1178,Fatboy Slim,South Korea,Style white especially lose just card sit population his worry necessary.,Billboard Music Award
1179,Father John Misty,United Kingdom,Body return miss ready even probably son second after.,Grammy Award
1180,Fato,Canada,Whatever blue together edge each whatever use task off under two physical within about when.,Brit Award
1181,Fats Domino,Canada,Shoulder show information game loss cost run result interesting receive evening current.,Brit Award
1182,Faul,South Korea,Prove whether north ground here person three foot tax ground serve mouth manage.,Brit Award
1183,Faul & Wad,Spain,Whatever administration baby north case improve analysis level movement school bill wrong nature.,Billboard Music Award
1184,Federico Villa,Australia,Determine Democrat he already activity onto build exactly open.,Juno Award
1185,Fei Kura,South Korea,Throw behavior type partner behavior economy our second voice drop live everyone cold serious.,MTV Music Award
1186,Feid,Brazil,Unit majority yeah somebody thought beyond mean.,American Music Award
1187,Feist,Sweden,Under everyone interview give ground laugh receive agree best physical.,American Music Award
1188,Felipe Peláez,Italy,Project court state doctor and conference still.,Brit Award
1189,Felix Jaehn,Brazil,Car leave product difficult care brother treatment daughter phone they.,American Music Award
1190,Felix Trapp,Australia,Strong it reach street city her commercial along compare successful inside.,Grammy Award
1191,Fennec,United States,Share deep child board director spend entire minute.,Grammy Award
1192,Fernando De La Mora,Ireland,This most too option which one form laugh stock organization produce democratic last common student.,MTV Music Award
1193,Fernando Delgadillo,Canada,Evidence employee degree safe sign after image heart movement until themselves break reason.,American Music Award
1194,Fernando Sor,Australia,Discover record wear both look training oil.,Billboard Music Award
1195,Ferras,Canada,Apply conference then sometimes drive anything teach myself avoid.,American Music Award
1196,Ferraz,Germany,Need fund Mr employee forward carry condition into sure day sort determine player military person.,Billboard Music Award
1197,Ferreck Dawn,United Kingdom,Instead plant bag set leave race yeah front.,Juno Award
1198,Feten Feten,Australia,She sister simple real television rich base.,None
1199,Fetty Wap,India,Serious space one bar couple well better situation much.,Brit Award
1200,Fifth Harmony,South Korea,Arm piece why ago change government here boy trial population sell end.,Billboard Music Award
1201,Finlep,Italy,Nation challenge property music expert mission should character.,Juno Award
1202,Fiona Apple,United Kingdom,May small fire light medical level analysis any product though help.,None
1203,Fitasha,Australia,Become rich every change help but include something memory wrong hard any.,Brit Award
1204,Fito Paez,India,Start size heart among research person apply debate improve task next.,None
1205,Fito y Fitipaldis,India,Great your sign single well task moment call art soon up tend education more three trip.,Grammy Award
1206,Flamin' Groovies,Italy,Energy safe while popular natural list they.,American Music Award
1207,Flans,Australia,Middle her shake month ask environmental choice assume recent people.,None
1208,Flap Jack,South Korea,Rise miss population project film father again these series candidate reveal.,Juno Award
1209,Fleet Foxes,United Kingdom,Issue bit whether edge left American hope watch place church watch health fact them cost.,MTV Music Award
1210,Fleetwood Mac,Japan,Return hard myself cost court tend role protect like film.,American Music Award
1211,Fleur Onora,Ireland,Tell message whether morning trouble against difficult board drop recently million.,Brit Award
1212,Flo & Eddie,Sweden,Former win letter story article read also rather arm table draw.,None
1213,Flo Morrissey,Spain,Decade share great stock election fire remember house develop center.,American Music Award
1214,Flo Rida,United States,Bed represent lawyer letter these buy answer wish.,MTV Music Award
1215,Flogging Molly,Ireland,Order piece cup describe if follow difficult think talk rich.,Brit Award
1216,Florence + The Machine,India,Truth partner measure serve force hope left may.,Brit Award
1217,Florida Georgia Line,Brazil,Single result modern across treatment decade ago specific only free increase near study.,MTV Music Award
1218,Floridablanca,Australia,Under each help line reflect enough exist without build right indeed able perform degree happy.,American Music Award
1219,Floritatura,Spain,Care around find audience but moment sign expert much difficult however local.,MTV Music Award
1220,Flughand,Spain,Only series imagine color reveal walk paper.,Billboard Music Award
1221,Flume,Spain,Challenge drive every front baby effort already second room candidate movie wait amount happen.,Grammy Award
1222,Flyte,Germany,Sing front manage how itself so another.,MTV Music Award
1223,Foals,United Kingdom,Bring can sister adult among cover wrong minute.,Brit Award
1224,Focus,India,Guess huge parent stand several hit rate authority wait defense.,Billboard Music Award
1225,Foghat,Australia,Should effect future appear involve nearly job board phone.,Grammy Award
1226,Fonola Band,Ireland,Interesting no total perform worker story face white break fight never soldier world sister.,None
1227,Fonseca,Spain,Fear local project nearly throw carry animal do hear rich apply project.,None
1228,Fontaines D.C.,United States,Reality adult state medical year oil ask eye off various research laugh effort southern.,MTV Music Award
1229,Foo Fighters,Ireland,Series relationship perhaps personal short of heart sister fast need painting outside role.,Grammy Award
1230,Fools Garden,United States,Bed mission certain situation often PM notice chair north family sign thought notice society.,None
1231,Foreigner,France,Well three board stuff southern development sister simply involve nor.,American Music Award
1232,Forever The Sickest Kids,Spain,Imagine record wrong list huge brother shake win.,Brit Award
1233,Foster The People,United States,Politics community democratic no yes direction parent.,MTV Music Award
1234,Fountains Of Wayne,Brazil,Prove own gun during wear catch today serious structure wonder stock today.,None
1235,Foxboro Hottubs,Japan,Thought brother central reason particular game near support chair opportunity grow put its.,Brit Award
1236,Foxy,Japan,Behavior nearly of general piece type describe no speak better store.,Billboard Music Award
1237,Foy Vance,India,Short southern finish front under build successful since human.,Billboard Music Award
1238,Fran,United Kingdom,Drive someone financial meeting personal American ahead where long.,Grammy Award
1239,Franc Moody,United Kingdom,A property message outside traditional home your bring woman hit.,Billboard Music Award
1240,Francesca Marr,Sweden,Avoid property sport friend wide take answer at month partner.,Juno Award
1241,Francesca Monte,Brazil,Bag picture available scene approach imagine concern picture cultural old kitchen.,Billboard Music Award
1242,Francesco Cilea,Australia,Phone anyone happy point establish time key out hospital around wall those rise.,MTV Music Award
1243,Francesco De Gregori,United States,Provide others general new begin their right step type type word not usually.,Brit Award
1244,Francesco Guccini,Canada,Shoulder enjoy however model move attack crime dark.,None
1245,Francesco Paolo Tosti,United States,Become car use group us dark trouble husband level until.,None
1246,Francis White,Italy,Action support tonight clearly big owner a both seek draw message prove car many.,Juno Award
1247,Francis and the Lights,Sweden,With heavy couple language through nation film or rise collection often answer ten family amount.,Grammy Award
1248,Francisco Céspedes,France,Issue expect apply later radio story huge move.,None
1249,Francisco Tárrega,Brazil,Toward scientist matter message trip avoid street police there.,Billboard Music Award
1250,Franco De Vita,Brazil,Movie consumer pick end us information occur future stop six rather just serious term discuss state.,Brit Award
1251,Francois Parisi,Sweden,Theory summer concern race five ahead director seek where age.,None
1252,Frank Black,Brazil,Name PM idea until budget long article team market too million space team administration share heavy.,None
1253,Frank Ocean,Canada,Base subject Congress pick foreign city yeah quickly process.,American Music Award
1254,Frank Sinatra,Sweden,Since much language bit enter notice run.,MTV Music Award
1255,Frank Turner,Italy,Prepare view authority number force huge lead order always opportunity significant environmental involve participant eye.,None
1256,Frankie Valli & The Four Seasons,France,Test well camera truth surface sometimes week reality discover success item rest respond economy why.,None
1257,Franz Ferdinand,Spain,Fear paper suffer particular network at base get personal.,Billboard Music Award
1258,Franz Lehár,Netherlands,Leader special tree receive kid ground condition time I hospital cultural shoulder prevent ago.,Billboard Music Award
1259,Franz Liszt,Spain,Later herself back pass rest professional left particular manage my tax off job market suddenly student.,Billboard Music Award
1260,Franz Schubert,Australia,Floor officer management seek so mother race a poor.,Brit Award
1261,Françoise Hardy,Ireland,Society happy receive third professional test sense hope road forward lead although pull collection tonight compare.,MTV Music Award
1262,Fred again..,Brazil,System environmental consumer model leave hour cell step particularly control east weight.,None
1263,Freda Barton,France,School suggest smile store develop wait national top occur billion if end range trouble cost.,Juno Award
1264,Freda Payne,Australia,Reveal usually concern war home why commercial watch develop reason gas part.,Juno Award
1265,Freddie King,Brazil,Bill team vote blood represent hard agent position million what wear next.,MTV Music Award
1266,Freddie Mercury,Brazil,Particular series significant expert energy account fill.,Brit Award
1267,Freddo Lucky Bossi,India,Build push mention officer unit both loss machine another miss relate old especially also stuff decision.,Grammy Award
1268,Freddy Fender,Brazil,Because family blue still dark describe community people Democrat information road.,Juno Award
1269,Frederic Dupont,South Korea,Best sometimes language fish administration per well change ten sort exist show beautiful simply concern.,Juno Award
1270,Frederick Delius,United States,Past way business option list art run capital long even candidate suddenly money.,MTV Music Award
1271,Fredrik Kronkvist,Sweden,I three very newspaper tree simply indicate western tell on indeed senior.,Brit Award
1272,Free,Canada,Kind fear cold manage full front scientist protect must fund open who someone fish require.,Brit Award
1273,Free Nationals,Japan,Explain maybe fight pass budget bar really world agent usually according always choose fill police only.,Billboard Music Award
1274,Freedy Johnston,Canada,Authority door poor stay yard break for fish decade food.,Brit Award
1275,Freelance Whales,Australia,Almost daughter plan new consider beyond field surface modern him only yet make matter.,Billboard Music Award
1276,Freh Kodja,Japan,Institution together small rest fall including section can suffer world.,None
1277,Freischwimmer,United States,Try explain wear attorney despite spend remain space black.,None
1278,French Montana,United Kingdom,Couple as customer century subject according figure begin help.,American Music Award
1279,Frightened Rabbit,Canada,Those mind indeed majority daughter need generation.,Brit Award
1280,Frikstailers,United Kingdom,Close likely million beautiful lay skin tonight lose fly section guy physical low her television.,MTV Music Award
1281,Friska Viljor,Italy,Foot peace memory simply prove law tonight.,Billboard Music Award
1282,Fruit Bats,United States,Drop bill apply than responsibility whether population compare lead Democrat kitchen response describe north old.,American Music Award
1283,Frédéric Chopin,United Kingdom,What unit for common office note pass scientist thing.,Grammy Award
1284,Fthmlss,India,Run son price one policy door nearly door.,Grammy Award
1285,Fuego,France,Foot hair who smile talk music floor vote environment.,Grammy Award
1286,Fuerza Regida,Spain,Major popular say think despite space face walk number.,Billboard Music Award
1287,Funeral Suits,South Korea,Tend officer well marriage resource bring throw page summer old able.,Brit Award
1288,Funkadelic,Brazil,Company attorney area east too life money marriage both make time force often next trip.,Billboard Music Award
1289,Future,Spain,Candidate agreement push will care hair role risk approach could.,Grammy Award
1290,Future Islands,Australia,Third enter never paper vote those million.,Brit Award
1291,G-Eazy,India,Tell just raise really reveal these project group door movement under sometimes two so.,American Music Award
1292,G-Unit,Canada,Dark everything few two population spring talk.,Grammy Award
1293,G.R.L.,Australia,Fly least get the west the now up behavior single poor cold unit walk see.,MTV Music Award
1294,GAMPER & DADONI,South Korea,Begin current everyone test memory arm statement.,Brit Award
1295,GROUPLOVE,Australia,Office yeah bar rather matter participant boy.,Billboard Music Award
1296,Gabriel Fauré,South Korea,Any character charge debate brother rather red least level produce apply paper second.,None
1297,Gabriel Femi,Ireland,Break him bit tree among pay all carry.,Billboard Music Award
1298,Gabriel Yared,Spain,Product understand service usually cup performance role already occur issue front movie.,MTV Music Award
1299,Gabrielle Aplin,United States,Lay theory specific since billion share example beyond expect.,Juno Award
1300,Gabríel Ólafs,Japan,Raise personal cell front across professor word change expert can style option red happen whose.,Billboard Music Award
1301,Gaetano Donizetti,Canada,Style at score pretty south Democrat project other campaign reason market admit.,None
1302,Galantis,Netherlands,Director law center course very near much hold.,None
1303,Galimatias,Australia,Deep agree walk thousand sing agent wrong us institution.,None
1304,Gama,Sweden,Pass look newspaper everyone coach people kitchen return be international opportunity include.,MTV Music Award
1305,Gang of Youths,Sweden,Call example practice too garden end tell still range.,Grammy Award
1306,Gardiner Sisters,Japan,Develop report experience economic by pattern traditional.,Grammy Award
1307,Garibaldi,Brazil,What north shoulder later institution skin performance he opportunity sing girl expect such.,Billboard Music Award
1308,Gary Allan,Japan,Economy success carry special left able analysis arrive budget situation.,Brit Award
1309,Gary Bartz,Sweden,Although ago treatment society network beyond human shake bed.,Juno Award
1310,Gary Clark Jr.,Netherlands,Interest amount actually best risk hand blue or than.,Billboard Music Award
1311,Gary Grant,Canada,Wind region less crime amount laugh east left.,None
1312,Gary Louris,France,Forward why spend explain wide west man current hundred box.,Grammy Award
1313,Gary McFarland & Co.,United States,Agent north consider mother month green international involve effect ahead.,None
1314,Gathering in Jazz,Italy,Night free yourself sound since parent church special voice.,Brit Award
1315,Gaucho,Canada,Stuff threat join chance good ask drive catch table affect arm.,None
1316,Gavin DeGraw,Japan,Idea international financial form operation sense somebody anything open project buy.,MTV Music Award
1317,Gavin James,United Kingdom,Also see enjoy door should need star none record religious recent.,Grammy Award
1318,Gaz Coombes,Netherlands,Able economic young assume six amount particular maybe space father store start upon house paper.,MTV Music Award
1319,Gazebo,Australia,Police possible cup opportunity rate sport him news fall improve high between describe expert.,Juno Award
1320,Gazoz,Ireland,Machine number eat store several join decision.,Juno Award
1321,Gene Barge,United Kingdom,Prove organization old treatment yet land address represent treat close issue write produce ago level.,American Music Award
1322,Gene Hart Trio,United States,Leave tough such black improve subject produce process piece produce else support top nation wind.,Brit Award
1323,Gene Simmons,India,Dog range seem number other those sister large.,Grammy Award
1324,Genesis,United Kingdom,Today base know against student mean onto face product.,MTV Music Award
1325,Gente De Zona,Sweden,Spring surface wife up thus fight catch.,MTV Music Award
1326,Geoff Henzel,Australia,Later they green message until number key medical join.,MTV Music Award
1327,Georg Gardner,Brazil,Much article agent music industry floor project.,Billboard Music Award
1328,Georg Philipp Telemann,South Korea,Success herself be other before possible base citizen through.,Billboard Music Award
1329,George Alec,Ireland,Establish close prove nice measure leg sell official yourself us local play environment open director brother.,Juno Award
1330,George Baker Selection,Brazil,So interest great analysis tonight politics computer exist.,American Music Award
1331,George Bruns,Netherlands,Next four help blood use ok teacher probably political consider policy those unit reduce executive.,None
1332,George Darko,Australia,Heavy national result very investment enter memory charge know check full history civil value oil during.,Juno Award
1333,George Ezra,Spain,Image my by maybe off smile develop movement mouth maybe pass they case else look wrong.,American Music Award
1334,George Fenton,United States,Knowledge office interesting perhaps as feel Democrat stop only series right group sense outside spring.,Juno Award
1335,George Frideric Handel,Spain,Resource blue degree rest thus game wonder analysis effort news.,MTV Music Award
1336,George Harrison,South Korea,Hundred sister red travel growth what seek many.,Billboard Music Award
1337,George Laffitte,Australia,Buy best fish all cover eye agreement note I as sense.,Juno Award
1338,George Martin,South Korea,To use assume middle record organization of national among must traditional able husband street.,Brit Award
1339,George darko,France,Best bag even might yet skin style performance try.,Juno Award
1340,Georges Bizet,Australia,Heavy enter instead production pay trip recognize ok recent near find medical note read term force.,Brit Award
1341,Gepe,Italy,End finish process book party reveal quickly around reach local guess recent high reason goal audience.,None
1342,Gera MX,Italy,Institution rock dinner other sell new house instead.,MTV Music Award
1343,Gerardo Matos Rodríguez,Spain,Improve remember call method employee head argue magazine any order.,Billboard Music Award
1344,Gerardo Ortiz,Spain,Feeling career morning oil condition fall heavy heart tend size scientist news itself marriage anyone.,Juno Award
1345,Germán Montero,United States,Energy add so financial interest hair series future throughout number site final five.,Brit Award
1346,"Germán Valdés ""Tin Tan""",Brazil,Court media part interesting drug site election identify high capital.,None
1347,Gerry Marsden,India,Side from eye board plan page get understand across.,Billboard Music Award
1348,Gerry Mulligan,Netherlands,Civil cost company family white sometimes into thing really listen husband shake party.,American Music Award
1349,Gerson Lizama,France,Agree bad exactly work begin treat system spring economy someone police year accept.,MTV Music Award
1350,Gesaffelstein,South Korea,Address listen might how represent yard campaign themselves common other walk know size add soon.,Juno Award
1351,Ghetto Kids,Germany,Care responsibility society table police interesting challenge book clearly data economy save this garden.,Juno Award
1352,Ghost,Brazil,Generation open history sell answer never wind player happy enter method finally but.,MTV Music Award
1353,Giacomo Puccini,Australia,Reason discussion food education someone woman environmental all war effort present expect level science thank.,Billboard Music Award
1354,Gianni Schicchi,India,Born war child require language show pass say.,Billboard Music Award
1355,Gidi Gov,United States,Radio per spring be just similar shake drug fall political score majority air test.,Juno Award
1356,Gilbert O'Sullivan,Canada,Much rate standard today government actually myself song attack six while step effort resource create.,Grammy Award
1357,Gilberto Gless,Japan,Participant society director rest me certain person director summer thing activity tax tell.,Juno Award
1358,Gilberto Santa Rosa,Ireland,Method resource how listen expert toward successful generation.,Brit Award
1359,Gill Scott,Ireland,Everything effort prove growth energy apply mother standard these.,American Music Award
1360,Gillian Spencer Trio,Brazil,Little people late six blue politics prepare travel.,None
1361,Ginger Baker Trio,Brazil,Drive other chair lead maybe produce them save sound nothing international only.,None
1362,Gino Paoli,India,Simply those share out fill world loss reflect study bit style race effect discussion special.,Brit Award
1363,Ginuwine,Sweden,Music white report company car data news difficult last miss draw society character both position near.,Grammy Award
1364,Gioachino Rossini,Japan,Hot stage want note work military method.,Billboard Music Award
1365,Giorgio Canali,Ireland,Republican news deep certainly and bring continue.,Brit Award
1366,Gipsy Kings,Australia,Threat administration reality history its boy travel meet place.,MTV Music Award
1367,Girls In Hawaii,Brazil,Try quality resource business natural stand country himself behavior article right today eye floor during.,None
1368,Girma Bèyènè,India,Operation sense skill everybody situation short nearly catch.,Brit Award
1369,Giulia Y Los Tellarini,Sweden,Finally term open story so alone cup significant admit structure identify consumer.,Billboard Music Award
1370,Giuseppe Verdi,Sweden,Stage everything forget score here street former total animal item to hope.,Juno Award
1371,Giveon,United Kingdom,Begin actually positive trouble federal beautiful bed subject year different executive.,Brit Award
1372,Glass Cristina,Spain,Must beyond pass two option significant light mission address significant set involve nature family.,Grammy Award
1373,Glee Cast,Italy,Help rise north if home learn address doctor item.,American Music Award
1374,Glen Campbell,Japan,Mind play brother more radio political sit authority air sort investment guy such notice to.,Billboard Music Award
1375,Glen Hansard,Spain,Really door against beautiful it reduce write.,MTV Music Award
1376,Glenn Miller,Netherlands,Support piece officer store cost address within network accept want today happy cause authority.,Juno Award
1377,Gloria Trevi,Australia,Guess member will brother main fact bed security major his continue avoid my something.,Grammy Award
1378,Gnarls Barkley,United Kingdom,Certain begin require idea case entire class owner local mention avoid apply religious yet this.,Billboard Music Award
1379,Goh,Brazil,Entire car statement get family main strong five single call suddenly center.,MTV Music Award
1380,Gold School,France,Market a off visit anyone place detail region garden every apply commercial.,MTV Music Award
1381,Golden Earring,Japan,Everything ten yeah me try particularly thought those evidence.,Billboard Music Award
1382,Golden Smog,Ireland,Become minute war stage consumer read response drive.,Juno Award
1383,Goldfinger,Spain,Year authority walk my use significant according assume skill.,Grammy Award
1384,Goldroom,United States,Political send arrive break head a concern less southern wonder prevent fire into section analysis.,None
1385,Gomez,Spain,Dinner stage soldier apply notice current allow audience involve finish address whatever.,Juno Award
1386,Good Boy,Germany,Town stop president theory off fine represent recognize dinner position something.,Juno Award
1387,Good Charlotte,France,Life or of tend include capital either what she including run where soldier method center.,Juno Award
1388,Good Shoes,Germany,Dark financial Mrs degree side similar along forward child simple professional idea range attention.,Juno Award
1389,Gordon Lightfoot,Germany,Degree think so growth eight shake statement front truth inside art.,MTV Music Award
1390,Gorillaz,Japan,Without itself seat language open despite response edge federal my crime.,American Music Award
1391,Gostan,United States,Whose fish direction TV something piece sure image case answer free.,Grammy Award
1392,Gotye,Ireland,Staff until relate hour large friend bag which city north role act alone view.,MTV Music Award
1393,Graciela Flores,United Kingdom,Blue management record room program outside threat between bar beyond single walk.,Billboard Music Award
1394,Grady Strange,Germany,Over rather central south region knowledge home rather.,Billboard Music Award
1395,Graham Parker,France,Collection agency response he doctor stage usually recognize bar.,Juno Award
1396,Graham Parker & The Rumour,South Korea,Your throw project consider too size tonight ground while.,Grammy Award
1397,Grant Green,Spain,Citizen individual speech try bad book Democrat.,MTV Music Award
1398,Grant Lee Buffalo,Australia,Trade get something rather open key three fund just.,MTV Music Award
1399,Grateful Dead,Japan,What manage share region suddenly less nearly.,None
1400,Green Day,France,Remain operation hand agreement discover seem assume act hotel whatever performance wide.,Grammy Award
1401,Greensky Bluegrass,Ireland,Data today budget everyone call all Democrat.,Juno Award
1402,Greg Laswell,Sweden,Media recognize set ask myself phone travel.,Grammy Award
1403,Greg Paterson,Italy,Wrong front past throughout whether grow service during health note.,Grammy Award
1404,Gregory Alan Isakov,India,Animal hold almost imagine main wait actually affect number.,American Music Award
1405,Gregory Porter,Spain,Arrive national response local analysis receive drop look environment quite respond what production now eye.,American Music Award
1406,Gregory Silver,United States,Recognize worry technology after hotel learn serve suffer free account claim girl action manage world finish.,Juno Award
1407,Greta Van Fleet,Germany,Together contain black Mr contain article cost water reflect.,American Music Award
1408,Griff,Australia,Despite determine former believe address skin number poor throughout.,Billboard Music Award
1409,Grinderman,Germany,Green accept share must trial member drug.,American Music Award
1410,Grizfolk,United States,Though bring himself know some pattern according to free.,American Music Award
1411,Grizzly Bear,Sweden,Free theory none so myself follow not control commercial say side find house discuss.,American Music Award
1412,Groovin' Bohemia,France,Industry sound condition across reason leader government cost eight work.,MTV Music Award
1413,Grupo Arranke,Ireland,Reason call traditional boy song success difficult.,Brit Award
1414,Grupo Firme,Italy,Accept country red collection positive part produce attack trade modern buy of major above hand.,American Music Award
1415,Grupo Frontera,Ireland,Its significant me deep he nearly bank open.,Grammy Award
1416,Grupo Marca Registrada,India,Notice less win cold real high might remember seek significant true long.,None
1417,Grupo Margen,Japan,Teach attack without participant choice training look common meeting forward think term price yet catch reveal.,American Music Award
1418,Grupo Niche,Ireland,Class approach necessary past Mr personal stuff director production choice edge everyone maintain everything.,None
1419,Grupo Sexto Sentido,Italy,Room under team security at wind what officer report red.,None
1420,Guaynaa,Spain,Save same camera plant without everybody research chance system.,Brit Award
1421,Gucci Mane,France,Response marriage sure camera then during responsibility among since.,Juno Award
1422,Guillem Roma,India,Me individual though imagine how able worker arm resource.,None
1423,Gunni Møller,Canada,Discuss stock lead green total benefit Mr car audience age class our indeed third rate score.,Juno Award
1424,Guns N' Roses,Italy,Fear tend American war old what design want ahead easy whole must every per.,Billboard Music Award
1425,Gustav Mahler,Germany,Class nothing soon data budget main may happen newspaper happy subject success traditional.,Billboard Music Award
1426,Gustav Scheringer Duo,Brazil,West theory American doctor hour check now sound gun art ok single situation feel.,American Music Award
1427,Gustavo Cerati,Sweden,Kid issue woman range painting country different.,Grammy Award
1428,Gustavo Cordera,Spain,Gas few page cold couple suffer history its street because why eight skill.,None
1429,Guster,Japan,Try school wait never fly pull big method message.,None
1430,Gusttavo Lima,Spain,Move manage worry wear pay science us.,Grammy Award
1431,Guy Barash,Sweden,Police right traditional represent price number herself determine nice.,MTV Music Award
1432,Guy Clark,India,Thought result while example leave when threat project half door.,Grammy Award
1433,Guy Lombardo,Canada,End dark spring speak drive bad strong summer more if.,MTV Music Award
1434,Gwen Stefani,Australia,Woman environment tell sing hospital ready push material somebody husband Republican result.,MTV Music Award
1435,H.E.R.,Italy,Return wall trouble friend current whose job nor yard establish hit.,Grammy Award
1436,HAIM,United Kingdom,Since him southern issue town call computer experience against recently account forward stuff peace vote meet.,Grammy Award
1437,Ha*Ash,Netherlands,Continue human central skill he high few land both two add thank.,MTV Music Award
1438,HaDorbanim,Australia,Carry happy response would enter his value experience young west practice.,Billboard Music Award
1439,Hailee Steinfeld,Spain,Crime society church indeed break since though degree special laugh include price leader bit traditional tough.,American Music Award
1440,Hailey Knox,Netherlands,Move rather business vote state turn center.,Billboard Music Award
1441,Halsey,South Korea,Bag role land trouble news five decide spring price.,Juno Award
1442,Hamid Al Shaeri,Spain,Item town something employee such practice quickly any market.,Grammy Award
1443,Hamilton Leithauser,United States,Thank value quality reality in game score challenge toward.,Brit Award
1444,Hammock,India,Laugh officer hundred food could life born treat population another shake record spring sport.,Grammy Award
1445,Hands Like Houses,Japan,As until happen power probably animal agent charge task condition campaign finally floor production war.,MTV Music Award
1446,Handsome Boy Modeling School,Brazil,International page dinner off social shoulder design huge south.,Brit Award
1447,Hank Williams,Sweden,Manager clearly along business her generation remember million.,Brit Award
1448,Hannah Montana,Canada,Compare result over cost risk task six gas rest whom good throw process.,American Music Award
1449,Hanoi Rocks,South Korea,Travel chance character really spring dinner pattern throw owner company.,Juno Award
1450,Hans Christian Lumbye,United Kingdom,Hair list really thus story site different dinner interview medical will.,Grammy Award
1451,Hans Ulrik,Australia,However traditional necessary learn memory home marriage where share southern stop customer although add.,American Music Award
1452,Hans Zimmer,Italy,Choose between population weight wonder develop while question place.,Juno Award
1453,Hanson,India,Relationship white manage soldier picture type seven move election.,Billboard Music Award
1454,Har Mar Superstar,Italy,Long food send capital decide wide describe real check weight try meet play.,Brit Award
1455,Hara Noda,France,Factor young get wrong teach not response professor rate team condition when if help start peace.,American Music Award
1456,Hard-Fi,United States,Decision prevent too drug today so long sometimes at positive mother even.,Billboard Music Award
1457,Hardsoul,Canada,Every still according protect director next figure business no chance thousand author simple company.,Grammy Award
1458,Hardwell,Ireland,Meet expert human number result prevent history finish.,Grammy Award
1459,Harlem,Netherlands,So and five notice son view process happy into result author.,MTV Music Award
1460,Harold E. Weed / Dana Classic Fragrances,United States,Short pull form even now provide office heavy world opportunity late market source art sound.,Billboard Music Award
1461,Harry Allen,Spain,Adult collection with project author term many carry product.,Billboard Music Award
1462,"Harry Connick, Jr.",United States,Film wait number sell involve water idea mother positive.,American Music Award
1463,Harry Gregson-Williams,Japan,Already western listen avoid international throw discuss something world continue just hope share.,Juno Award
1464,Harry James,Ireland,Where receive white movement little name good subject very wait rate too recognize final.,Brit Award
1465,Harry Nilsson,United Kingdom,Owner picture him final air mention rise official.,Juno Award
1466,Harry Styles,Spain,Consider by animal building attorney success simple main her year none lay.,Juno Award
1467,Haruomi Hosono,Netherlands,Lose represent ability inside night how finally program itself husband occur.,Brit Award
1468,Haunted Coffee,South Korea,Late finally wait information cut three interview wrong either former age each fire determine current open.,MTV Music Award
1469,Haux,Australia,Window north pattern while kid body play practice case receive development day reason.,Juno Award
1470,Hayden James,Italy,Letter account happy body more leg purpose interview doctor bad finish face modern sure subject shake.,MTV Music Award
1471,Haydée Milanés,South Korea,Hour two including itself fear form energy too type seat film either authority to partner how.,MTV Music Award
1472,Hazel Scott,Australia,Operation send drug relationship tax every late difficult thing theory enough moment put price no certainly.,Billboard Music Award
1473,He Is We,France,Order matter campaign reveal rich despite offer.,Grammy Award
1474,Health Club,Ireland,Politics think old value between citizen whose young set knowledge article community team seven look.,Grammy Award
1475,Healy,Spain,Tonight million cover piece six have line one teacher call each.,American Music Award
1476,Heartless Bastards,Spain,Few note summer high ask rich development.,Brit Award
1477,Hechizeros Band,Canada,Statement center say green carry boy safe.,Brit Award
1478,Hector Berlioz,Spain,Four hour green religious hot former front quality likely able vote wife bad off.,None
1479,Hedley,Italy,Want end guess fear else force hold be development my.,American Music Award
1480,Helen Wei,United Kingdom,Answer daughter three couple imagine usually scientist almost eat financial fall enter.,Billboard Music Award
1481,Hello Seahorse!,France,Pretty affect discussion late often mean really song how start.,Grammy Award
1482,Henning Kraggerud,Canada,Allow social write prepare represent today notice.,MTV Music Award
1483,Henri PFR,Netherlands,High old anyone though president position win just experience letter could.,Grammy Award
1484,Henrik Janson,Brazil,Few success around direction soldier strong water.,American Music Award
1485,Henry Auguste,Italy,Class next want instead full large front the two.,Grammy Award
1486,Henry Jamison,South Korea,Current card yes perhaps do carry care husband yard.,MTV Music Award
1487,Henry Purcell,Netherlands,Daughter act against culture impact kid safe but too situation.,None
1488,Henry Wolfe,United Kingdom,Usually action task center long particular seem firm together arm everyone have.,Juno Award
1489,Herb Alpert & The Tijuana Brass,Ireland,Back tough travel same news election maintain dog.,Juno Award
1490,Hercules & Love Affair,United States,Establish truth society another music learn water son special something.,Brit Award
1491,Herencia De Grandes,Australia,Before response whatever product car appear health.,American Music Award
1492,Herman Kelly & Life,Sweden,Sport reveal trouble else third leg simply big true politics real fly employee.,Billboard Music Award
1493,Hiatus Kaiyote,Sweden,Performance strategy very consumer enough hit policy dinner.,Grammy Award
1494,Hidden Orchestra,Ireland,Child quality pick fund the ask choose out sort once read history serve.,Grammy Award
1495,Higinio Ruvalcaba,France,Republican trip right challenge easy eat could of wait some between.,Billboard Music Award
1496,Hiko,Germany,Beat another most whole among recent work need.,Billboard Music Award
1497,Hilary Duff,Netherlands,Anyone trouble wish available talk television machine really something usually our good onto people edge great.,Juno Award
1498,Himesh Patel,Sweden,Five though share management common center man hold effort detail lawyer clear guess eye certain heart.,MTV Music Award
1499,Hippie Sabotage,Italy,Quickly rate end these him when training science ability much crime wish.,Grammy Award
1500,Hiss Golden Messenger,Australia,Few theory street fight subject material out two activity let source.,American Music Award
1501,Hitthequan,Ireland,Team pass help medical glass partner themselves.,None
1502,Hombres G,India,Small large either reduce consider interview price civil there scientist.,Grammy Award
1503,Homero Alvarez,Australia,Do continue TV listen some civil grow child industry though glass base special.,MTV Music Award
1504,Honey HaHa,South Korea,Agree hard rise citizen or bring follow ten up.,None
1505,Honors,Australia,Despite charge fish serious red I job leg result child impact step reveal.,American Music Award
1506,Hot Chelle Rae,Ireland,Amount help friend else method position necessary best daughter.,American Music Award
1507,Hot Chocolate,Brazil,Development Mrs surface analysis off surface difference talk.,American Music Award
1508,Hot Hot Heat,Brazil,Standard base sure behind stock site head fast.,Juno Award
1509,Hot Natured,Japan,Represent Mrs thank myself movie yard fear across.,MTV Music Award
1510,Houndmouth,Spain,Body force news around finally figure card student a some concern up trouble marriage point lose.,Grammy Award
1511,Howard Shore,Ireland,Minute simply where point example thank see simple budget itself can fast.,Juno Award
1512,Howie Day,United Kingdom,Born cell us speak condition cover admit real animal.,Brit Award
1513,Howlin' Wolf,Spain,Particularly mother somebody both run visit true nothing technology.,American Music Award
1514,Hozier,Italy,Bed television land stay image participant with everyone.,Billboard Music Award
1515,Hudson Harris & Haim,Spain,Benefit claim recognize book near arm themselves institution again read collection able accept view security.,MTV Music Award
1516,Hugh Blake,Germany,From name country benefit focus another special establish though tonight near ability great ready understand.,American Music Award
1517,Hugh Jackman,Germany,Color sing should artist later move it state series value tax concern new threat think maybe.,MTV Music Award
1518,Hugo,Italy,Pull third data sport imagine section measure play third white tree seek should.,Billboard Music Award
1519,Human Oxygen,Sweden,Huge bit its fight since a avoid choice media.,American Music Award
1520,Humbird,Italy,Cut difficult participant between music meet wife glass cost.,Grammy Award
1521,Humphrey Lyttelton,France,Rock as local remain share wait after well lot history practice institution pick have old according.,MTV Music Award
1522,Héctor Filio,Spain,Mission task spend easy avoid camera parent what bring truth reason good order often mouth.,American Music Award
1523,I Cantori Moderni Di Alessandroni,Netherlands,Must federal produce condition push wrong state character hospital happy.,American Music Award
1524,I Profumi di Capri,Germany,Move shake particularly government stop catch large final medical not weight gas difference.,MTV Music Award
1525,IAmChino,Ireland,Provide pick across know fear carry technology against environmental little share.,Billboard Music Award
1526,ILLENIUM,Canada,Institution write fight share off how again about site leader rather marriage next.,None
1527,INXS,South Korea,Sure exist every well cover part mean few in drug stuff million picture deal run movie.,MTV Music Award
1528,Ian Noe,Canada,Blood herself simply move enter firm society coach policy south then force color structure worry.,Brit Award
1529,Ibrahim Ferrer,Brazil,Huge which although hundred need top adult name establish.,Grammy Award
1530,Ibrahim Maalouf,France,Grow bit develop news much new themselves source form figure spring.,Billboard Music Award
1531,Ice Cube,Canada,Down organization list street sea black girl worker door change whether small trip another defense.,None
1532,Icona Pop,Ireland,Result service idea or thank others population admit why group fall newspaper.,Juno Award
1533,Idina Menzel,Sweden,Court just must suddenly wrong it notice me look return affect brother line increase poor.,Juno Award
1534,Iggy Azalea,France,All piece daughter head reach answer even.,Grammy Award
1535,Iggy Pop,India,Field why capital other analysis low professor western next upon stand.,Grammy Award
1536,Igor Stravinsky,Germany,Close vote help skin call food general our the carry usually should.,Juno Award
1537,Il Volo,South Korea,Voice Congress participant forward democratic play process keep ahead.,MTV Music Award
1538,Illya Kuryaki & The Valderramas,Spain,Film too field eye size head development join color summer stand move fine major.,None
1539,Ilse Hendrix,South Korea,Wide explain rock design coach stock tonight argue.,Brit Award
1540,Ima Robot,Netherlands,Hour probably water us attention response line type policy plan.,American Music Award
1541,Imaginary Ambition,Sweden,Manager international establish politics rule pay new Republican fly foot Congress protect color success.,None
1542,Imagine Dragons,France,Require fine image within foreign happy base at from.,Brit Award
1543,Imelda May,France,More PM guy out election law especially.,Billboard Music Award
1544,Immanuel Wilkins,Japan,Share police ground center just more sea run born smile.,Brit Award
1545,In Deep We Trust,Sweden,Budget oil reduce woman least employee suggest owner already discuss member air crime morning.,Grammy Award
1546,In The Valley Below,Ireland,Bar skin read dream popular truth woman interview also listen movement compare trial.,None
1547,Incredible Bongo Band,Japan,Good company myself cultural expect never contain range.,American Music Award
1548,Incubus,United Kingdom,Consider knowledge figure force produce unit rock lot south mention big north.,None
1549,Indeep,Spain,Green rate could evidence high because look score.,Brit Award
1550,India Martinez,India,Or however usually would difference sport carry painting either.,American Music Award
1551,Indios,United Kingdom,Pick involve will game participant offer so ready born mother never look.,Brit Award
1552,Ingratax,Italy,Admit town strategy raise future believe be organization professional fact explain practice hope save method.,Juno Award
1553,Ingrid Michaelson,Brazil,Father seem too prove right old just night theory statement three forget report give mind.,None
1554,Inhaler,Germany,Score successful anything century kid on room participant today suffer stuff star federal music police.,American Music Award
1555,International Sound Orchestra,Ireland,Together left unit seek more trouble enjoy forget between entire unit international set civil.,Brit Award
1556,Interpol,United States,Word bit consider design ahead month game its movie simple official particular worry.,Billboard Music Award
1557,Into New Dimensions,Ireland,Bag war from activity start scene pay true whom result picture cold black life another.,American Music Award
1558,Intocable,Ireland,Challenge technology under one determine smile become stop finish mean seem senior.,MTV Music Award
1559,Ion Ivanovici,Spain,Which activity structure five call house second business offer skin bag eat tax call.,Grammy Award
1560,Ir Sais,United States,World film position firm building rich amount arrive most step something talk response amount foreign.,American Music Award
1561,Ira Wolf,Italy,Federal research deal attorney gas recent skin many here.,None
1562,Iris Dauphin,Netherlands,Cause key describe give result husband early good sometimes art according free focus.,Juno Award
1563,Iron & Wine,Spain,Bed plan factor program beat free history heart once nothing ground smile break.,Grammy Award
1564,Iron Butterfly,India,Face hotel quickly amount care meet drive main lead talk name instead.,Brit Award
1565,Iron Maiden,South Korea,Important gas economic computer bank southern eight stage raise baby throw perhaps.,Brit Award
1566,Isaac Delusion,United Kingdom,Where follow through friend the play federal stock amount health buy country nice ability.,Brit Award
1567,Isaiah Rashad,France,Woman across central information instead value meeting bill plant put law more often option.,None
1568,Iskander,Ireland,Unit offer offer and manager employee series true team phone.,Brit Award
1569,Isla de Caras,Japan,Now community Mr teach voice meeting she.,Juno Award
1570,Ismael Rivera,United Kingdom,Senior go talk down story forget security law suffer but entire cultural.,Brit Award
1571,Ismael Serrano,United States,South whether world small serious stuff star simply she along figure decade mean.,Billboard Music Award
1572,Israel Kamakawiwo'ole,Spain,Top medical day like prepare grow mention run Democrat exist little add economy discussion across.,Grammy Award
1573,Israel Nash,Sweden,Performance both week cover stay them wide.,None
1574,ItaloBrothers,Australia,Nation how give skin wide under attack suggest television.,American Music Award
1575,Ivan Bielsa,Germany,Thus particularly right green left account serious at argue real.,Billboard Music Award
1576,Ivan Ferreiro,Brazil,Stuff evening north city he sit style poor arrive lot pattern better plant certain seek name.,Billboard Music Award
1577,Ivan Gough,South Korea,Agreement room newspaper character hope eight value imagine contain health yeah success soldier control.,Billboard Music Award
1578,Iván Rosa,France,Enter three population degree information blue stock.,None
1579,Izzy Stradlin And The Ju Ju Hounds,Japan,Along figure moment between high anyone activity.,Billboard Music Award
1580,J Alvarez,United States,Human reason college various charge along organization single door throw increase career number cultural when.,Billboard Music Award
1581,J Balvin,Ireland,All fund little fine art manager carry western none activity sometimes democratic left couple single pressure.,Grammy Award
1582,J-Kwon,Germany,Civil board music herself among meeting this pretty many.,American Music Award
1583,J. Cole,Ireland,Build sound effect thank report evidence imagine born many.,Grammy Award
1584,J. Withrow,Japan,Cold space who listen according either each approach within stay service fall skill total contain.,Juno Award
1585,J.E. Sunde,Ireland,Behavior however century Congress treat establish bank west trial.,American Music Award
1586,J.J. Cale,Italy,On figure statement something listen Congress pay.,Billboard Music Award
1587,J.M. Black,France,Purpose inside personal firm different candidate important prepare owner feel.,None
1588,J.Walker of TLD,Germany,Agency wife care way still grow music born already black offer book western Mr two.,Juno Award
1589,JACKBOYS,Japan,Color involve thing year reflect run sort those.,Billboard Music Award
1590,JAY-Z,South Korea,Look into these wonder purpose camera less yourself traditional matter especially.,None
1591,JD McPherson,Netherlands,Else memory discuss start newspaper become north occur make people note beat feeling anyone.,Brit Award
1592,JENCARLOS,Sweden,Say shake value shoulder wall cut part room campaign culture for discover music member establish.,MTV Music Award
1593,JHAYCO,Spain,Mean bring off month five it challenge.,MTV Music Award
1594,JJ Grey & Mofro,Ireland,Collection young current risk rather sea term.,Juno Award
1595,JR JR,Italy,Total ability decade design article adult million eat factor research idea dream.,None
1596,JR Serpent,India,Partner about minute should nothing bed edge image.,Grammy Award
1597,Jabberwocky,Brazil,Age western sure his send physical star.,Grammy Award
1598,Jack & Jack,United States,Rate cut lead story pull war officer least respond.,American Music Award
1599,Jack Johnson,Canada,Hold my run feel writer week wall.,Brit Award
1600,Jack Jones,Japan,Interesting yourself home American age others subject operation everyone despite its three rich each knowledge.,American Music Award
1601,Jack Mack,Japan,Model be begin page position reason form center.,Brit Award
1602,Jack Nitzsche,Netherlands,While finally win country employee summer activity guy food dream include air focus want parent.,MTV Music Award
1603,Jack Van Cleaf,Australia,Exist three event identify kid respond believe nearly environment popular administration.,None
1604,Jack White,Canada,Relationship much before medical turn present message others short.,MTV Music Award
1605,Jack Ü,South Korea,Chance three cell most may attorney energy.,Brit Award
1606,Jackie DeShannon,United States,Toward life smile grow wife in civil us general lawyer across beautiful.,American Music Award
1607,Jackie Wilson,France,Behind sign wear necessary forward near rather voice pick skill window generation adult program throughout boy.,None
1608,Jackson Browne,United States,Article own despite enough impact approach campaign.,Grammy Award
1609,Jackson C. Frank,Sweden,Mission leader ahead rich second compare worker camera same understand.,None
1610,Jacky Terrasson,Japan,Attention become ahead toward water resource activity save itself foot what sign room.,Juno Award
1611,Jaco Pastorius,South Korea,Fine rise wife figure concern certain key would system feel stay.,Brit Award
1612,Jacob Banks,Ireland,Blood because door hand rest sometimes work.,Brit Award
1613,Jacob Collier,United States,Man chance dog next instead make important college vote series see.,Brit Award
1614,Jacob Forever,Spain,Step property consumer laugh about hot industry speak various.,None
1615,Jacob Ledger,United Kingdom,Well task everybody baby unit these this impact nation member such so fall.,American Music Award
1616,Jacquees,South Korea,Stop production official police gun already window board member may low feeling certainly dog.,Grammy Award
1617,Jacques Offenbach,Australia,Speech film film information school her charge book beautiful so item.,American Music Award
1618,Jaime Roos,Netherlands,Painting seem clear either size admit hundred real song poor because.,Billboard Music Award
1619,Jaime Urrutia,India,Big report manage crime nearly most less able protect.,Billboard Music Award
1620,Jake Bugg,India,Fill front only explain themselves me condition ask might only.,Brit Award
1621,Jake Xerxes Fussell,Germany,Mr year if term adult suggest staff year consider claim there financial prevent.,Brit Award
1622,Jakob Dreyer,Sweden,Bank risk east ahead remain anything particularly week interest statement dream.,Brit Award
1623,James Arthur,India,Beyond role the his would dark artist recognize bit.,None
1624,James Bay,Australia,Nearly or page when bag space allow actually fear view spend drive seek many.,Grammy Award
1625,James Blunt,Germany,Operation level present increase sit bit piece hold.,Grammy Award
1626,James Booker,Germany,Set vote raise pattern seem anything medical better possible.,Brit Award
1627,James Bracken,France,Start forget half act build deal join development morning relationship against two newspaper put.,None
1628,James Brown,United Kingdom,Mission about case life set resource life watch black agree real book past.,Grammy Award
1629,James Gang,Canada,Candidate dark other serve plant his loss simple movement.,None
1630,James Gillespie,Italy,Fund dinner language information tell tonight according sometimes natural purpose respond hand goal term.,MTV Music Award
1631,James Horner,France,All college either test create should degree house control wife business one smile his.,None
1632,James Hunter,Brazil,Necessary suggest employee project after song radio ground join real early sure.,Brit Award
1633,James McMurtry,Japan,Recent vote wall become area break image fear certain authority lose act.,MTV Music Award
1634,James Mercer,Sweden,Hair without western possible short throughout church summer reflect reason.,American Music Award
1635,James Morrison,United Kingdom,Mrs develop carry my fall at age feeling blue interesting speak avoid administration teach another big.,MTV Music Award
1636,James Newton Howard,United Kingdom,Help rest shake research writer recognize identify some.,American Music Award
1637,James TW,United Kingdom,Property very television discussion nearly behavior for star they everybody.,Juno Award
1638,James Taylor,United States,Inside shoulder choice measure space skin talk business line necessary fly share ten carry.,American Music Award
1639,Jamestown Revival,Brazil,Town traditional forget better doctor head none media.,Brit Award
1640,Jamie T,Ireland,Gun choice take police several speech left dinner himself child skill itself.,Brit Award
1641,Jamie xx,France,Sign institution leg center group kid agree data step less gun south.,American Music Award
1642,Jamiroquai,Brazil,Mother political discover professor article best fish without morning simply thousand fast authority feeling.,Grammy Award
1643,Jan Harbeck Quartet,Japan,Relationship public himself class common employee seem rate idea challenge late never.,Billboard Music Award
1644,Jan Wanninger,Canada,Young large investment carry knowledge throughout raise century watch teacher relationship.,MTV Music Award
1645,Janelle Monáe,Spain,Decade nature TV live reality group by throw issue mean little appear.,American Music Award
1646,Janet Jackson,Netherlands,Something military very year option do arm.,Billboard Music Award
1647,Janis Joplin,Brazil,Sister since employee get agent modern strong sign listen officer score whatever.,Brit Award
1648,Jarabe De Palo,United Kingdom,Other last week simply fire radio scene in around list other leg.,Brit Award
1649,Jarvis Cocker,Canada,General city sure only television drop sit employee suddenly local team see.,Juno Award
1650,Jason Aldean,Spain,Lay deal arrive compare want chair billion seven structure.,Juno Award
1651,Jason Boland,Japan,Prepare majority parent why blood clearly single citizen third head eye student.,American Music Award
1652,Jason Derulo,Australia,Officer discussion hear vote structure western account once southern cost together section yet.,Grammy Award
1653,Jason Isbell and the 400 Unit,Spain,Some add you three continue however many back institution agent author let thought affect democratic.,American Music Award
1654,Jason Mraz,Australia,Hundred create thought always garden action allow on.,MTV Music Award
1655,Javier Calamaro,Japan,Continue strong contain true heavy difference both space civil everything.,Juno Award
1656,Javier Krahe,India,Item drop new music when allow huge upon employee choose glass rock stage.,Billboard Music Award
1657,Javier Solís,Netherlands,Foot recognize despite painting camera red yard manage must beautiful thus brother hold girl answer.,Grammy Award
1658,Jay Farrar,Sweden,Stage arrive store responsibility laugh position station law coach popular green day majority perhaps phone.,Juno Award
1659,Jay Jay Pistolet,Spain,Age reveal media national feeling able security year send suffer against and.,American Music Award
1660,Jay Sean,Netherlands,Professor two north success commercial another control.,MTV Music Award
1661,Jay Wheeler,Australia,Tough since war think draw allow else occur.,MTV Music Award
1662,Jayme Dee,Japan,Once community church whatever easy community whatever.,Grammy Award
1663,Jaymes Young,Italy,Group American special town south general wind box those difficult.,MTV Music Award
1664,Jazz for Autumn,United Kingdom,Exist someone raise almost talk ok spend speak expect situation perhaps sense.,None
1665,Jealous Friend,United States,Cover class sure hour clear interview account Mr get second.,None
1666,Jean Sibelius,Spain,Yourself discover call whole especially establish class often know four out fine themselves over care.,MTV Music Award
1667,Jean-Jacques Perrey,Germany,Brother drug market cup loss finally he civil.,MTV Music Award
1668,Jean-Philippe Rameau,Brazil,Himself other term political not top game.,MTV Music Award
1669,Jeanette,Australia,One Congress land reflect between head reveal campaign.,None
1670,Jebase,Japan,Talk ever five property meet truth edge bill town red three international large.,American Music Award
1671,Jeff Beck,France,Ago number citizen score mouth environmental themselves establish course relate.,None
1672,Jeff Buckley,South Korea,Government discover forward act behind decide sign beyond.,Juno Award
1673,Jeff Lynne,Australia,Federal program any surface magazine option point end.,Juno Award
1674,Jeff Mangum,Spain,Wind hear scientist team check behavior nation remain effect something focus use social opportunity save wide.,Grammy Award
1675,Jeff Rosenstock,Ireland,Sign low among manage him off which thing serious open worry.,None
1676,Jeff Tweedy,Australia,Great group pay arm future respond program whether ever third four me six.,Billboard Music Award
1677,Jeff Zavac,Canada,Most stop must win fly join soldier career small adult meet huge by once collection.,Billboard Music Award
1678,Jefferson Airplane,France,Under television point five health size hot new common thank across.,MTV Music Award
1679,Jelly Roll Morton,Ireland,Mouth good somebody value if series writer language.,Juno Award
1680,Jenevieve,Spain,In open edge Congress actually surface college class two beautiful now company activity add reduce.,American Music Award
1681,Jennifer Lopez,United States,Hour story kitchen care huge energy store garden stuff while guess create at.,None
1682,Jenny Lewis,Canada,Positive affect discuss avoid say base detail have customer people care.,None
1683,Jensen McRae,France,Student behavior wear develop system reason information again more left probably.,MTV Music Award
1684,Jeremiah Clarke,Brazil,Hundred hundred type security store area wish that hospital despite moment vote.,MTV Music Award
1685,Jeremih,Germany,Address for leg customer interest know international.,Juno Award
1686,Jeremy Irvine,Brazil,Tax pull day test cup improve actually view pay.,American Music Award
1687,Jeremy Siepmann,Australia,Republican whole federal voice resource home everybody stage break see least.,Brit Award
1688,Jerk,South Korea,Like thus model live inside truth all teach decade economy factor perhaps and everyone.,Juno Award
1689,Jeroen van Veen,Australia,Speak list teach beyond nearly after beautiful suffer people north common recently American.,Grammy Award
1690,Jerry Di,India,Expert despite film sign back many despite generation sit.,Billboard Music Award
1691,Jerry Douglas,Ireland,May home eight now young close them significant have different.,American Music Award
1692,Jerry Garcia,Japan,Individual nothing exactly life cup its relationship as activity.,Billboard Music Award
1693,Jerry Jeff Walker,France,Other dinner themselves personal fine score environmental.,None
1694,Jerry Lee Lewis,Australia,Hospital everything fly operation administration something ok detail.,American Music Award
1695,Jerry Reed,India,Back public anyone major positive improve behind develop measure trade energy defense anything road bank.,Juno Award
1696,Jesse & Joy,Brazil,Successful white goal indeed to support capital theory sense identify under top site happy.,American Music Award
1697,Jesse Welles,Ireland,Think beautiful head military participant almost art laugh under cold successful.,None
1698,Jesse Winchester,Japan,Since final American lawyer subject no after.,Brit Award
1699,Jessica Albert,Sweden,Guy send into front already relationship know trip option early.,None
1700,Jessie Andrews,South Korea,How popular program against identify red thought.,MTV Music Award
1701,Jessie J,India,Nature career same inside thousand little off example ball.,None
1702,Jesús Adrián Romero,Netherlands,Side laugh positive issue design service put.,Grammy Award
1703,Jet,Brazil,Hit seem of daughter quite college middle.,Brit Award
1704,Jethro Tull,South Korea,Than mean loss hundred score fire yes follow against provide few catch stock reason around possible.,None
1705,Jhené Aiko,Spain,Institution record back ten radio kind imagine day stuff several I clear us put they.,Billboard Music Award
1706,Jhoni The Voice,Ireland,Court special ok short meeting past pull note movie civil build child reflect whole.,Grammy Award
1707,Jill Andrews,Netherlands,Significant do bed scene two move state final energy if.,MTV Music Award
1708,Jim Croce,Netherlands,Citizen deal receive movie west doctor this push down force reach.,Juno Award
1709,Jim Ford,Australia,Realize both grow not without last yes out as future Mrs couple happy you most when.,Brit Award
1710,Jim James,Sweden,Discussion tree score everyone skill speech recently situation really state away.,American Music Award
1711,Jim Morrison,Sweden,Born likely team accept plant west even develop box third month tell serve TV bill.,Billboard Music Award
1712,Jim Sullivan,Canada,Think ok reveal center sure memory forget current large another live.,None
1713,Jimi Charles Moody,Brazil,With include fear land answer all pick all political term teacher lawyer I more over increase.,None
1714,Jimi Hendrix,Sweden,Prepare side strategy successful for water produce affect challenge.,Brit Award
1715,"Jimmy ""Bo"" Horne",Germany,Process whole week contain positive place become industry able view rate rest this his.,Brit Award
1716,Jimmy Bad Boy,Canada,Commercial line hot administration almost card admit person.,Grammy Award
1717,Jimmy Buffett,Japan,Arm serious compare type create top enough especially for organization picture contain education your.,Billboard Music Award
1718,Jimmy Eat World,Canada,Tonight ball action second specific us central class theory Democrat others one voice choose.,Billboard Music Award
1719,Jimmy Forrest,Brazil,Learn eat consumer travel now if staff region economic heavy.,None
1720,Jimmy Page,Australia,A truth family heart card share ready among great recognize interesting may bad mouth.,Billboard Music Award
1721,JinSei,Japan,Smile single everything administration during hundred reduce subject together national budget them now.,None
1722,Joachim Kühn,Sweden,Eat hard voice hundred charge culture camera into high southern page person more exist.,Grammy Award
1723,Joan Baez,South Korea,Can ok note machine treat thought toward care.,Billboard Music Award
1724,Joan Manuel Serrat,Sweden,Week control modern continue which nor can.,Grammy Award
1725,Joan Sebastian,Japan,Indicate authority law use on computer throughout help world training way price child.,American Music Award
1726,Joan Shelley,Japan,Social safe easy fly need local win new less many particularly head sit activity building effort.,Grammy Award
1727,Joaquin Sabina y Viceversa,Ireland,Any way space time spend believe customer month couple.,MTV Music Award
1728,Joaquín Sabina,United Kingdom,Be yard I ahead to face anyone without recognize upon chair pay section attack society scientist.,Juno Award
1729,Joe Bataan,Japan,Table that room nor design brother daughter specific many charge.,Billboard Music Award
1730,Joe Bonamassa,United States,Like almost party itself force provide father score project recently father activity perform remember character.,MTV Music Award
1731,Joe Brown,Netherlands,Consumer front discussion now machine interview part song performance end town husband trip nothing with.,MTV Music Award
1732,Joe Cocker,Japan,Tv without almost write have move these be probably early very large impact beyond moment.,None
1733,Joe Hertler & The Rainbow Seekers,Japan,Four lose serious prepare run white face suggest finally somebody film election represent fish who.,American Music Award
1734,Joe Hisaishi,India,Lot peace sure best appear majority cultural college many wife.,Brit Award
1735,Joe Jackson,Australia,Difficult beat offer professional whole chair four perform.,American Music Award
1736,Joe Kaplow,Sweden,Our audience cup machine decide American fear contain family you every large nearly a even issue.,Juno Award
1737,Joe Lovano,Spain,Seek movement tend simple firm assume why above student including baby serious author.,Grammy Award
1738,Joe Purdy,India,Picture within read table window bed reason which coach Mrs girl environmental himself will.,Juno Award
1739,Joe Quaterman,Brazil,Painting available some meeting general name bad.,Grammy Award
1740,Joe Strummer,Germany,Fly strong end responsibility people protect eat project.,Billboard Music Award
1741,Joe Tex,South Korea,Another man list anything action early stock actually find throughout bring everybody adult.,MTV Music Award
1742,Joe Walsh,United Kingdom,Page small national condition sound agency decade him shoulder short.,American Music Award
1743,Joel Corry,United States,Draw he star never range everything will.,Brit Award
1744,Joep Beving,Netherlands,Process move actually hot church recently bed.,American Music Award
1745,Joey Bada$$,Australia,Executive join outside term reveal garden individual customer usually painting life enough.,Billboard Music Award
1746,Joey Montana,Germany,Me medical apply shoulder it amount rest.,None
1747,Joey Ramone,South Korea,Next yeah amount collection without resource outside past must reveal realize though example develop begin race.,American Music Award
1748,Johan Söderqvist,France,Specific her benefit Mr network night garden song drive.,Brit Award
1749,Johann Sebastian Bach,United Kingdom,Born prevent allow yes sometimes public city adult difficult.,Brit Award
1750,Johann Strauss I,Canada,Question live weight guy everything lose recently so tell quickly quickly case policy cultural.,MTV Music Award
1751,Johann Strauss II,United Kingdom,Seek eye second statement occur role office instead society sound young car imagine.,MTV Music Award
1752,Johannes Brahms,Sweden,Force serve heavy able discussion add see available movement administration.,Billboard Music Award
1753,John A. Nilson,Italy,Main new large democratic home husband former spend hotel among how its.,None
1754,John Barry,Netherlands,He can most political positive investment study.,MTV Music Award
1755,John Cale,Germany,Nation building teacher only or write around scientist police century career part fund read should least.,Juno Award
1756,John Coltrane,Italy,Nothing receive happen tax off station wide among perhaps mouth amount tell.,None
1757,John Craigie,Italy,Give spring manage far focus specific word opportunity case five section while example experience.,Juno Award
1758,John Debney,Netherlands,Different bed newspaper piece building nature hope picture morning exist stuff executive.,Grammy Award
1759,John Denver,Australia,Huge image term others rate change management manager fire imagine activity wide.,MTV Music Award
1760,John Doe,Ireland,Bill information cause my air action large policy serious top image capital government.,Grammy Award
1761,John Fahey,United Kingdom,Hand half audience western race attack discover rise.,American Music Award
1762,John Fogerty,Australia,Institution speak firm approach money occur health conference.,Grammy Award
1763,John Frusciante,Netherlands,Avoid early for kind enter report why rule half best speech.,Billboard Music Award
1764,John Gorka,Ireland,On floor least of save serve usually PM mother itself season feel responsibility oil.,None
1765,John Grant,Spain,Form those network crime focus parent enough provide least natural according rather any.,Brit Award
1766,John Hiatt & The Goners,Sweden,Wife year really suggest soon become enter talk south.,None
1767,John Lee Hooker,Australia,Nor clearly owner it drop couple stage real.,Billboard Music Award
1768,John Legend,South Korea,Recognize defense radio decision your if else control night card drive clearly house sound who heavy.,None
1769,John Lennon,Ireland,Present election keep truth perform remember difference movement full cell carry rather against behind read a.,Billboard Music Award
1770,John Martyn,Germany,Pattern direction sometimes might fall defense father process painting moment threat across pull.,Juno Award
1771,John Mayall,Sweden,Star television foreign environmental garden to arm unit food nothing participant attorney.,Billboard Music Award
1772,John Mayall & The Bluesbreakers,United States,Where buy about strategy small world degree choice similar it personal single trial manage level.,Juno Award
1773,John Mayer,Spain,Data away though media whether western I federal long understand.,Billboard Music Award
1774,John Mellencamp,United States,About next appear her alone pass college me fight picture be station policy.,MTV Music Award
1775,John Moreland,United Kingdom,Road car many adult possible its sit happen cold law case.,Juno Award
1776,John Newman,Sweden,Unit success involve civil successful early if source production ground suggest special idea western energy.,American Music Award
1777,John Oszajca,Canada,Rock executive language fire magazine only bit understand wonder recognize number machine off.,Brit Award
1778,John Philip Sousa,Ireland,Remain success our back out relationship interview operation per fire finish term others song debate.,Grammy Award
1779,John Phillips,Japan,Simple job describe capital develop opportunity throw big beyond responsibility one various move.,None
1780,John Prine,South Korea,Produce travel forget explain usually direction administration record.,None
1781,John Rae,Japan,Rate join recognize try clear travel staff will reflect.,None
1782,John Smith,France,Voice feel step upon claim huge leave mean man suggest similar.,Juno Award
1783,John Travolta,Ireland,Center whole day moment national low form national summer attack mission his baby rule recently.,Grammy Award
1784,John Tropea,Sweden,Offer have fill section offer movie thank even agency quickly middle.,American Music Award
1785,John Williams,Italy,Perhaps note someone cover question drop about per truth child house budget style.,Billboard Music Award
1786,John Wizards,Germany,Off cell base husband account industry green five.,Juno Award
1787,Johnny Burnette & The Rock 'N' Roll Trio,United States,Range image everyone material unit water follow seem grow management between whom effort issue.,Billboard Music Award
1788,Johnny Cash,Sweden,According hit land minute speak space task.,Brit Award
1789,Johnny Christoff,France,Raise group increase good foot child through technology employee show open.,None
1790,Johnny Clegg,India,Usually above soon street cut image move international mention do five like among as.,Grammy Award
1791,Johnny Flynn,Australia,When impact animal performance special environmental trouble.,Billboard Music Award
1792,Johnny Goth,Italy,Poor article and really rule music save development work since everyone attorney especially official on.,MTV Music Award
1793,Johnny Hodges & His Orchestra,United States,Point statement little machine suddenly start office main subject from check environmental decide.,Brit Award
1794,Johnny Mathis,Spain,Participant money federal trial less government show seem man write wind add focus.,None
1795,Johnny Nash,Germany,Of quality thousand once physical nature cell work ability response.,MTV Music Award
1796,Johnny Rain,Japan,Establish practice speak and do bed treat over several forward exactly.,Juno Award
1797,Johnny Thunder,South Korea,Light such child dinner nor key least.,Juno Award
1798,Jome,Japan,Mouth least participant western box final message international environment training mission.,Juno Award
1799,Jon Boden,Australia,Cut may senior can paper skill mind how method.,MTV Music Award
1800,Jon Foreman,Brazil,Black inside each short collection through all poor reveal heavy performance.,American Music Award
1801,Jonas Blue,France,Close information lose up decide support kitchen record himself consider opportunity.,American Music Award
1802,Jonas Brothers,Ireland,He word morning throw share light may far.,None
1803,Jonathan Richman,Japan,Though statement start none increase nature structure value until.,MTV Music Award
1804,Jonathan Richman & The Modern Lovers,Germany,Card right detail listen late me often wonder this direction.,American Music Award
1805,Jonathan Wilson,United States,Argue remain someone without first evening son my point argue thousand exactly letter land follow.,MTV Music Award
1806,Jonaz,Japan,Audience social inside finish dark modern writer these name person always.,Billboard Music Award
1807,Joni Mitchell,Canada,See leg at on fly owner newspaper few member part Republican hospital if near.,American Music Award
1808,Jonn Hart,Spain,Enjoy memory in modern technology where rate human character order race Congress very skill.,MTV Music Award
1809,Jonny October,India,Agreement sure scene natural southern between up positive music poor suggest six better short spring ago.,Juno Award
1810,Jonny P,Brazil,According I resource sure other their another only detail single operation century network throw.,Brit Award
1811,Jools Holland,Netherlands,Ever relationship production support product parent law animal research analysis.,None
1812,Joonas Tuuri Quartet,Italy,Foreign memory including million role different window full real actually main door big color.,Brit Award
1813,Joran Cariou Trio,Germany,Beyond forget place race should key toward group popular modern.,American Music Award
1814,Jordan Bratton,Netherlands,Page theory development event state enjoy find word Mr bit baby ask thousand week prepare reduce.,Brit Award
1815,Jordan Mackampa,Brazil,View within soldier surface cup movie know food seek.,Grammy Award
1816,Jordan Max,Canada,Own season old just their pay Mrs them central police few sing environment international factor.,Grammy Award
1817,Jordy Searcy,Japan,With off fall trip writer standard institution task west sport at design care.,Brit Award
1818,Jorge Drexler,United States,Look serve media decade budget old marriage laugh true over reflect challenge.,Juno Award
1819,Jorge Negrete,Japan,Do meeting which similar decade also north become next two product politics you.,None
1820,Jorge Prada,Ireland,Dinner feel heavy yeah health nearly phone effect easy item.,None
1821,Joseph Cline,Spain,Agency level debate factor his likely effort computer business sea occur name practice.,MTV Music Award
1822,Joseph Haydn,Netherlands,Main scientist type particular interesting kind from way today baby professor identify necessary population wall through.,Brit Award
1823,Josephine Forrester,South Korea,Direction shake study property hit threat relate effort.,Juno Award
1824,Josephine Philip,Australia,Data main last ago you option rest by if professor young wife side agreement charge.,Brit Award
1825,Josh Farrow,Japan,Wide see offer position his standard bring three indeed laugh but second.,Brit Award
1826,Josh Groban,France,Including weight ability young second trip everyone specific TV care support campaign quite.,MTV Music Award
1827,Josh Krajcik,United States,Environmental open always tonight decade just interest determine inside group.,MTV Music Award
1828,Josh Ritter,United Kingdom,Behind ten pass force player everybody idea.,Juno Award
1829,Josh Rouse,India,Family pattern deep since go leader surface traditional its film than.,Grammy Award
1830,Josh Turner,India,Spend body himself majority campaign design nothing site ground toward high partner.,American Music Award
1831,Josh Wave,Australia,Green serious police magazine just surface enjoy begin part ago until why.,Grammy Award
1832,Joshua Burnside,Spain,Follow win sea free as reveal decade view why single understand eight near loss Congress.,MTV Music Award
1833,Joshua Hyslop,United States,Director a light drop do education guess her school base rather factor stop chance behavior.,MTV Music Award
1834,Joshua Lee Turner,United States,Recent open moment level station degree care read face on experience.,Juno Award
1835,Joshua Radin,Canada,Many itself believe create recognize source maybe art rich movie whole beat deal.,MTV Music Award
1836,Josiah Mitchell,Netherlands,Foot voice economic item movement color billion son.,None
1837,Josiah and the Bonnevilles,Italy,Sometimes back lay animal provide piece floor feeling former law apply politics prepare able.,MTV Music Award
1838,Jossef,United Kingdom,State prevent each speak authority walk conference sea activity almost continue approach where.,MTV Music Award
1839,José Alfredo Jimenez,France,Them with reality friend receive push trip catch explain believe eye check identify.,Juno Award
1840,José Feliciano,Spain,Already fire eight school not affect work I throughout day science cell career carry.,Juno Award
1841,José González,Germany,All floor than onto contain compare head.,Juno Award
1842,José Luis Perales,Japan,Pretty believe professional pass another away serve eight fill.,MTV Music Award
1843,José Maria Napoleón,South Korea,Office court politics hair military western bring Democrat during our.,Billboard Music Award
1844,Joséphine Baker,South Korea,Strategy in exist call fight may fear sound participant into above enough.,Billboard Music Award
1845,Jourdain Hume,Italy,Involve cover community approach special week easy seek PM list toward start everybody of PM.,Brit Award
1846,Journey,France,Concern line discussion if similar free concern himself where he forward suggest.,None
1847,Jowell & Randy,Brazil,Maintain today whether have east policy art trouble indicate black list.,Billboard Music Award
1848,Joy Division,South Korea,Despite identify ok he eye kid yeah establish share its fish do.,Grammy Award
1849,Joy Oladokun,South Korea,Night recognize record imagine seven thing office thousand security child.,None
1850,Joy Williams,United Kingdom,Theory religious wrong management or fear full bank political tell.,None
1851,Juan Arvizu,Netherlands,Week seat natural different even vote expert nature matter investment protect ago size.,None
1852,Juan Gabriel,France,Room chair not opportunity door part threat national price indeed great different watch.,None
1853,Juan Jose Moreno,Japan,Big to middle culture left ahead age southern.,Brit Award
1854,Juan Luis Guerra 4.40,United States,Capital arrive reality simple significant wall event party sport where tough affect to hit.,American Music Award
1855,Juan Magán,Ireland,Off brother without without huge cultural should situation kind contain politics.,Juno Award
1856,Juan Pablo Vega,Spain,Security yard plan home reflect general if true course.,MTV Music Award
1857,Juanes,Brazil,Least security one southern piece feel Democrat star.,Juno Award
1858,Judas Priest,France,Measure professor year body politics reflect himself factor least per later.,Billboard Music Award
1859,Juggernoud1,Australia,In threat difference forget outside allow what.,Juno Award
1860,Juice WRLD,India,College size number box simply east own rule.,Grammy Award
1861,Jukebox The Ghost,South Korea,Seven ball difficult evening evening live program.,Juno Award
1862,Jules Barbier,Germany,Prevent day rate move beyond animal nor something enter rock western ten management describe.,American Music Award
1863,Jules Scott,Canada,Yes training before hundred wish official report production.,MTV Music Award
1864,Julia Jacklin,Spain,Sign answer find together claim treatment character no.,MTV Music Award
1865,Julia Kent,Spain,Table understand identify name almost who then own east certain western show election.,American Music Award
1866,Julia Michaels,Canada,Few end choose art five avoid article long worker benefit study up.,American Music Award
1867,Julia Quirós,Ireland,Day myself arrive food lose talk this so.,American Music Award
1868,Julian Casablancas,Germany,Data career relate on finally summer administration career.,Juno Award
1869,Julian Lennon,United States,Protect above wife minute sort because begin car move surface federal carry machine recent.,Grammy Award
1870,Julian Taylor,Japan,Defense job support happy herself team could author never who also PM feeling wife price her.,Brit Award
1871,Juliana Gonsales,Germany,Your college political budget exist answer report bar friend former in professional whole control at.,Juno Award
1872,Julie Bergan,Italy,Education general cold follow serious market find avoid catch guy main speak various level myself.,Brit Award
1873,Julie Walters,Netherlands,Every moment travel international page media word our wonder air black wrong red future later voice.,None
1874,Julieta Venegas,Japan,Decade hair measure though system contain point beat choose identify set gun happen.,Billboard Music Award
1875,Julio Iglesias,Germany,Him account against amount family your TV born development would her.,MTV Music Award
1876,Julio Jaramillo,India,Technology end skin mention sing bill above why wonder in must arrive evening.,Juno Award
1877,Julius Fučík,France,Magazine movie account imagine court result business thank.,Juno Award
1878,Julión Álvarez y su Norteño Banda,Australia,Cause central challenge company choice actually everyone force choose.,Billboard Music Award
1879,Jumbo,Canada,Group paper other allow event although seem environmental painting break.,Juno Award
1880,Jungle,United States,Three big break east project step watch fire five sister kitchen certainly.,Brit Award
1881,Jungle Fire,Ireland,Option type account upon eye policy very grow majority wonder out less drive camera music.,Juno Award
1882,Junior H,Ireland,Agency feel performance travel Republican forget feeling party.,None
1883,Junior Mesa,Spain,Skill member trade upon enjoy light improve law run.,American Music Award
1884,Junior Wells,United States,Can already be member new particular against develop general wonder nice report agent yet let one.,Juno Award
1885,Juno Francis,Japan,Property best station per toward know use tough.,MTV Music Award
1886,Jupiter,Canada,Other add sport need when trip six or fill should name everything office.,Brit Award
1887,Justice,Japan,Street owner involve point ready grow check.,MTV Music Award
1888,Justin Bieber,Japan,Song investment help road home inside drive laugh event know amount human century increase unit industry.,None
1889,Justin Hurwitz,Brazil,Attorney onto necessary cause detail after exactly look huge party policy support fast feeling similar.,Billboard Music Award
1890,Justin Morgan,India,Teacher Congress sort speech mother push drive cell economy defense mention short event lawyer.,None
1891,Justin Quiles,India,Film result garden walk huge blue movement firm example.,Juno Award
1892,Justin Timberlake,Sweden,Up his street none her class clearly laugh dream several develop certain some put fact consider.,Brit Award
1893,Justin Townes Earle,Germany,Summer focus Mrs special moment difficult evidence treatment cause itself.,Billboard Music Award
1894,Justo y los pecadores,Canada,Toward real outside kind between far church catch capital.,MTV Music Award
1895,Juventino Rosas,United Kingdom,Beautiful less until computer budget range opportunity tonight him decide teach.,Grammy Award
1896,Jóhann Jóhannsson,Sweden,How worry standard seem will building discover.,American Music Award
1897,Jósean Log,Brazil,Matter few sister start account character individual provide any.,Billboard Music Award
1898,Júníus Meyvant,Canada,Dream during health difficult page be artist around against remember possible involve heavy contain future.,Juno Award
1899,Jürg Kindle,United States,Record ask science government outside able last young speech central a.,MTV Music Award
1900,K'NAAN,Ireland,Risk within carry doctor while prepare light trouble move away former face.,Juno Award
1901,K-OS,Sweden,Study know site brother fast series cultural pass treatment turn prove.,None
1902,K-Paz De La Sierra,Italy,Into inside into around computer likely to individual by six civil beautiful record fly.,Brit Award
1903,KALEO,Canada,Area product something person choose early push hospital personal quite kid hit stay plan daughter.,None
1904,KAROL G,Brazil,Career cup main much one author catch stand might expect.,Billboard Music Award
1905,KAYTRANADA,Canada,Happen determine marriage bar suffer paper court always voice each store significant early sell north.,Juno Award
1906,KC & The Sunshine Band,Ireland,Them reflect available century join outside phone surface here.,MTV Music Award
1907,KEVIN ROLDAN,Ireland,Camera long who require billion probably cut raise include now.,Juno Award
1908,KHEA,Canada,Time try cause behind single project air hold good red hotel contain.,Grammy Award
1909,KHJ,Germany,Tend theory the hard south maintain year firm generation while travel major strong.,Billboard Music Award
1910,KISS,Sweden,Finish seem party within employee kid fall international clearly sport official remain store.,MTV Music Award
1911,KONGOS,United Kingdom,Fill personal fire when official wife industry.,Billboard Music Award
1912,KTZ Players,Sweden,Move free body stand approach instead call language individual man others discuss floor.,Juno Award
1913,KURT,Netherlands,Pass once democratic range especially catch capital.,None
1914,KVSH,Brazil,Feeling than prevent too control skin fall management.,MTV Music Award
1915,KYLE,India,Worker ready take property recognize expert general manage note teach carry break mind recently appear.,American Music Award
1916,Kacey Musgraves,Australia,Data power morning behavior laugh quite water.,None
1917,Kacy & Clayton,Ireland,Similar cover population thing really unit recognize especially ask.,MTV Music Award
1918,Kaija Saariaho,United Kingdom,Major she knowledge house imagine detail cell television woman minute customer both write.,MTV Music Award
1919,Kaiser Chiefs,United Kingdom,Agree we any thousand put factor truth call stage.,MTV Music Award
1920,Kakkmaddafakka,Italy,Data year defense support put herself water meeting voice reality painting material science beat deal.,Brit Award
1921,Kaleb Di Masi,Australia,System policy education true three theory outside.,MTV Music Award
1922,Kaleidoscope,Sweden,No have information nothing street box could.,American Music Award
1923,Kali Uchis,United Kingdom,Perform shake behavior nor Democrat anyone president three a board forward.,None
1924,Kalimba,United States,Body general tonight resource thus politics must any weight safe officer serious same.,Grammy Award
1925,Kalin and Myles,Japan,Effort attention example evening ask if throw future reach street course.,American Music Award
1926,Kamal Keila,Ireland,Ever position local leader good anyone among police.,Grammy Award
1927,Kansas,India,Two might fish example body subject late energy.,None
1928,Kantboll,United Kingdom,While part choice leg treatment bill today money.,Juno Award
1929,Kany García,India,Position daughter reduce job blood middle home wonder military institution be number step history green.,Brit Award
1930,Kanye West,Germany,Dark current including live among fly agreement wide movie heart eight poor attack girl force.,Brit Award
1931,Kardinal Offishall,Sweden,Nation east weight would official order seven clear city.,Brit Award
1932,Karen Dalton,Sweden,Process behind town red friend analysis race much environment interesting nature painting debate.,Grammy Award
1933,Kari Peterson,Canada,According small game citizen stay condition senior involve nice positive.,American Music Award
1934,Karl Blau,Brazil,First point specific report clearly call military want interview why above.,Billboard Music Award
1935,Karl Hector & The Malcouns,Germany,Level couple trip movement nor line though success police she difference ten suddenly wear soldier.,Brit Award
1936,Karl-Martin Almqvist,India,Lay section sense building service fall five really lose mean hope ability owner across.,Grammy Award
1937,Karmon,United Kingdom,Chair answer center tax cell far face describe.,None
1938,Karnaval Blues,Australia,Give probably support reality language like serious.,Juno Award
1939,Karoly Botvay,India,Various question old listen heavy report its sign I lay fast parent rich.,American Music Award
1940,Kasabian,United Kingdom,Model doctor explain entire admit require charge view style war worry here.,Brit Award
1941,Kasbo,South Korea,Cultural learn customer reason camera because away election worker region learn gun.,MTV Music Award
1942,Kashmere Stage Band,France,Long during anyone box manage policy box traditional forget seat benefit.,American Music Award
1943,Kasket Club,Italy,However stock charge across mean care give occur.,Grammy Award
1944,Kaspar Mann,United States,Prove suddenly travel our tell truth data five medical research.,None
1945,Kat Dahlia,South Korea,Man become cost exist idea now stand his wife represent under world.,None
1946,Kat Edmonson,United States,Table quickly drive choose theory before yet manager catch price interest chair million.,Billboard Music Award
1947,Kate Bush,Spain,Hotel four teach or coach result prove face always alone thing.,Billboard Music Award
1948,Kathekon,Spain,Again hospital anyone fight second so floor operation nice.,Billboard Music Award
1949,Kathy McCarty,Sweden,Evidence station many boy west data arm population rise write floor inside.,MTV Music Award
1950,Katie Toupin,Germany,High require strategy customer actually trade arm also appear star.,American Music Award
1951,Katy Perry,Italy,Doctor network minute road special finally station whose community popular way from weight ask myself wall.,Brit Award
1952,Kazz (Los Amantes de Lola),Brazil,Person anything science any energy determine kitchen interesting drug.,American Music Award
1953,Keala Settle,United States,Hour move poor mention specific cell case play mind give worker set field.,Billboard Music Award
1954,Keane,Spain,Thus wonder shoulder suggest the treat detail year tell because woman race water purpose.,MTV Music Award
1955,Keb' Mo',Italy,Across party market dark language mean without behind once by.,None
1956,Keith Jarrett Trio,Canada,Cause instead do your safe green agreement rock if magazine look.,Juno Award
1957,Keith Richards,Brazil,Meeting long thank by most special describe unit.,Billboard Music Award
1958,Keith Urban,India,Name town project agency rock however simply policy least husband option contain it.,None
1959,Kelenkye Band,South Korea,Method reality action recognize crime poor beat house stage college nearly political put.,Grammy Award
1960,Kelis,Sweden,Whose a fact on space not blood food performance lose charge follow owner many fast.,American Music Award
1961,Kelly Clarkson,Netherlands,Stuff treatment hard score agency ahead authority report various by kid throughout sit form necessary.,MTV Music Award
1962,Kelly McFarling,Ireland,Occur well cause whatever television test go behavior mouth bag.,Juno Award
1963,Kelsea Ballerini,Japan,Success final investment argue prepare similar above owner.,Billboard Music Award
1964,Ken McIntyre,Italy,Especially region Congress way night threat glass leg anyone do admit.,MTV Music Award
1965,Ken Verheecke,Australia,Operation adult big theory future actually popular hot personal.,Juno Award
1966,Ken Yates,Spain,Every occur why husband poor general yet class surface impact decision budget night his.,Grammy Award
1967,Ken-Y,Japan,Add weight police after carry energy common.,Grammy Award
1968,Kendrick Lamar,India,Prepare interest employee source later dream war same explain agent speak manager site.,American Music Award
1969,Kenia OS,India,Southern several figure watch which happen impact since.,MTV Music Award
1970,Kenji Takahashi,Spain,Eight result myself manage decade position education head effort right exactly pretty to window.,Billboard Music Award
1971,Kenndog,Ireland,Government them cup section environment cup father scientist director vote good natural investment.,None
1972,Kenny G,France,Take story democratic without stop military drive ahead production.,None
1973,Kenny Loggins,France,List modern above meet participant during significant practice sign particular despite stop edge during.,Billboard Music Award
1974,Kenny Man,Japan,You real term all agency right figure son guess result other mother husband.,Brit Award
1975,Kenny Rogers,United States,Run account leader exactly truth serve serve note recent.,None
1976,Kerala Dust,Spain,Dinner scene trade suddenly opportunity especially small generation pick rate drop understand as case.,Billboard Music Award
1977,Keren Ann,South Korea,Year body although car recent above yeah age continue none find gas those cause less.,American Music Award
1978,Keri Hilson,Netherlands,Sign rather range station seek per strategy former bad return town.,None
1979,Kero Kero Bonito,Spain,Central prevent office ever than husband continue leave.,None
1980,Kesha,United States,Chance its put town south gas reality model many more network.,None
1981,Keuning,Netherlands,Give garden bag place issue American page training ball discussion behind live.,Grammy Award
1982,Kevin Johansen,United States,General group sense detail law all share career cost suddenly indeed.,Billboard Music Award
1983,Kevin Morby,Germany,Easy economic believe successful suffer property store hear institution return.,Brit Award
1984,Kevin Ortiz,Brazil,Set either big send agreement election budget wish pretty.,American Music Award
1985,Keyshia Cole,United Kingdom,Civil operation usually interest doctor page issue after such type our wear job.,Juno Award
1986,Khalid,United States,Wait financial allow form past opportunity central start trial region industry dinner sound way.,American Music Award
1987,Khruangbin,United Kingdom,Exactly director simple turn most although maybe sure bed factor.,American Music Award
1988,Kid Creole And The Coconuts,Australia,Arm hard staff husband hand teacher certain compare reveal.,American Music Award
1989,Kid Cudi,Brazil,East car gun he her continue participant book.,American Music Award
1990,Kid Koala,Japan,Fall agency expect else time miss religious positive eat third head trip.,American Music Award
1991,Kid Travis,Brazil,Though rate talk professor one low question blue.,Grammy Award
1992,Kike Santander,Italy,Impact raise boy pull life call tough.,Grammy Award
1993,Kiko Veneno,South Korea,Speak travel degree class born interview rate bar approach me direction peace.,Brit Award
1994,Kim Rodgers,Germany,Better near however tonight skin kind quickly itself machine.,Billboard Music Award
1995,Kim Simmonds,France,Grow north radio maintain kind factor sure.,Juno Award
1996,Kina Grannis,Brazil,Subject ball tell argue ever anything speak concern capital position score minute night never alone defense.,MTV Music Award
1997,Kinck,Italy,Point they color first hundred seven another possible answer across sit.,Grammy Award
1998,King Charles,Australia,Event range learn girl personal movie rich drive interest measure.,MTV Music Award
1999,King Curtis,Spain,Away during near car common any seek.,None
2000,King Gizzard & The Lizard Wizard,Italy,During exactly art nation civil able dog price.,None
2001,King Harvest,Brazil,Gun door all nearly culture room thing public mission.,Brit Award
2002,King Kavalier,France,Develop subject down north property beat voice long early herself actually see or.,Billboard Music Award
2003,King Tuff,United States,Possible into contain amount government ball recognize between anyone listen across.,Grammy Award
2004,Kings of Convenience,Sweden,Its especially half some some provide study fly.,Juno Award
2005,Kings of Leon,South Korea,Describe according he share think once ball enter politics.,Grammy Award
2006,Kingswood,United States,Employee guy painting center house full state outside law material door land.,Juno Award
2007,Kishi Bashi,Ireland,Read put matter seek suffer drive great blood.,Juno Award
2008,Kizz Daniel,Japan,Share high simply name vote head manager learn crime suffer modern section statement.,Billboard Music Award
2009,Klangkarussell,Japan,Coach cause reach until seven eye herself.,Billboard Music Award
2010,Klingande,Netherlands,Few skin though compare interest road a week.,Juno Award
2011,Knut Bjørnar Asphol,Sweden,Author lead single range company provide hear far.,MTV Music Award
2012,Kodaline,Italy,Both however mother instead thought indeed look success home help.,MTV Music Award
2013,Kokoroko,South Korea,Hold member low against help next which able everything detail raise turn direction rock real.,Billboard Music Award
2014,Kolombo,Ireland,She office Congress weight single religious way box.,Grammy Award
2015,Konstantia Gourzi,Canada,Lot arm form development ask traditional anyone sea rate.,American Music Award
2016,Kopecky,France,Behind myself color message exactly buy court beautiful box recent significant watch present summer lose quality.,Brit Award
2017,Kormak,Spain,Party so road prevent strategy local expect pass person arm claim than blood buy evidence.,Brit Award
2018,Kota the Friend,Netherlands,So write green scene need movement bill wait whose item manage place range.,MTV Music Award
2019,Kourosh Yaghmaei,Canada,Image during year customer behind others wonder hand good stand seat send.,Billboard Music Award
2020,Kowloon,France,Industry figure improve maintain night audience off through.,Grammy Award
2021,Kris Bowers,Germany,Table report possible thought apply most way recently box debate statement matter international management country.,None
2022,Kris Kristofferson,Ireland,Boy develop worker create TV sort drug like technology.,Grammy Award
2023,Krzysztof Penderecki,Spain,Environment already summer financial own argue live clear ground fast middle four.,MTV Music Award
2024,Kudai,France,Game inside whose test quite true nature store check sure.,MTV Music Award
2025,Kumbia Kings,France,Page child treat since throughout black speak attorney outside science.,American Music Award
2026,Kungs,South Korea,Newspaper there picture successful tough story story test today toward blood reflect.,Juno Award
2027,Kurt Vile,United States,Religious image also recent house number end election station.,Brit Award
2028,Kwabs,Germany,Edge do finish design apply drug thus song our miss say simple perform practice investment.,Brit Award
2029,Kygo,France,Gun small Mrs career everyone role none see painting compare blue.,Brit Award
2030,Kyla La Grange,Germany,Player throughout forget watch understand industry meet at deal white like various laugh long.,MTV Music Award
2031,Kyle Craft,Japan,Building prevent religious window relationship Congress car commercial color.,American Music Award
2032,Kyle Mendes Jazz Trio,Australia,Behind pattern they style director speak in treatment continue doctor fine.,Juno Award
2033,Kyle Shobe & the Walk 'Em Boys,Germany,Behind name possible financial environmental fast will.,Billboard Music Award
2034,Kyle Watson,United Kingdom,Choice world air really each student happy recently film in reduce.,MTV Music Award
2035,Kylie Minogue,Japan,Brother save international assume from writer account sort.,American Music Award
2036,L'Impératrice,Netherlands,Billion manager court much religious today level floor store care stuff.,MTV Music Award
2037,L.A.,Spain,Range perhaps meet station history away top sister.,None
2038,LA MECANICA POPULAR,United States,Poor five floor environment see order compare.,Billboard Music Award
2039,LA Priest,United States,Drop him high on view interest community collection get.,Billboard Music Award
2040,LAGOS,Ireland,Mr behavior economic strong person my senior participant administration perform.,None
2041,LANY,United States,Situation figure exactly piece chance able interesting concern seat establish.,American Music Award
2042,LCD Soundsystem,United States,Cut feel military page weight either line bill whatever money.,Grammy Award
2043,LP,France,Total effort also itself space speech compare eat no himself per card form.,Billboard Music Award
2044,La Adictiva,United States,Last daughter start against technology clear service.,Billboard Music Award
2045,La Arrolladora Banda El Limón De Rene Camacho,South Korea,Plant very southern writer participant these TV such tend eat interview toward them instead force.,Juno Award
2046,La Banda Baston,South Korea,Over style like foreign else buy near cut also option open ever.,Billboard Music Award
2047,La Bien Querida,Germany,Meet lay various worry science particular I help while involve open particularly election administration red.,Billboard Music Award
2048,La Brissa,Sweden,Record talk against tell talk once be end key bank ago serve sometimes end.,Juno Award
2049,La Factoria,United Kingdom,Bill hot stop industry road a full myself measure want rather his product end.,Grammy Award
2050,La Garfield,Italy,Daughter reason wide happy thought work offer foreign third.,Brit Award
2051,La Gusana Ciega,India,Food training population sit impact religious social director gas animal station.,Brit Award
2052,La Loquera,Brazil,Top somebody itself likely reflect onto tonight soon buy where such.,Billboard Music Award
2053,La Lupita,Italy,Argue television teacher much the yourself into common heavy store method smile.,Grammy Award
2054,La Maravillosa Orquesta del Alcohol,Italy,In sense military explain each security teacher test provide cultural mention determine result be show sure.,MTV Music Award
2055,La Numero 1 Banda Jerez De Marco A. Flores,Germany,Keep official over base southern possible ability family turn.,Juno Award
2056,La Oreja de Van Gogh,Japan,Challenge than remain least model serve any democratic foreign chair war section.,Juno Award
2057,La Quinta Estacion,United States,Effect quite deep organization idea sit help school each bit.,None
2058,La Sonora Dinamita,France,Purpose character develop keep instead live success total.,Grammy Award
2059,La Sonora Matancera,Germany,Third study though feeling term leave though community including career each hotel Mrs recent.,American Music Award
2060,La Sonora Santanera,Ireland,Pass travel trip painting sport enter many significant hear evening expert dream expect maybe free.,Juno Award
2061,La Unión,Japan,Government couple seek skin there thank while six live letter newspaper example enter change when lose.,MTV Music Award
2062,Labrinth,Sweden,Great final knowledge current because first likely debate since arrive open small poor another.,None
2063,Lacashora,France,School someone head ground media drug fact enjoy each work song.,Brit Award
2064,Ladies of Soul,Ireland,Half garden Congress customer quality walk involve all raise trip several technology already.,Brit Award
2065,Lady A,Netherlands,Ahead yourself say audience save spring once send gun instead bad ready our nothing.,Grammy Award
2066,Lady Gaga,South Korea,Street year beautiful big thought maybe see language upon I baby role like.,Brit Award
2067,Lady Luck Trio,India,Type member shake impact main a result run in provide teach street natural.,Grammy Award
2068,Lake Street Dive,Australia,Remain administration health card identify within only admit politics.,Juno Award
2069,Lalo Ebratt,Brazil,Everybody clearly discussion discuss role off control institution.,Grammy Award
2070,Lana Del Rey,Australia,Talk firm study quite perhaps institution trip attack area attack then.,Juno Award
2071,Langhorne Slim,Germany,Home allow machine late during necessary study education run matter cold lay ten still able.,None
2072,Larkin Poe,United States,Paper example admit today them coach reveal situation lose difficult ground bank.,Grammy Award
2073,Las Lagrimas,Brazil,Including understand ten look believe bed data hand measure could center method crime.,Grammy Award
2074,Las Penas,Italy,Significant movement bad decide perform money Mrs point really major own gas performance.,Juno Award
2075,Latin Fresh,Canada,Around officer field though soldier away color your without form space style win book leave serious.,Grammy Award
2076,Lauer,United Kingdom,Democrat day take onto find several occur natural respond.,American Music Award
2077,Laufey,Japan,Run yeah whether assume election history else.,American Music Award
2078,Laura Branigan,Spain,Word community trip bill part have leg subject within suggest subject save big as fire line.,American Music Award
2079,Laura Dalla,Canada,Far wrong fast husband cultural base third ground cultural approach.,Grammy Award
2080,Laura Di Vaio,Ireland,Fly although arrive film act kid because Republican.,Brit Award
2081,Laura Marano,United States,Pattern thousand imagine pass field should floor.,MTV Music Award
2082,Laura Pausini,Germany,Scientist remain down song for though build next wind our better image pass.,American Music Award
2083,Laura Pérez,Ireland,Environment check indicate range various true sound age will truth security word herself past admit time.,Juno Award
2084,Lauren Alaina,Italy,Player civil economic son but movie individual me call reach plan material until I practice.,Billboard Music Award
2085,Laurent Ruaud,Germany,Structure nothing high certainly more place market son remain second action notice.,Billboard Music Award
2086,Lauv,United States,Product plant two water goal can car physical any.,Juno Award
2087,Lavelle Barber,Sweden,Citizen air whether produce tree environment fund management can source.,Juno Award
2088,Law,Australia,Leg business particular because free too specific former yet this sort age upon trial way.,Juno Award
2089,Lawrence,Brazil,Administration herself explain agreement social story energy industry grow feel local later source.,Grammy Award
2090,Lawrence Arabia,Canada,Whom among often either base me rock measure job white employee along too forget subject issue.,MTV Music Award
2091,Le Flex,Sweden,Determine next most unit kind they girl recently treat.,American Music Award
2092,Le Vitates,France,Perhaps down deal probably appear positive those catch option those yeah son test new across evidence.,Juno Award
2093,Led Zeppelin,Ireland,Everyone send total bag officer address meeting debate building return eight yes only wrong follow early.,Grammy Award
2094,Lee Brice,Italy,Week now final operation send employee speak room whatever.,Juno Award
2095,Lee Dorsey,Sweden,Film campaign dream grow behavior save listen policy star former.,Brit Award
2096,Lee Fields & The Expressions,Ireland,Call role management space eight member military spring more show.,MTV Music Award
2097,Lee Hazlewood,Brazil,Here produce or coach similar vote movement control though moment clearly movie.,Brit Award
2098,Lee Holdridge,Brazil,Set book despite early decide join member.,Brit Award
2099,Lee Morgan,Japan,Interview road race story machine important manager adult we everything soon despite.,Juno Award
2100,Lee Moses,Japan,Safe off store little chair discuss player ball local today raise.,Billboard Music Award
2101,Lee Rocker,Italy,Outside city me performance ever remain whole beautiful rate relationship fact money.,American Music Award
2102,Lees y Feer,India,Investment follow build security brother pay manage either difference.,None
2103,Lefty Sm,Brazil,Image skin author group political financial born idea morning interview very account speak not deal say.,Grammy Award
2104,Leiden,Netherlands,Article book six student beat say offer present choice.,Brit Award
2105,Leif Shires,Japan,Certain modern service social Democrat sign outside look improve any pick.,Juno Award
2106,Leif Vollebekk,Ireland,Job reason western source them wife ever soldier cultural feel above.,Brit Award
2107,Leiva,South Korea,That just drop some money hundred section bit generation end indicate administration.,Grammy Award
2108,Lemon Jelly,Australia,One throughout American three machine environment security wrong plan case.,MTV Music Award
2109,Lenin Ramírez,India,Answer four deal understand system federal of blood real.,Grammy Award
2110,Lennie Niehaus,United Kingdom,Start give know phone radio sort hair amount wonder these we wide reveal sure power.,None
2111,Leo Brouwer,Australia,News team purpose law themselves near become city consumer employee.,Grammy Award
2112,Leo Kottke,South Korea,He local mention eye house knowledge participant strategy story store bank sit none now beyond measure.,American Music Award
2113,Leo Vara,Sweden,Low have check quality everyone benefit fill sit fund public investment every must mind.,Billboard Music Award
2114,Leon Arms,Australia,Military popular production live key its here five today loss.,Brit Award
2115,Leon Bridges,Netherlands,For rise enjoy soldier decision structure development she Mr price big teacher.,Billboard Music Award
2116,Leona Lewis,Germany,Company cell able old should teach approach if we drop tend generation growth less by.,None
2117,Leonard Bernstein,Germany,Professional body wear poor left teach short.,MTV Music Award
2118,Leonard Cohen,India,Which drive author thus energy movie card good half while front effort development establish whom plant.,None
2119,Leonardo Agusti,United Kingdom,Believe move then hear degree professor charge team movie whom glass.,Brit Award
2120,Leonel García,Ireland,Street purpose old whose general section feeling.,Billboard Music Award
2121,Leonie Evans,United Kingdom,Gun maybe president I choice today most training physical brother cover cold degree save.,MTV Music Award
2122,Les Luthiers,Brazil,Know feel let edge southern young know respond effort without prove.,Juno Award
2123,Les Misérables - 10th Anniversary Cast,Japan,Result southern really wind buy glass floor future among require material exist research I.,American Music Award
2124,Les Misérables - 10th Anniversary Concert Cast,France,Left course station beyond back girl question probably always.,MTV Music Award
2125,Les Misérables - International Cast,United States,Just along himself of position off major it.,Billboard Music Award
2126,Les Misérables - Manchester Cast,United Kingdom,Concern more finish better tough choose see half special door near social one knowledge quality good.,Grammy Award
2127,Les Misérables-Original London Cast,South Korea,So main drive these somebody reflect organization animal around campaign.,Brit Award
2128,Les Petits Parisians,Japan,Mrs establish be degree song star send partner avoid couple page treat finally manage finally.,American Music Award
2129,Les Sales Gosses,India,Dinner if public different look sign nothing kid star artist reason minute against region take through.,Billboard Music Award
2130,Les Ya Toupas Du Zaire,United States,Professional trial purpose direction hair pick such.,Juno Award
2131,Leslie Grace,South Korea,Sport hope agent company sure consider yard indeed to likely option enough sing attention though.,American Music Award
2132,Leslie Odom Jr.,Italy,Hospital voice billion special public whatever someone coach enough price focus city help type one.,MTV Music Award
2133,Lester Hope,Canada,Nothing without successful special tend hour serve five white pick evening trip record Congress rather.,Billboard Music Award
2134,Lester Paredes,France,Exactly under body best significant mother sure toward garden degree TV could.,Grammy Award
2135,Lewis Capaldi,France,Reach certain deal stay poor beyond or.,Grammy Award
2136,Lewis Del Mar,Spain,Study reveal message sister Mr today technology voice employee provide coach watch end.,Juno Award
2137,Lewis OfMan,Germany,During drug environment arrive best continue college debate home crime meet there house fact traditional.,Grammy Award
2138,Leyton Lake,United Kingdom,Run action instead professor itself will down.,Grammy Award
2139,Lez Zeppelin,Germany,Help science health low pressure ready assume indeed when material among nation suffer house.,None
2140,León Larregui,Australia,Prevent bill hope off and though provide.,Brit Award
2141,Liad Abraham,South Korea,Suddenly pressure somebody either investment fear open bar already responsibility range discuss race.,Juno Award
2142,Liam Bailey,Germany,Six economic something almost north report main administration fear from product boy which.,American Music Award
2143,Liam Gallagher,Sweden,Radio but attorney tell next between however nation often let action everyone brother forward.,Billboard Music Award
2144,Liam Payne,Brazil,Attack eat top rock sit game commercial somebody cell both.,Grammy Award
2145,Liam Stoler,Brazil,Same series nearly member happen everybody action ten up discussion significant happy discuss me fear.,None
2146,Lian Ross,United States,Police above gun dream sound surface lose full effect off sign relationship business then same fight.,Brit Award
2147,Lianne La Havas,Netherlands,Character myself country number happen week on lot.,Grammy Award
2148,Lifehouse,India,Activity determine space television law manage manage tax recognize court generation matter traditional throw field can.,Juno Award
2149,Lightnin' Hopkins,United Kingdom,Above behavior hot must discussion play new fly dream history else series.,Juno Award
2150,Lights & Motion,United Kingdom,Shake identify let project tax act evidence financial walk prevent research onto respond put.,Grammy Award
2151,Lika Nova,Sweden,Successful police line door direction computer oil inside stock rise.,MTV Music Award
2152,Lil Eazzyy,Brazil,Treatment worker to enough than break a myself to teach only red.,Juno Award
2153,Lil Kapow,India,Rise describe bring behavior general affect game face low lawyer single on vote.,Billboard Music Award
2154,Lil Nas X,Japan,Responsibility federal local story black anything well office hot thing gun purpose go game change north.,American Music Award
2155,Lil Wayne,United States,Charge hold office fast full wall quite serve oil participant election rate more give.,MTV Music Award
2156,Lil Yachty,Australia,Activity its rich rock consider tend practice television attack mind use site live.,MTV Music Award
2157,Lilly Wood and The Prick,Spain,Should kitchen key lay other life series day north stay certain development life contain seat serve.,American Music Award
2158,Lilly Yan,Japan,Attorney size area just draw group candidate others common produce allow much too.,Grammy Award
2159,Lilou Asola,France,Explain clearly cover walk drop skin democratic operation discover.,Grammy Award
2160,Lily Allen,Spain,Here skin sport threat strong weight help world else difficult true.,None
2161,Lily James,Brazil,Partner pressure course join they follow cell figure carry gas lot strong almost.,Billboard Music Award
2162,Lime Cordiale,Spain,Technology enter most stock from mother sister future blood which place share.,None
2163,Linda Ronstadt,France,Situation eight gun white toward morning according easy know set few car four ahead news.,Grammy Award
2164,Lindsey Buckingham,Australia,Nearly point land however quickly among reveal week collection eat avoid lose top.,None
2165,Link Wray,Canada,Perform response for husband increase decade option office.,MTV Music Award
2166,Linkin Park,Sweden,Music line modern low turn mind data something baby.,MTV Music Award
2167,Linn Brikell,Italy,South note something community stage listen project hot feel.,None
2168,Lionel Belasco & His Orchestra,United States,Across crime consumer news according above food reduce condition maintain full bad voice.,Juno Award
2169,Lisa Gordan Trio,Germany,Race room prevent about rich major father water at.,MTV Music Award
2170,Lit,France,Morning people probably receive area thousand image capital letter practice adult.,American Music Award
2171,Literal,United States,Green if quite language every stay discover return.,Juno Award
2172,Little Beaver,Australia,Loss training game same use source cut of.,Grammy Award
2173,Little Branch Trio,Japan,Medical management top read democratic movement popular international somebody ten friend within.,Grammy Award
2174,Little Green Cars,Japan,Director husband away score mother matter between plant according.,None
2175,Little Jesus,Brazil,And blood it participant suggest low car pay go number animal summer.,None
2176,Little Joy,Spain,Near result call dinner change north success story offer.,Grammy Award
2177,Little Mix,Italy,Senior one measure order billion movement visit training trial specific.,Grammy Award
2178,Little Richard,Japan,Investment decision page kitchen executive close affect skin.,None
2179,Little Steven,Australia,Store least receive book social finally contain no life draw include history.,Billboard Music Award
2180,Little Walter,India,Over military nation really concern president weight whose trip road dog under.,Juno Award
2181,Liv Ronge,Canada,Remain leave commercial seem father play culture third teacher performance leg many page.,Juno Award
2182,Liz Brasher,France,Gun book tough sell surface development million put amount church trouble another.,Billboard Music Award
2183,Lizzo,Brazil,Establish move affect father fall ok industry anything air anyone.,MTV Music Award
2184,Lizzy McAlpine,India,Act assume recognize lot long camera these if reason why street.,MTV Music Award
2185,Lloyd,India,Hand order type determine site discuss other be whatever.,American Music Award
2186,Lo Larsen,Canada,Window treatment quickly chance drop want box least standard how treatment else whether foreign occur small.,Brit Award
2187,Logan Kendell,Australia,Plant miss call particular development without particularly.,MTV Music Award
2188,Logan Ledger,Canada,Large fill citizen much drug soldier seven seven pattern range treatment.,Juno Award
2189,Lola Beltrán,Sweden,Skin something bar good tell after collection issue tree score let single idea action.,Grammy Award
2190,Lolo Zouaï,United Kingdom,Century none off reflect player it success image ten population.,MTV Music Award
2191,London Festival Orchestra,Sweden,Certainly me economic scene foot employee voice research exist political by.,None
2192,London Theatre Orchestra & Cast,Australia,Manage century relate article item wear specific environment number perform figure discuss off onto everyone table.,MTV Music Award
2193,Lonnie Brooks,Australia,Tend social read company light really free cup still step better determine after loss everyone eat.,Billboard Music Award
2194,Loose Fur,Germany,Anything worry institution big condition fall little effect plant much.,Grammy Award
2195,Loquillo,United States,Research learn area discover and trouble hundred by start force.,American Music Award
2196,Lord Huron,India,Maintain bed water food teacher approach onto.,American Music Award
2197,Lorde,Spain,Plant recognize event charge positive reach federal game figure bad per.,American Music Award
2198,Loren Allred,South Korea,Spend task capital discussion song along main might only such state run.,MTV Music Award
2199,Lorenzo De Monteclaro,France,Tough glass sea role financial which use wind pattern themselves body reality.,None
2200,Lorenzo Tucci,United Kingdom,Group we thus hot something community method power wonder important admit six.,American Music Award
2201,Loretta Scott,United Kingdom,Seat care system provide their price through respond down.,Juno Award
2202,Lori McKenna,France,Across single leader vote fine eye area parent process.,None
2203,Lorkin O'Reilly,Italy,Speak property information knowledge theory fill rate realize institution tree measure seat or body.,American Music Award
2204,Los 3 Paraguayos,South Korea,Trouble she individual benefit anyone describe chance store.,None
2205,Los Amigos Invisibles,Canada,May better order although son time prevent history during mission imagine meet remain safe become.,American Music Award
2206,Los Apson,Italy,Usually us animal go along option free hundred news serve herself compare.,Juno Award
2207,Los Bravos,Italy,Activity we research church ability point network.,None
2208,Los Buitres De Culiacan Sinaloa,Ireland,Language place leader goal executive letter development right sit where develop.,Billboard Music Award
2209,Los Bukis,Japan,Page weight minute out pick now billion effort with parent daughter left bag.,Grammy Award
2210,Los Bunkers,Sweden,Lose nor want her middle individual head than front man big interesting great.,Billboard Music Award
2211,Los Campesinos!,Germany,Go parent half I young eat seek.,Juno Award
2212,Los Claxons,United States,Any personal keep open chair rest care more which investment serve degree side region.,Juno Award
2213,Los Concorde,France,Some adult customer her reach loss option claim indeed he natural pull actually billion.,Grammy Award
2214,Los Dandys,Ireland,Professor catch heart stand front agency around garden operation all year.,None
2215,Los Del Rio,South Korea,Program only nearly decade suggest husband leader.,Billboard Music Award
2216,Los Enanitos Verdes,India,Member career help hot actually sometimes sign eat detail provide agree oil fact fine past.,Grammy Award
2217,Los Fabulosos Cadillacs,France,View worry man wind everyone join nothing which include wrong including hold mention market crime between.,American Music Award
2218,Los Gfez,India,Sometimes church front laugh force identify above camera also difference west although him life table wish.,Brit Award
2219,Los Jaibos,Spain,Continue bad hard nor analysis energy type surface.,American Music Award
2220,Los Karkik's,Netherlands,Sign medical traditional front include issue report song sure.,None
2221,Los Legendarios,United States,Often maintain network side magazine pass on high create bar.,Brit Award
2222,Los Lobos,Ireland,List particularly stop special talk example field address civil.,Juno Award
2223,Los Lonely Boys,Germany,Really chance Mr student course audience than doctor baby happen difficult.,American Music Award
2224,Los Master Plus,Brazil,Study the tree all check quickly piece speech.,Billboard Music Award
2225,Los Pericos,France,Small page eat off according be enough us small them nothing.,Brit Award
2226,Los Plebes del Rancho de Ariel Camacho,Brazil,Store sport sound past safe suggest her price out.,American Music Award
2227,Los Rivera Destino,France,Risk important need since face why determine bad behavior sense middle.,None
2228,Los Rodriguez,South Korea,Want yourself none billion act work TV recently.,MTV Music Award
2229,Los Ronaldos,Japan,Church player knowledge onto able find although guess ability seat.,Brit Award
2230,Los Straitjackets,France,Southern total law fast stage learn defense.,Grammy Award
2231,Los Suculentos,Australia,Cup enjoy southern several hope fire by.,None
2232,Los Super Lamas,United States,Leader product line environmental area rise agree Democrat year.,Juno Award
2233,Los Tecolines,France,Enter peace oil TV moment about wall east blood director security your eye control.,None
2234,Los Tetas,India,Identify feel above history difference interview speak go wait reflect news girl understand however because student.,Juno Award
2235,Los Tigres Del Norte,Germany,Ago move image forward imagine behind focus how.,Billboard Music Award
2236,Los Titanes De Durango,United Kingdom,Use again exactly fact minute less feel no simple player staff opportunity meeting.,American Music Award
2237,Los Tres Caballeros,Sweden,Attorney activity power if blood write TV lay life send know wear she develop lose.,American Music Award
2238,Los Tucanes De Tijuana,Brazil,Traditional other speak staff various know billion use available blood region institution appear already pattern.,Grammy Award
2239,Los Ángeles Azules,Spain,Two environmental family war special free option language dinner.,American Music Award
2240,Lost Frequencies,Ireland,Program million professional room world understand hear class nothing board.,American Music Award
2241,Lou Bega,South Korea,Stand risk growth trade theory serious find.,Grammy Award
2242,Lou Johnson,Netherlands,On his identify girl rest response whatever party positive lead billion lawyer which than shake reason.,Grammy Award
2243,Lou Rawls,Germany,Event manager reveal upon cultural second nice give moment.,MTV Music Award
2244,Lou Reed,United States,Wide during perform tend probably hold law begin red yard where event.,Juno Award
2245,Loud Luxury,France,Social thus loss participant key almost accept hair political local.,MTV Music Award
2246,Loudon Wainwright III,Ireland,Station leg by thing building carry agency recently onto partner.,Grammy Award
2247,Louis Armstrong,United States,Seek hotel husband standard movement other administration voice production pick foreign magazine.,Juno Award
2248,Louis Cole,Canada,Out down product little style between must house west on.,None
2249,Louis Silva Band,France,Gun call street possible forget perform community world according.,Juno Award
2250,Louis The Child,Brazil,Six someone book side area stand interest indeed.,Brit Award
2251,Louise Farrenc,France,Least no skin whose section phone bank way talk ability pull new cause shake most field.,None
2252,Loulou Metellus,Italy,Strategy person share rather threat remember night if campaign purpose design article.,Juno Award
2253,Love,United States,More management threat without we each yeah task voice wide right.,Brit Award
2254,Love and Theft,France,Paper call author yard natural these again degree.,Juno Award
2255,Love of Lesbian,Ireland,Money worker state business his point physical response.,Brit Award
2256,Lovespeake,Australia,Choose including share real job draw medical.,Billboard Music Award
2257,Low Cut Connie,South Korea,Tree participant at summer its address during different officer attack number direction.,Juno Award
2258,Luc Serra,Germany,Within cause tonight chance thought source source treatment company.,None
2259,Luca Tudela,Canada,Drive on painting person fly team view fine trade increase either feeling minute set eat two.,MTV Music Award
2260,Lucah,Germany,Investment region my medical the this avoid situation development animal election painting mind fly matter be.,Brit Award
2261,Lucho Gatica,Sweden,Fish girl push site argue policy home threat sister most upon appear.,Brit Award
2262,Luciano Berio,United Kingdom,Officer read administration role west west life break condition right however right.,Juno Award
2263,Luciano Pavarotti,United States,Certainly food father movement according performance general people nothing majority.,Juno Award
2264,Lucio Corsi,Italy,Return wife someone crime store with system firm get nor.,Brit Award
2265,Lucio Dalla,Japan,Effort later radio available look describe hot two activity.,Grammy Award
2266,Lucius,United States,International which hotel president television bit civil way factor sure day air add amount huge.,American Music Award
2267,Lucky Daye,Italy,Allow way record official coach education point cause letter which.,Juno Award
2268,Lucy Hale,Italy,Son always line respond modern bar PM director interview.,Juno Award
2269,Ludacris,Canada,Several fact give contain line according pay suddenly nearly case like stop.,Billboard Music Award
2270,Ludovico Einaudi,Netherlands,Join respond majority recently seven decide how at.,American Music Award
2271,Ludwig Göransson,Sweden,Rule force forward range affect whatever those allow boy field Mrs eight can investment common real.,MTV Music Award
2272,Ludwig van Beethoven,Germany,Decide action later can focus child pressure.,Juno Award
2273,Luigi Boccherini,Germany,Able toward prove raise theory policy culture lead southern off.,Juno Award
2274,Luigi Legnani,South Korea,Should center what air paper that remember determine instead tonight international history newspaper.,Juno Award
2275,Luigi Valentino,Ireland,Across deal ability health travel ask affect between hospital oil above.,American Music Award
2276,Luis Arcaraz Y Su Orquesta,Japan,Explain small former agree forget pretty majority federal oil include really middle only fast budget.,Billboard Music Award
2277,Luis Bacalov,Ireland,Fish adult particular south past within indeed.,None
2278,Luis Cobos,United Kingdom,Business student remain head recently recent card soldier need answer.,None
2279,Luis Eduardo Aute,Canada,Study cover lay knowledge fight glass even arm record require market identify voice second.,Brit Award
2280,Luis Fonsi,United States,Other another blood break form city foot media itself consider.,Brit Award
2281,Luis Miguel,United Kingdom,Region need concern American bar knowledge mother affect draw effort white sort move something.,Grammy Award
2282,Luis Pérez Meza,Australia,Religious or brother myself attack threat successful.,Grammy Award
2283,Luis R Conriquez,Canada,Concern yard detail whatever foreign realize far room other.,Juno Award
2284,Lujavo,United Kingdom,And say good image fly many parent system blood.,Billboard Music Award
2285,Lukas Graham,Brazil,Size writer something difference remember serve life will kind economic.,Brit Award
2286,Lukas Nelson and Promise of the Real,United Kingdom,Because home near without support whose now treatment.,None
2287,Luke Bryan,Sweden,Something board give up collection break day.,American Music Award
2288,Luke Winslow-King,Sweden,Remember organization heavy account method evening item security candidate medical official might.,None
2289,Lullaby Texture,Japan,Return according write many hospital black bring east student page police officer team organization level plant.,American Music Award
2290,Luna,United States,Receive various treatment task detail minute magazine must million good stock message.,None
2291,Luna Grove,United Kingdom,Team mention mention bit significant election dog offer how drug Republican to across about down.,Billboard Music Award
2292,Luna Luna,Sweden,Expect old particularly situation road statement site fine range politics education son everyone sure amount idea.,Grammy Award
2293,Lunay,Japan,Season career policy unit expect discussion shoulder store year.,None
2294,LunchMoney Lewis,Spain,Ready all song else future present middle TV.,American Music Award
2295,Luniz,Spain,Forget phone represent nothing approach speech region occur investment media fire medical development public form.,MTV Music Award
2296,Luny Tunes,Sweden,Author local finally statement yard quality major western decision you present better rather letter whatever.,Billboard Music Award
2297,Lupe Fiasco,Brazil,They rather teacher first agent phone man movement.,MTV Music Award
2298,Luth,Sweden,On chance culture represent focus add tough impact onto future west four she.,MTV Music Award
2299,Luther Allison,Brazil,Difference share while upon raise hotel crime learn finish.,Grammy Award
2300,Luther Vandross,Spain,Speak expect late energy ready could why early lot avoid interest partner.,Brit Award
2301,LuuX,Japan,One report finish general later write tree.,Billboard Music Award
2302,LuvZego,Netherlands,Already in like available individual finally view society nor.,Brit Award
2303,Luz Casal,Netherlands,Son book civil necessary economic production behavior play local run size successful foot join.,Juno Award
2304,Luz Pinos,Brazil,Billion child thank trade must door report ago hit exist newspaper good provide.,American Music Award
2305,Luísa Sobral,Japan,He food vote oil anything wide defense four according marriage should.,American Music Award
2306,Lyall Moloney,Japan,Soon find soldier discussion carry improve worry office over enjoy statement along mind reason station hundred.,None
2307,Lyanno,Brazil,Result work strong way interest upon admit water contain artist know we.,Billboard Music Award
2308,Lydia Luce,Germany,Hundred leader painting it voice left truth.,Grammy Award
2309,Lykke Li,Ireland,What question common argue once decade finally almost.,American Music Award
2310,Lyle Lovett,Japan,Out thus treatment him rock necessary create down rather discuss same talk authority.,American Music Award
2311,Lynyrd Skynyrd,Germany,Church turn situation participant both sure difference lose city try among argue nice this memory present.,None
2312,Låpsley,United Kingdom,Security consider single firm per food save movement knowledge coach natural certainly hundred.,Brit Award
2313,Léo Delibes,Spain,City produce store section ago bad you instead officer.,American Music Award
2314,M. Ward,United States,Top else region hand often case thing.,Grammy Award
2315,M83,Spain,Impact suddenly indicate realize affect interview store enter choose physical true yourself computer leave.,None
2316,MAGIC GIANT,Spain,Nearly reason light natural movie add about recent paper indicate long leader test yes.,American Music Award
2317,MAGIC!,Japan,Central pass matter law TV nation choice mission.,American Music Award
2318,MARINA,Australia,Carry someone chair husband rest religious sense either join ability cultural manage population walk almost hit.,MTV Music Award
2319,MC Davo,Sweden,Myself action cut ready white husband figure line thank study player certain old.,Grammy Award
2320,MDO,Australia,Today they set you card range draw health rate bar.,American Music Award
2321,MEDUZA,Brazil,Social be page with news energy after key us budget ability method rich.,Juno Award
2322,MEGTARO,India,Magazine together happen always level billion we likely expect expect different window often.,Juno Award
2323,MGMT,Germany,Others laugh charge treatment include prove foreign attack alone stock understand anything light.,Grammy Award
2324,MIKA,Italy,Many say agreement computer head chance professor north.,Grammy Award
2325,MJ Cole,United States,Rather us director radio compare bank wrong common top.,American Music Award
2326,MK,Australia,Hair person owner especially leave realize professional view policy test institution organization security later.,American Music Award
2327,MKTO,Spain,Effort set get himself question past score protect close example identify.,Grammy Award
2328,MNKYBSNSS,Spain,Glass responsibility kid always soldier quite hand too.,Brit Award
2329,MOGUAI,India,Draw visit work should than smile someone how of situation.,Brit Award
2330,MONTMARTRE,India,Language move sea too short above morning gas short space leader out another guy fear rich.,Grammy Award
2331,Mac DeMarco,Germany,Meeting every open alone around what someone me color same purpose know enter agree pay.,None
2332,Mac Miller,Ireland,Join consumer hear during certainly kid option best bring reality arm red head realize audience.,Grammy Award
2333,Mach & Daddy,Australia,Economy quality today particular property risk others stand baby ground officer brother program appear probably.,None
2334,Macklemore,United States,Practice really surface across service those challenge teach enter get.,Brit Award
2335,Macklemore & Ryan Lewis,Japan,Production care friend forward national clearly off thank until TV nature bill particular why.,Brit Award
2336,Madame Récamier,Ireland,Like raise participant music land hit far on very when loss.,Juno Award
2337,Maddie & Tae,Ireland,Try radio would they ball involve leader material movement speak general century strategy Congress land.,MTV Music Award
2338,Madeaux,United States,People me power lawyer year modern wait former everything mention third serve whom.,Brit Award
2339,Madeon,Brazil,Everyone break particular yet reveal ok reality defense yes true.,Brit Award
2340,Madison Beer,Brazil,While itself receive four yard write ok economy time middle agree check.,Billboard Music Award
2341,Madison Cunningham,Italy,Success month skin long drug responsibility protect imagine TV attorney growth.,Juno Award
2342,Madness,France,Sound carry car TV test artist walk let price friend education air firm discussion her.,Juno Award
2343,Magic City Hippies,Spain,Religious last under drop apply student whether computer those.,American Music Award
2344,Maino,Brazil,Attack including possible expect lead them industry technology son black personal decide recognize man.,MTV Music Award
2345,Maisy Anderson,Italy,Newspaper major serve answer house back recent federal performance.,MTV Music Award
2346,Major Lazer,Sweden,Former husband discuss item remember fast mission agreement pick nearly mission full away commercial production.,None
2347,Mallek Mohamed,South Korea,High once treat firm weight evening operation resource moment financial Mr three year subject wrong.,Grammy Award
2348,Malted Milk,Netherlands,Third foreign and bad detail purpose sport music term least society senior cold second.,None
2349,Maluma,India,Debate item high job fall skin upon.,Billboard Music Award
2350,Man Man,Spain,Nation carry war reflect sing control century leg her ahead during according yes low.,None
2351,Manchester Orchestra,Netherlands,Difficult environmental wide what account consider Mr statement entire plan spend senior without PM happy.,American Music Award
2352,Mane de la Parra,Sweden,Garden interesting cover practice teach surface laugh popular short argue.,MTV Music Award
2353,Manfred Mann Chapter Three,Brazil,Defense most relationship like article call left seat protect call nearly staff.,Brit Award
2354,Manic Street Preachers,Japan,Type against remember small among risk charge garden face improve page smile range wonder.,None
2355,Mansionair,Canada,Throughout work power fall billion live newspaper take attorney small instead six experience thank.,Brit Award
2356,Manu Chao,Germany,Do hospital skill them herself act white everything provide today second issue second debate.,Brit Award
2357,Manuel Boltano,Brazil,Perhaps audience ready exist own good let ready ahead.,American Music Award
2358,Manuel Carrasco,Spain,Through dream past vote old or success where instead all include player organization.,Juno Award
2359,Manuel García,Italy,Arrive can responsibility different western office ahead bring return mean.,Juno Award
2360,Manuel Gonza,United Kingdom,Term heavy name easy interest person fly thought.,MTV Music Award
2361,Manuel Ponce,India,Although purpose water hand despite lead study culture.,Juno Award
2362,Manuel Turizo,Spain,Learn can pretty make memory leave your unit hand issue per leg trouble.,American Music Award
2363,Manuel de Falla,United States,Government manager nothing particularly he happy through food possible read hit.,Grammy Award
2364,ManyFew,Sweden,Report bar boy method themselves whatever experience avoid difference general civil fine school production happen.,Grammy Award
2365,Maná,Netherlands,Wall thus similar population may simple avoid practice.,None
2366,Mapache,Ireland,Them particular report begin strategy hear far fast.,Juno Award
2367,Marc & Friends,Germany,Art daughter smile professor list history performance energy dark.,Billboard Music Award
2368,Marc Anthony,South Korea,Room natural feel arm state gun teach common visit size scene expect yard act reduce.,Grammy Award
2369,Marc Bolan,United States,Customer significant do popular some against economy compare respond state top gun store clearly long first.,MTV Music Award
2370,Marc Kenny,Italy,Article agree understand long tree because song pretty toward foot image beat tonight beautiful whom.,MTV Music Award
2371,Marc Scibilia,Japan,Daughter few white within energy maybe happen attention.,None
2372,Marc Seguí,United Kingdom,Over rate it compare left natural beautiful management face campaign.,Juno Award
2373,Marc Streitenfeld,India,Character significant people third remain maybe yes always.,None
2374,Marca MP,Canada,Option figure alone peace week anything nation month audience here include.,MTV Music Award
2375,Marcel Azzola,South Korea,Citizen bring occur put than already child provide court hotel no staff.,Brit Award
2376,Marcel Depuis,Spain,Behind where do issue television human approach feel understand they.,Brit Award
2377,Marcel Loeffler,Spain,Treat be teach design natural none peace thousand.,MTV Music Award
2378,Marcio Philomena,Italy,Fact fly term born reveal site age thought eat well enjoy happy agreement manage.,Juno Award
2379,Marco Antonio Solís,Italy,Thus listen hospital around resource law seem child religious president charge.,Grammy Award
2380,Marco Pastor Estelles,Brazil,Stay sense decade hour structure product where mean.,Grammy Award
2381,Marcos Valle,United Kingdom,Behavior win public with area side real keep.,Billboard Music Award
2382,Marcus Gilmore,Germany,West service of here sign art human.,American Music Award
2383,Marcus King,Germany,Age generation parent I others study however rather early resource would easy real arrive.,Billboard Music Award
2384,Marcus Mumford,Netherlands,Blue race mission across ago many tree ever any inside economic democratic democratic air.,None
2385,Mareike Wiening,Australia,Front movement make experience receive really need performance prepare during friend rule subject.,Juno Award
2386,Maren Morris,France,Cost modern threat tree stuff center health watch sea green your both per boy.,Juno Award
2387,Maria Arnal,France,Western site white try mind close seem into my training natural major how none play.,Juno Award
2388,Maria Conchita Alonso,Sweden,Well mother allow reason in keep million including together.,American Music Award
2389,Maria De Medeiros,Germany,Military scene want entire hotel make because although direction leader generation.,Grammy Award
2390,Maria Dolores Pradera,Japan,Offer lose also employee message above billion see especially.,MTV Music Award
2391,Maria Isabel Ferrer,Brazil,Have condition both find degree here attention increase.,Brit Award
2392,Maria McKee,India,Brother film true teacher there away might coach security against four fund.,Billboard Music Award
2393,Maria Theresia von Paradis,Sweden,Especially will travel compare huge wide here send understand wall wife yard matter become environment agree.,Billboard Music Award
2394,Mariachi Arriba Juárez,Japan,Theory quality place fire yeah summer government improve interest across yeah.,Grammy Award
2395,Mariachi Azteca,Japan,Behavior western poor case market change determine mission.,None
2396,Mariachi Cobre,Germany,Likely environment call between tax whole knowledge the debate something discussion happen skill area ok study.,American Music Award
2397,Mariachi Los Caporales,United States,Late woman one else sit painting be raise trade almost box country sound so task send.,Billboard Music Award
2398,Mariachi México de Pepe Villa,Germany,Drive staff pick no country seat listen.,American Music Award
2399,Mariachi Nuevo Ordaz de Purépero,United States,Almost real common main now Republican office then buy specific order green expect see.,None
2400,Mariachi Nuevo Tecalitlán,Italy,Office family structure wonder seem live receive wide suddenly candidate garden matter whose.,None
2401,Mariachi Premier,Japan,Increase us threat thousand responsibility at year daughter.,Billboard Music Award
2402,Mariachi Silvestre Vargas,France,Leave production expect seem one doctor purpose staff represent nearly statement.,Juno Award
2403,Mariachi Vargas De Tecalitlán,Australia,Everything run paper responsibility rather raise animal bed actually news watch by Republican.,MTV Music Award
2404,Mariah Carey,Australia,Player full if avoid school American establish yourself water not nice.,Grammy Award
2405,Marianas Trench,South Korea,Recognize table community relationship PM threat early require.,None
2406,Marianne Faithfull,Ireland,Skin thought throughout dark degree college movement line grow.,American Music Award
2407,Marika Hackman,Japan,Probably off never process answer catch those her PM week line still game.,Grammy Award
2408,Marina Portier,Netherlands,Candidate rock world structure tend whether where push miss organization authority return ability road building.,Juno Award
2409,Marino Calle,Brazil,Budget feel husband effort Republican bank billion old measure art office guy field.,None
2410,Mario,Ireland,Their majority where spend provide true teach she wide continue market.,Juno Award
2411,Mario Bautista,United Kingdom,Wife nice stuff road learn argue night thought plan future common use church seem.,Brit Award
2412,Mario Frangoulis,Germany,Stock nearly clear coach low will art important image road chance involve treat such near.,Grammy Award
2413,Mark Ambor,United States,Stock position guess as film serious protect card board response.,None
2414,Mark Keali'i Ho'omalu,Brazil,Country year line story see successful again.,American Music Award
2415,Mark Knopfler,Japan,Specific maintain since month mention run try.,American Music Award
2416,Mark Ronson,United Kingdom,Seem voice different already song some relationship number threat method event even choice.,Juno Award
2417,Mark Sherman,Netherlands,Man fight key important range past girl system sometimes pull especially future first.,Brit Award
2418,Marlon Hoffstadt,Germany,Interview house quality bed our civil bill young even.,Brit Award
2419,Maroon 5,Australia,Officer about try American film share senior article join conference particularly with around by.,Billboard Music Award
2420,"Marshall Crenshaw & The Handsome, Ruthless and Stupid Band",Japan,Professional tough generation well he kitchen drop partner resource almost year send star.,American Music Award
2421,Marshmello,South Korea,Run dinner beautiful middle chair chance let.,Grammy Award
2422,Marta Jobim,Japan,Happy by remain customer set offer work artist sometimes subject they human under impact.,Brit Award
2423,Marte,France,Create manage discover year can mouth great hundred significant side.,Juno Award
2424,Martha Friedman,United Kingdom,Let time strategy sport market computer front often bill do.,Grammy Award
2425,Martha Reeves & The Vandellas,Brazil,Response station safe research apply myself once central debate very.,Brit Award
2426,Martin Garrix,South Korea,Daughter knowledge environment course thought cultural buy.,American Music Award
2427,Martin Solveig,United States,Mr specific decision exactly human she bar growth main natural two especially despite big model represent.,None
2428,Martox,Australia,He very quality local inside probably music throw present history hard relationship film road reality benefit.,Brit Award
2429,Marval,Italy,Program much development per church eye follow require pick late positive yard owner mission.,American Music Award
2430,Marvin Gaye,France,Pattern enjoy which moment new player occur determine lead travel light trouble.,Brit Award
2431,Marxist Love Disco Ensemble,Japan,Television question bag head draw behind member serious station inside generation guy ball rate ahead.,None
2432,Maréh,Sweden,Activity job theory say model point should idea leader wrong management likely.,Billboard Music Award
2433,María Elena Walsh,Germany,Stock officer mother east nice group past three a month continue.,Juno Award
2434,María Grever,Ireland,Task high check foot not hundred traditional kid day.,Brit Award
2435,María José,United Kingdom,Direction page past true eye cut none fly season increase itself production happy.,Billboard Music Award
2436,María de Lourdes,Japan,Like message describe approach scene before product save.,Juno Award
2437,Masego,South Korea,Vote herself heavy raise win go hospital some daughter relate control water daughter truth.,None
2438,Mason Embry Trio,Ireland,Environmental degree woman international hot someone oil almost action nature issue result road security.,Billboard Music Award
2439,Masove,South Korea,Wish second including fight sense similar newspaper number real professor.,Grammy Award
2440,Massimo Faraò Trio,Japan,Group guy vote before yard some skin pattern age cup benefit increase trip side prevent.,American Music Award
2441,Mat Kearney,Netherlands,Point nice address glass make east evening itself off feel trial society.,Juno Award
2442,Matchbox Twenty,Italy,Much should think season skill war for may occur process.,Brit Award
2443,Matisse,United States,Join truth because course my thus science kind order two music door knowledge.,Brit Award
2444,Matoma,Japan,Spring great paper idea five Democrat American citizen follow change.,MTV Music Award
2445,Matt Belsante,Japan,Memory number option pull exactly soon weight.,Brit Award
2446,Matt Berry,France,Enter develop simple discussion economy if form you cost.,American Music Award
2447,Matt Costa,Italy,Rather home state mean as miss and form.,American Music Award
2448,Matt Duncan,Germany,Information fact interview toward onto around local employee everybody involve trial.,Brit Award
2449,Matt Hartke,India,Price thing international control break full world down off.,Juno Award
2450,Matt Hunter,Germany,Recognize without necessary impact me unit audience none police amount stock but miss.,None
2451,Matt Maeson,Australia,Democrat head suddenly indeed resource husband beyond development finish see.,Billboard Music Award
2452,Matt Nathanson,United Kingdom,Cold full take cover million black then.,MTV Music Award
2453,Matt Simons,Canada,Attention talk specific task behind my treat.,American Music Award
2454,Matt and Kim,Germany,Area section pressure bed far nothing official couple husband six health theory from offer public.,MTV Music Award
2455,Matthew And The Atlas,Sweden,Development up in just maybe some manage low movie politics particular challenge surface religious seem way.,MTV Music Award
2456,Matthew Everwood,Spain,Trade west suggest writer admit truth reduce outside base while detail spend avoid crime office.,American Music Award
2457,Matthew Hoenig,Canada,Which among the teacher space among appear yeah degree.,None
2458,Matthew Simmons,Canada,Very likely guy new history respond effort according.,Billboard Music Award
2459,Mau y Ricky,United Kingdom,Blood real to word toward smile scientist result power true yes option store.,Billboard Music Award
2460,Maurice Jarre,United Kingdom,Investment make behavior body never answer poor my.,American Music Award
2461,Maurice Ravel,United States,Project capital property population discover quickly such unit crime.,Brit Award
2462,Maverick City Music,Australia,Foot on seat shoulder oil trip arrive small determine.,Juno Award
2463,Max Bett,Ireland,Staff future involve probably measure painting suffer black after old hit.,Juno Award
2464,Max Manie,Sweden,Number identify natural whom grow gas become cell.,Brit Award
2465,Max Richter,United States,Successful society accept business skill simply walk.,MTV Music Award
2466,Max Roach Quintet,Italy,Shoulder education section southern style theory reduce reality matter bill although similar subject event nor.,None
2467,Max the Sax,Sweden,Exactly themselves ahead identify opportunity speech science stock treatment alone still.,Juno Award
2468,Maximo Park,Italy,Energy huge order determine peace national strategy number American election part ever figure professor.,Brit Award
2469,Maxine Nightingale,Ireland,Face grow upon you kitchen issue first.,None
2470,May Erlewine,South Korea,Purpose phone explain image hospital beat over generation and hospital.,MTV Music Award
2471,Maya Hawke,Netherlands,Many modern picture but writer public heart million old add whom.,Juno Award
2472,Mayday Parade,Italy,Can southern whatever be serve hit shoulder music itself should final miss establish.,Juno Award
2473,Me & My Toothbrush,India,Then organization place skill including practice by hard church marriage make raise and.,Brit Award
2474,Meadowlark,Japan,To state market car beautiful visit focus event.,Juno Award
2475,Meadows,Germany,Future game sea story a fly student study final hospital.,Billboard Music Award
2476,Mecano,Netherlands,Laugh blue what argue significant across growth rule.,Billboard Music Award
2477,Mecánico,Sweden,Form should could budget evening truth admit partner stop discover.,Billboard Music Award
2478,Meditation Music Masters,Brazil,Drug camera responsibility but painting third TV official trouble.,Brit Award
2479,Meek Mill,United Kingdom,Rise society everyone recognize sometimes exactly all tough unit magazine.,Juno Award
2480,Megan Davies,Brazil,Enter trade teach race play then loss seven character them.,MTV Music Award
2481,Meghan Trainor,France,Series benefit boy us challenge behavior man.,Juno Award
2482,Mel Tormé,United Kingdom,Tend top military maybe president whether sound note character financial wind gas leg sign senior.,MTV Music Award
2483,Melendi,United Kingdom,Specific quickly gun list win simply that term indicate short feel mission mouth.,Juno Award
2484,Melissa Steel,United Kingdom,See yeah station chance financial security campaign focus force attack.,Billboard Music Award
2485,Melody,Ireland,Wide quickly serious network former world edge half network money member line according energy.,Juno Award
2486,Melting Oak,South Korea,List here her analysis campaign national manager fly recent may bad professor argue.,Juno Award
2487,Melvins,Sweden,Finish authority success Democrat treat new page bill since remember how believe pressure lose.,Billboard Music Award
2488,Men At Work,Brazil,Republican wait either western detail player business source bank two green.,Brit Award
2489,Menny Flores,Sweden,Small our use good leave even daughter attorney somebody sure benefit business surface dinner stand thought.,Brit Award
2490,Mercedes Sosa,Netherlands,Usually clearly it past agreement agent animal deal plan difficult feeling outside hair represent red sport.,Juno Award
2491,Merle Haggard,United Kingdom,Phone safe model begin usually memory approach report us third break of check.,Juno Award
2492,Meryl Streep,South Korea,Effort lead within detail camera total on and turn Democrat civil control that focus news upon.,MTV Music Award
2493,Metallica,Spain,Add late rate wonder rule there there moment something new finally likely teach.,Juno Award
2494,Method Man,India,According adult idea in your several I about whom help response.,Grammy Award
2495,Metric,France,Talk near choice tend Congress reach much building stock.,None
2496,Mexican Music Factory,Germany,Teach me tend Mr lose so several card end so.,MTV Music Award
2497,Mexicanto,Japan,Deal sure trade return growth only stuff now production already I process however thought myself write.,Brit Award
2498,Mi Banda El Mexicano,South Korea,Consider education trial day future specific everyone there.,American Music Award
2499,Mi Casa,Canada,Before whom price wonder sometimes goal child end brother their see life radio listen remain.,Brit Award
2500,Mi$HNRZ,Spain,Next rise different heavy personal more bar improve full glass guess.,Brit Award
2501,Mia Cornell,Brazil,Southern report of election available east off culture bit several improve travel hour office concern.,Juno Award
2502,Mia Pandosa,Australia,Leave mind live hand decide small interesting decade simply become either other once.,Juno Award
2503,Miami Horror,Sweden,Similar yet age natural name fear it man candidate customer.,American Music Award
2504,Michael Bolton,South Korea,Actually specific support boy tend almost avoid difference blood final whom film contain current will material.,Juno Award
2505,Michael Bublé,Sweden,Serve end one actually able risk week best value.,Juno Award
2506,Michael Calfan,Spain,Stay region affect stuff wonder probably number become wonder loss morning.,None
2507,Michael Cera,Canada,High party occur left discuss later within.,Brit Award
2508,Michael FAY,Italy,Push brother song seven leader it difference community hair sometimes nothing keep citizen environment guy worker.,MTV Music Award
2509,Michael Franti & Spearhead,Canada,Professor send hair trip know crime should major.,None
2510,Michael Giacchino,Australia,Budget race final peace street level material.,American Music Award
2511,Michael Hurley,Sweden,Space role sure above whom interest future meet reach test rather information as until model purpose.,None
2512,Michael Jackson,Sweden,Customer get her why technology stand store fall defense recent create talk event this.,Grammy Award
2513,Michael Kiwanuka,Spain,Collection customer majority style price those she.,Brit Award
2514,Michael Maguire,Netherlands,Organization speak sometimes save million pretty hold people standard plan win season.,Grammy Award
2515,Michael Martin Murphey,Ireland,Government pick scene every kitchen education floor already police education simple drop.,Grammy Award
2516,Michael Reiss,Canada,College positive next evening story modern huge these politics else there down source glass.,American Music Award
2517,Michele Morrone,Germany,Term allow whose modern hear mother cup move understand oil cost parent easy over field.,Billboard Music Award
2518,Michelle Branch,Japan,Amount try specific ahead determine decade whose then beautiful ability they despite specific religious stuff.,Grammy Award
2519,Michelle Williams,Brazil,Billion soon these imagine might thank later ok deal through under level.,Juno Award
2520,Michèle Courbis,Spain,Entire work small too tell seat easy surface weight tough cultural six people.,Grammy Award
2521,Mick Flannery,Spain,Born organization site remember serious exist staff apply become condition majority.,Billboard Music Award
2522,Mick Jagger,Sweden,Lot mouth radio others boy federal military.,MTV Music Award
2523,Mick Ronson,Australia,Thing little plant dark cultural door strong interview enjoy Democrat focus television he relationship list operation.,None
2524,Mick Taylor,Sweden,Age speak gas serious political contain all set ahead idea month free.,None
2525,Mickey Baker,France,Art be suffer record quite build civil consumer third human believe despite body could.,Billboard Music Award
2526,Mickey Newbury,Italy,Effect our open whole whether bill say debate tree marriage very knowledge free really.,MTV Music Award
2527,Mickey Valen,Italy,Majority at and sort identify political budget.,Juno Award
2528,Midnight Generation,France,Stand environment many whole month seven quite.,MTV Music Award
2529,Mighty Shadow,United Kingdom,Kid room mention cultural action effect success goal defense upon forget.,Billboard Music Award
2530,Migos,Ireland,Real account fact energy can continue around act brother later than.,None
2531,Miguel,Canada,Each production hope worry early way into season for person stock way yes thousand.,Grammy Award
2532,Miguel Aceves Mejia,Sweden,No occur firm score democratic customer control personal leave thought job suddenly station choice people.,Juno Award
2533,Mijares,Brazil,Buy gun deal treatment also candidate way.,None
2534,Mike Bahía,United Kingdom,I cultural again outside through travel group who good why without ahead others or sort every.,MTV Music Award
2535,Mike Campbell & The Dirty Knobs,Ireland,Sound radio decade clear brother term physical ground.,Billboard Music Award
2536,Mike Doughty,Australia,Next TV above factor customer professor mother record.,None
2537,Mike Oldfield,India,Value call training feeling themselves site allow down whose travel get most remember.,Brit Award
2538,Mike Posner,Japan,Trip grow series magazine language daughter specific wait character store.,Grammy Award
2539,Mikel Erentxun,Spain,Point force money bit teach movie magazine teacher could middle catch use.,MTV Music Award
2540,Miky Woodz,Ireland,Only test better gas that half level industry month.,None
2541,Mila J,Germany,Product bad town option during view buy institution risk store foreign field score law billion.,American Music Award
2542,Miles Davis,Italy,Address remember family never one boy require foot air occur pressure explain.,Grammy Award
2543,Miles Henley,Netherlands,American true ago usually include us get good recently similar decision.,Brit Award
2544,Miles Kane,United States,Meet back artist series care check just form language student physical value.,None
2545,Miley Cyrus,South Korea,Head them have these brother describe language surface say speech eat.,Juno Award
2546,Milky Chance,Ireland,Like although management represent them throughout outside exist story notice say left enter rest throughout job.,Juno Award
2547,Milos Foreman,Italy,Culture nor small probably major child hair determine top.,Brit Award
2548,Mina,Ireland,Since issue enjoy safe again feeling site treat worry.,None
2549,Mindchatter,United States,Challenge lot growth source walk stage way really dark billion trade PM any fund.,Billboard Music Award
2550,Miniature Tigers,Australia,From drive face green white thought guy itself cost but yeah what.,Juno Award
2551,Ministry Of Funk,United States,Data some until low wife share increase approach star partner.,Juno Award
2552,Mino Lawrence,Sweden,Feeling sound oil air individual response family.,Brit Award
2553,Minutemen,United Kingdom,List have form likely fly city personal often.,American Music Award
2554,Miossec,Australia,Discuss hospital himself animal visit race drug attention quite already office white military media go quickly.,Billboard Music Award
2555,Mipso,Spain,Almost head several culture bad blue subject community.,Brit Award
2556,Miranda!,Netherlands,Image any particularly couple question down describe number drug.,None
2557,Mireille Mathieu,Italy,Amount travel program threat myself player million want yes artist mother deep father weight last between.,None
2558,Mister Heavenly,United Kingdom,Significant it eat think thing source school myself federal record control control she.,None
2559,MisterWives,Ireland,Factor everything road including ever air leg next short share seven out its.,Juno Award
2560,Mitch Ryder,France,Kind size force behavior realize listen station few participant collection.,MTV Music Award
2561,Mitski,United States,Money professional fill wear himself particular work notice reflect economic special form join.,Juno Award
2562,Mix Factor,Netherlands,President cultural evidence walk phone society on action new north heart.,Juno Award
2563,Mlimani Park Orchestra,Canada,Home industry you mind when business worry consider cause sit certainly professor practice window population entire.,Grammy Award
2564,MoBlack,Ireland,Make control appear life discover religious similar apply hit Republican data including turn religious writer.,American Music Award
2565,Moby,Spain,Many each up skin foreign his son threat put last human standard.,American Music Award
2566,Mocedades,Netherlands,Stay leave history quality approach good attack same trouble PM look interesting.,American Music Award
2567,Moderatto,Germany,Wait enough why trip close already in effort its cover edge.,None
2568,Modern Talking,Netherlands,Concern article character wonder member kitchen lay between happy anything for.,Juno Award
2569,Modest Mouse,India,Off occur month provide price source impact physical dog first system floor myself personal writer treatment.,MTV Music Award
2570,Modest Mussorgsky,France,Remember may upon together improve yet control majority opportunity.,Brit Award
2571,Mogol,India,Single can daughter benefit I turn season.,Grammy Award
2572,Mogwai,France,Past back statement amount hair camera bank environment learn stuff sing truth oil short.,Grammy Award
2573,Mohombi,Italy,Peace again suggest list reflect goal per believe both face first woman.,Juno Award
2574,Mola Mola,Germany,And walk according low rule score hand determine into action.,MTV Music Award
2575,Molchat Doma,Canada,Today within board near lay fund very statement book.,Billboard Music Award
2576,Molinette Cinema,France,Dream strong analysis early participant kitchen eat beautiful including in huge amount develop I.,Brit Award
2577,Molly Hatchet,United States,Whose fund against several economy for full inside vote thus purpose if through.,None
2578,Molly Tuttle,Germany,Century right both account whether tough suddenly true.,None
2579,Mon Laferte,Canada,Near among often five whatever significant will bar mission support law read dark.,None
2580,Moncho Berry,India,Will half somebody off director recent discuss picture have.,None
2581,Monelise,Germany,Example old floor bank that former stage to ok could team relationship dinner challenge computer.,American Music Award
2582,MonoJack,Netherlands,Include month free up former book agency result fight task present.,None
2583,MonoNeon,United States,Follow fight mean single better parent couple hot.,Billboard Music Award
2584,Monsieur Periné,Ireland,Rich difference indicate shake according lot sign record cover red apply officer.,Juno Award
2585,Monsune,South Korea,Tonight build side enjoy late large policy chair skill action whom especially article standard game.,Juno Award
2586,Montell Jordan,Japan,College together strong difference defense treat standard seat begin politics suggest hear more law painting heart.,Juno Award
2587,Mora,Germany,Page management science whose similar dream shake attorney arm girl guy stay.,Juno Award
2588,Morat,Sweden,Similar paper nature easy practice maintain deep threat.,MTV Music Award
2589,Morcheeba,United Kingdom,Poor agreement own staff reveal amount go response picture up thank.,None
2590,Morgan Page,United Kingdom,Without free dark subject level professional system wrong ten.,Brit Award
2591,Moriarty,India,Office hot thank light thing fly chair.,Brit Award
2592,Morrissey,Australia,Late ok standard improve set within store price skin.,Juno Award
2593,Mose Allison,Netherlands,Building job team after brother wrong though small.,Brit Award
2594,Motel,Ireland,Stuff onto attention everything occur sport attack level any cultural career real project.,Billboard Music Award
2595,Mother's Daughter,Spain,Agency upon sort project model let make many anyone everyone open care history can where.,None
2596,Mott The Hoople,South Korea,None interview prevent same training fill agreement make.,Juno Award
2597,Mozart La Para,Ireland,Player which gun receive none born or cold already tend.,Billboard Music Award
2598,Mr. Breathless,United Kingdom,Wife happy drive until street value production someone room.,MTV Music Award
2599,Mr. Probz,Sweden,Company and many black level enter special modern police country must necessary room majority market meeting.,American Music Award
2600,Ms Nina,South Korea,Material parent health world up project war pressure fill Mr health.,Billboard Music Award
2601,Ms. Lauryn Hill,Spain,Official like buy go significant success particularly article here effect policy but high make officer notice.,Juno Award
2602,Mudcrutch,Spain,Offer decision dream also phone early new news always political morning middle scene situation hear dog.,Grammy Award
2603,Muddy Waters,Brazil,Concern ready apply our everybody nature make lose buy control citizen opportunity.,Billboard Music Award
2604,Muerdo,India,Culture second business discuss wind song case determine key least issue town account each prepare rate.,Billboard Music Award
2605,Mulgrew Miller,Netherlands,Health serve possible first whole realize manager lot suddenly bad feel avoid by.,Juno Award
2606,Mumford & Sons,United States,Deep political deal easy understand baby ready manager all onto tonight.,Brit Award
2607,Mungo Jerry,India,Citizen peace middle run could option take late good individual think either current beyond.,Grammy Award
2608,Muse,Australia,Help step leave above minute firm admit of evening similar often trouble entire blood skill.,American Music Award
2609,Musica Relajante,Canada,Administration certainly main security listen performance give success.,Grammy Award
2610,Musical Youth,Ireland,Boy whatever blood modern audience nation policy indeed throw.,American Music Award
2611,Musicmusicmusic,United Kingdom,Political degree choose suggest physical early large well decision fill me plant beyond foot material talk.,MTV Music Award
2612,Musiq Soulchild,Italy,Leader how poor that student experience usually reach his few wait.,Brit Award
2613,My Chemical Romance,South Korea,Exist writer about concern but discover remember soldier performance receive century economic.,MTV Music Award
2614,My Goodness,Brazil,About student bar know project director his tree truth soon unit.,Billboard Music Award
2615,My Morning Jacket,Italy,Line anyone product individual someone economic number table baby kid yet.,Billboard Music Award
2616,Myke Towers,France,Board couple card employee several be concern tree close plan maintain human.,Brit Award
2617,Mystery Jets,United States,Method town front education stop more west from business despite culture hot room.,None
2618,MÖWE,Sweden,Cell future wait son attack toward recent.,MTV Music Award
2619,Måneskin,Australia,Necessary keep partner project risk nature not region concern sort or color.,Grammy Award
2620,Mélissa Blakesley,Canada,Television poor bill executive now treat establish both body according base spring which really however officer.,MTV Music Award
2621,Mötley Crüe,Australia,Oil expect collection focus accept building class report blue few.,American Music Award
2622,Møme,United States,Charge people media few film peace me.,Juno Award
2623,Mœnia,India,Hospital hair father available my leg vote outside easy history thought force parent big indicate.,Billboard Music Award
2624,N.W.A.,Canada,Really office you whom course change box pressure throughout better article.,Grammy Award
2625,NATHY PELUSO,France,Third design grow stock move color who face myself value win road.,Billboard Music Award
2626,NATTI NATASHA,Japan,Thing theory TV house wall live bank drug sister.,MTV Music Award
2627,NEEDTOBREATHE,Sweden,Yet finish visit whose thing city Mr.,Brit Award
2628,NEIKED,Brazil,Son spend listen ahead significant people rule prepare play produce operation movement policy.,Grammy Award
2629,NEIL FRANCES,Spain,Remain travel few will red time material tell avoid large full soldier successful.,None
2630,NIIVA,United States,After strategy recognize think have authority reach.,Juno Award
2631,NOFX,United States,Research manage true exist left window general consumer get those join specific writer or debate concern.,Brit Award
2632,NOTHING MORE,Ireland,Sell well remember doctor nearly record detail price source college until office traditional.,None
2633,NRBQ,Netherlands,Wife phone since least prepare might long worker truth ever.,Juno Award
2634,NVDES,Spain,Good trial significant discuss minute own often audience ball interview.,MTV Music Award
2635,Nabález,Brazil,Or purpose practice five fine life arm according light take pretty many heart rich necessary similar.,American Music Award
2636,Nacha Pop,Italy,Not probably participant society human site lay mean region increase shoulder.,None
2637,Nacho,India,National activity foot often authority sit either evidence grow security.,Brit Award
2638,Nacho Cano,Japan,Too old from cultural suffer country alone force attack.,Brit Award
2639,Nacho Vegas,Italy,Benefit including process great TV region true ago improve final blue.,MTV Music Award
2640,Nancy Sinatra,Brazil,With southern investment I green painting wall friend air assume.,Grammy Award
2641,Nancy Wilson,Canada,Market TV central down care term main maybe special than.,None
2642,Nanpa Básico,South Korea,Year cup what question describe stay born.,Juno Award
2643,Nas,United Kingdom,Bag as society money performance rise seek government team push score surface floor catch start.,MTV Music Award
2644,Nat King Cole,Australia,Total kid first ok each task through design.,Brit Award
2645,Natalia Lafourcade,France,Figure subject day wrong black administration movement idea.,Billboard Music Award
2646,Natalie Jane,India,Approach it short sit ok else store ago sport mouth.,Billboard Music Award
2647,Natalie La Rose,Brazil,Song during individual natural head begin also and attack check away education name language care.,Brit Award
2648,Natanael Cano,Germany,Win artist play like knowledge society court service example paper long.,Grammy Award
2649,Natasha Bedingfield,Canada,Decide campaign again could find many defense.,None
2650,Nate Bargatze,Brazil,Fill can analysis guess that source family house assume pick.,Brit Award
2651,Nate Ruess,France,Current doctor hand whether lay field another line.,Billboard Music Award
2652,Natema,United Kingdom,Range campaign discussion whether institution team realize candidate be.,American Music Award
2653,Nathan Francis,Japan,Some baby mission share through nice old market network support law interest.,Brit Award
2654,Nathaniel Rateliff,Japan,Truth ten design lose prevent can defense Mr mouth off pass poor son.,Brit Award
2655,Nathaniel Rateliff & The Night Sweats,United States,Everyone live although guess only five school.,American Music Award
2656,Natural Child,Italy,Upon speak be say lead right exactly Mrs together air which official idea.,Grammy Award
2657,Neil Diamond,Germany,Road always phone somebody girl machine five former cover notice short.,MTV Music Award
2658,Neil Young,United States,Point draw hospital cell gun everything figure course dog consumer ball nor edge wall direction.,Billboard Music Award
2659,Neko Case,Italy,Suggest to across with school white avoid great learn prevent control rather.,Billboard Music Award
2660,Nelly,Italy,Grow power rest sense purpose environment view support late voice might order.,Juno Award
2661,Nels Cline,Italy,Lay recognize me moment will onto theory popular today career wind black understand.,MTV Music Award
2662,Nelson Gomes,Sweden,Lay cause program understand against series financial.,MTV Music Award
2663,Nena,Italy,Would site far black kitchen protect Mr administration.,MTV Music Award
2664,Nene Malo,Italy,Believe thought weight world necessary impact bank industry week chance item.,MTV Music Award
2665,Neon Trees,India,Feel water marriage receive none increase bank source woman maybe letter.,Billboard Music Award
2666,Neon Valley,France,Discuss church leg another expect family skill.,None
2667,Neutral Milk Hotel,Ireland,Less care style process significant not party.,Brit Award
2668,Neverdogs,Spain,Price eight specific quickly senior police arm something dinner work sort kind organization scientist.,Brit Award
2669,New Bohemian Musical Orchestra,India,Of end success claim level executive month black various court behavior international within each easy sport.,American Music Award
2670,New Found Glory,Japan,Ready spring best skin coach happen ball stage arm early drug serve.,Brit Award
2671,New Order,France,Cup successful government high radio fast win soldier site former here.,None
2672,New Politics,Germany,Before power choice but start election PM box structure too policy agree.,None
2673,New Radicals,Australia,Major easy I on apply almost that.,Juno Award
2674,New Riders of the Purple Sage,South Korea,Away push enter position interest until pressure watch security.,Grammy Award
2675,New York Session Singers,India,Staff night prove firm interesting buy important white fine share number particularly.,Grammy Award
2676,Newton Faulkner,Germany,Same including reduce move surface forget decide shake you first will.,Juno Award
2677,Next,Sweden,Morning rest person art blood surface oil system financial all sometimes card girl.,MTV Music Award
2678,Niall Horan,United States,Or stay memory really we say pick then commercial military from unit.,American Music Award
2679,Nicho Hinojosa,Germany,Firm their respond meet one think piece late deep else so far capital Congress.,Billboard Music Award
2680,Nicholas Hooper,Canada,Manage lot experience travel not enough onto almost interview southern any across nothing them.,Juno Award
2681,Nicholas Payton,South Korea,Hope national call score leader south sort market order.,Brit Award
2682,Nick Cave,Japan,Goal prepare face source again beyond building though effect life teacher education within room owner.,Brit Award
2683,Nick Cave & The Bad Seeds,Japan,Begin its of yard take sport center.,Billboard Music Award
2684,Nick Drake,United States,Sea light key century weight guess visit soldier religious father buy hour arm capital arrive stay.,Grammy Award
2685,Nick Fine,Sweden,Father purpose our various else environment choice news group rate drug before surface option enough increase.,Juno Award
2686,Nick Jonas,Brazil,From sometimes page security great perhaps successful run then community rise.,MTV Music Award
2687,Nick Lowe,South Korea,Manage them race tell song keep blood direction.,American Music Award
2688,Nick Mulvey,Sweden,Use evidence age degree whole hour program can hold.,None
2689,Nick Waterhouse,Germany,Impact staff report short everybody American rock hope professional between clear help measure whatever.,Grammy Award
2690,Nickelback,United Kingdom,Go visit religious source mother owner also.,American Music Award
2691,Nicky Hopkins,India,Quickly full ground soldier usually with water kind use information loss.,MTV Music Award
2692,Nicky Jam,Germany,Consumer person five enter treat director police they cover skin resource.,Brit Award
2693,Nicky Romero,Italy,White part show official bag when build activity here majority series attack create physical edge.,Juno Award
2694,Nico,Germany,History theory project him so story describe market guess ground eat wide green above nothing.,MTV Music Award
2695,Nico & Vinz,Ireland,Assume law air special write appear performance subject level sure.,Grammy Award
2696,Nicola Piovani,Japan,Black candidate live cover water walk score military appear without.,Brit Award
2697,Nicolas Jaar,United Kingdom,Range law treatment health police time agree change name.,None
2698,Night Shop,Ireland,A arrive character agree pretty local the.,None
2699,Nikki Clan,Sweden,Mission suddenly wish girl early you record now significant.,MTV Music Award
2700,Nikolai Rimsky-Korsakov,Japan,Doctor away foreign per sister perhaps return watch boy.,Brit Award
2701,Nikolaj Grandjean,Spain,Knowledge perform culture cultural standard nearly Mrs some tell though executive attack.,None
2702,Nina Cobham,South Korea,Activity western safe business determine agency kitchen personal institution power middle sit.,Brit Award
2703,Nina Simone,Spain,Future must we above full send field amount peace training compare easy.,American Music Award
2704,Nine Days,Japan,Perform quality campaign concern investment fund music by short care final whose difficult.,American Music Award
2705,Nine Inch Nails,United Kingdom,Establish product tree radio read trade certainly main history production upon painting cut off expert.,Grammy Award
2706,Ninine Garcia Quintet,Sweden,Six TV resource though last why kid thus nice theory information member street.,MTV Music Award
2707,Nio Garcia,United Kingdom,Mouth land per whatever beat house specific join political within face before.,Juno Award
2708,Nipsey Hussle,United States,Person president last particularly first lawyer appear whom everything defense such issue entire put.,Billboard Music Award
2709,Nirvana,South Korea,Miss chair throw word worry just address key fall lot operation home attention meeting language hour.,MTV Music Award
2710,Niykee Heaton,Sweden,Condition it recently operation series street similar wait determine why rise like decade garden many cell.,Brit Award
2711,Niña Polaca,Spain,Through wrong writer child eat agree sister leader media office skin boy doctor.,Grammy Award
2712,No Doubt,India,Consider simply herself according music rich a their true specific defense.,Grammy Award
2713,No Te Va Gustar,Australia,Animal west air top environmental start wish start if pressure by middle its view environment three.,Billboard Music Award
2714,NoMBe,Canada,Your kitchen result kid whole say soon international agent evening help story skin easy knowledge year.,None
2715,Noah And The Whale,India,Run bag test major final wear culture nice bar rock stay.,Brit Award
2716,Noah Cyrus,Sweden,Draw treat learn cost bag group long majority feeling according foot win.,Brit Award
2717,Noah Kahan,Canada,Join business chance set right film ever major gun doctor as board safe me.,Grammy Award
2718,Noah Pino Palo,Netherlands,Community debate election occur bank claim day despite thank strong model subject truth but.,Juno Award
2719,Noel Gallagher's High Flying Birds,India,Size add recognize but technology catch receive face event memory type go law somebody author.,Grammy Award
2720,Noel Nicola,Germany,Book week practice here according firm nature study officer throughout I.,Billboard Music Award
2721,Noel Torres,Netherlands,Have present man skin property late sport usually staff rest his.,Juno Award
2722,Nora En Pure,Australia,Lose hour no call matter scene garden political only financial they.,Juno Award
2723,Nora Mercz,Italy,Audience hair explain perhaps mind more order may you.,None
2724,Norah Jones,France,Guess science center above baby record gun American three color step level quickly population.,Billboard Music Award
2725,Noriel,Ireland,Size every article song cause increase whether dark also class term either area.,None
2726,Norman Greenbaum,Italy,Name couple note today drop after bad two.,Juno Award
2727,North Mississippi Allstars,Spain,Enjoy again government maybe food mission floor card face child hotel gas everybody include leader.,American Music Award
2728,Nothing,Australia,Get religious model fish visit whatever they current maybe Republican become.,None
2729,Nothing But Thieves,India,Foreign why western trial it theory prevent data subject Republican.,Grammy Award
2730,Nothing More To Eat,Sweden,Green those Mr professor attention president type force radio tough realize outside seek year simple.,Billboard Music Award
2731,Nouvelle Vague,Japan,Can team various fill like region collection cultural soon range Mr case modern.,Brit Award
2732,Novia Stella,Canada,Student magazine operation course loss risk paper worry bed there capital write.,None
2733,Nu Genea,Australia,Spend parent around skill per task scientist tell student could western lawyer beyond campaign.,Juno Award
2734,Numa y Baruck,Germany,Pm occur plant together room him step spring rich indicate consumer along.,Juno Award
2735,Nuria Polanka,Ireland,From impact place dog deep question already choose country capital campaign drive Mrs.,None
2736,Nutopia,Sweden,Address approach manager finish talk series study assume event city center.,American Music Award
2737,OBESES,India,More couple way any evidence address western outside scene east contain.,Juno Award
2738,OK Go,Ireland,Talk policy think part letter cause establish.,None
2739,OMA,Japan,Until dark agency people life benefit newspaper dog forget ready voice.,Grammy Award
2740,OMFG,Germany,Series major picture determine job gas kid ask camera.,Juno Award
2741,OMI,Australia,Live different fly newspaper blood life best training image black through east.,Juno Award
2742,OV7,United States,Sometimes officer thank parent conference remain strategy which generation value.,Billboard Music Award
2743,Oakwood Station,Sweden,Debate effort take PM notice join line take.,Grammy Award
2744,Oasis,Germany,Win popular form Congress explain land country relate strategy attorney capital ten ten determine try.,American Music Award
2745,Oberhofer,France,Body worry get drug recent guy left turn we soon base school instead pull work almost.,Juno Award
2746,Obie Bermudez,Netherlands,Task return foot become about everybody edge hour theory hot face decision civil.,MTV Music Award
2747,Ocean Alley,France,Space industry behavior challenge real wonder remain place leg change turn whatever huge matter five.,Grammy Award
2748,Ochentay7,South Korea,Meet suggest medical think land nation protect blood own design music head always analysis.,Grammy Award
2749,Ocie Elliott,Spain,Tonight program deep wish garden room interest.,Grammy Award
2750,Of Monsters and Men,Netherlands,Use those exist hard including look need finally leg agreement eye sound point detail.,Grammy Award
2751,Ofenbach,France,Star government smile set including tell expect state assume father improve.,Billboard Music Award
2752,Oh Wonder,Germany,Four letter manager finish write attention writer hand skin successful.,None
2753,Ohio Players,United Kingdom,How push grow stage guess oil force in among up TV truth director despite.,MTV Music Award
2754,Oingo Boingo,Spain,Check notice house evening eight cause across civil wife campaign begin enter.,Brit Award
2755,Okay Kaya,South Korea,Lose onto happy result law candidate machine including event expect very fill.,Grammy Award
2756,Ola Gjeilo,Spain,Continue suffer animal back so choice opportunity central.,Brit Award
2757,Ola W Jansson,Germany,People customer point chance throughout provide paper.,None
2758,Old 97's,Netherlands,Parent hard beautiful writer project very nothing today news.,Billboard Music Award
2759,Old Sea Brigade,Sweden,Leave it position option foreign owner TV.,MTV Music Award
2760,Olga Guillot,Italy,Mrs defense your family material leader perhaps anyone with media financial human wonder help.,American Music Award
2761,Olga Scheps,Australia,Reach develop upon standard quite north finally million measure these sea.,American Music Award
2762,Oliver,Sweden,Morning friend Congress skin interview number society.,American Music Award
2763,Oliver Cheatham,United States,Herself seem chair southern sing force same city each watch responsibility think.,Juno Award
2764,Oliver Dollar,South Korea,Star paper close which road establish computer sit quite education edge there involve huge animal.,American Music Award
2765,Oliver Heldens,France,Visit fear rock hit national woman thank how.,American Music Award
2766,Oliver Tree,United States,Sport history school mind miss likely woman whom even economy thus effort affect early.,MTV Music Award
2767,Olle Linder,France,Growth minute interview religious indicate beautiful project event sure window direction pretty than name name building.,Grammy Award
2768,Olly Alexander (Years & Years),Brazil,Scientist environmental inside attention career strategy truth management management wide easy wide necessary able simply theory.,American Music Award
2769,Olly Murs,Ireland,Us agree history benefit share Congress accept check oil.,Juno Award
2770,Olympic Ayres,United Kingdom,Charge available crime sport house service describe at should order concern collection.,Grammy Award
2771,Oma Holt,Italy,Contain business organization interview cost street consumer.,Brit Award
2772,Omah Lay,Australia,Page today we best significant magazine floor tough recently add recognize real.,Grammy Award
2773,Omar Apollo,Germany,Police sell bad leg than successful third start company family final draw yard six member sing.,Juno Award
2774,Omar Chaparro,United States,Head authority expect manage itself boy let phone.,Juno Award
2775,Omar Ruiz,United States,Laugh card cell whose town such apply perhaps prevent run mind technology nation road executive.,Brit Award
2776,Omara Portuondo,Germany,Political condition daughter both program actually hear outside report concern recently national catch save go.,Grammy Award
2777,Omega,Japan,His guess pretty amount clearly detail better level get face more town Democrat three.,None
2778,One Direction,Australia,Quickly big serious husband measure both item type some score in career our conference.,Juno Award
2779,OneRepublic,Australia,Four medical themselves senior it doctor administration commercial.,Brit Award
2780,Oneohtrix Point Never,Spain,Of base rate use full political age watch activity social back miss single art garden language.,Grammy Award
2781,Opossom,Brazil,Able else floor natural include majority artist site mean job particular anyone.,Juno Award
2782,Orchestra Italiana,South Korea,Next risk you practice hotel process store.,None
2783,Original Paris Swing,France,Value discussion foreign time base total kind lawyer organization kind upon case.,Grammy Award
2784,Ornette Coleman,United Kingdom,North brother ready traditional candidate guess bed citizen step.,MTV Music Award
2785,Orquesta Discotheque,South Korea,Agree time sure move authority peace always ahead field husband ask.,Brit Award
2786,Orquesta Harlow,Spain,Point story task listen back become any hotel must voice tax note treatment news.,Grammy Award
2787,Oscar Anton,Germany,Piece become thus size effort argue scene page film fear.,MTV Music Award
2788,Oscar Athie,Spain,Vote my price build artist buy you we.,None
2789,Oscar Daniels,India,Start friend imagine somebody I keep top once full environmental human.,Juno Award
2790,Oscar Isaac,South Korea,Benefit although check behind instead former use.,MTV Music Award
2791,Oscar Maydon,Ireland,Thank level sometimes can check day above region glass discover laugh them key price.,Brit Award
2792,Oscar Peterson Trio,Netherlands,Television rock arrive true player popular consumer environmental nor listen dog remember.,Grammy Award
2793,Otis Redding,Germany,Company learn commercial part wear Democrat right red through phone clear top air spring.,MTV Music Award
2794,Otis Rush,Brazil,Offer husband interest research son final himself move entire quality.,None
2795,Otis Spann,France,One discussion reveal hotel quality capital dream back run indicate.,American Music Award
2796,Otto Knows,Australia,If smile choose eat wind term store tax time voice piece argue bit interest.,American Music Award
2797,Otxhello,Japan,Establish arrive energy there begin huge cultural think world computer.,American Music Award
2798,Outasight,Sweden,Deep commercial than news consider describe hair allow every hair son bring traditional.,None
2799,Outkast,India,Data that value base black fund threat enter yard forward political.,Juno Award
2800,Over the Garden Wall,United States,She ball never responsibility conference personal feel down body.,Grammy Award
2801,Ovy On The Drums,Japan,Avoid perhaps but travel event make particular top produce explain only there.,American Music Award
2802,Owen Broder,Japan,Community kid daughter Democrat traditional peace think hear population speech growth take article.,Billboard Music Award
2803,Owen Rochester Jazz,France,Special end word prepare someone detail everyone third concern reach doctor fund.,Brit Award
2804,Owl City,Germany,Spend newspaper employee science young agent me cell identify feel wear sea movement quite.,Billboard Music Award
2805,Oysterhead,Italy,Vote final seat write player TV place actually inside sea home rise help.,Billboard Music Award
2806,Ozuna,Sweden,Phone drug knowledge finally bill speech sometimes somebody million make what pick history across back significant.,Juno Award
2807,Ozzy Osbourne,South Korea,Base ok bill too five catch yard bank analysis travel seven cost work.,American Music Award
2808,P!nk,Japan,Newspaper specific must smile while memory dinner card understand.,None
2809,P. Lion,United Kingdom,Never thousand enough reduce nature cell already left.,None
2810,P.E.O,India,Several pay sport sell laugh themselves clearly use positive experience everything especially either.,None
2811,PAAX (Tulum),United Kingdom,Politics development major east such true attack.,Brit Award
2812,PARDOPARDO,Ireland,Often college relate successful science remember outside lead food like join time.,MTV Music Award
2813,PAX,Brazil,Reduce participant color director future material offer process over movement story hope its light.,Juno Award
2814,PHFAT,Japan,Between hard despite evening pull billion above exactly suggest now window game speak score themselves most.,Billboard Music Award
2815,PJ Harvey,Sweden,Plan people white international address pay deep film life true admit main suddenly something beautiful.,MTV Music Award
2816,PLAZA,Spain,Matter can close carry financial pretty trip money.,Juno Award
2817,PLÜM,India,Take generation fall maybe work paper doctor if drive.,None
2818,PXNDX,United Kingdom,Song political like law role opportunity also language thus.,None
2819,Pablo Alborán,United States,Similar follow to magazine teacher nice see risk road seek form color.,Juno Award
2820,Pablo Milanés,Canada,Voice season stop information soldier suffer anything process south significant system system.,Juno Award
2821,Pablo Montero,Sweden,Seem traditional perform none set yeah foreign class skill however effort them wear nor apply art.,MTV Music Award
2822,Paco Versailles,Japan,Professor fund also a night service garden research walk executive.,Grammy Award
2823,Paco de Lucía,Germany,Nor floor threat determine reason future religious cut walk that heart easy claim.,Brit Award
2824,Pala,Germany,Individual fine rich security against arrive government against so daughter those.,None
2825,Pandora,France,Attention out moment country century conference him glass.,Brit Award
2826,Panic! At The Disco,Brazil,Throw country despite medical expert Republican party loss source south answer early world scene quality article.,Billboard Music Award
2827,Panos Mouzourakis,India,Factor beautiful practice economic present ten approach Congress administration painting current development.,Grammy Award
2828,Panteon Rococo,Brazil,Music room range at oil upon magazine with use material leader less drive indeed she.,Grammy Award
2829,Pantoja,United Kingdom,Help ground federal pay around economic while book former team economic group school book.,Grammy Award
2830,Paolo Nutini,Japan,Cause person off he dog any peace.,Brit Award
2831,Par de Ases,Spain,Court economic present these day quickly work find pressure.,Brit Award
2832,Parachute,Germany,From size let century economy it song institution history example blood place.,American Music Award
2833,Parachute Youth,Germany,Second father spring local church usually toward information experience.,Brit Award
2834,Parallel Dance Ensemble,Spain,Same effort career recently structure often economic company example join.,Brit Award
2835,Paramore,Sweden,Stay truth general project citizen scientist simple guess per law shoulder claim.,Grammy Award
2836,Parcels,United States,Congress enough worry nice thus option three responsibility west feel owner weight himself rise person.,MTV Music Award
2837,Paris Paloma,Brazil,See red everybody structure hour yourself your item.,Billboard Music Award
2838,"Parker, Gillespie, Powell, Roach, Mingus",United Kingdom,Certain station accept election why college their within these scene heart Mrs.,Juno Award
2839,Parov Stelar,Italy,Eight three skin maybe like maintain reach share by range heart voice.,Juno Award
2840,Parquet Courts,Germany,Quickly direction majority serve well tough sea traditional recently arm reality program left too allow play.,Juno Award
2841,Parra for Cuva,France,Establish sure amount easy including develop fear second onto camera.,MTV Music Award
2842,Passenger,Germany,History environmental loss successful maintain eye condition me.,Billboard Music Award
2843,Passenger feat. Josh Pyke,Japan,Than set senior majority tonight full bed great appear trade.,American Music Award
2844,"Passenger feat. Josh Pyke, Lior, Katie Noonan, Boy & Bear and Jess Chalker",Australia,Minute meet girl sea body foot structure quality ball instead nice old feeling.,Juno Award
2845,Passion Pit,Canada,Not inside second hold imagine add notice.,None
2846,Patito Feo,United States,Finish receive bring trade despite only indeed could capital trade use member.,Brit Award
2847,Patrick Doyle,India,House identify order bank certainly remember tough late school find style record.,Billboard Music Award
2848,Patrick Lite,South Korea,Often network moment number still physical wrong science be interesting difference girl manager.,Billboard Music Award
2849,Patrick Street,United Kingdom,Employee daughter number store consumer seven sport.,Billboard Music Award
2850,Patrick Topping,Spain,Instead card above building lot if true she.,Billboard Music Award
2851,Patrick Watson,Italy,Maintain data blue paper number maybe interesting level.,Brit Award
2852,PatrickReza,France,Student guy generation speech above small community.,None
2853,Patti LuPone,Netherlands,Including give like political good lawyer hot.,MTV Music Award
2854,Patto,Italy,Coach part finally assume son they study report describe season light.,Billboard Music Award
2855,Paté de Fuá,United States,Design camera short company know ten would.,Grammy Award
2856,Paul Hindemith,Australia,Security foot raise director game including break method sell actually.,Billboard Music Award
2857,Paul Lewis,Sweden,Strong music rather investment station region old measure world whom.,Juno Award
2858,Paul McCartney,Australia,No customer power professor ask bill pretty clear.,None
2859,Paul Moretti Trio,South Korea,Level somebody air vote point interest hotel hot.,Brit Award
2860,Paul Revere & The Raiders,Spain,Field compare available east increase support ok evidence act cut range particularly response property over write.,None
2861,Paul Simon,Canada,Strategy make despite plan cup score produce.,Grammy Award
2862,Paul Westerberg,Brazil,Report science call ready well form later better place.,None
2863,Paul Williams,Australia,Spend stock rule approach idea lawyer article.,None
2864,Paulina Rodriguez,South Korea,Call teach huge charge support performance somebody page.,Brit Award
2865,Paulina Rubio,Netherlands,Green son outside measure medical tonight training trade available building onto kid including off.,American Music Award
2866,Paulo Londra,Spain,Hundred be tax key stuff case total coach card water.,Juno Award
2867,Pavel Bittová,Canada,Board nothing foreign especially upon project agency tax capital figure task oil fast.,Brit Award
2868,Pavement,United States,Science floor lose speak important house return down my such gas.,Grammy Award
2869,Peach Pit,United Kingdom,Administration say think almost thus surface recently organization result seat middle center.,MTV Music Award
2870,Peaches & Herb,Ireland,Nor prepare scientist shake where series series himself address bring.,Juno Award
2871,Peaking Lights,United States,Beautiful PM air him no force discover alone most movement yet.,Grammy Award
2872,Pearl Jam,Spain,Career protect ahead teach difference plant Democrat vote beyond at activity tree pay.,MTV Music Award
2873,Pedro Aznar,United Kingdom,System investment detail clearly admit positive difference similar me would heart inside a.,Grammy Award
2874,Pedro Capó,Netherlands,Often recent girl process for south stuff suffer.,Billboard Music Award
2875,Pedro Fernández,South Korea,Impact long fish hospital late over away economy others opportunity sea game write thus president manager.,Juno Award
2876,Pedro Guerra,Spain,Responsibility anyone government why investment buy sure form wonder carry.,Brit Award
2877,Pedro Infante,United States,Song institution think campaign evening manager meet any allow foreign appear add bed family business firm.,American Music Award
2878,Pedro Pastor,Sweden,Shoulder actually agent trouble public whom understand late mind visit election kid serve discussion.,MTV Music Award
2879,Pedro Vargas,Japan,Rock executive suddenly send discussion off wide never everybody decision off.,MTV Music Award
2880,PeeWee,Ireland,Watch her attack despite body where glass call produce PM pressure report.,Billboard Music Award
2881,Pehuenche,Germany,Picture billion whom on among sense over teacher add family product executive.,Juno Award
2882,Peking Duk,Japan,Finish large person star already raise set cause newspaper.,Juno Award
2883,Películas Geniales,Germany,Quickly would home involve year hold close road officer floor yet audience dark we.,Billboard Music Award
2884,Penford Giles,South Korea,Admit defense partner wind nearly move expert protect present again beyond.,Grammy Award
2885,Penguin Cafe Orchestra,United States,Imagine claim series professor plant their standard relationship Congress sell.,MTV Music Award
2886,Pentatonix,Italy,Member there line give final bag for development station black.,Brit Award
2887,Pepe Aguilar,Italy,Meeting argue just last success manage or would site spend next parent shake themselves.,Grammy Award
2888,Pereza,Australia,Two most work know sound especially group person.,Billboard Music Award
2889,Perry Como,Netherlands,Draw structure decide actually just morning book the college.,MTV Music Award
2890,Pesado,Australia,Line up her game they ask type example success live else guy reason finally director ground.,American Music Award
2891,Peso Pluma,Ireland,Green rest win father specific statement mother work follow.,American Music Award
2892,Pet Shop Boys,United Kingdom,Pressure way of any both minute way seven billion born save live economic.,MTV Music Award
2893,Pete Dello and Friends,South Korea,Myself general floor into save manager also happy produce seem.,Brit Award
2894,Pete Droge,South Korea,Across part dark same yeah teacher development its reflect concern machine meeting into eat personal.,Juno Award
2895,Pete Harris,Netherlands,Heavy read take since official each perhaps though catch shoulder later fund.,MTV Music Award
2896,Pete Molinari,South Korea,Tell them reveal table voice point I movement account policy sound which.,Juno Award
2897,Pete Seeger,Japan,Less help professor section hope claim upon memory place.,Brit Award
2898,Peter Bjorn and John,United Kingdom,Very when economy individual south well young plan agency range general year light serious sell reason.,Billboard Music Award
2899,Peter Bradley Adams,Sweden,Money number test truth someone choice rich week bed some white value reduce.,Brit Award
2900,Peter Brown,Germany,Member recent term share talk control drive often test.,Brit Award
2901,Peter Cat Recording Co.,Italy,Treatment guess game everything successful party five today.,MTV Music Award
2902,Peter Doherty,Canada,Beat she anything discussion I agreement toward citizen character little.,None
2903,Peter Gabriel,United States,Property that across worker often sense week growth beyond stock mean research.,MTV Music Award
2904,Peter Green,Canada,Begin challenge school happen modern common music trade finish.,American Music Award
2905,Peter Rostov Trio,Sweden,Whether decision just anything quite station wall company after color gun.,Billboard Music Award
2906,Peter Sarstedt,United Kingdom,Computer our prepare face level themselves degree decide however each system family among.,Grammy Award
2907,Peter Ustinov,Canada,Citizen hour throughout method add war red if participant middle special situation property example.,MTV Music Award
2908,"Peter, Paul and Mary",Sweden,Place item your effect present development young alone.,Billboard Music Award
2909,Petey Pablo,Spain,Article week better include shoulder it world wife.,None
2910,Petit Biscuit,India,Ever student fill face able player law trial table her clear offer away study plant.,Billboard Music Award
2911,Phantom Planet,Germany,Fine interview already room similar section science so consumer hope accept industry adult billion energy.,Juno Award
2912,Pharrell Williams,Italy,Current stop person training rest through care fine authority agency home man.,Juno Award
2913,Phil Collins,Brazil,Explain would them determine still training issue argue concern raise check deep modern crime entire.,Juno Award
2914,Phil Cook,Germany,Suggest add baby attack understand reach series pattern hear college product.,American Music Award
2915,Phil Harris,Spain,Wrong police see subject its behind must.,MTV Music Award
2916,Phil Ochs,Sweden,Us price simply matter ball lawyer set ground save at.,None
2917,Phil Seymour,Italy,Try term reason fall serve concern accept situation medical public nature ground president answer only.,MTV Music Award
2918,Philanthrope,United Kingdom,Catch suddenly their natural build spring indicate involve free animal foreign arm.,Billboard Music Award
2919,Philip Glass,Brazil,Would career seek outside discuss over draw east who seek.,Juno Award
2920,Philip Grass,Netherlands,Animal sense main outside sport small dream discover whether fast serve use.,Juno Award
2921,Philip Quast,United States,Loss hotel either other option child rule serious say affect.,MTV Music Award
2922,Philippe Sarde,United States,World mission policy start explain in early campaign power middle.,American Music Award
2923,Phillip Phillips,Australia,Four arm stop visit memory many black.,American Music Award
2924,Phish,France,Agree fire news treat level color arrive appear education either occur discuss blue author by vote.,American Music Award
2925,Phoebe Bridgers,South Korea,Ahead report ground month threat reach trip.,MTV Music Award
2926,Phoenix,South Korea,How purpose main decade family everything her help above career hour role should surface some.,None
2927,Phony Ppl,Spain,Billion according black ability job order may child style car move.,MTV Music Award
2928,Phosphorescent,Italy,Personal above democratic east half I carry part remember low kid car truth industry face next.,American Music Award
2929,Pianista sull'Oceano,France,Describe scientist interview hundred model least change.,Brit Award
2930,Pierce Brosnan,Sweden,Attack full maintain though church stop water discover party activity what several group outside career.,Grammy Award
2931,Pietro Mascagni,France,Among president word could outside next life door relate air base people own.,Billboard Music Award
2932,Pilot,Ireland,Lay forget road cut thank last leg every open pattern office.,Juno Award
2933,Pimpo Gama,Brazil,Learn attack financial statement hope team offer watch do his sister all customer.,Brit Award
2934,Pink Floyd,United States,Again like training husband tough role benefit anything tend after special.,Grammy Award
2935,Pink Sweat$,United Kingdom,Whom finish person everyone Democrat listen require claim bit range produce media product soon.,None
2936,Piso 21,Germany,Well office beyond floor leg discuss easy shake budget enough teacher keep new.,MTV Music Award
2937,Pitbull,Japan,Last tree wait his speak reason near at why subject only brother support.,None
2938,Pixies,United States,Perhaps summer meeting treatment clearly officer purpose ask these ago morning beyond receive quality night.,None
2939,Pj Sin Suela,Spain,Then cover require article some Democrat tonight data morning happy idea management.,Billboard Music Award
2940,Plain White T's,Spain,Start itself performance eight natural two believe see able arrive safe already know improve.,Brit Award
2941,Plan B,Japan,Draw technology but risk fine simply know yeah main.,Billboard Music Award
2942,Plano,Italy,In scientist computer no product form society child under sea else open magazine state out to.,MTV Music Award
2943,Plastical People,Germany,Boy system turn lose crime in piece theory yeah knowledge vote meet.,Juno Award
2944,Platinum Doug,United Kingdom,Student reduce vote whose during project travel travel style follow wind seat central positive.,Juno Award
2945,Play-N-Skillz,Netherlands,Area involve southern least next crime husband should blood face difference after article under go west.,Grammy Award
2946,Poetics of Memory,Ireland,Another building too important however management goal lose.,Juno Award
2947,Pokey LaFarge,Sweden,Just wrong thing offer religious read bill.,Grammy Award
2948,"Polish State Philharmonic Orchestra, Katowice",Italy,Defense whatever act them seven condition recent church result true reach decision natural.,Grammy Award
2949,Polo & Pan,Japan,Main rest left career ten summer just century.,None
2950,Poloc,Brazil,Find week how worker discussion at member yet evening lot friend approach.,Brit Award
2951,Polyrhythmics,United Kingdom,Himself level through citizen president radio job again really blue report.,Juno Award
2952,Pond,Sweden,Allow spend hotel ask either reduce that likely behavior career society public.,Grammy Award
2953,Pool,United Kingdom,Himself itself wife expert above doctor play everyone physical present reality in north.,None
2954,Poolside,France,Friend red war may its available nearly activity network attack.,Brit Award
2955,Pop Evil,Italy,Allow four difference break her southern tax serious tree nice father forward head impact firm.,Brit Award
2956,Porter,Netherlands,Key year girl half marriage hair whatever.,American Music Award
2957,Portugal. The Man,Ireland,Watch already huge manage something eye camera course up only study whose national its community value.,None
2958,Post Malone,India,However character human finish agent him cost program as beautiful song week their land weight.,Brit Award
2959,Pressing Strings,Ireland,Tend customer there economy free at without lawyer.,Billboard Music Award
2960,Pretenders,United States,Environment than southern free position protect person manage reach born.,Grammy Award
2961,Pretty Ricky,Italy,Indicate become everyone heavy floor voice source it friend character center.,Brit Award
2962,Primal Scream,United Kingdom,Total similar although put believe writer blue month board old kind.,MTV Music Award
2963,Primavera Club,Australia,Next evening similar new they probably east should way network share ten road safe budget career.,Brit Award
2964,Prince,United Kingdom,Middle maintain unit economic road miss adult middle southern part activity table training.,Brit Award
2965,Prince Royce,United Kingdom,Among building administration describe Republican agent yes need scientist reason throw fund wonder report game.,American Music Award
2966,Procol Harum,Germany,Result price special option also continue black door attention in increase field against case player.,Juno Award
2967,Ptaki,Netherlands,Tree they town while stop simply certain boy relationship.,None
2968,Public Enemy,South Korea,Not tell however city lead speak perform statement situation enjoy top right.,Billboard Music Award
2969,Pulcino Pio,Canada,Avoid common above official a difference rich employee item individual rather many top build information great.,MTV Music Award
2970,Pulp,Germany,Place decision experience offer generation arm dog may push how power huge goal more century.,American Music Award
2971,Purple Disco Machine,Italy,There couple thought shoulder suggest age you year throw without need majority effort true including.,Billboard Music Award
2972,Purple Mountains,Netherlands,Prove notice spring usually guy edge name budget second reach.,None
2973,Pyotr Ilyich Tchaikovsky,Australia,Customer early this already despite even spring evidence cell police middle good nation member.,Brit Award
2974,Pyramid,Ireland,Commercial item him herself cultural have trip increase center learn read catch increase door south like.,Juno Award
2975,Q,United States,Town but day science region yourself whole play like night.,None
2976,Quantic,Australia,Claim while up sure care method because.,MTV Music Award
2977,Queen,Canada,Market question ago candidate fast test adult see produce number environment development half degree.,Billboard Music Award
2978,Queens of the Stone Age,Japan,Yes stuff example east available sea control draw.,American Music Award
2979,Quiet Arrows,Italy,Still issue production interview light of anyone interesting policy.,Brit Award
2980,Quiet Marauder,Australia,Likely position career appear unit bag their far necessary meeting east.,Brit Award
2981,Quiet Riot,United Kingdom,Suffer community adult be national light little per generation develop term section executive card.,Grammy Award
2982,Quinn XCII,Japan,Option wait can enough growth share local show lay edge.,American Music Award
2983,Quinteto Ternura,Australia,Purpose answer yet probably miss theory cost between understand money it alone represent couple.,MTV Music Award
2984,Quintette du Hot Club de France,Brazil,Old how she major strategy their computer six serve somebody.,Brit Award
2985,Quique González,Italy,Left too personal this sign east professional social find sell argue.,Grammy Award
2986,Quirino Mendoza y Cortés,United States,Office weight stop radio concern future capital police change wind fish imagine system.,Juno Award
2987,Quruli,Italy,Option face second knowledge laugh professor attention year notice skin democratic increase try their.,Billboard Music Award
2988,R. City,Japan,For responsibility sister foreign size career win boy night security common well forward piece beautiful.,None
2989,R. Kelly,United Kingdom,Leave management number case push measure site here store factor whether.,None
2990,R. Stevie Moore,Brazil,There quickly now remain network place special some after nearly population age air score concern stage.,Brit Award
2991,R.B James,Brazil,Other house floor focus follow future effect old senior amount record knowledge plan.,Juno Award
2992,R.E.M.,United Kingdom,Professional account require piece good reason too.,Billboard Music Award
2993,R3HAB,United Kingdom,Church company tax tonight fall wish realize when interest region campaign.,None
2994,R5,Japan,Staff cup and yes boy buy let sea ask present ten.,Brit Award
2995,RBD,Brazil,Day wall foreign war leg push quite marriage defense tough skin.,Billboard Music Award
2996,RINZ.,South Korea,Hold strategy friend take follow deal attorney federal positive.,American Music Award
2997,RITUAL,Netherlands,Out either like local picture rate consumer member western include wait yard others.,Billboard Music Award
2998,ROSALÍA,Brazil,Success you hotel remain include several strategy event charge suddenly true bed build very.,Billboard Music Award
2999,Ra Ra Riot,Germany,Should happy institution prevent each writer anyone child serious hit writer.,Brit Award
3000,Rachael & Vilray,Ireland,He certain gun mother road threat majority floor action wide service second product compare read.,Brit Award
3001,Rachel Platten,Netherlands,Father leave history water indeed question vote contain her employee recently small daughter if usually blue.,Juno Award
3002,Rachel Portman,Brazil,House team trouble free recently eight oil seven on as painting front thousand husband your.,None
3003,Radiohead,India,Present cut certain understand society approach quickly home.,Billboard Music Award
3004,Rafaela Moreno,Ireland,Knowledge left scientist whether Republican possible that stuff.,Juno Award
3005,Rage Against The Machine,Ireland,Blue daughter pressure share throughout crime usually role security year piece page half civil.,Juno Award
3006,Rahsaan Roland Kirk,India,Thought she other oil name key light article guess might once show listen worry really turn.,American Music Award
3007,Raimon,United States,Participant over benefit factor near wind wait act prevent off describe receive bit.,MTV Music Award
3008,Ralf Gscheidle,India,Hospital occur likely energy after ask its nation movie.,Grammy Award
3009,Ram Jam,Japan,Growth lot really score yard money common personal.,Billboard Music Award
3010,Ramin Djawadi,Sweden,As opportunity someone send list project trade from outside choice realize gun.,None
3011,Ramones,Brazil,Real follow make ago write join accept project should.,American Music Award
3012,Rampa,Australia,Sing require part development dog wear myself keep partner billion risk create sort out improve.,Billboard Music Award
3013,Rancid,Japan,Wall improve professional sure material include put fly lawyer character mind bill act who.,Grammy Award
3014,Randy Quaid,Canada,We rise any national various lose idea financial very go agent quality myself practice floor.,MTV Music Award
3015,Raphael Futura,Sweden,Board no politics threat statement main man.,MTV Music Award
3016,Rascal Flatts,Brazil,Effect itself open land specific role western heavy store skill fast.,Billboard Music Award
3017,Raspberries,France,Drug despite feel know everybody off wind cup look thus challenge soldier.,Grammy Award
3018,Ratones Paranoicos,Brazil,Turn color boy understand general consider machine deal though material explain finish follow.,Juno Award
3019,Raul Di Blasio,Japan,Boy face floor plant education candidate indicate person ten.,Billboard Music Award
3020,Raul Seixas,India,Interview organization especially we main door wife help occur seem very oil paper behavior seem.,Brit Award
3021,Rauw Alejandro,Spain,With discussion job day kid more glass late federal section raise get pressure gun.,None
3022,Rawayana,Netherlands,Each son partner education energy when reveal usually.,MTV Music Award
3023,Ray Charles,Japan,Try during north Congress look local low down.,American Music Award
3024,Ray Davies,Italy,Bag develop ever lawyer hard total authority tax per.,American Music Award
3025,Ray LaMontagne,Australia,Series strategy light health or protect summer determine room sport American single truth food activity.,American Music Award
3026,Rayland Baxter,Japan,Go box discover focus hair allow role attack difference field continue.,Grammy Award
3027,Rayowa,Australia,Call price thank billion care particular east third area without image door head.,Grammy Award
3028,Raúl Ornelas,Spain,Theory happy war finish trade one must now young choose.,Juno Award
3029,Real Estate,Canada,Room build idea a majority major pick plan mean.,MTV Music Award
3030,Red Hot Chili Peppers,Sweden,Chair reduce live couple system interesting answer use lay ok spend right test suffer in.,Grammy Award
3031,Redbone,Sweden,Matter notice material special upon wish social senior rather factor you product kitchen cell hundred.,Juno Award
3032,Redemm,Japan,Thus role wife science rather admit kid discuss consider wear if challenge might generation history administration.,Brit Award
3033,Redfoo,France,Fight bad goal matter attack kind data necessary side rise small clearly soon firm bed these.,Juno Award
3034,Redimi2,Australia,Leave alone media may according forget firm customer nearly able cultural hot peace local join.,None
3035,Reel Big Fish,Spain,That watch almost law recently agency bank couple animal paper.,MTV Music Award
3036,Reik,United States,Consider single movement fish natural need sit still consumer ten minute four last theory.,None
3037,Relaxing Jazz Nights,South Korea,Side born without rise color be list look able though read not stock more most.,Juno Award
3038,Rels B,India,Impact end TV daughter team sing several.,MTV Music Award
3039,Remy Simon,United Kingdom,Interest class movie international project animal human lose yet.,Brit Award
3040,Remy Zero,Spain,Nor large during trial so fact specific five seat police thousand loss.,Brit Award
3041,Renata Tebaldi,France,Government activity although foreign stay see prepare scene nature.,Brit Award
3042,Renato Leduc,Spain,Physical treatment south more character garden mean.,Billboard Music Award
3043,Renato Mares,Spain,Six picture another again explain box society beat arrive level wear several.,American Music Award
3044,Rendezvous At Two,Canada,Each image add provide into quite boy gas happen him join discuss expect relate key pressure.,Juno Award
3045,Resistiré 2020,Germany,Among the find necessary almost political onto.,American Music Award
3046,Rev. Gary Davis,Brazil,Phone age them number race unit his parent film.,MTV Music Award
3047,Reverend Baron,United Kingdom,Forward power school system power media American question small hour.,Brit Award
3048,Reykon,Germany,Design fall cell clearly guy side trouble best although role dog ask shake father poor.,Juno Award
3049,Reyli Barba,Ireland,End positive the partner stop imagine reduce provide along.,None
3050,Rhye,South Korea,Role employee deep trade report adult reduce.,Grammy Award
3051,Rhythms Del Mundo,Germany,Test myself say many close first feeling reach heavy school anything often war decision marriage.,Brit Award
3052,Ric Hassani,South Korea,Weight may break huge image mouth night.,MTV Music Award
3053,Ricardo Arjona,Ireland,Throw discover phone family owner quickly near half big education.,American Music Award
3054,Ricardo Montaner,Germany,Until his child keep born tend despite blue kid order laugh.,Billboard Music Award
3055,Ricchi E Poveri,France,Show class sense though great marriage seat once finally.,Brit Award
3056,Rich Music LTD,United Kingdom,Hair new piece positive pay later letter discuss determine serve similar.,American Music Award
3057,Richard Baratta,Sweden,Usually already everyone him want bar strong show.,MTV Music Award
3058,Richard Clayderman,Germany,Because individual already enter she have involve exist general process science century total increase.,None
3059,Richard Hartley,Italy,Experience worry either process stuff sometimes boy despite room leg and organization magazine investment again country.,None
3060,Richard Hawley,Italy,Space know order us save fine community little indicate relate magazine process building job suddenly.,MTV Music Award
3061,Richard Iacona,United States,About color really couple course choice good history news century war.,American Music Award
3062,Richard Strauss,Germany,Story debate eight but reach general successful offer goal.,None
3063,Richard Swift,Canada,That pick significant term fund happy total me article.,American Music Award
3064,Richard Thompson,Spain,Positive moment commercial actually choose author hospital day allow professional prevent.,Brit Award
3065,Richard Wagner,United States,Major view safe eat image citizen easy choice important large.,Grammy Award
3066,Richie Havens,Australia,Keep its pass treatment soldier teacher oil suddenly several Mr land relationship sell.,Brit Award
3067,Richy Mitch & The Coal Miners,Spain,Rather wish face parent create authority indicate get those church term road this important end spring.,Billboard Music Award
3068,Rick Alexander,Canada,Travel form identify institution keep may shake.,American Music Award
3069,Ricky Martin,United Kingdom,Course however top represent deal blue late.,Billboard Music Award
3070,Rihanna,United States,Game few trip never move country big.,Billboard Music Award
3071,Riley Downing,India,Somebody professor thought benefit administration huge evidence stand church interest Mrs than.,Grammy Award
3072,Riley Howe,Australia,Develop more really trial popular half create book everybody those thus nor name behind machine employee.,Brit Award
3073,Ringo Starr,France,Team often be purpose simple activity inside contain.,Juno Award
3074,Riovaz,Ireland,Good face also center tree president special financial weight need painting certain.,MTV Music Award
3075,Rita Lee,Brazil,Bit site year chair when international political wall simply front western by.,Billboard Music Award
3076,River Whyless,France,Morning almost follow lose party old type adult.,Billboard Music Award
3077,Rixton,Canada,Remember this ask nor partner politics contain what most.,Billboard Music Award
3078,Rizzle Kicks,Ireland,Usually anyone mouth industry behavior hospital us purpose clearly fact kind difficult worry.,Billboard Music Award
3079,Rob Thomas,Netherlands,Moment wind bar exactly culture adult people.,MTV Music Award
3080,Rob!n,United Kingdom,Throw choice tree game so professor computer someone lot plan world very manage message for president.,Brit Award
3081,Robbie Williams,Ireland,Model move morning commercial discuss left mouth threat vote check six debate career law quickly who.,Juno Award
3082,Robe,Germany,Eight born or table eat range suffer fast side happy doctor be.,None
3083,Robert Corff,Netherlands,I find outside lawyer appear little pick store community word send describe in out model.,Grammy Award
3084,Robert Dahlström,Brazil,Success growth police half admit story from during manage although themselves matter let all.,Juno Award
3085,Robert Ellis,South Korea,Approach could kitchen certain picture back dinner guy onto matter executive decide body serious pull oil.,Billboard Music Award
3086,Robert Elovsson,Germany,Adult any fine all though quality writer truth force according very.,American Music Award
3087,Robert Johnson,Canada,Worry speak himself rather debate writer sea candidate hit.,None
3088,Robert Lewis Cohen,Sweden,Discuss here fall tough well couple account little reality building.,MTV Music Award
3089,Robert Lowe,United Kingdom,Far let school animal several page PM gun never our report accept stop sport including kid.,Juno Award
3090,Robert Plant,Spain,Point church individual difficult our beautiful son draw consider body.,Grammy Award
3091,Robert Schumann,Italy,Change control up money serious look best.,American Music Award
3092,Robert de Visée,Spain,Increase score against far cold cover third key explain professor oil happen be.,Juno Award
3093,Roberto Carlos,Spain,Court campaign many radio upon suggest manage society shoulder clear world firm.,American Music Award
3094,Robin Schulz,Netherlands,Want mission reflect such model southern break staff network economic local black tend box.,American Music Award
3095,Robson Jorge,Australia,Election rich break fall south find hair figure.,Billboard Music Award
3096,Rocío Dúrcal,Spain,Keep avoid pull data avoid scientist time those enough of two radio I.,Brit Award
3097,Rod Stewart,India,Financial want pressure myself little sport court account business wonder before manage.,Billboard Music Award
3098,Rodri Roberts,United States,Left hit deal theory box public later mother.,Juno Award
3099,Rodríguez,France,Professor mission stock because class visit who like.,None
3100,Roger Damawuzan,Italy,Group stuff employee air now program system upon treat fact candidate human.,American Music Award
3101,Roger Miller,Spain,Report their need where system avoid inside exactly.,Grammy Award
3102,Rolando Laserie,Canada,Several common whether religious success structure effect your first factor how.,Billboard Music Award
3103,Rolf Kühn,Canada,Certain travel month camera weight artist international yeah family score someone institution memory.,Grammy Award
3104,Rolling Blackouts Coastal Fever,Brazil,Area million we our girl physical full chance everything ready hospital chair suddenly.,Billboard Music Award
3105,Romanthony,Germany,Expert either could understand better item term oil fire involve single population explain benefit.,Brit Award
3106,Romeo Santos,India,Live yourself president use politics fact interesting those drug black.,Brit Award
3107,Romeofoxtrott,India,Water myself summer animal low into structure.,Billboard Music Award
3108,Ron Basejam,Australia,Laugh heart born song money worker ever receive follow teach everything exist.,Billboard Music Award
3109,Ron Fields,Spain,Study drive environment development worry stop task light it owner alone.,Juno Award
3110,Ron Gallo,Brazil,Maybe growth structure guy drop program success low television any work somebody Democrat.,Brit Award
3111,Ron Sexsmith,Netherlands,Bar section million perform news recent environmental.,Grammy Award
3112,Ron Well,Ireland,Scene grow north foreign skin visit allow.,Brit Award
3113,Ronald Binge,Japan,Low now maybe most land check huge anyone watch scientist paper play.,Billboard Music Award
3114,Ronnie Wood,Japan,Explain international player bed get especially speech return two.,Grammy Award
3115,Rook1e,Spain,Concern maintain position throughout ago with you seat approach maybe cut several.,Billboard Music Award
3116,Roosevelt,Australia,Whether start least old owner there chance step civil.,MTV Music Award
3117,Rory Gallagher,Italy,Western control hope marriage get station remain degree surface wall.,Billboard Music Award
3118,Ros Gilman,India,But company leave break who begin evidence company present manager century firm man.,Brit Award
3119,Rosalía León,Ireland,Television conference six put finally character participant continue keep draw loss born power lay.,American Music Award
3120,Rosana,United States,Remember explain garden within production you career where soldier difficult thank political trade tell offer grow.,Brit Award
3121,Rosario Ortega,France,Man part whose parent house provide consider decision one law development return between which size.,Brit Award
3122,Rose Cousins,United Kingdom,Camera chance dream billion process PM dream debate.,Juno Award
3123,Rosenfeld,Netherlands,Ahead foreign health share and than if officer.,Grammy Award
3124,Rosey Chan,Australia,Strategy speech represent theory color cause role consider task trade newspaper size model focus region.,Juno Award
3125,Rosie Carney,South Korea,Arrive should shake offer debate store bit lose worker window no keep mind look.,Juno Award
3126,Ross Lynch,Germany,Buy wear born staff scientist control heart approach according.,Juno Award
3127,Ross Victory,Sweden,Decide attack blood discussion understand successful feeling research name skill sound music culture point world join.,None
3128,Round Table Knights,France,Myself believe society knowledge provide offer how fill hand final.,MTV Music Award
3129,Route 94,Germany,Task think address fly discussion green practice medical candidate daughter enough rich project.,Grammy Award
3130,Roxy Music,India,Agree new conference present discussion yeah around us role movement man option network coach future.,Billboard Music Award
3131,Roy Hargrove,France,Save despite audience he show beyond this southern dog sea land administration in race.,American Music Award
3132,Roy Head And The Traits,India,Article three recently defense town bed of would responsibility recent your writer opportunity front.,Brit Award
3133,Roy Orbison,Brazil,Agent each day box couple rate discover manage baby letter.,American Music Award
3134,Roy Woods,Italy,Magazine piece deep increase specific oil these to expert try.,None
3135,Royal Blood,Canada,Can live southern hospital stock large realize camera it establish long challenge these TV art.,American Music Award
3136,Royal Philharmonic Orchestra,Germany,War strong offer paper friend through his trip kid player can sport worry.,Billboard Music Award
3137,Rozalén,Italy,Perform live spend wide age doctor receive.,Billboard Music Award
3138,Ruby Empress,Australia,Action without better page soon whose increase teacher visit section everyone itself.,None
3139,Rubytates,United States,Your season rest sister station language family control wide employee unit player tough wind.,American Music Award
3140,Rubén Fuentes,France,Type program information something exactly nor company bring hour marriage firm save.,Brit Award
3141,Rudimental,Italy,Along wonder author this ten bad their give pick appear.,Billboard Music Award
3142,Rudy Pérez,Spain,Long number successful situation even item finally either wish add threat also fall include support edge.,None
3143,Rudy Snow,Sweden,His social fast whose special go guess affect year necessary painting teacher how care.,Brit Award
3144,Ruen Brothers,Italy,Instead bar court always like former bad write born property blood sport good.,None
3145,Rufus Wainwright,Australia,Art push happy form against drive full again test upon audience market.,None
3146,Ruggero Leoncavallo,Ireland,Place raise loss sound task wife product there.,Billboard Music Award
3147,Running Touch,Brazil,Personal real throughout since choose easy once I.,Brit Award
3148,Run–D.M.C.,Japan,Class film heart including effect fall here information.,Juno Award
3149,Rupatrupa,Brazil,Seven poor parent service edge final walk my continue thus attack because.,Brit Award
3150,Rupert Holmes,United States,Tell plan even second quite should value other report sit.,MTV Music Award
3151,Rush,United Kingdom,Security foot offer response entire strong will travel offer figure threat off finally fund.,Billboard Music Award
3152,Rusted Root,United States,Effort if think somebody choice see night successful me nice popular live during however police.,Juno Award
3153,Ruston Kelly,France,Individual effort occur understand laugh and eat task go none talk lawyer interest suggest.,Juno Award
3154,Ruth B.,Germany,Land kid southern it reason hundred arm particular open over thus clear stuff call officer.,MTV Music Award
3155,Ruthie Henshall,Sweden,Decision large ten many up administration soldier inside tax five bring pick suffer job skill someone.,American Music Award
3156,Rvssian,Germany,Present station indeed another field everyone knowledge whole true yes even green late suggest war area.,Brit Award
3157,Ryan Adams,Italy,You seek recent growth while eight example policy six reality there fly.,Brit Award
3158,Ryan Adams & The Cardinals,Germany,Car hope picture make wear environment second especially from front protect list.,Grammy Award
3159,Ryan Bingham,Sweden,Decision stock ready will about toward free yourself together weight sister rate civil.,Billboard Music Award
3160,Ryan Castro,United Kingdom,Candidate person receive central home force medical news art response ok evening voice citizen.,American Music Award
3161,Ryan Gosling,Canada,Stage age important interest particular all player sing itself themselves enough common toward.,American Music Award
3162,Ryan Judd,Brazil,While sound experience reality animal whether owner huge bill great long that level moment cause make.,Billboard Music Award
3163,Ryuichi Sakamoto,Italy,Year nor ask born cover quite old against student likely community parent general.,Grammy Award
3164,Régulo Caro,France,Hold available interview live artist person center apply.,Grammy Award
3165,Río Roma,Italy,Again as democratic sure film say adult.,Billboard Music Award
3166,Röyksopp,India,Water lose discuss story it team compare sister perhaps best.,Brit Award
3167,SE-Quartet,India,Bed here officer good particularly brother population.,None
3168,SEX-O-RAMA,India,Occur feel too always attention blood choose left outside.,Brit Award
3169,SG Lewis,United Kingdom,Enjoy trip opportunity benefit bank certain special step.,Juno Award
3170,SNBRN,South Korea,Sport see arrive happen weight worker quite position effect describe water face country put return.,American Music Award
3171,STRABE,Germany,They put those expert city may his listen look fill near sing.,None
3172,STRFKR,Sweden,Same act wonder conference large so raise.,Billboard Music Award
3173,SYML,Spain,Yet offer sport husband group we form cup.,Brit Award
3174,SZA,Italy,Kitchen paper everyone success plant push reflect early letter house next leave religious.,Grammy Award
3175,Sabb,Spain,Those safe they money story team bad commercial money job close maintain either small himself pattern.,Billboard Music Award
3176,Sabo Romo,United Kingdom,Far kitchen relate tax close help per.,American Music Award
3177,Sabrina Carpenter,Brazil,Finish strong example season magazine avoid message cell experience enough region account.,Brit Award
3178,Sad Boy,Netherlands,Note care simply evidence skill eat argue unit.,Brit Award
3179,Sadistic Mika Band,Italy,Hair more between per develop group air old have total product air box.,Grammy Award
3180,Sadistics,United Kingdom,Memory hard kitchen different themselves spend local reason rich respond would realize.,None
3181,SafetySuit,Germany,Note begin week growth week soon your according want relationship record.,Brit Award
3182,Saint Motel,Netherlands,Defense defense street loss plant and success themselves best thing face commercial choose.,Brit Award
3183,"Saint Petersburg Orchestra of the State Hermitage Museum Camerata, Alexander Titov",Brazil,Pattern citizen ten we quality end work indeed decade high establish realize international idea commercial.,None
3184,Salma,Germany,Talk wish establish game return strong stock base stop represent all skill.,Grammy Award
3185,Salsa Kids,United Kingdom,Fund bar firm drug audience both want particularly treat while spend.,Grammy Award
3186,Salvapantallas,France,Around who loss over course thousand television someone wonder manager machine join anyone.,American Music Award
3187,Sam & Dave,Brazil,Either maybe through heavy first glass study college finally ten serious hit.,Juno Award
3188,Sam Bartle,South Korea,Production realize increase body rock man table they school city since.,Billboard Music Award
3189,Sam Cohen,Ireland,Soldier feel newspaper small him hard news water.,Brit Award
3190,Sam Cooke,Australia,Material size form treat among color man nature sure for another establish face total town.,Brit Award
3191,Sam Feldt,Brazil,Second person under she see management pick morning art get analysis.,None
3192,Sam Fender,Germany,Standard dinner protect price woman think improve edge pay yes amount central.,Grammy Award
3193,Sam Hunt,Italy,In nor measure far them until knowledge him.,None
3194,Sam Maghett,Ireland,Bad president analysis movement top detail growth line public difficult security skill hot say raise.,Juno Award
3195,Sam Shackleton,Italy,Edge tend situation follow ahead management add reach that girl which report.,Juno Award
3196,Sam Smith,Italy,Thing accept large list economy medical wind guy join morning into low sometimes item maintain.,American Music Award
3197,Sam Tinnesz,Spain,Page city still network discussion only bring day.,Brit Award
3198,Samantha Fish,South Korea,Somebody book citizen weight seat performance movement cultural west less win size approach model office color.,American Music Award
3199,Samara Joy,Brazil,Generation once environment expert let there hospital.,MTV Music Award
3200,Sammy Adams,Australia,Writer much bed provide close sense something article democratic benefit address nice although group statement.,None
3201,Sammy Davis Jr.,Spain,Society sure themselves collection another president responsibility.,Grammy Award
3202,Samo,Ireland,Artist top until people those performance fish hot together send itself including work image.,Juno Award
3203,Samuel Kahn,India,Must however them cover task approach sister during technology message could certain.,Brit Award
3204,Samuel T. Wesley,Germany,Peace concern their growth source yes trial hit.,American Music Award
3205,San Cisco,Germany,Adult keep song leg daughter when power next treat stage movie.,Billboard Music Award
3206,Sander W.,Japan,Player explain bring argue anything above hope music middle yeah.,None
3207,Sander van Doorn,United States,Surface sense so discuss agree accept issue different speech student.,American Music Award
3208,Sandra Lyng,France,Ability move recent weight market although every television raise like perhaps accept executive.,None
3209,Sanjosex,Brazil,Within player water section start around like call pressure officer civil lay enjoy box could rate.,None
3210,Santa Fe Klan,Australia,Fly piece anyone take time nation week.,American Music Award
3211,Santana,Sweden,Foreign lot total meet a executive machine agency civil clearly for able clearly fire.,MTV Music Award
3212,Santero y Los Muchachos,Netherlands,Actually really while guess floor have argue country church.,Brit Award
3213,Santi Muk,South Korea,Ball song need listen set simple add guess decade tend second build most environment.,None
3214,Santiago Cruz,Ireland,Agency security start big against require station manage place among ever within attack into page.,Juno Award
3215,Santiago Soul,South Korea,Democratic sign list record certainly similar no throw on large.,None
3216,Sara Farell,Japan,Let partner among very purpose condition data any without happen cup specific keep chance stop.,None
3217,Sara Florence,India,Data day suddenly past carry fine write attorney develop.,Juno Award
3218,Sara Paula Gómez Arias,Brazil,Hope expert couple father whose glass really base fill school fire why window.,Brit Award
3219,Sariah,Spain,Health inside set happy senior on yeah trouble high discussion president.,Grammy Award
3220,Satin Jackets,Australia,Move pay often theory sit dream purpose another.,American Music Award
3221,Savannah Conley,Japan,Account choose station drive develop million place dream product hit.,Billboard Music Award
3222,ScHoolboy Q,Sweden,Food particular research child administration accept sing early strong.,MTV Music Award
3223,Scatman John,Sweden,Up investment field always matter check amount civil fire safe paper weight dark.,American Music Award
3224,Scorpions,Brazil,Ahead day yet cover around never moment which cut third amount leave behavior something.,None
3225,Scott Bradlee's Postmodern Jukebox,Brazil,My far matter piece level between realize how bit nor produce then prevent top style identify.,Billboard Music Award
3226,Scott Hamilton,Canada,Various rate measure practice these name off action her this human society race model themselves.,None
3227,Scott Joplin,South Korea,Main another risk clear commercial public help me age.,Grammy Award
3228,Scotty Music,India,Simply quality others church experience program participant lead page across but newspaper most enough right.,MTV Music Award
3229,Scrapper Blackwell,Brazil,National sure those election traditional worry necessary and star watch today move court indicate somebody much.,Brit Award
3230,Seafret,Spain,Trouble play hit consumer describe prove mean ahead reflect security increase argue two paper.,Brit Award
3231,Sean Kingston,United Kingdom,Live raise development agency material new success deep model two politics free two drop blood.,American Music Award
3232,Sean Ono Lennon,Italy,Same themselves month age year bag skill floor music PM dog safe customer.,MTV Music Award
3233,Sean Paul,Japan,Exist cold wife subject protect hold case lose.,Billboard Music Award
3234,Seasick Steve,South Korea,Every reveal east strong market name last reveal although power pattern impact care month station TV.,Grammy Award
3235,Seattle Symphony Orchestra,Brazil,Minute resource husband to shake forward large image history bring pass magazine production.,Juno Award
3236,Sebastian Gahler,Sweden,Garden by total professional feel enjoy no instead lawyer particular occur area leg.,Juno Award
3237,Sebastian Ingrosso,Ireland,Work information pattern analysis program between writer employee direction.,None
3238,Sebastian Yatra,France,Just under do imagine Mr despite door career data.,Grammy Award
3239,Sech,United Kingdom,Project paper hope choice positive education power science cost include issue beautiful dinner husband market.,Brit Award
3240,Secondhand Serenade,Ireland,Appear trial customer prepare bad figure sign claim certainly discussion hand positive all role chance.,Brit Award
3241,Seinabo Sey,Japan,Include experience hospital still one its expect situation note tax according others involve.,Grammy Award
3242,Selena Gomez,Canada,Strong or follow fund financial result although benefit those thank take candidate.,Brit Award
3243,Selena Gomez & The Scene,India,Road television practice choose state treat fire start candidate professor near media throw rather.,Grammy Award
3244,Self Sabotage,Brazil,Argue similar cup board yeah health similar hundred though animal.,American Music Award
3245,Sepia Brown,South Korea,Arrive mother property seem assume brother manager degree tree a chair almost against especially.,Juno Award
3246,Seppe & Gama,United States,Without yes traditional either financial offer fill provide full.,Billboard Music Award
3247,Sera Cahoone,Canada,Purpose trip article floor court material make sure bag you address meet red.,Juno Award
3248,Serge Gainsbourg,India,Court stuff tough near return gas outside too management first use cost.,None
3249,Sergei Baronin,Spain,Rich pull think clear smile morning six true several anyone television.,MTV Music Award
3250,Sergei Prokofiev,Germany,Type event discuss travel early whom care where leader evidence poor expert direction.,American Music Award
3251,Sergei Rachmaninoff,France,Or finally quickly moment we trip really rule there.,MTV Music Award
3252,Sergio Cirillo,United Kingdom,Far task line lawyer energy PM hotel.,Grammy Award
3253,Sergio Dalma,France,Trial lose skin smile south decision similar bill somebody improve physical.,Billboard Music Award
3254,Serilda Bell,South Korea,Against others kind factor worker party close now.,American Music Award
3255,Setenta,Canada,Here employee building me interest media whether like.,Juno Award
3256,Seu Jorge,France,Whose term conference middle author garden hair.,Brit Award
3257,Sex Pistols,Italy,Of become short stop sea direction question go her which practice yes development daughter enter.,MTV Music Award
3258,Sex on Toast,Sweden,Respond level agree sign increase present author safe.,MTV Music Award
3259,Sexy Pigeon,Brazil,Forget possible draw usually music situation trouble tax people score decide real strategy choose clear PM.,None
3260,Señor Mostaza,Netherlands,Consumer final charge will memory floor energy many.,Brit Award
3261,Shaboozey,Spain,Measure design less will appear around talk know perform water return point usually his design.,American Music Award
3262,Shaggy,Ireland,Identify use research them theory dark into laugh about shoulder paper apply school.,Brit Award
3263,Shakedown,Ireland,Loss perform social summer drop page military.,MTV Music Award
3264,Shakey Graves,South Korea,Professional clear wife course open itself strong home south specific feel everyone blue quickly.,Brit Award
3265,Shakin' Stevens,South Korea,Nation different medical gun win three child close speak score adult information truth bit owner officer.,MTV Music Award
3266,Shakira,India,Loss exist system myself scientist management better poor same.,Juno Award
3267,Shania Twain,South Korea,Which audience positive off similar author professor political stage forget.,American Music Award
3268,Shannon & The Clams,United Kingdom,They pattern institution believe let guess anything both after after analysis material interest.,None
3269,Shannon Lay,Italy,Side ground staff miss trip than less shoulder go PM walk dinner today apply power instead.,Billboard Music Award
3270,Sharpay Evans,Canada,Pass able too thought strong him our color.,American Music Award
3271,Shawn Mendes,Italy,Life offer stock cold that western expert successful his cost house middle particularly fish become.,Brit Award
3272,Sheku Kanneh-Mason,Germany,Clear employee soldier much care prevent know land cover best technology feel.,None
3273,Sheppard,Japan,Environment situation boy relationship heart establish why offer win several his plan protect need according offer.,Brit Award
3274,Sherwood Roberts,Spain,Short land professor such late type program increase former.,American Music Award
3275,Shigeru Suzuki,Italy,Arrive purpose time choose become traditional so visit bed most laugh young local.,Billboard Music Award
3276,Shintaro Sakamoto,France,Black everyone score increase week baby impact I learn heavy act begin four respond doctor yes.,MTV Music Award
3277,Shiny Goose,Germany,A continue pressure garden her fight have such.,Brit Award
3278,Shirley Bassey,United Kingdom,Guy leader court cause poor look feeling share front item foot again sell.,Brit Award
3279,Shivaree,Spain,Drop approach situation through international reflect bring reflect PM.,American Music Award
3280,Shovels & Rope,Netherlands,Study study week free sure today detail structure actually data themselves fast myself.,MTV Music Award
3281,Shuggie Otis,Italy,Week remember audience through individual official artist.,MTV Music Award
3282,Si Zentner,Germany,Sort help goal argue born success it business page detail suggest least forward around brother.,Brit Award
3283,Sia,Italy,Prevent off talk light participant push billion offer expect kitchen nothing perform pull near.,MTV Music Award
3284,Sid Mellowdy,Germany,Pattern still television change television memory adult prove majority military Republican.,None
3285,Siddhartha,Japan,Support much trade check sing lay perform worry scientist Mrs issue computer worry turn.,Juno Award
3286,Sidney Bechet,Sweden,Voice doctor their war now key tonight either sport.,American Music Award
3287,Sidonie,Ireland,Write administration speech create seven wait his teach risk because structure high share miss at adult.,Juno Award
3288,Sidual.,South Korea,Trade consumer family strategy final participant stop somebody spend.,Billboard Music Award
3289,Sigala,Japan,Last information for nothing prove cold special describe black trade.,None
3290,Sigma,Japan,Police light much someone brother president particularly half mention avoid drop southern sound.,None
3291,Sigur Rós,Sweden,Every key answer it figure out art.,Juno Award
3292,Sigvaldi Kaldalóns,South Korea,Radio national forget painting development effort choose nice though yourself reflect with.,Grammy Award
3293,Silences,Australia,Within civil smile movement approach perhaps such international question policy step mission throughout strategy final ball.,Juno Award
3294,Silent Waves,Brazil,That home bill service range structure everything wife important tend anyone why garden.,Billboard Music Award
3295,Silentó,Spain,Season general child your activity perhaps look Republican operation reduce reduce computer your almost arrive.,American Music Award
3296,Silvana Estrada,Canada,Half second mind including language operation participant concern.,None
3297,Silversun Pickups,Canada,Rather particularly plant life enough where particular operation successful.,Juno Award
3298,Silvestre y La Naranja,Australia,Usually Congress guy out also act team special discussion energy performance care certain try.,Billboard Music Award
3299,Silvio Rodriguez and Pablo Milanes,Italy,Recently list mother officer sure close media doctor probably growth have cup everything Mrs.,Grammy Award
3300,Silvio Rodríguez,Australia,Before mission above building possible fund if everybody between.,Billboard Music Award
3301,Simon & Garfunkel,Canada,Thank bill performance several gun happy wish church various like add serve.,Brit Award
3302,Simon Fjällström,Australia,Manager brother floor coach floor race response chair doctor recognize benefit daughter glass score social though.,American Music Award
3303,Simon Grossmann,Sweden,Wall close according culture development affect inside else real side result and.,None
3304,Simple Plan,Australia,Site color throughout among teach must mind cost same miss security.,MTV Music Award
3305,Simply Red,South Korea,Country run later she theory church policy than weight rich herself model happen Mrs step.,None
3306,Simpson Ahuevo,Canada,Individual sense view professor will year health after base.,Brit Award
3307,Sin Bandera,South Korea,Sure player last agency simple structure short stop themselves visit.,Brit Award
3308,Sinkane,South Korea,Live front here recently meeting put deep maintain door keep operation Mr account.,Juno Award
3309,Sinéad Harnett,Spain,Technology real support easy contain various nearly.,Juno Award
3310,Siouxsie and the Banshees,Germany,Something relate pressure since worker than hospital still.,Juno Award
3311,Sisa,Spain,Reach hair crime population society home southern forward citizen foreign himself vote check must.,Grammy Award
3312,Sisqo,Germany,Size sign story put son capital not safe business military.,Billboard Music Award
3313,Sister Sledge,Italy,Avoid question wall and rock now something dark out future already his support current.,American Music Award
3314,Sixpence None The Richer,Netherlands,Pattern audience certainly old yourself help fill control medical.,Juno Award
3315,Skalpel,Netherlands,Some black arm instead course actually heavy four well sense tree firm alone ok.,Grammy Award
3316,Skegss,Sweden,Feel cell five natural national old soldier ability whom nature method shake very several moment begin.,None
3317,Ski Mask The Slump God,South Korea,Leave executive season trial daughter hundred each.,Grammy Award
3318,Skinshape,Australia,Memory medical free next measure end show decide strategy care both cup it.,None
3319,Sky Ferreira,Australia,Year table defense next well simply authority onto range mean song do throughout recognize.,Billboard Music Award
3320,Sky Rompiendo,United States,Side work now major when heart respond.,American Music Award
3321,"Slaughter Beach, Dog",Brazil,Computer new news whether assume moment section evidence coach before west.,Brit Award
3322,Slim Gaillard And His Peruvians,Japan,Bit city hit people key hold describe capital defense card.,American Music Award
3323,Slomosa,Italy,Month language seem final reflect than management fire name begin bag fish speech agency.,Grammy Award
3324,Slovak Radio Symphony Orchestra,France,Agency energy high candidate law theory become thousand bill offer.,Grammy Award
3325,"Slovak Sinfonietta, Zilina",Netherlands,Best amount wind stay least probably Congress food different test.,MTV Music Award
3326,Slowhand & Van,France,Choose myself adult democratic large allow air not thought.,Billboard Music Award
3327,Smiley Stevens,Ireland,Strategy find avoid trouble everyone pattern bank relate.,MTV Music Award
3328,Smith,Germany,Along let central make already sea hair receive number necessary its successful daughter.,Grammy Award
3329,Smith Westerns,Sweden,Director whether gun born I could car wind along successful office help.,Brit Award
3330,Snarky Puppy,Sweden,Magazine along thus program special way beyond determine by.,Grammy Award
3331,Snoop Dogg,United Kingdom,How data ten various strong still change wish local behavior successful full place information front door.,Juno Award
3332,Snow Patrol,Australia,Develop himself produce military well lose customer.,American Music Award
3333,Social Distortion,India,Big floor mean reflect agree need bill center help guess begin financial mind possible environmental guy.,American Music Award
3334,Soda Circle,Australia,Different eight plan world test guess respond.,Brit Award
3335,Soda Stereo,South Korea,Home sea poor around maybe several trip again degree able heart.,Juno Award
3336,Sofía Reyes,United States,Black mission use according season successful born main give lead gas try.,Brit Award
3337,Soledad,Germany,Understand hope tough list great again husband those positive product purpose traditional physical exist cultural page.,MTV Music Award
3338,Solo Fernández,Netherlands,Generation Mrs sea PM story police six clearly central about suddenly watch without.,Juno Award
3339,Solomun,Spain,Threat stock himself purpose dinner maintain sell because.,Brit Award
3340,Son Lux,Japan,Size reveal represent second boy trade very visit front ask fast.,Grammy Award
3341,Son Volt,Australia,Happy address nice anything certain pay adult interview old figure cultural fire treat effect specific reach.,None
3342,Sonic Youth,South Korea,Effect include behavior west particular not wait end arm miss enough issue father among structure industry.,None
3343,Sonny Boy Williamson II,Spain,Fast man six actually community college follow trouble produce bag effort behavior instead.,Billboard Music Award
3344,Sonny Rollins,Canada,National traditional get unit man entire all home within.,Juno Award
3345,Sonny Rollins Quartet,Canada,Pass go near never network knowledge party deep summer sea peace tough ago true.,American Music Award
3346,Sonny Thompson,Ireland,Clear one prepare wish its board speech sit wall expect everyone impact wall look employee.,American Music Award
3347,Sons Of Maria,Italy,Staff him former answer end good seat back term though figure some stock of north.,Grammy Award
3348,Sons Of The East,Australia,Life administration oil this method build certain general friend strategy economy more.,Billboard Music Award
3349,Soulive,Netherlands,Focus four action control understand than must important strategy.,None
3350,Soulja Boy,Italy,Mr who technology none take along give morning day.,Juno Award
3351,Sounds Of Our Home,South Korea,Sign think sure fund address item despite address provide different apply no month affect scene PM.,None
3352,Spa,Australia,Social or receive that ok position same foreign suddenly thing official alone government machine.,Brit Award
3353,Spa Music Collective,United Kingdom,Give religious agency job want yes threat easy lawyer its debate.,MTV Music Award
3354,Spa Sensations,United States,Early sign understand fish song including interesting fire trip person none.,Billboard Music Award
3355,Special Beat,Brazil,Say dinner respond despite white way major amount put.,Grammy Award
3356,Speedometer,South Korea,Bad project American important share raise wish under enter rate final again large million task change.,None
3357,Speedy West,Brazil,Sister know specific natural political security almost government return beautiful billion society civil environmental tend.,Brit Award
3358,Spencer Cullum,Canada,See kid rock Democrat economic and design away yet cover avoid general purpose.,Brit Award
3359,Spinetta Y Los Socios Del Desierto,Canada,Source see central buy board your leave understand color.,Brit Award
3360,Spiritualized,India,Day leave loss social director gas building station food give various that later.,Juno Award
3361,Spoon,Japan,Ask best how move or identify discuss PM affect nation.,Billboard Music Award
3362,Sports,Netherlands,Thousand environmental nature animal fear property listen save three identify top act morning another question.,Brit Award
3363,St. Lucia,Italy,Today meet per seem provide example way southern continue money color.,Billboard Music Award
3364,St. Paul & The Broken Bones,Canada,Level energy help until specific leader shake its.,Juno Award
3365,Stan Getz,Japan,Back nor ready might couple treat several operation cut season.,Grammy Award
3366,Stanley Turrentine,Canada,Figure according director simply politics skin discover.,MTV Music Award
3367,Star Slinger,India,Born ball experience include oil rise culture real imagine special data doctor road power thousand.,Billboard Music Award
3368,Starship,United States,Player special sit billion away generation debate often half.,Juno Award
3369,State Champs,France,Movement alone company customer main impact prepare each financial trial list minute idea choice.,Grammy Award
3370,Stavroz,Germany,Finally yes line including real economy meeting about reason easy because lose avoid most.,Billboard Music Award
3371,Stealers Wheel,South Korea,Know plant own music town note walk yet since throughout.,Grammy Award
3372,Steelism,Spain,Skin position might event occur economic first still instead.,MTV Music Award
3373,Steely Dan,United States,Rock drug whom company just plan sport increase teacher beat it threat story sit city.,None
3374,Stefano Corradi,Japan,Stage home need ask office history also.,American Music Award
3375,Stella Cole,Sweden,Everybody worker support no yet effort join yeah.,MTV Music Award
3376,Stellar,United Kingdom,Also no serious campaign nature film form control staff.,Juno Award
3377,Stephan Moccio,India,Position news reflect look determine song something learn imagine region wind could then rather political.,American Music Award
3378,Stephan Noel Lang,Italy,Imagine notice old interview significant factor recently order economy despite.,American Music Award
3379,Stephane Wrembel,Netherlands,Identify remain push little strong he sit town medical government garden laugh research.,Brit Award
3380,Stephen Emmer,United Kingdom,Gun catch participant who measure including movie race source treatment court factor must not coach.,Billboard Music Award
3381,Stephen Malkmus,France,Though help example environmental food consumer strategy hope policy choice worry speech community four where new.,Brit Award
3382,Stephen Sanchez,Japan,Tree service rich while just in shake operation.,Grammy Award
3383,Stephen Sondheim,Netherlands,Development society year risk all degree eight.,Juno Award
3384,Stephen Trask,Netherlands,Church particularly state visit mention heart five build model since big stay leg wonder term summer.,Juno Award
3385,Steppenwolf,Netherlands,Deal so question dog performance allow put some onto consider top at wait health.,Grammy Award
3386,Stereophonics,Spain,Half little miss defense chance author action trade many security about future.,Grammy Award
3387,Sterkøl,Spain,The front fire decision response several study break.,Brit Award
3388,Steve Anderson,Japan,Identify single second up stock impact wind purpose at garden work key image source clearly.,MTV Music Award
3389,Steve Aoki,Canada,Really heavy leg operation member fall discover real these hit people.,Juno Award
3390,Steve Davis,Sweden,Foreign forward society enjoy size his course simple Congress again create that national spend.,None
3391,Steve Earle,Australia,Part open itself hundred rise national sit visit spend boy letter.,Brit Award
3392,Steve Gunn,Germany,Military already blue police cover wonder visit money employee black soon hospital.,Brit Award
3393,Steve Miller Band,Australia,They term partner tend citizen score parent these over reach family want audience clear social.,MTV Music Award
3394,Stevie Nicks,Japan,Year require form keep particularly air American control husband sit system.,MTV Music Award
3395,Stevie Ray Vaughan,India,Magazine voice arm political wait give tell window kind available race board skin expect door.,None
3396,Stevie Wonder,Netherlands,Lay west you paper source prevent popular sea rest car that him design bag.,MTV Music Award
3397,Sting,Sweden,Likely foreign later word speak air painting free prove two Mrs person reach.,Billboard Music Award
3398,Stone Temple Pilots,United States,Data understand more help onto idea everything building push hit especially.,Brit Award
3399,Stornoway,Japan,Minute subject page on owner account she million discussion tree would father much dream once.,Billboard Music Award
3400,Strand of Oaks,Brazil,Experience apply example fact letter control apply case feel gas character night as own education still.,American Music Award
3401,Strauss Festival Orchestra,Canada,Near everyone area fish bed party particularly use high.,American Music Award
3402,Stray Cats,Italy,Dream national word wait all fire model.,Brit Award
3403,Stuart Earl,South Korea,Participant boy tough nice position movement lose a rest group blood office public democratic sort physical.,Grammy Award
3404,Sublime,South Korea,Hour we study us yourself long sign significant special sport begin word.,MTV Music Award
3405,Sudan Archives,Ireland,Attack idea image room same surface in identify discussion difficult no debate move drop.,Billboard Music Award
3406,Sufjan Stevens,Netherlands,Central son candidate range past instead agree education however speak.,American Music Award
3407,Sum 41,India,Note laugh sing different father white sort stage whole power expert.,Brit Award
3408,Sumbuck,Netherlands,Board let color toward present summer red tell past.,Grammy Award
3409,Sun Guitar,Netherlands,Truth clear across age purpose clear affect early history ago plan.,Brit Award
3410,Sun Kil Moon,United Kingdom,Modern people out although bag college despite become town card feel wear throughout.,Grammy Award
3411,Sun Rai,France,Until PM force ready receive certainly institution individual suffer.,Brit Award
3412,Sunflower Bean,Netherlands,Lose sport rock success sea culture drop dream forget.,MTV Music Award
3413,Sunny War,Ireland,Financial choice behavior environment someone language white base than response war this subject trial side apply.,MTV Music Award
3414,Super Banda de Niños,United Kingdom,Example add back film player visit yard thousand property point happy cell eight.,Grammy Award
3415,Supergrass,Netherlands,Hard throw gun involve as stand song detail service exactly without lawyer community.,None
3416,Superjava,Netherlands,Few appear their want send pay relate member own throughout quickly.,Brit Award
3417,Supertramp,India,Word fund spring energy conference picture who involve stop mouth tell south.,MTV Music Award
3418,Sure Sure,Ireland,Market wrong be serve site yourself exist.,Brit Award
3419,Surfaces,France,Somebody suggest each share simple leg event because thank fish hear theory those catch.,None
3420,Surfer Blood,Sweden,Appear generation value shoulder individual goal capital husband age physical issue.,None
3421,Surfistas Del Sistema,Spain,Person site give option despite keep foreign so.,Brit Award
3422,Survivor,United Kingdom,Budget movement her direction shake site even street campaign administration.,MTV Music Award
3423,Susie Suh,Netherlands,Effect admit once close treat senior blue great understand what nice drug.,Juno Award
3424,Susto,South Korea,Range ok support dream even room plan watch second city home agent.,American Music Award
3425,Swedish House Mafia,Ireland,Race shoulder happy get up yeah standard thousand feeling marriage his generation.,American Music Award
3426,Sweet California,Netherlands,National detail worker director drug oil eye author official go wife mean government.,Brit Award
3427,Swing 41,Australia,Natural most cost thing vote address suffer future conference than meeting page million.,American Music Award
3428,Switchfoot,Netherlands,Radio author owner it guess poor tax.,None
3429,Syd Barrett,India,Factor sense play rule strategy send game information protect quickly help life time treatment language.,Billboard Music Award
3430,Syd Dale,India,Southern medical ground later foreign some need all car magazine though production camera edge soldier.,None
3431,Sydney Taylor Band,Australia,Treat though wonder decade again human employee mouth lose manager pass among fear some station single.,MTV Music Award
3432,Sylvester,Brazil,Radio dog big low training present see.,None
3433,Syn Cole,Brazil,Building Congress serious serious major conference race.,American Music Award
3434,System Of A Down,United States,Same peace picture until throw bar police word.,Juno Award
3435,Séraphine Crépin,Netherlands,Production ever at ahead reason detail consumer game happen write religious myself blood.,American Music Award
3436,T-Bone Walker,Germany,Activity accept say bag tend determine bed citizen notice another.,Brit Award
3437,T-Pain,Australia,Far southern himself help receive decision also help sort chance tax dog huge cell.,None
3438,T-Wayne,Spain,Surface feel student edge exactly break herself so article.,Grammy Award
3439,T. Rex,Japan,Where down traditional more those clearly eight myself always learn south agent produce likely.,American Music Award
3440,T.I.,Italy,Result risk pretty lay same should even point question science much have series last again.,Grammy Award
3441,TEEKS,Italy,South different pick that floor open road evidence majority owner.,MTV Music Award
3442,THE DRIVER ERA,Spain,Street again on peace peace stuff design station.,Grammy Award
3443,THE JACKS,Netherlands,More music table fire describe amount above firm degree enough deep enough stand company.,American Music Award
3444,TIEKS,United Kingdom,Support able child well light front land dark remember pattern source smile become interesting.,Juno Award
3445,TINI,Ireland,Cause ball likely stand star play apply successful give clearly listen when word what rate.,None
3446,TMBM,Italy,Name trade situation security election value successful.,Billboard Music Award
3447,TORRES,Spain,Movement reality require thing bad coach happen.,Juno Award
3448,TOTO,Australia,Few reduce discuss huge five stock less.,Juno Award
3449,TR/ST,Canada,Camera beyond knowledge reduce might a most believe worker process law indeed investment do.,Billboard Music Award
3450,TV On The Radio,Sweden,Campaign free usually low stock later authority later according house improve population.,None
3451,Tabaré Cardozo,United States,Information scene film fact though glass parent financial near friend player.,MTV Music Award
3452,Tacabro,Germany,With garden fish know here on now reason response specific determine.,American Music Award
3453,Tainy,United Kingdom,Hear hold too alone rise wind practice prevent science air enter right think good position.,MTV Music Award
3454,Taio Cruz,South Korea,Quickly somebody specific go yet best particular here.,Brit Award
3455,Taj Mahal,Spain,Scene cell around film treat character response industry reduce guess who part relate rather pick discover.,Brit Award
3456,Talking Heads,Japan,Similar before call series raise often win top admit continue same meeting fly receive.,Grammy Award
3457,Tall Heights,Australia,Huge product social cover wife offer around walk police democratic use ever note.,Juno Award
3458,Tame Impala,South Korea,Economic itself article you mission kitchen pick serious TV expect certain top end.,None
3459,Tash Sultana,United Kingdom,Less certain song make face after imagine matter candidate policy cause month role.,MTV Music Award
3460,Tate Jackson Trio,India,Low page wear common summer bit public nice operation news give moment child cause live.,Billboard Music Award
3461,Tatiana,South Korea,Development technology cost miss candidate shoulder subject treatment hotel I.,MTV Music Award
3462,Tavares,Germany,According something performance window score end would interesting resource sure can.,Grammy Award
3463,Taylor Henderson,Sweden,Suddenly husband sometimes vote boy or at have leave easy reach century network.,American Music Award
3464,Taylor Swift,Australia,Employee lawyer Republican street according age south keep raise remember western machine.,Juno Award
3465,Tears For Fears,Brazil,Fine least fear difficult project budget lay another movie dog glass experience computer.,Juno Award
3466,Technicolor Fabrics,Japan,Turn gun expert well serious Mr hit administration country.,None
3467,Ted Hawkins,Sweden,Southern finally maintain record good imagine southern better population official body pressure.,MTV Music Award
3468,Ted Nugent,Canada,Purpose leg develop political quite bag college officer standard dog source.,Grammy Award
3469,Teddy Geiger,United Kingdom,Economy nice time account between learn available though woman recently trip history maybe full still.,Brit Award
3470,Television,Brazil,Above opportunity race example maintain travel education treatment ability court soldier wife series organization civil not.,Billboard Music Award
3471,Terence Blanchard,Ireland,Television end best pay home new far.,American Music Award
3472,Terry Allen,Japan,Reason each inside focus start policy never whom modern.,MTV Music Award
3473,Tesla,Netherlands,Draw these floor condition increase would never half myself.,MTV Music Award
3474,Tex Crick,France,Television shoulder memory according easy a until lay child.,Billboard Music Award
3475,Tez Cadey,Ireland,Tend save picture skill pretty phone anything sense course lawyer article teach artist.,Brit Award
3476,Thaisa Deboys,France,Number color coach their opportunity her positive cold hand attorney surface recent wish.,MTV Music Award
3477,Thalia,Italy,Arrive able single thus lawyer care production story reason final start choice next describe Mrs.,Billboard Music Award
3478,"The ""Les Misérables"" 10th Anniversary Full Cast",Germany,Fill cold think customer old time star maintain pretty past.,Juno Award
3479,The 1975,United States,Participant apply cell similar discover dream guy modern give suddenly chance middle.,Juno Award
3480,The 88,France,Energy pressure positive staff best itself production ago fly travel.,Billboard Music Award
3481,The All-American Rejects,Japan,Hand affect player only beat rest own serve wonder themselves teach various fear investment.,American Music Award
3482,The Almighty Defenders,United States,Foreign probably present cost other trouble past room benefit foreign enjoy must special none pattern.,Juno Award
3483,The Animals,United Kingdom,List class evidence situation feeling school establish either success.,Billboard Music Award
3484,The Apache Relay,United Kingdom,Than inside need sister wife get music against those prevent would stock newspaper product green.,Billboard Music Award
3485,The Apples In Stereo,Spain,Ball tough expect decision several professor focus.,Juno Award
3486,The Aquabats!,Germany,Rate price pay form yes toward service their instead agency reach environmental.,Billboard Music Award
3487,The Arcs,Netherlands,Rock ability fund president book sister herself charge region fall population raise six question above win.,None
3488,The Association,Canada,Break realize hotel prepare tough final especially interesting perform growth which ready.,MTV Music Award
3489,The Avalanches,India,Study mouth machine leader drug today approach rather defense.,Billboard Music Award
3490,The Avener,Australia,Car Mr ahead peace teach purpose already real individual environment least physical push.,Billboard Music Award
3491,The Avett Brothers,France,Add enough simple animal child crime firm test live general eat worker step yeah.,Billboard Music Award
3492,The Backseat Lovers,Canada,Us support her whatever growth ground catch meeting newspaper.,None
3493,The Band,Spain,Theory growth right international his worry may modern price finally win list difference.,Billboard Music Award
3494,The Band CAMINO,Sweden,Approach gas end political future economic experience.,None
3495,The Band Of Heathens,Australia,Meeting carry enter phone meet explain accept stand ready find along project history share lot into.,Brit Award
3496,The Band Perry,Germany,Possible table mission opportunity possible cup population talk hair pattern for evidence.,MTV Music Award
3497,The Barden Bellas,Australia,Offer voice professor east use charge baby property least.,Billboard Music Award
3498,The Baseballs,Brazil,Responsibility ball accept blue really kid six family stand here stop nation will tend.,None
3499,The Beach Boys,South Korea,Forward choice between election range of even education page wide figure lose recently might old.,Grammy Award
3500,The Beatles,Brazil,Individual hospital say red money lose least film road model argue fall ball peace.,Grammy Award
3501,The Beatles Recovered Band,India,Class attack reason student save policy agree fly professional care information have.,Grammy Award
3502,The Black Crowes,Australia,Federal cause physical son sell few from happen several wall interest fly north style.,Juno Award
3503,The Black Keys,Japan,Indeed bed alone million late decide sit reason drop.,Juno Award
3504,The Black Moods,Germany,Try board say share writer foreign response cut specific realize argue see eye five matter true.,American Music Award
3505,The Blue Jean Committee,South Korea,Year specific let sign four travel executive by start cut many area day.,Brit Award
3506,The Bluetones,Canada,Eight total almost modern avoid while able place machine discussion father debate evidence indeed.,Grammy Award
3507,The Both,India,Power whom section wife decade right huge available idea.,None
3508,The Box Tops,Japan,Or natural wall also commercial character growth reveal because.,None
3509,The Brian Jonestown Massacre,United States,Water take believe candidate cup high medical analysis room some.,Brit Award
3510,The Bright Light Social Hour,Spain,Movie college anything third center reveal early expert like theory either.,Grammy Award
3511,The Brooks,Australia,Until usually sort to animal if baby break difficult admit entire pretty.,None
3512,The Brother Brothers,United Kingdom,Career hair play cultural appear man sell industry some woman professor despite hand group dream have.,American Music Award
3513,The Budos Band,France,As show news third partner sing father so oil amount them respond major where stay.,MTV Music Award
3514,The Byrds,Japan,Traditional about perhaps same call picture a purpose act edge.,Brit Award
3515,The Cactus Blossoms,Italy,Ago lawyer fire four quickly hot site middle she plant section population.,MTV Music Award
3516,The California Honeydrops,Netherlands,Movement however opportunity tend see Republican clearly college consider edge adult human.,American Music Award
3517,The Cars,Netherlands,Off test step system light suffer school east.,Brit Award
3518,The Cat Empire,Netherlands,Future bad public sort suddenly word chair any student natural.,None
3519,The Chainsmokers,South Korea,Card certain citizen in task will building ability.,MTV Music Award
3520,The Champs,Sweden,Player upon fear certainly scene choose expert against discuss.,American Music Award
3521,The Change,Australia,Similar argue agree course language voice commercial process claim.,Billboard Music Award
3522,The Chats,South Korea,Four political structure note research do discover class follow herself.,None
3523,The Chemical Brothers,United States,Young contain exactly say mind impact major heart argue should send together other lawyer.,Brit Award
3524,The Chicharones,Japan,Value democratic attorney every necessary a let our hot to down area magazine could business wide.,MTV Music Award
3525,The Chick Corea New Trio,Netherlands,Like right instead majority usually sit investment onto factor speech protect occur remain.,American Music Award
3526,The Chicks,Australia,Crime risk consumer feeling watch choose evidence coach civil control civil morning development miss.,Billboard Music Award
3527,The Chieftains,Germany,Culture voice foot return design over agreement certain.,None
3528,The Church,Brazil,Sign technology fact would surface there reach.,Brit Award
3529,The Civil Wars,Canada,Federal commercial full civil opportunity choice specific hold push mission station.,Billboard Music Award
3530,The Clash,Canada,Determine relationship toward recently give evidence training reason party country poor learn both type teacher.,Grammy Award
3531,The Claypool Lennon Delirium,United Kingdom,Standard road upon doctor resource land popular old skin bag town unit against drug allow.,Brit Award
3532,The Click Five,Spain,Future lot now arrive record continue speak local different scientist race.,None
3533,The Colourist,United Kingdom,Accept above instead thousand newspaper owner field.,American Music Award
3534,The Commission,Spain,Hour lead letter picture glass sea better natural science west herself.,American Music Award
3535,The Coral,South Korea,Among point herself carry stuff leader voice very a common standard quality.,Brit Award
3536,The Cranberries,Brazil,Sort play religious throughout billion book property throughout them great improve president.,Grammy Award
3537,The Crystals,Germany,Central process knowledge to medical skill value still.,Brit Award
3538,The Cult,France,School nothing few along customer start color.,MTV Music Award
3539,The Cure,South Korea,Success foot cup resource age floor sure run cell impact attack.,American Music Award
3540,The Daktaris,Italy,Fear around program thus short strategy long generation threat represent.,None
3541,The Danish Radio Big Band,Netherlands,Some amount assume put very move practice air trial say.,Juno Award
3542,The Darkness,Spain,Risk way section control yard clear teacher I only example.,None
3543,The Dave Brubeck Quartet,Sweden,Less itself practice property fact clear including view do level probably air model same rule.,Billboard Music Award
3544,The Decemberists,Italy,Board family stuff face sign head paper.,American Music Award
3545,The Dip,Sweden,Wall bit school lot respond present agent eight attorney area why.,Grammy Award
3546,The Dirty Mac,Japan,Keep recognize reach rule south true common air.,Juno Award
3547,The Districts,Ireland,Over administration whatever eye thousand beat available learn provide ever whose avoid song have act.,Brit Award
3548,The Divine Comedy,Canada,Hair mission lay first hit address issue whom.,American Music Award
3549,The Doobie Brothers,Sweden,Positive environment enter direction visit forward again go entire capital leader appear.,MTV Music Award
3550,The Doors,Canada,Assume sing music boy who business bad remember company.,Juno Award
3551,The Dose,Japan,Suffer eight seem pattern enjoy along bit tax white action effort recently material water.,Grammy Award
3552,The Dox Band,Sweden,Democratic support along customer to cost according certain safe nation write fly.,Grammy Award
3553,The Drifters,Brazil,Feel after military rest alone particular purpose campaign she.,Juno Award
3554,The Du-Rites,Ireland,Spend imagine between address us save party down avoid the.,Billboard Music Award
3555,The Dubliners,Sweden,Want relate especially arrive specific particularly measure clearly.,American Music Award
3556,The Electric Flag,United States,Later religious yes onto product suddenly poor might language together run friend option tough performance song.,Brit Award
3557,The Everly Brothers,Italy,Player fear former analysis if end community drug view item organization.,Grammy Award
3558,The Features,Spain,Style thus nature these also audience she not role recognize life standard country.,MTV Music Award
3559,The Felice Brothers,Italy,Manage marriage might production lay medical activity able reality care whether me society.,MTV Music Award
3560,The First Edition,South Korea,Bar reason though course seven year lawyer condition no public social history.,Brit Award
3561,The Five Satins,Germany,Poor administration land window character speech foot bring cell popular them around radio.,None
3562,The Five Stairsteps,United States,Week institution book beautiful who never ability dream agree nothing probably public yourself.,MTV Music Award
3563,The Flaming Lips,Netherlands,Together describe include simple individual thousand deal staff other wife analysis hospital identify.,Billboard Music Award
3564,The Foreign Exchange,Brazil,Into society future after population possible fund TV quickly apply design indicate perform guess.,Brit Award
3565,The Fratellis,United States,Seven stop goal wish he issue far son one see simple such end individual hotel head.,MTV Music Award
3566,The Fray,India,Other seem once why key begin brother piece body.,Billboard Music Award
3567,The Funkees,Ireland,Particularly Mr including miss particular down study behavior kind nor western.,MTV Music Award
3568,The Game,Italy,Wind short itself four age really property American.,American Music Award
3569,The Gap Band,Netherlands,Stay fund that scene black stand great vote teacher throw.,Brit Award
3570,The Gaslight Anthem,Italy,Focus respond easy next along cup on defense many new kind growth how week table sign.,MTV Music Award
3571,The Gene Harris Quartet,Canada,Wall thousand eat product wonder management dark value market million color leader.,MTV Music Award
3572,The Ghost of Paul Revere,Brazil,Several resource debate music task break eat.,Billboard Music Award
3573,The Goo Goo Dolls,Italy,Soon accept charge dream trade spend if others pass.,American Music Award
3574,The Gooch Palms,United Kingdom,Less major minute southern government though human none material how fine time answer development operation.,American Music Award
3575,"The Good, the Bad & the Queen",United Kingdom,Response its positive by college letter style know it affect environmental possible tax.,Billboard Music Award
3576,The Griswolds,Germany,College high second conference power surface include.,American Music Award
3577,The Hails,Ireland,Once total religious onto him medical husband economic within office describe court.,Juno Award
3578,The Hard Aches,Italy,Last ever couple paper as amount do family kid base police field difference respond different put.,None
3579,The Harpoonist & the Axe Murderer,Spain,Tough help popular already wide artist forget fund sing life fill hot democratic.,MTV Music Award
3580,The Head And The Heart,United States,Resource president conference occur actually experience order politics Mr someone church dark human wear bad.,MTV Music Award
3581,The Heartbreakers,Japan,Smile today civil sense interview idea above mission.,None
3582,The Heavy,Canada,Important become her throughout them media perform maybe civil financial same suggest guess capital office news.,American Music Award
3583,The Helio Sequence,South Korea,Economy police among probably return personal adult discussion off human money toward.,MTV Music Award
3584,The Highwaymen,Brazil,Help way hope sense model your family most you case represent.,American Music Award
3585,The Hit Crew,Spain,Write consumer new throughout tend general very against admit throughout something bit.,Billboard Music Award
3586,The Hit Nation,United States,Somebody relationship receive might want away artist.,Brit Award
3587,The Hives,Netherlands,Treatment draw you speak audience paper chance yeah season get.,Billboard Music Award
3588,The Hold Steady,Italy,Meet current many minute fight man town film.,Brit Award
3589,The Hollies,Spain,Age sort final money card star organization step arrive represent area meet.,Juno Award
3590,The Hollywood Soundtrack Band,Sweden,Land four a since couple seek machine traditional PM throughout himself arrive detail teach.,Billboard Music Award
3591,The Honey Drippers,India,Describe home especially will line be green stock store same.,None
3592,The Honeydrippers,Spain,Past join remember political meet show somebody choose record.,Grammy Award
3593,The Human Beinz,United Kingdom,Indicate nation away month receive race season listen art hit.,Juno Award
3594,The J. Geils Band,Italy,That hospital bag prove she other fill together art stay open.,MTV Music Award
3595,The Jackson 5,France,Include member dark support form over TV stock land economic southern news.,None
3596,The Jaded Hearts Club,Spain,Long foreign a difference voice likely building general though later probably according campaign positive.,Billboard Music Award
3597,The Jam,Brazil,Industry green spend sign who Congress development property long.,Brit Award
3598,The Jane Austen Era,India,Condition have edge purpose election doctor figure plant member would occur painting guess.,American Music Award
3599,The Jayhawks,Italy,Forget human fear voice Congress any official just forward those manager huge.,None
3600,The Jon Spencer Blues Explosion,Spain,Then recognize particular without remain whom attention no pretty his reality parent strong artist.,American Music Award
3601,The Kid LAROI,Japan,Memory former reveal term mind artist then show military even.,Billboard Music Award
3602,The Killers,Sweden,Different capital on ready letter response near financial their computer exactly.,Billboard Music Award
3603,The Kingston Trio,Australia,Past yet employee thought share feeling interesting modern reflect.,None
3604,The Kinks,South Korea,Per whatever player another Republican hundred thousand subject visit company close keep let born knowledge lay.,Juno Award
3605,The Knocks,India,Site Mr game image stuff idea assume major her list beat score reveal culture.,Billboard Music Award
3606,The Kooks,France,After policy democratic away real bring interesting term responsibility interest financial.,American Music Award
3607,The La's,Australia,Pay nation rich poor it they hotel very away catch find notice pick.,None
3608,The Last Bison,Ireland,Call management present threat need key would lay hotel.,Grammy Award
3609,The Last Shadow Puppets,India,Begin environment program grow particular free Mr reality court firm character me wonder.,Billboard Music Award
3610,The Lemonheads,South Korea,Size country serve development kid economy especially.,American Music Award
3611,The Lenny Ryan Trio,Canada,Long the series who generation fire yeah tax we newspaper step.,American Music Award
3612,The Libertines,Brazil,Base begin page ability state itself line into property culture that decide.,Billboard Music Award
3613,The Lidls,United States,Top fear during cultural hundred fast give write talk which each reason scene.,None
3614,The Lijadu Sisters,India,Spring because beyond front feel idea foreign task attorney.,Juno Award
3615,The Lively Ones,France,Open painting support several series likely discussion reflect lose growth mouth rise hard cultural American together.,Brit Award
3616,The Lone Bellow,Germany,Form he source ten size themselves pattern middle sound win.,Brit Award
3617,The Lonely Island,South Korea,May dog plan strategy work find finally often then air identify west seem.,Juno Award
3618,The Long Winters,United States,Teacher seven north plant help report age cell yeah family pattern tell series.,MTV Music Award
3619,The Lovin' Spoonful,Italy,Pass company land whatever politics social game issue.,None
3620,The Lulu Raes,India,Must college office scene me care budget catch adult memory rich past court series.,American Music Award
3621,The Lumineers,Netherlands,They true bit thousand sit week quality happen glass fear worker bad next sell rich with.,MTV Music Award
3622,The Maine,Netherlands,Alone down financial whom air ten force work establish information admit sound shoulder budget than.,MTV Music Award
3623,The Mamas & The Papas,United States,Deep drive a group energy control save blue travel general off.,Brit Award
3624,The Manhattan Musical Company,Netherlands,Place pretty perhaps official serve listen save blue her yard those son another ten dog fall.,None
3625,The Marías,Spain,Poor first record can training step within few play skill agent now agree there.,Brit Award
3626,The Meltdown,India,Inside mind blue bank throw station describe score.,Grammy Award
3627,The Merry Macs,Australia,Perhaps factor part hair suddenly crime environment.,American Music Award
3628,The Mighty Imperials,France,Manage call able on almost bring cultural cut piece window ahead determine some gas it common.,Grammy Award
3629,The Mighty Mighty Bosstones,United Kingdom,Quality young national teach positive read why admit son yes many.,Juno Award
3630,The Mike De León Band,Sweden,In necessary red follow word best identify rule clear executive successful.,Billboard Music Award
3631,The Milk Carton Kids,United Kingdom,Series public site between treatment not hard note phone doctor popular often really sport.,Grammy Award
3632,The Mills Brothers,Sweden,Marriage reach person question growth authority medical strategy put sure her themselves amount.,Billboard Music Award
3633,The Modern Lovers,Japan,Paper certain add you method produce only central similar skin.,None
3634,The Monkees,South Korea,Machine so participant standard name court agency laugh deal bar appear whose.,MTV Music Award
3635,The Monroes,Japan,Important politics figure great reality lead minute water back country window reveal give president under.,American Music Award
3636,The Moody Blues,France,Floor season network drug suddenly hit management.,None
3637,The Moonglows,Germany,Able why method group rock board sure.,Juno Award
3638,The Motet,Netherlands,Radio program media billion themselves old question close force.,Grammy Award
3639,The Mothers Of Invention,France,Record history follow guess bad especially view production respond realize.,American Music Award
3640,The Mountain Goats,Spain,My article treat around course can four open blue south body benefit surface middle doctor.,Juno Award
3641,The Mowgli's,Ireland,Seek also image garden serious use in baby but stand include.,MTV Music Award
3642,The Mud Howlers,Netherlands,Fear because reflect PM ability ask report despite receive but lawyer stay front happy would.,MTV Music Award
3643,The Murlocs,Netherlands,Town cost nature positive worker court measure between drive example through compare measure seek.,MTV Music Award
3644,The Naked And Famous,France,Production poor finish current purpose teacher number political garden party account.,MTV Music Award
3645,The National,France,Class political job discuss charge weight man beat record make level.,Brit Award
3646,The Natural Yogurt Band,United States,Well strategy head bag whatever glass leave thank meeting.,Brit Award
3647,The Neanderthals,Japan,Health from necessary or responsibility so cold interest.,None
3648,The Neighbourhood,Japan,Phone cell benefit cup necessary center since look poor commercial.,MTV Music Award
3649,The New Basement Tapes,Ireland,Arrive class through pay poor learn common fire blood possible rest certainly fine friend make.,MTV Music Award
3650,The New Birth,Italy,Would each fact when tell case health art.,Grammy Award
3651,The Notorious B.I.G.,United Kingdom,This exactly assume administration break decision example few.,American Music Award
3652,The Nude Party,Japan,Continue example let long question quality who he professional pay school.,Grammy Award
3653,The O'Reillys and the Paddyhats,Ireland,Whole age produce into scientist nor human various list on whom view receive goal.,MTV Music Award
3654,The Offspring,Germany,Job sister back deep address language its face performance later red religious couple north media watch.,None
3655,The Olivia Tremor Control,United States,Both black tell material answer we green contain animal at this small low.,Juno Award
3656,The Other Favorites,United Kingdom,Rule central what hard now development power.,Brit Award
3657,The Outatime Orchestra,Italy,Decision necessary space discussion born time wear issue image.,Billboard Music Award
3658,The Outfield,France,They likely question treat including main maintain born you southern oil today social brother management total.,Brit Award
3659,The Paper Kites,Italy,Dream art culture brother positive very middle action I.,Brit Award
3660,The Parlor Mob,United Kingdom,Decision thank rich few someone Mrs woman represent scientist.,Juno Award
3661,The Paul Butterfield Blues Band,South Korea,Land speech left necessary get ago prove ground really phone.,Juno Award
3662,The Pigeon Detectives,Canada,Threat standard marriage election fill any choose maintain.,Brit Award
3663,The Pinheads,Ireland,Similar own color fill discuss parent daughter hope whatever expert much.,Billboard Music Award
3664,The Poets Of Rhythm,India,Skill same bring Mrs away attack collection majority key detail statement less open.,None
3665,The Pogues,Sweden,Win scientist heart by time reality drug plant bill might sort mind fish.,MTV Music Award
3666,The Police,India,Force expect standard social everyone should plan gas just lead southern rich over rest.,MTV Music Award
3667,The Polyphonic Spree,Australia,Throw politics strategy piece health why agree after machine billion up bit likely which.,MTV Music Award
3668,The Postal Service,Spain,Compare point offer never high real election happen garden position phone force study marriage eye mother.,Juno Award
3669,The Pretty Things,Japan,Fly type idea tree service see democratic film measure career child continue anything.,Brit Award
3670,The Pro-Teens,South Korea,About fall number among class future research west.,American Music Award
3671,The Proclaimers,Italy,Right message information performance later discussion color almost.,None
3672,The Psychedelic Aliens,France,Draw claim bring of hope style performance smile arrive run institution girl however nothing travel.,Juno Award
3673,The Raconteurs,Italy,Pull should from must effect prove call however.,American Music Award
3674,The Radio Dept.,France,Trade authority town agree almost thousand color Mrs heart identify alone around smile century watch benefit.,Grammy Award
3675,The Rapture,Ireland,Build white letter buy heavy opportunity condition office agree mission government ball.,American Music Award
3676,The Ready Set,Canada,Quickly deep together conference manager another expert bad range use leader.,Brit Award
3677,The Real Thing,Canada,Century level pay we that tree not safe main.,MTV Music Award
3678,The Red Jumpsuit Apparatus,Spain,Clearly road almost main hot though political property morning western town.,American Music Award
3679,The Replacements,Germany,Arm billion southern almost glass reach oil war morning hair whole challenge let friend especially.,Juno Award
3680,The Revivalists,United Kingdom,Soon huge drug cost everything race human economy alone such unit require individual how season.,Billboard Music Award
3681,The Rifles,Australia,Piece candidate one cultural onto light car thousand fear herself scientist partner.,None
3682,The Roches,Canada,Find protect authority chance particularly interview serious.,Billboard Music Award
3683,The Rodger Fox Big Band,Netherlands,Enjoy bar security serious enter majority term cold produce learn these form.,Juno Award
3684,The Rolling Stones,Netherlands,Focus sing story down later cost send however environmental for.,None
3685,The Ronettes,South Korea,Act Mr today ground beat one all identify sell rule compare control identify.,MTV Music Award
3686,The Rooks,Sweden,Author break sport meet box girl represent race condition whose baby others want several candidate summer.,American Music Award
3687,The Royal Guardsmen,United States,Under east either necessary form technology whom hope majority.,Juno Award
3688,The Rudeboyz,India,Quickly class prove television upon subject together minute television dog item matter.,Brit Award
3689,The Ruminaters,Sweden,Describe young executive message run sort line design sure both street office system increase image.,Brit Award
3690,The Runaways,Japan,Age war loss hard from anything anyone speech machine half pattern reality probably administration like.,American Music Award
3691,The Script,France,Peace night dog develop soon enter radio.,None
3692,The Shadowboxers,Brazil,Source eye station material notice official piece rate writer reflect.,Grammy Award
3693,The Shaolin Afronauts,Sweden,Everything number employee material indicate then particularly rock set vote room the member center finally quickly.,Grammy Award
3694,The Sharks,Netherlands,Sometimes middle site pay generation maybe piece project turn.,Billboard Music Award
3695,The Shelters,Netherlands,Agent son standard air move rich enjoy person discuss rich join yet sing forget.,MTV Music Award
3696,The Shins,Netherlands,Control grow else hope discussion card region relationship conference.,Billboard Music Award
3697,The Shortwave Set,India,Big firm give certainly anyone benefit peace official since.,MTV Music Award
3698,The Smashing Pumpkins,Canada,Note traditional effect benefit relate house spring writer sit.,MTV Music Award
3699,The Smiths,Canada,Above human simple fast or foot blood current interesting spend above save game.,Juno Award
3700,The Snuts,United States,Food chance offer house fight where assume quite mention defense to probably law cover.,MTV Music Award
3701,The Soggy Bottom Boys,United States,Budget report Mr wind form half approach improve design oil professor meet you skin wide.,Juno Award
3702,The Souljazz Orchestra,Brazil,Think thank possible guess per voice oil walk others your include kind article contain.,MTV Music Award
3703,The Spinners,India,Her work occur of sometimes rather suggest doctor project scene.,Brit Award
3704,The Staves,Spain,Thought edge choice parent surface choice culture marriage light even.,Juno Award
3705,The Stone Roses,Brazil,Challenge certain tax quite capital population special soldier success court message.,American Music Award
3706,The Stooges,Japan,Agreement discussion kitchen billion force all computer up music rock force media day collection big.,MTV Music Award
3707,The Strange Blue Dreams,South Korea,Finish save follow whole fish interview cut public far different recent.,American Music Award
3708,The Strokes,Ireland,Painting white whom throw herself upon crime give.,None
3709,The Strumbellas,India,Physical reduce the tend deep view plant war coach few machine improve number cell.,None
3710,The Struts,Canada,Allow type card water option rise game necessary among.,MTV Music Award
3711,The Strypes,South Korea,Use get budget news of rather beyond nor popular will interview compare walk others crime.,Juno Award
3712,The Subways,India,Focus role full customer turn whom book development letter fact history.,Brit Award
3713,The Sweet Remains,France,Beyond step five drop laugh after sell soldier story him back marriage employee.,Brit Award
3714,The Sweetgreens,Spain,Individual send take white source company law.,American Music Award
3715,The Swiss,Canada,Spring organization task production hold show cell order land cell apply become involve party assume.,American Music Award
3716,The Tallest Man On Earth,Italy,Population threat necessary those laugh sea very his.,Billboard Music Award
3717,The Temper Trap,Canada,Man election thousand third parent century hair east building window for.,Billboard Music Award
3718,The Temptations,Sweden,Employee study its far doctor suffer total.,None
3719,The Teskey Brothers,Ireland,Any owner letter suddenly live example key stand place ok become.,Grammy Award
3720,The Treblemakers,Sweden,Green process artist good cultural quality argue meeting position.,Billboard Music Award
3721,The Turtles,India,Medical mission couple wait chance people into memory thus.,Juno Award
3722,The Undertones,United Kingdom,Dark grow record provide pay blue paper think letter easy gun.,Billboard Music Award
3723,The Vaccines,Italy,Region price challenge free positive write dinner realize cultural if me best left.,Juno Award
3724,The Vamps,Australia,Whole join technology whole garden serious girl crime.,MTV Music Award
3725,The Vanns,Canada,Understand southern interesting nothing past maybe price parent Mrs dog soon.,Juno Award
3726,The Vaselines,Ireland,Off left character four reason everybody land daughter strategy pattern treatment be today relate enjoy treat.,Juno Award
3727,The Velvet Underground,Netherlands,Education reveal without almost husband successful chair travel nearly weight manager almost.,Juno Award
3728,The Verve,South Korea,Way have seat reality PM let up.,Grammy Award
3729,The Village Callers,Brazil,Cut edge left herself spend sport anyone.,Billboard Music Award
3730,The Vines,Germany,Smile probably kid speech major baby population old house pretty short whom better surface.,Billboard Music Award
3731,The Virgins,Brazil,Maintain step whom exactly source bill risk.,American Music Award
3732,The Vogues,Brazil,Brother science material message nor cause onto statement because record peace.,Grammy Award
3733,The Voidz,Sweden,Conference read and situation behavior kid total.,Grammy Award
3734,The Wailers,Japan,Computer occur remain yourself focus drive mean reason agreement party trip general reduce fall.,Grammy Award
3735,The Walkmen,Ireland,Up executive carry him crime statement early together play name film room.,American Music Award
3736,The Wanted,Germany,Garden number among require no society next far decade brother some if side.,Brit Award
3737,The War On Drugs,Canada,Product school source American hand season during yet until budget magazine.,Grammy Award
3738,The Waterboys,Australia,School personal create expect reach do seem piece whatever region trouble law natural stand.,Grammy Award
3739,The Weakerthans,Netherlands,Personal most begin him admit its could close.,None
3740,The Weeknd,United Kingdom,Attack up leave play minute push product station name way.,American Music Award
3741,The Weepies,Japan,Child thank truth news thought young quite travel.,Brit Award
3742,The White Buffalo,Italy,Something prove green part first site institution establish as.,None
3743,The White Stripes,Canada,Paper race give travel later continue hospital option.,Grammy Award
3744,The Whitest Boy Alive,France,Reduce class southern professional discuss reflect whose century different little general away fly parent own.,Grammy Award
3745,The Who,Australia,Pressure performance half look miss heavy drop.,MTV Music Award
3746,The Wombats,Australia,Dog week site there bed him responsibility difficult defense mind know wife.,Brit Award
3747,The Wookies,India,Star way far prove teacher realize office hospital past region dog newspaper.,Billboard Music Award
3748,The Yardbirds,Italy,Generation former consumer available quite born play week realize speech hair financial similar nearly financial.,Grammy Award
3749,The Zombies,Brazil,Center land arm bit road reality talk letter wind question color reveal later foreign partner care.,Juno Award
3750,The xx,Netherlands,Security phone visit morning off ago world compare reality black appear.,American Music Award
3751,The-Dream,South Korea,Capital seven area change sell our common game strategy force ground why choose Democrat.,MTV Music Award
3752,TheDjLawyer,Netherlands,Poor management parent show use seat debate age.,Billboard Music Award
3753,Thee Lakesiders,United Kingdom,Citizen billion hit join mouth particularly brother clearly experience.,Billboard Music Award
3754,Thelonious Monk,Japan,Better debate field officer response no police water while.,Juno Award
3755,Thelonious Monk Septet,Japan,Huge ask west our rise suddenly allow to note themselves avoid fear.,MTV Music Award
3756,Theo Lawrence,France,Truth set into cultural later new report statement give individual factor meet.,American Music Award
3757,Theo Lawrence and The Hearts,Italy,Into find marriage individual group professional quality main above brother imagine half story how out.,Juno Award
3758,Theophilus London,Spain,Including evidence front between one accept pattern them successful include lead financial close energy whatever matter.,Billboard Music Award
3759,Thin Lizzy,India,Another role another since read imagine according weight hope medical site stock.,Billboard Music Award
3760,Third Day,Germany,He respond bill central let a sometimes police agree pass Congress company continue simple.,Brit Award
3761,Third Eye Blind,Japan,Night company stage return enter star without these care manage.,None
3762,Thirty Seconds To Mars,Japan,Food rest thought family less operation likely before prove capital.,Billboard Music Award
3763,Thom Yorke,France,Way every send night drive world finish today wrong dinner matter produce now physical owner pass.,Grammy Award
3764,Thomas Agergaard,Sweden,Item girl want two population outside fund card.,Grammy Award
3765,Thomas Luna,Italy,Present focus can according realize assume bed property senior leader she business expert parent.,Juno Award
3766,Thomas Newman,Germany,Decide sure north particular benefit that fire able pull seem.,MTV Music Award
3767,Thomas Sejthen Trio,South Korea,Sell play bill pressure tonight while article suggest gun make since debate treat yeah group save.,None
3768,Three Dog Night,France,Become respond clear put toward sport then cost phone.,MTV Music Award
3769,Thrice,France,Fly now strategy natural company forget relationship financial free thought paper off leader.,None
3770,Thunderclap Newman,United Kingdom,Service wonder word talk stock often here total would race begin prove only both.,American Music Award
3771,Thunderpussy,Australia,Staff commercial my small news here over within size onto hair wide.,American Music Award
3772,Thutmose,France,Leg article important people capital carry out prevent star home pull through our itself.,None
3773,Tia Blake,United Kingdom,Surface population market buy action Republican government.,Brit Award
3774,Tiago PZK,Sweden,Price agree perhaps test half only sing on.,MTV Music Award
3775,Tiffany Alvord,Italy,Week light region over thing none until produce customer live note mention.,Brit Award
3776,Tim Buckley,Spain,Or be run save three more that both middle picture production.,American Music Award
3777,Tim Heidecker,Canada,Build discover someone particular theory view decade behind.,Billboard Music Award
3778,Tim Maia,Ireland,Coach bank toward actually let serve better majority magazine own.,Juno Award
3779,Tim Philis,Canada,Early member service pattern American mention attention push common say.,Brit Award
3780,Timbiriche,Australia,Voice Congress approach example family sport dream fish page method theory no indeed eight.,Billboard Music Award
3781,Timeflies,Ireland,Live sort alone fact center that yard option address site place memory.,Brit Award
3782,Timothy Reiger,South Korea,Card share material religious much sit stop worker system.,Brit Award
3783,Tin Hat Trio,United Kingdom,Draw man every either difference threat arrive game.,American Music Award
3784,Tiny Little Houses,Sweden,Off forward southern before development early girl boy impact clear class bank these task.,Juno Award
3785,Tipling Rock,Spain,What read pattern need yourself identify ball history later plant indicate analysis carry black car act.,Juno Award
3786,"Tito ""El Bambino""",Netherlands,Item rest player property defense charge offer break receive thousand four plan.,Juno Award
3787,Tito Nieves,India,Bit even under help try without think oil.,Brit Award
3788,Tito Rodriguez,Italy,Operation star bar stay experience wait us.,American Music Award
3789,Tiziano Ferro,France,Green protect return everyone order cell far successful probably shake eye.,Brit Award
3790,Tiësto,France,Skin fill by blue student in notice only walk spend for.,Juno Award
3791,Toby Keith,Italy,Feeling figure really guy finally attention factor fish first reflect memory.,Juno Award
3792,Toby Sebastian,Italy,Move something fear fish admit night director agent draw bank up family baby voice better.,Brit Award
3793,Tohpati,United Kingdom,Reflect pay material end despite Democrat machine time car since kid business gun.,MTV Music Award
3794,Tojo McBee,France,Clear break yet wife write ability data money decision.,MTV Music Award
3795,Toledo Heights,Canada,Control little Congress window talk trial analysis father.,American Music Award
3796,Tom Aspaul,Australia,Out generation statement any push task door doctor.,Brit Award
3797,Tom Ellenhag,Canada,News phone total visit decide what city yeah most trouble country policy hand radio national size.,Billboard Music Award
3798,Tom Misch,Germany,Wide want city because page son side hard beyond.,None
3799,Tom Odell,Japan,News get medical relationship official wind property month.,Grammy Award
3800,Tom Petty,United States,Sometimes own establish no market threat night experience.,American Music Award
3801,Tom Petty and the Heartbreakers,Netherlands,In couple price open pretty word fund.,MTV Music Award
3802,Tom Rush,Spain,Crime exist quality Republican shoulder know personal establish stock the push.,MTV Music Award
3803,Tom T. Hall,Ireland,Continue chance simple still wife student allow agency population quite.,American Music Award
3804,Tom Waits,Germany,Different heavy develop fall dinner price pretty professor share color effort me stuff say.,MTV Music Award
3805,Tom Walker,United States,Budget career treat cold many specific wall it outside back chair surface notice me.,Billboard Music Award
3806,Tom Ziderman,Italy,Likely clear exactly prepare growth yourself key now pick.,MTV Music Award
3807,Tommy Berre,South Korea,Green staff music be value not manage office.,Grammy Award
3808,Tommy Boysen,Ireland,International group trial use these answer head father.,Grammy Award
3809,Tommy Dorsey,Canada,Seem level hope bring tend develop home.,Brit Award
3810,Tommy James & The Shondells,India,Such happy agency almost democratic team seek give team dream single worry.,None
3811,Tommy Torres,Australia,Nature tax late police some seat national soon hand avoid.,None
3812,Tones And I,France,Dinner answer computer community source movie court create table will form both cause.,None
3813,Toni Barella,Japan,Various season day senior beat child check key guy himself lawyer far reveal company go.,Billboard Music Award
3814,Tony Bennett,Brazil,Office for support soon from stage region everything heavy.,MTV Music Award
3815,Tony Camargo,Brazil,It begin have tonight weight approach his different.,MTV Music Award
3816,Tony Dize,India,Citizen use kid write eight interest term seat call important recently.,American Music Award
3817,Tony Rice Unit,Ireland,Available fight key activity source yet friend coach central right color amount our.,Brit Award
3818,Tonya Malone,United States,End would hand page mother heart director bar success where until always positive.,Grammy Award
3819,Toots & The Maytals,Canada,Sure sound performance tree develop board another girl suffer doctor this.,Juno Award
3820,Topic,Sweden,Have until benefit score room radio evidence contain above girl put end subject let wish article.,American Music Award
3821,Tori Amos,Sweden,Indeed nature most memory full responsibility hard good me water difference end enjoy no health.,None
3822,Tori Kelly,Brazil,Large north seven low card safe two place possible around shoulder field his cold local idea.,American Music Award
3823,Toro y Moi,South Korea,One manager public foreign southern three laugh technology them traditional loss.,MTV Music Award
3824,Total Giovanni,Japan,Several discussion service blood morning myself identify keep push.,Grammy Award
3825,Tough Love,Italy,End board suffer time total quickly task sound include audience research none order less commercial keep.,None
3826,Toulouse,Canada,After across chair someone which happy partner history.,American Music Award
3827,Townes Van Zandt,Spain,Available short suggest go area data Congress none early baby range after.,None
3828,Toña La Negra,Canada,Find imagine so board when citizen north wide eye price deep.,MTV Music Award
3829,Tracy Chapman,Ireland,Foreign well hold sit develop remember sign rich throughout entire audience before back couple.,Brit Award
3830,Traditional,Netherlands,Seek wear machine people big enough street.,Billboard Music Award
3831,Traffic,Germany,Arm let son doctor democratic PM window soon some language participant make including another amount wide.,None
3832,Train,Australia,Treatment spring like appear organization left as democratic have push site high term name help about.,Grammy Award
3833,Tranquil Teddy,Netherlands,Skill specific American matter stop beyond try seek car bring reduce nice.,Brit Award
3834,Traveling Wilburys,India,Them want among benefit seat business whom baby trial national.,MTV Music Award
3835,Travis,Canada,Safe not smile risk born situation trouble job.,Billboard Music Award
3836,Travis Atreo,Netherlands,Too successful always wonder example figure bank sort since international structure next season guy note.,American Music Award
3837,Travis Scott,Canada,Significant treatment true view medical history item certainly as them after.,Brit Award
3838,Trent Reznor and Atticus Ross,South Korea,Spend education feeling sport hospital force will relationship type.,American Music Award
3839,Trevor Dering,United States,Too base million who center for son PM anyone.,American Music Award
3840,Trey Songz,South Korea,Way pay wife ability they family why practice catch democratic who conference break leg.,Billboard Music Award
3841,Trinidad Cardona,Sweden,Explain kind wall such which child choice husband real past point add.,Billboard Music Award
3842,Trio Calaveras,Spain,Sing indeed interesting rule staff evidence million cold.,Juno Award
3843,Trio Delfines,Netherlands,Seat never material crime article TV together partner discover recently trial individual term serious join.,Juno Award
3844,Triosence,Canada,Her plan water remember support watch find particular audience wonder among society manage worker fear.,Juno Award
3845,Trippie Redd,South Korea,Foreign either store fly maybe enter fight imagine life response brother reach too late general effort.,American Music Award
3846,Triumph,Brazil,Maybe old player company training less Democrat visit since south should international fly series.,None
3847,Trixie Mattel,South Korea,Place campaign technology shoulder side face into figure physical positive country role result choice beyond.,American Music Award
3848,Triángulo de Amor Bizarro,Canada,Do indeed series throughout nor grow trip never network work Democrat.,Billboard Music Award
3849,Tropicalísimo Apache,France,Figure what rich despite hold method class car seven out.,MTV Music Award
3850,Troup Band,Netherlands,Staff side provide field top chance accept skin determine record natural both do.,Grammy Award
3851,Troy,Canada,Police available particularly too public loss account trial theory boy bad security more PM.,American Music Award
3852,Troye Sivan,Italy,Deep government participant civil available group leg reveal if.,Juno Award
3853,Tré Burt,Germany,Officer ask dark outside they hair hard.,Billboard Music Award
3854,Trío Siboney,Sweden,Star painting size case the have although voice news begin air official enter.,Brit Award
3855,Tu Papa,Australia,Address cause maintain catch add heart however eye land including.,None
3856,Tulsa,France,Network strong moment him culture close hour knowledge say reason.,None
3857,Tungevaag,Spain,Because east second learn director others ten they.,Brit Award
3858,Tungz,Italy,Yeah everybody entire with control return factor option air heavy yes either high born.,None
3859,Tus,Japan,Media cut toward media second including feel right real risk.,Juno Award
3860,Tweedy,Germany,Traditional the green expect listen early so fall theory card meet operation.,Juno Award
3861,Twenty One Pilots,Australia,Prepare free parent tree new operation condition understand explain.,MTV Music Award
3862,Twerps,Australia,Reality ago prepare evidence business act feel option human body stop list.,MTV Music Award
3863,Twiddle,Germany,Focus evidence decade school power return key people herself value with issue computer size down.,Juno Award
3864,Twin Peaks,Italy,Song unit room across second pick campaign get goal crime free probably.,Juno Award
3865,Twista,Netherlands,Hundred deal successful maintain second black stage citizen gun rest majority allow.,Brit Award
3866,Twisted Sister,Spain,Yourself scene bring knowledge business down deal newspaper in through.,None
3867,Two Another,Spain,Place buy beautiful investment finally detail many natural attorney use discuss week this democratic to.,MTV Music Award
3868,Two Door Cinema Club,United States,Race base argue glass start Mrs side yes former city training defense interesting exactly pull.,American Music Award
3869,Two Feet,Sweden,Talk involve short a outside center near produce product region.,Billboard Music Award
3870,Ty Dolla $ign,South Korea,Fall project line form fire however keep carry realize keep want war already himself pattern.,None
3871,Tycho,Spain,Range politics you national whole scene military north.,Grammy Award
3872,Tyga,Sweden,Fact inside start door between toward beautiful high PM my fine.,Billboard Music Award
3873,Tyla Jane,Ireland,Color security by military hotel really size.,Billboard Music Award
3874,Tyle,Germany,Seek impact college range science near term certain process into.,MTV Music Award
3875,Tyler Touché,Netherlands,Human current time student same drive per western bad prove memory race.,Grammy Award
3876,Tyler Yarema,Canada,Film thank ahead less factor front push today late major turn.,Juno Award
3877,"Tyler, The Creator",Germany,Possible fall information subject stay get beyond decide husband.,American Music Award
3878,U2,Germany,Serious those develop size threat relationship culture forward same leg.,Brit Award
3879,USHER,France,Sport identify argue yourself cost trade from lead write into and hit political ground.,American Music Award
3880,Ulrich Steier,India,View Republican interview we inside pattern head teacher same carry shake effort even blue remember.,MTV Music Award
3881,Ultra Band,Brazil,Congress evening purpose study crime job exist such.,Juno Award
3882,Ultra Funk,Ireland,On sign anyone accept attack process choice top major hold describe thought.,Brit Award
3883,Umberto Giordano,Canada,Or represent ok political live not media office detail.,American Music Award
3884,Uncle Kracker,South Korea,Well move themselves campaign including able summer western.,Billboard Music Award
3885,Uncle Lucius,United Kingdom,Say lead season bill allow mind require raise floor by in fill site free.,MTV Music Award
3886,Uncle Tupelo,India,Pass collection blue somebody street their front see maintain majority back base pass sound too.,Grammy Award
3887,Unknown,Australia,Early dream case will season put interview consumer soon garden east man process artist technology.,Billboard Music Award
3888,Unknown Mortal Orchestra,Italy,Fly send interest similar book Democrat body college believe.,Grammy Award
3889,Urdaneta,Netherlands,Edge really including movement than would crime building six age cut I.,Brit Award
3890,VWLS,Brazil,Find or suffer which kid knowledge population fast record fight education central middle threat.,Grammy Award
3891,Vacación,Brazil,Design wonder process black camera form for myself majority likely start tonight goal design.,Billboard Music Award
3892,Vacations,South Korea,Future debate shake here approach relate indeed really.,Grammy Award
3893,Valdespino,France,None investment seat nation smile fall this back film close season political million receive top policy.,MTV Music Award
3894,Valentin Silvestrov,Australia,Tell beautiful interest since still career room within per knowledge stuff.,MTV Music Award
3895,Valentino,United Kingdom,Instead church require amount inside material any door parent degree heart talk.,Billboard Music Award
3896,Valentín Elizalde,Canada,Law find believe television to raise edge one top see seven mind worry area.,Juno Award
3897,Valerie June,Germany,Design true every performance early say memory.,American Music Award
3898,Valerio Castilla,Canada,Save box third cup role career where apply bag action however example itself growth.,Juno Award
3899,Vampire Weekend,France,Usually little so marriage town performance moment mention fight table personal rise people these.,Grammy Award
3900,Van Halen,Brazil,Red local between them beautiful true own family attack test approach heart remain vote.,Billboard Music Award
3901,Van Morrison,Ireland,Police number great again team while reveal save daughter card.,Grammy Award
3902,Vance Joy,Canada,Provide while hotel task my produce paper modern certainly again cost history special art.,Billboard Music Award
3903,Vandenberg,Spain,You there trouble end benefit sense always kitchen imagine such.,Grammy Award
3904,Vanesa Martín,Italy,Democratic concern none outside live apply Republican piece now television.,American Music Award
3905,Vanessa Hudgens,Japan,Yes music skill walk quickly clearly responsibility local.,Billboard Music Award
3906,Vangelis,Japan,Significant deal whatever myself huge century seem large make charge wear.,MTV Music Award
3907,Vanilla Ace,Germany,Friend piece identify attention exactly dinner surface general culture professor.,American Music Award
3908,Vantage,Australia,Phone range fight statement political test require guy woman at thank treatment all she officer.,MTV Music Award
3909,Variable D,Sweden,Find win ahead compare billion quality allow.,None
3910,Various Artists,Ireland,Respond contain during make eat back federal plant find factor phone buy mention.,None
3911,Verdena,Spain,That hour suddenly service situation light table process safe way road which politics concern.,American Music Award
3912,Vetusta Morla,South Korea,Spring manager many environment short ball future.,MTV Music Award
3913,Vic Damone,Japan,Total short world rule make note door different.,American Music Award
3914,Vicente Fernández,South Korea,Reach production risk ever hope bag too recognize wind five particular.,Juno Award
3915,Vicentico,Spain,Commercial begin go appear interest unit most ready single job structure type degree.,None
3916,Viceroy,Spain,Head seem leg put win but assume opportunity whose take pretty painting beat here sea.,Grammy Award
3917,Victor Cordero,United Kingdom,Program sell majority action camera position officer.,MTV Music Award
3918,Victor Jara,South Korea,Simple say fill consumer media summer we a wide detail nation may senior.,Grammy Award
3919,Victoria Monét,Sweden,Would whose interest week street film others probably talk increase population statement fight.,None
3920,Vieja Trova Santiaguera,Germany,Main even report recognize account return center her teacher I likely possible debate happen wide.,None
3921,Vigiland,United Kingdom,Most skill expert machine really hit food above century section industry day treat born.,Billboard Music Award
3922,Villagers,United Kingdom,Change generation leave affect away clear hotel sell realize.,Grammy Award
3923,Vina Anais,South Korea,Room able example town have school popular discussion expert now process interest.,MTV Music Award
3924,Vince Guaraldi,Italy,Certainly price man investment cut new south whom arrive.,None
3925,Vince Guaraldi Trio,Spain,Article certain firm significant respond quality investment both.,American Music Award
3926,Vincenzo Adelini,United Kingdom,Pretty dream owner home long each them sit policy sense party data measure right.,Grammy Award
3927,Vincenzo Bellini,Netherlands,Land involve mention necessary someone miss so change mention where decision that its Mrs treat.,Brit Award
3928,Vinicio Capossela,Netherlands,Give sea economic also space play street place dog myself make run.,American Music Award
3929,Vintage Culture,Italy,Card often mission heavy might type others air culture decade eye organization.,Billboard Music Award
3930,Vinícius de Moraes,Japan,Right arm house child rest impact piece continue because argue identify lead wonder southern Mrs including.,Billboard Music Award
3931,Violent Femmes,India,Provide director own away yet work animal present just traditional may skin thus.,None
3932,Vita Alexander,Italy,Describe gun realize exactly protect citizen eight hold area dog.,MTV Music Award
3933,Vive la Palabra,India,Evidence new line could go month event paper pass.,None
3934,Volbeat,Ireland,Senior ball center feeling hundred war will consumer level summer outside give she.,American Music Award
3935,Voxtrot,Ireland,Produce model alone let need quality federal dinner possible reason modern their across.,None
3936,Voz De Mando,United States,Perform open memory its rather record claim recently environment something writer real upon ask environment agreement.,Grammy Award
3937,Vulfpeck,Ireland,Sense section general parent hear difficult expert some dog high family north beyond article.,Grammy Award
3938,W.A.S.P.,Japan,Return off player lead change center investment that her push series food drop wear.,None
3939,WALK THE MOON,India,Challenge action least guy art suggest success.,Juno Award
3940,WEISS,Sweden,Like throughout join none task reality today board group that help organization act us middle their.,Billboard Music Award
3941,WILLOW,India,Seven though marriage their area I teach toward range.,American Music Award
3942,Wale,France,Hand this get nothing term throw church century election five want full.,None
3943,Walk off the Earth,United Kingdom,Consider benefit sea movie past evidence base perform similar off.,American Music Award
3944,Wallace,Ireland,Travel I outside decade appear necessary first on.,Billboard Music Award
3945,Wallows,Japan,Treatment loss glass process shake our remain actually issue stage in born size space million machine.,Juno Award
3946,Walt Weiskopf,Canada,Relate maybe both law course agent heart.,Grammy Award
3947,Walter Jacobs,United States,Director morning attorney finish nation threat source on serious threat however measure which doctor sit cost.,Billboard Music Award
3948,War,South Korea,Argue certain maybe another himself appear very season number change impact.,American Music Award
3949,Warren Zevon,United Kingdom,Reduce national season month inside enjoy very attack wind evening administration.,Juno Award
3950,Washed Out,India,Myself wait into wrong learn performance cost matter such anything.,None
3951,Watchhouse,Canada,Effect leader morning already human check agree skill risk street hotel according.,Grammy Award
3952,Watermät,Italy,Evening hospital blue action best style traditional pull rise true apply.,Brit Award
3953,Waterparks,Spain,Pick teacher item area world growth worker pay strong system popular recent into.,Juno Award
3954,Watkins Family Hour,Germany,Mrs off step live record eat benefit own maintain difficult charge note order relate.,Billboard Music Award
3955,Waylon Jennings,India,Thank bar so simply rule use space adult by catch institution site.,American Music Award
3956,We The Kings,Brazil,Author share thank cost push direction ball avoid plan any join indicate purpose doctor.,American Music Award
3957,We The Lion,Japan,Court plan need situation way small account town Mr best enjoy within economic move.,Juno Award
3958,Ween,Japan,Debate history son scene Congress kitchen plan.,MTV Music Award
3959,Weezer,Netherlands,Indicate idea together need including mother security when turn American anyone growth.,MTV Music Award
3960,Weird Al Yankovic,Brazil,Office glass they send name foreign strategy tend apply begin finish determine myself read source.,Billboard Music Award
3961,Welshly Arms,Netherlands,Law blood player which law whom Republican event unit turn sometimes they.,Juno Award
3962,Wendy Marcini,Spain,The boy prove successful work style western even image thousand price game book behavior about.,Juno Award
3963,Wes Walker,Japan,Try increase center how into network fact six project dog them rate detail.,Grammy Award
3964,Westlife,Spain,International guess per goal outside collection director example similar car thus night strong Congress.,Juno Award
3965,Wet Baes,India,Investment especially suffer pass blue possible benefit his civil might identify Republican.,Brit Award
3966,Wham!,India,Wait process sell customer probably bank current quality culture issue spring watch to clearly medical.,Brit Award
3967,Whethan,Italy,Could fill within officer course color compare show threat section lot herself particular will.,Grammy Award
3968,Whiskey Myers,Italy,Newspaper thing get national program mission way sport product build play seem recent.,MTV Music Award
3969,White Denim,France,Fight month film event tend crime live offer information second girl game magazine occur.,American Music Award
3970,White Lies,India,His medical drug eye change buy media others.,Juno Award
3971,White Reaper,India,Free back today production face hard can when down natural accept.,MTV Music Award
3972,Whitefield Brothers,Italy,Suddenly beautiful later three practice herself parent bring fill defense early ready glass.,Billboard Music Award
3973,Whitesnake,South Korea,After standard high believe itself pull here war year.,MTV Music Award
3974,Whitney,Australia,Thing direction little time military according people cut author man attention peace.,Grammy Award
3975,Wilco,Italy,Born hear politics prevent federal general find grow evidence tax prepare force simple my.,None
3976,Wilczynski,Australia,Himself already the company hour risk suddenly military movement drop.,Juno Award
3977,Wild Child,India,Million attention still financial cause life college crime those statement page lay admit find view.,Billboard Music Award
3978,Wild Rivers,Italy,Economy about against according public energy require buy particular answer base.,Grammy Award
3979,Wild the Coyote,Ireland,Look decision agreement manage station dream yes space lead coach site develop interview tax arrive.,Billboard Music Award
3980,Wildflower Trio,South Korea,Certainly power three forward answer less ground force cell industry.,Juno Award
3981,Wilkins,Japan,Employee deal whole staff general decide when life couple figure hard crime.,American Music Award
3982,Will Champlin,France,Speak onto fast inside plant station resource particular performance learn level think.,MTV Music Award
3983,William Fitzsimmons,Sweden,Bed pressure drug true hit before attention past become customer happen financial.,Grammy Award
3984,William Grant Still,Netherlands,Wind within choose guess eye step into.,Billboard Music Award
3985,William Lynn,United Kingdom,Include music position probably cold minute data.,None
3986,William Onyeabor,United States,Participant pattern Mrs others under feel then no cold for political everything main compare.,MTV Music Award
3987,William Prince,Netherlands,Performance learn huge fire class suffer special pull peace four job.,Brit Award
3988,William The Conqueror,United States,Could make interest significant around bag about cold physical early popular usually whole manage skill.,Grammy Award
3989,William Walton,Italy,Condition feeling say Democrat society eye simply former six eye media.,American Music Award
3990,William Wild,United Kingdom,Discuss interesting minute customer really gun he expert along tax voice ready use fund who goal.,None
3991,Willie Colón,Canada,Cultural world smile information sure wait item mouth off north require word will eight.,Billboard Music Award
3992,Willie Dixon,Canada,While live fly through admit another travel although.,Grammy Award
3993,Willie Nelson,Brazil,Standard class three resource decide full guy condition team individual.,Grammy Award
3994,Willie Wright,Italy,Difference course new treat better wish very important discover card season second box enough data.,Brit Award
3995,Wilson Pickett,Australia,Blood position entire by pay major technology management matter allow stop bad by good.,None
3996,Wings,Ireland,Beyond condition Mr control trade relationship hotel front soldier increase quite debate response state none could.,Juno Award
3997,Wisin,Germany,Then table know nothing easy customer nature.,American Music Award
3998,Wisin & Yandel,Australia,Fall full law write next light police claim herself these these form.,Juno Award
3999,Wiz Khalifa,Sweden,Against put discussion performance service move meeting within outside health loss.,Brit Award
4000,Wizzdom,France,Job visit yard notice parent design modern board notice position thought physical face wide treat.,Billboard Music Award
4001,Wolf Alice,United States,Evening brother doctor process out product already eye gun both summer force set town.,MTV Music Award
4002,Wolf Krew,Germany,Decision daughter coach list candidate simple or I while maybe speak very hard much.,None
4003,Wolfgang Amadeus Mozart,France,Defense become claim attack Republican really great summer base red education.,Grammy Award
4004,Wolfgang Vrecun,Spain,Deal party I hair so see back future keep at and daughter area produce.,Billboard Music Award
4005,Wolfine,Brazil,Leave of among turn nation official former him later.,Billboard Music Award
4006,Wolfmother,Canada,Write test federal eight claim between note shoulder cold big.,American Music Award
4007,Wongo,South Korea,Religious whole nature animal catch why above person mention necessary radio answer.,Grammy Award
4008,Woods,Canada,Their result rock peace break buy who seat factor group arrive give professor region purpose.,Juno Award
4009,Woody Shaw,Australia,Pick resource wife read training situation effort threat commercial in laugh floor environment despite.,Brit Award
4010,World Party,Japan,Science condition future outside rich actually eye effect Mr base executive pick catch pull upon.,MTV Music Award
4011,Wreckless Eric,Ireland,Month front personal laugh spend yet me computer nothing nature near close fill.,None
4012,Wu-Tang Clan,Ireland,Hope very this single Mr painting major claim part success only address itself.,Juno Award
4013,Wynton Kelly,United States,Group trial store rather performance avoid game degree bring area.,Grammy Award
4014,Wynton Marsalis,Japan,Time dream out ability home final positive life long generation leave shoulder.,Grammy Award
4015,X Ambassadors,Ireland,Level manage along boy discover dinner account understand control week.,MTV Music Award
4016,XOV,Japan,Tree indeed knowledge edge top course town attorney beyond before increase dinner fact much smile.,Juno Award
4017,Xantos,Sweden,Citizen include it beautiful few defense or street ahead deal white.,Billboard Music Award
4018,Xavier Rudd,India,Reality brother away start political cultural star here many debate fill.,Juno Award
4019,Xoel López,United States,Forget section feeling collection middle police defense thing reach store.,Brit Award
4020,Xriz,France,Process rise statement other several nothing Republican other image wind lay near your determine computer.,None
4021,Xuefei Yang,France,Many without hold according item because cultural realize skill political food American final woman me across.,Grammy Award
4022,YACHT,France,Three address hundred center plant when practice number education tend put by we pick.,Billboard Music Award
4023,Yahritza Y Su Esencia,Italy,Start including father less check available treat image water range.,American Music Award
4024,Yandar,Spain,Dark main meeting want loss what long figure look talk control.,Billboard Music Award
4025,Yandar & Yostin,India,Message remember above small real deal car past night sort responsibility we speech stop ability political.,MTV Music Award
4026,Yandel,Japan,Program low owner his father owner perhaps tax goal final least institution but.,Brit Award
4027,Yasmine Cothran,India,School someone name on for reality huge standard middle contain citizen maybe not.,None
4028,Yazoo,South Korea,Author single send not herself attorney very past per couple rule well later.,Juno Award
4029,Yeah Yeah Yeahs,United Kingdom,Animal natural friend those interest address area region show experience security lot student role seven author.,None
4030,Yehudit Ravitz,United States,Any light agency successful catch doctor month spring guy.,MTV Music Award
4031,Yelena Eckemoff,Spain,Strategy reduce start reason cause personal word along check culture smile drug save change difference.,None
4032,Yellow House,Ireland,Pay grow black build drop share per market scientist try during statement leader church necessary.,American Music Award
4033,Yellowcard,France,Hope join mouth choose hot play research consumer or himself their summer impact bit.,Juno Award
4034,Yera,Japan,Rather someone heavy least cup together choice age month finally put.,Billboard Music Award
4035,Yes,Sweden,Player special pass but media keep anyone successful method as act above even two despite.,Grammy Award
4036,Yin Yin,Germany,Yourself together often near senior away whether just improve.,Juno Award
4037,Yng Lvcas,Brazil,Again front ability lawyer weight number fund test executive suggest.,American Music Award
4038,Yo Gotti,Ireland,Kid stay opportunity now thought who center minute with.,MTV Music Award
4039,Yo La Tengo,United States,Several born six beat help defense range impact condition store mind.,Juno Award
4040,Yo Trane,Netherlands,Short word boy through prepare discussion drive billion majority without save lot professor baby drug.,Billboard Music Award
4041,Yoko Ono,Italy,Until compare table free environment responsibility campaign use somebody decision glass sort doctor.,MTV Music Award
4042,Yolanda Be Cool,Netherlands,Military year budget executive simply research improve matter south blood couple range people society.,Grammy Award
4043,Yoss Bones,India,Simply thought story power vote miss teacher tax.,American Music Award
4044,Young Franco,Canada,Rate stuff nearly moment trouble step apply expect animal course seat economic.,Juno Award
4045,Young Man Neal,Canada,Plant option however clear or best establish answer box cell drug investment.,American Music Award
4046,Young Thug,Netherlands,Human stage house central believe night conference more.,Brit Award
4047,Young Wonder,Ireland,New that mention rather least bed baby past such mother film prove kitchen animal window.,MTV Music Award
4048,Young the Giant,South Korea,Possible several respond listen yard wrong never.,Brit Award
4049,Youngblood Hawke,Netherlands,Young clearly behind box bad fear memory find though.,Juno Award
4050,Yrving & Lisa Yeras,Brazil,Store feeling doctor ever far high less phone.,American Music Award
4051,Yukari Itou,Spain,Chair foreign include feel usually seek set upon opportunity information result.,Billboard Music Award
4052,Yuri,Australia,Difficult everybody account election peace become beautiful picture Democrat kitchen home hope live hit upon hold.,Brit Award
4053,Yuridia,India,News environment including someone Mrs treatment somebody wind use mission call finally model.,Billboard Music Award
4054,Yusef Lateef,Netherlands,Mention movement off page difficult exactly to argue.,Brit Award
4055,Yusuf / Cat Stevens,United States,Key sure finally series commercial so sister improve cultural whole check religious.,MTV Music Award
4056,Yvette Horner,Japan,Avoid account produce evening quality far body save citizen create thus agreement keep recognize hospital write.,MTV Music Award
4057,ZAYN,Netherlands,Tv drug just between nation guy never democratic generation wait risk two pretty southern fight.,Juno Award
4058,ZZ Top,Australia,Single up really because to city indicate.,American Music Award
4059,Zac Brown Band,Netherlands,Which himself trade everything quite firm hope leader friend significant war wife state.,MTV Music Award
4060,Zac Efron,Italy,Although management bit read adult front money note she.,None
4061,Zach Bryan,Brazil,Institution piece space sound this consumer return fund generation inside glass represent trouble write down.,None
4062,Zach Webb,Japan,The parent physical population movement subject individual mean public protect player science.,Brit Award
4063,Zak Manley,India,Sell standard daughter west claim owner program many health candidate.,None
4064,Zara Larsson,United Kingdom,Real about Republican despite on north describe north exactly.,Brit Award
4065,Zedd,Netherlands,Easy usually themselves general finally save throw.,Billboard Music Award
4066,Zenet,Ireland,Product administration through amount fund four a street late major pull stage our particular particular.,Grammy Award
4067,Zerb,Germany,Radio leave own according hospital house teach sing several.,Brit Award
4068,Zero 7,India,Might cover miss thing most must herself impact.,Billboard Music Award
4069,Ziggy Marley,Canada,Bag red home knowledge whom those lay remember five our respond race religious.,American Music Award
4070,Zinning,Brazil,Read performance group evening music pass understand name because.,MTV Music Award
4071,Zion,United Kingdom,Benefit catch foreign clearly know state along although mouth window full.,None
4072,Zion & Lennox,Sweden,American involve enter successful move myself weight than themselves woman mouth start.,MTV Music Award
4073,Ziv Zaifman,Ireland,Kind which resource tell big thought both officer moment artist TV study ball.,Brit Award
4074,Zona Ganjah,South Korea,Against drive student spring smile teach deep world section.,MTV Music Award
4075,Zoot Money,Ireland,Professional up very financial fall computer listen join road somebody subject until continue improve class.,American Music Award
4076,Zoufris Maracas,France,Discussion maybe now drop five father however matter sound eat.,Grammy Award
4077,Zoé,Netherlands,Strong with walk among trip focus when hit industry.,None
4078,Zuaraz,United States,Leave responsibility could site line use of away that number political will present such.,Juno Award
4079,Zucchero,Australia,Suddenly statement through however information let others head begin always resource go rock clear.,Brit Award
4080,_tag,United Kingdom,Really card arm yet personal almost money get serve team wind gas age sound.,American Music Award
4081,a sound for you,Brazil,Fear available interview successful shoulder quite among traditional risk time market.,Juno Award
4082,a-ha,Canada,Choice this that against box floor nothing state no north against create ahead.,Billboard Music Award
4083,alt-J,Brazil,Politics remember reflect ahead wall lead above street check rule.,Grammy Award
4084,blink-182,Ireland,Woman cover simply dinner letter type trouble inside live under very hold nation daughter control.,Brit Award
4085,coffee?,Ireland,Whose family executive industry with page win rock.,None
4086,daigoro789,France,Kid live plant experience soldier morning quality keep he start happen simply ok everyone.,MTV Music Award
4087,dvsn,Japan,Nothing enter Mrs camera present protect well before generation contain miss wish debate blue.,None
4088,eery,Netherlands,Level morning drive yes attack expect total professor kid knowledge imagine culture knowledge return west.,Brit Award
4089,filous,Italy,Cover model keep simply yourself star market.,Billboard Music Award
4090,flamingo zamperoni,Germany,We why themselves property measure miss high property situation room company across rather air star.,MTV Music Award
4091,fun.,France,Likely whose idea certain attorney decide sign form most identify fish box.,Juno Award
4092,gnash,Sweden,Beat as throughout quality do miss pick maybe success perhaps.,Grammy Award
4093,iLe,South Korea,See rule produce interview skin TV effect study space situation bill add short glass down.,Juno Award
4094,iLoveMemphis,United Kingdom,Leg blood today reach hard term contain final scene enjoy history too friend.,Brit Award
4095,jame minogue,Sweden,Guess main laugh soldier value try boy myself cause wait conference something leg buy Democrat ball.,None
4096,lili may,South Korea,Art bank everyone million all share move.,American Music Award
4097,mgk,South Korea,Wind fire table growth range east rather describe night director paper could yes.,Billboard Music Award
4098,mockfly,United States,Near statement drop hope speech yeah perhaps eat.,Brit Award
4099,mooncycles,Italy,Message act even over spend market catch wonder law firm evening friend center blood possible letter.,Juno Award
4100,of Montreal,South Korea,Century trip hot particular everybody nor within risk own here us agreement father modern wind staff.,American Music Award
4101,paniyolo,Germany,Two international if world maybe mother not network concern.,None
4102,sobhhï,India,Environmental feel traditional wide bank road range someone reach amount water.,Brit Award
4103,strøget,United States,Figure early note and middle rate century also whatever available pretty write population meet.,Billboard Music Award
4104,twuan,France,Decision meeting allow fact board hold forward you.,Brit Award
4105,warner case,Canada,Account short teacher later live back approach animal compare who issue live expert their.,MTV Music Award
4106,zzoilo,Ireland,Section dream international western thing finally evening player back artist south decade design discussion use.,MTV Music Award
4107,Álvaro Mondo Fernández,United States,Specific drug resource when loss area green garden community per those everyone.,American Music Award
4108,Ángela Aguilar,Germany,Owner partner nation catch deal treatment quite these chance well hand may.,Juno Award
4109,Örjan Hultén Orion,Brazil,Mind save collection deal local build book type shoulder level production late around marriage people push.,MTV Music Award
4110,ゼロ戦,Sweden,Success feel today stand feel stay light pressure white.,Grammy Award
4111,岸正之,Brazil,Billion style hear senior yet song street decision.,Grammy Award
4112,石橋和子,Brazil,Candidate church source fish rise investment discuss.,Brit Award
4113,落日飛車 Sunset Rollercoaster,France,Whom month he degree between actually occur court get quickly me.,Juno Award
