Rating_id,User_id,Song_id,Rating,Review_text,Rated_at
1,529,7552,4,One of my favorites.,2025-05-03
2,611,14266,4,Good song.,2025-09-03
3,72,11248,5,Amazing song!,2026-05-05
4,894,5206,3,Amazing song!,2026-06-23
5,699,15547,3,Really love this track.,2025-10-03
6,393,7664,4,One of my favorites.,2026-07-10
7,388,1133,4,Great music.,2026-08-18
8,965,13488,2,One of my favorites.,2025-01-29
9,789,15477,3,Great music.,2025-05-19
10,533,733,4,Perfect!,2026-05-27
11,649,12693,5,Perfect!,2026-07-23
12,413,11928,1,One of my favorites.,2026-06-03
13,585,13203,2,One of my favorites.,2024-09-18
14,138,3358,5,Really love this track.,2025-10-28
15,284,11814,2,Worth listening to.,2025-04-18
16,939,10991,1,Perfect!,2026-02-17
17,53,281,1,Worth listening to.,2025-02-01
18,118,13996,5,Not bad.,2025-03-16
19,627,12153,2,Good song.,2026-04-11
20,752,12562,3,Perfect!,2024-12-29
21,883,7383,3,Great music.,2026-08-11
22,34,12282,1,Really love this track.,2025-03-24
23,755,8137,2,Perfect!,2025-01-24
24,529,14210,3,Not bad.,2025-02-23
25,402,8507,4,One of my favorites.,2025-05-03
26,221,9664,4,One of my favorites.,2025-10-13
27,490,4190,1,Really love this track.,2024-09-14
28,470,5938,3,Not bad.,2026-04-29
29,636,11074,2,One of my favorites.,2024-10-05
30,932,7689,1,Amazing song!,2025-04-11
31,591,7625,5,Worth listening to.,2024-11-12
32,272,16247,4,Great music.,2025-08-29
33,163,15028,2,Amazing song!,2026-03-16
34,798,9123,4,Good song.,2024-12-17
35,672,12690,5,Very catchy.,2025-05-08
36,446,12118,1,Amazing song!,2024-12-05
37,971,8556,2,Worth listening to.,2026-03-24
38,398,292,1,Worth listening to.,2025-05-26
39,91,9675,1,One of my favorites.,2025-06-03
40,183,10432,4,Very catchy.,2025-03-21
41,18,2222,5,Good song.,2026-07-21
42,482,6527,1,Amazing song!,2025-07-17
43,932,15394,1,Great music.,2025-12-21
44,435,6711,1,Worth listening to.,2024-12-03
45,798,384,2,Very catchy.,2025-05-23
46,973,1139,1,Very catchy.,2025-10-31
47,161,3210,1,Worth listening to.,2025-05-31
48,630,8613,1,Perfect!,2025-05-13
49,962,13287,1,Great music.,2025-09-02
50,799,3201,5,Very catchy.,2025-04-17
51,644,8282,4,Really love this track.,2026-06-29
52,638,5993,4,Worth listening to.,2025-12-09
53,698,10999,4,Worth listening to.,2026-09-01
54,227,4732,4,One of my favorites.,2024-10-03
55,309,4771,2,Really love this track.,2025-07-06
56,963,10250,3,Not bad.,2025-01-24
57,942,15560,5,Not bad.,2026-06-20
58,329,14808,4,Amazing song!,2025-10-03
59,914,11297,2,Great music.,2025-11-22
60,649,9565,1,Very catchy.,2026-06-01
61,676,13869,2,Very catchy.,2025-07-02
62,420,5541,4,Very catchy.,2024-09-22
63,948,7912,2,One of my favorites.,2025-01-14
64,180,12470,3,Very catchy.,2025-04-14
65,108,2502,2,Really love this track.,2025-01-16
66,696,11303,1,Nice track.,2025-06-24
67,810,1791,3,Really love this track.,2025-08-28
68,111,8169,1,Amazing song!,2024-10-28
69,200,15337,3,Nice track.,2025-03-15
70,166,5661,1,Really love this track.,2026-04-26
71,386,12080,1,Very catchy.,2025-02-23
72,961,1960,1,One of my favorites.,2025-03-02
73,754,8046,1,One of my favorites.,2026-02-03
74,965,14911,3,Good song.,2025-01-01
75,153,13535,3,Perfect!,2026-01-06
76,275,6062,5,Very catchy.,2026-05-21
77,856,13921,2,Amazing song!,2025-05-31
78,26,2877,4,Great music.,2026-02-17
79,851,15563,2,One of my favorites.,2025-12-20
80,791,11311,5,Good song.,2025-04-25
81,473,8521,4,Perfect!,2025-06-16
82,321,5949,2,Really love this track.,2025-01-29
83,94,5492,4,Nice track.,2026-09-04
84,623,14881,1,Worth listening to.,2025-03-02
85,105,11020,5,Worth listening to.,2026-07-01
86,652,13633,5,Worth listening to.,2024-11-14
87,675,5888,4,Worth listening to.,2025-05-19
88,709,13120,4,Perfect!,2026-01-21
89,843,1271,4,Perfect!,2025-11-02
90,810,9496,4,Good song.,2026-08-27
91,667,13877,1,One of my favorites.,2026-06-02
92,332,14301,5,Perfect!,2024-12-28
93,898,4361,4,Really love this track.,2025-10-24
94,586,10919,2,One of my favorites.,2025-07-08
95,703,3856,5,Worth listening to.,2025-03-05
96,686,4212,1,Worth listening to.,2024-10-16
97,309,1522,5,One of my favorites.,2025-04-16
98,384,7523,5,Perfect!,2024-09-26
99,782,1705,2,Amazing song!,2026-08-20
100,480,1340,3,Worth listening to.,2026-06-16
101,720,15056,4,One of my favorites.,2024-12-28
102,20,5031,1,Very catchy.,2025-12-24
103,736,2986,3,Really love this track.,2025-08-14
104,412,8524,5,Very catchy.,2025-07-12
105,684,4782,3,Good song.,2025-01-31
106,185,5098,5,Nice track.,2026-08-14
107,500,1992,5,Really love this track.,2026-07-27
108,556,16153,4,One of my favorites.,2026-03-01
109,339,13149,3,Really love this track.,2026-01-03
110,368,3270,5,Worth listening to.,2025-12-21
111,91,2467,1,Perfect!,2024-11-20
112,879,1988,5,Nice track.,2025-08-20
113,891,830,3,Amazing song!,2025-01-11
114,310,15831,2,Really love this track.,2024-11-27
115,212,1939,3,Perfect!,2025-09-23
116,597,10906,3,Worth listening to.,2025-04-28
117,277,13439,3,Not bad.,2025-01-10
118,215,10575,2,Not bad.,2025-12-21
119,277,607,1,Worth listening to.,2024-12-27
120,927,3907,3,One of my favorites.,2026-06-17
121,69,11689,4,Great music.,2024-12-21
122,589,3619,1,Good song.,2024-10-01
123,573,9236,3,Very catchy.,2025-05-03
124,268,8371,5,One of my favorites.,2024-11-17
125,519,5738,2,Not bad.,2025-07-24
126,343,14180,2,Perfect!,2025-09-06
127,33,10985,1,Not bad.,2025-11-05
128,666,12618,3,Very catchy.,2026-09-01
129,415,4634,1,Nice track.,2026-05-01
130,480,16400,2,Worth listening to.,2025-01-26
131,119,3818,3,Nice track.,2026-08-15
132,139,16070,4,Amazing song!,2024-12-12
133,416,14658,2,Amazing song!,2025-06-16
134,936,1633,4,Really love this track.,2026-02-24
135,488,15995,3,One of my favorites.,2025-03-16
136,958,16402,4,Worth listening to.,2025-12-13
137,438,12202,3,Great music.,2025-01-25
138,827,9045,1,Good song.,2026-08-10
139,495,1890,3,Good song.,2025-07-23
140,9,11796,3,One of my favorites.,2025-07-05
141,680,9520,3,Very catchy.,2025-12-24
142,819,12833,3,Amazing song!,2025-02-21
143,711,6618,4,Worth listening to.,2025-09-14
144,191,13264,5,Nice track.,2026-07-09
145,406,10183,4,Perfect!,2026-06-20
146,683,8771,5,Worth listening to.,2024-09-14
147,280,16231,5,Not bad.,2025-07-15
148,199,4457,2,Great music.,2025-03-01
149,402,7031,1,Amazing song!,2024-12-18
150,250,5213,1,Perfect!,2026-06-09
151,690,6680,2,Amazing song!,2025-06-13
152,908,12501,3,Amazing song!,2026-04-17
153,232,5802,5,Very catchy.,2024-10-06
154,93,4475,4,Really love this track.,2025-02-25
155,574,13150,1,Great music.,2024-12-14
156,572,14538,3,Nice track.,2026-06-24
157,77,10129,1,Perfect!,2025-03-09
158,815,5628,3,Perfect!,2025-12-10
159,515,15724,5,Amazing song!,2025-01-10
160,178,2075,3,Really love this track.,2025-10-04
161,916,1775,1,Very catchy.,2024-10-16
162,855,12382,5,Nice track.,2025-05-03
163,748,10041,4,Perfect!,2025-10-28
164,724,3002,1,Worth listening to.,2026-05-10
165,474,14905,4,Very catchy.,2026-09-09
166,844,5319,3,Great music.,2026-06-10
167,596,10172,4,Great music.,2025-06-16
168,893,12085,3,Very catchy.,2024-09-16
169,769,10329,4,Amazing song!,2025-02-01
170,64,10311,3,Not bad.,2025-01-06
171,468,538,5,Nice track.,2024-10-16
172,845,30,4,Really love this track.,2025-08-01
173,68,15614,1,Amazing song!,2024-11-23
174,729,2299,1,Worth listening to.,2026-02-14
175,214,6054,4,Perfect!,2025-12-09
176,352,2083,1,One of my favorites.,2024-10-18
177,480,15824,2,Great music.,2024-12-02
178,222,15034,3,Perfect!,2025-12-02
179,458,8895,1,Very catchy.,2025-03-15
180,905,5908,3,One of my favorites.,2026-01-23
181,297,5042,1,Perfect!,2025-03-19
182,425,11872,2,Great music.,2025-02-22
183,745,13274,3,Nice track.,2025-06-28
184,193,3901,4,Worth listening to.,2026-01-04
185,365,5176,5,Not bad.,2025-03-05
186,714,5330,4,Very catchy.,2025-09-26
187,18,11713,5,Amazing song!,2025-12-24
188,949,8839,2,Amazing song!,2025-09-24
189,689,3287,3,One of my favorites.,2024-11-15
190,881,12088,5,Really love this track.,2025-12-23
191,472,2535,4,Perfect!,2024-10-28
192,298,11767,5,Not bad.,2024-09-12
193,198,8382,5,Not bad.,2024-10-26
194,505,14726,5,Great music.,2026-01-25
195,595,2605,3,Nice track.,2024-09-27
196,724,7445,5,Great music.,2025-01-31
197,250,12221,3,Perfect!,2026-03-15
198,264,2734,1,Very catchy.,2025-12-06
199,12,12578,5,Really love this track.,2026-01-27
200,155,10183,1,One of my favorites.,2025-06-03
201,807,12812,1,Really love this track.,2025-08-11
202,583,15319,5,Nice track.,2024-11-27
203,189,13931,3,One of my favorites.,2025-06-30
204,805,7784,2,One of my favorites.,2025-01-02
205,36,4304,1,Very catchy.,2025-02-01
206,129,2317,3,Nice track.,2026-06-26
207,779,4348,3,Really love this track.,2025-06-02
208,791,7620,5,Really love this track.,2025-06-30
209,701,9124,2,Perfect!,2026-03-20
210,959,7433,3,Not bad.,2026-03-22
211,50,16253,1,Perfect!,2026-02-18
212,126,14814,1,Amazing song!,2025-04-17
213,539,4632,2,Very catchy.,2026-03-08
214,527,6527,2,Perfect!,2025-09-28
215,408,5115,3,One of my favorites.,2024-10-30
216,532,5410,2,Good song.,2025-10-15
217,353,2964,4,Perfect!,2026-04-08
218,178,8036,3,Amazing song!,2025-06-24
219,928,13223,3,One of my favorites.,2025-06-12
220,785,4055,4,Great music.,2025-12-20
221,71,11064,3,Really love this track.,2025-05-09
222,895,16429,2,One of my favorites.,2024-09-12
223,632,13346,1,Really love this track.,2026-03-29
224,158,9491,3,Very catchy.,2025-08-26
225,758,10947,1,Really love this track.,2025-12-05
226,104,12180,1,Not bad.,2026-01-06
227,536,3435,1,Great music.,2026-06-03
228,820,979,1,Nice track.,2026-08-09
229,405,737,1,Perfect!,2024-12-30
230,189,14173,1,One of my favorites.,2025-03-06
231,910,5110,4,Not bad.,2024-09-11
232,466,4130,2,Amazing song!,2025-04-20
233,932,11019,1,Good song.,2026-05-20
234,278,8280,2,Great music.,2026-05-09
235,403,15859,1,Very catchy.,2025-06-05
236,66,12827,3,Great music.,2026-03-29
237,586,1980,4,Perfect!,2026-05-28
238,420,13059,2,Good song.,2025-02-26
239,712,4536,2,Worth listening to.,2024-12-26
240,416,3491,3,Great music.,2026-04-11
241,142,10607,3,Nice track.,2025-03-12
242,221,6699,1,Really love this track.,2024-11-14
243,688,15210,4,Really love this track.,2025-07-07
244,996,8910,3,Not bad.,2026-01-29
245,886,13239,5,Not bad.,2026-01-11
246,619,15339,3,Very catchy.,2025-09-10
247,113,6873,2,Nice track.,2025-09-07
248,941,14343,1,Worth listening to.,2026-08-23
249,256,14240,3,Good song.,2026-05-11
250,621,2095,3,One of my favorites.,2025-10-31
251,877,4007,4,Good song.,2026-04-30
252,106,11034,5,Great music.,2024-11-08
253,565,11548,4,Worth listening to.,2025-04-20
254,696,7867,2,Not bad.,2025-05-26
255,978,2332,3,Amazing song!,2025-06-30
256,589,1096,5,Really love this track.,2025-04-23
257,620,409,3,Not bad.,2025-08-19
258,148,3043,5,Very catchy.,2026-04-04
259,732,15108,1,Great music.,2025-04-22
260,792,2327,2,Great music.,2026-06-23
261,692,928,2,Good song.,2025-03-20
262,457,1290,5,Good song.,2025-08-21
263,12,8753,5,One of my favorites.,2024-09-20
264,275,9392,3,Worth listening to.,2026-05-11
265,125,8401,1,One of my favorites.,2026-04-08
266,338,9448,3,Great music.,2024-12-11
267,97,10288,5,Worth listening to.,2026-01-01
268,525,13475,1,Good song.,2025-04-28
269,671,12775,1,Perfect!,2026-04-21
270,58,12023,3,Amazing song!,2025-06-11
271,142,15400,4,Worth listening to.,2025-02-10
272,90,6084,1,Not bad.,2026-02-19
273,74,11738,4,One of my favorites.,2026-01-01
274,542,5427,3,Very catchy.,2026-03-08
275,566,9985,3,Great music.,2026-08-20
276,301,4318,3,Great music.,2024-12-01
277,500,9631,3,Perfect!,2026-08-26
278,774,2286,4,Perfect!,2024-11-12
279,799,12142,4,Very catchy.,2026-02-13
280,849,5318,3,Very catchy.,2025-08-27
281,897,4837,5,Nice track.,2025-10-03
282,380,14410,3,Not bad.,2025-08-09
283,521,14120,2,Amazing song!,2025-08-03
284,415,2353,3,Nice track.,2026-03-17
285,992,15691,3,Amazing song!,2025-08-09
286,542,7534,1,Nice track.,2025-06-02
287,182,4976,1,Nice track.,2024-10-26
288,937,12493,5,Worth listening to.,2025-06-05
289,97,12745,5,Great music.,2025-01-26
290,508,15763,4,Very catchy.,2026-02-04
291,152,8251,5,Nice track.,2025-09-11
292,295,6610,2,Perfect!,2026-01-27
293,401,9221,3,Good song.,2026-08-08
294,933,10802,2,Perfect!,2026-04-24
295,210,14608,4,Not bad.,2025-08-01
296,662,10982,2,Worth listening to.,2024-11-01
297,751,12488,3,Very catchy.,2024-12-17
298,244,377,4,Amazing song!,2024-10-01
299,49,10755,5,Really love this track.,2026-05-12
300,486,6555,2,Really love this track.,2025-12-02
301,768,7702,1,Very catchy.,2025-01-13
302,703,4863,1,Perfect!,2025-11-15
303,904,2638,2,Good song.,2024-11-17
304,778,9881,3,Good song.,2026-06-10
305,816,8187,2,Not bad.,2026-03-08
306,193,4761,4,Amazing song!,2026-01-27
307,203,12390,1,Nice track.,2025-05-18
308,266,14136,1,Not bad.,2025-09-16
309,975,8934,5,One of my favorites.,2025-11-10
310,594,11457,2,Very catchy.,2024-10-23
311,626,13890,4,Amazing song!,2025-07-23
312,74,10933,4,Not bad.,2026-02-07
313,609,12260,2,Nice track.,2024-11-07
314,443,14708,2,Good song.,2026-05-23
315,376,9056,1,Perfect!,2026-03-25
316,81,15258,3,One of my favorites.,2026-01-09
317,195,1545,1,Nice track.,2024-10-27
318,601,2987,1,One of my favorites.,2025-01-10
319,602,8056,2,Good song.,2024-12-22
320,368,7889,1,One of my favorites.,2025-03-21
321,637,14429,5,Very catchy.,2024-11-03
322,691,2651,2,Not bad.,2026-02-17
323,398,9717,5,Worth listening to.,2024-12-08
324,535,14418,3,Very catchy.,2025-07-11
325,88,372,2,Perfect!,2025-09-17
326,380,10343,5,Not bad.,2026-01-10
327,31,10189,3,Great music.,2025-11-09
328,523,4464,2,Nice track.,2026-02-20
329,554,1599,1,Perfect!,2026-09-01
330,679,15594,5,Very catchy.,2025-08-20
331,99,12804,5,Nice track.,2024-09-29
332,161,2836,3,Good song.,2025-07-08
333,622,6200,3,Not bad.,2026-01-12
334,611,11932,3,Not bad.,2026-06-14
335,310,8557,3,Perfect!,2025-09-17
336,875,9238,5,Really love this track.,2026-01-15
337,354,5631,2,Perfect!,2025-08-09
338,168,5175,2,Really love this track.,2025-02-16
339,367,4109,4,Very catchy.,2025-05-29
340,7,12168,2,Perfect!,2025-03-21
341,492,13903,1,Worth listening to.,2024-12-25
342,387,15607,2,Great music.,2025-01-06
343,760,14657,2,Very catchy.,2025-02-12
344,110,6173,1,Great music.,2026-02-24
345,792,14838,2,Not bad.,2025-09-23
346,218,1505,2,Nice track.,2024-12-15
347,675,16010,2,Perfect!,2025-11-03
348,265,13631,4,Really love this track.,2025-06-14
349,566,10590,4,Nice track.,2025-12-09
350,686,13395,3,Amazing song!,2025-01-09
351,262,13333,3,Amazing song!,2024-11-05
352,859,13323,3,Nice track.,2026-07-17
353,413,15192,3,Good song.,2024-12-27
354,78,6342,1,Really love this track.,2025-07-02
355,422,8367,2,Worth listening to.,2026-06-08
356,964,8650,4,One of my favorites.,2026-01-17
357,53,10190,5,Really love this track.,2025-10-17
358,856,12500,1,Amazing song!,2026-03-24
359,10,694,3,Amazing song!,2025-04-19
360,593,3001,2,Great music.,2026-01-26
361,574,6923,5,Not bad.,2025-10-14
362,372,9943,2,Amazing song!,2025-06-23
363,234,12224,4,Very catchy.,2025-07-29
364,702,1187,3,Not bad.,2025-03-01
365,996,1139,3,Great music.,2026-08-20
366,302,14048,5,Great music.,2025-10-02
367,985,11863,4,Nice track.,2024-11-15
368,962,16309,4,Perfect!,2024-11-14
369,134,16423,3,Great music.,2025-04-21
370,702,8542,2,Not bad.,2026-06-29
371,347,8314,2,Good song.,2025-01-07
372,426,13562,3,One of my favorites.,2025-12-25
373,683,1618,2,Perfect!,2025-05-11
374,99,15153,2,Great music.,2025-02-07
375,880,4118,4,Worth listening to.,2024-09-27
376,964,1079,2,Not bad.,2024-10-12
377,272,6450,4,Not bad.,2024-10-03
378,191,7508,2,Really love this track.,2026-09-10
379,999,14097,3,Really love this track.,2026-04-13
380,791,2548,1,Amazing song!,2025-03-20
381,221,2432,2,Nice track.,2025-08-29
382,737,5466,1,Perfect!,2026-06-17
383,916,1267,4,Great music.,2025-05-30
384,597,7149,1,Very catchy.,2026-05-04
385,349,11248,2,Very catchy.,2026-08-17
386,124,2270,5,Nice track.,2025-03-20
387,707,2096,5,Nice track.,2025-11-27
388,808,9318,3,One of my favorites.,2026-04-18
389,679,5232,4,Really love this track.,2025-11-02
390,674,7103,3,Good song.,2025-11-23
391,371,686,4,One of my favorites.,2026-08-17
392,873,6037,1,Amazing song!,2026-03-06
393,714,15318,3,Great music.,2025-01-04
394,307,3145,1,Worth listening to.,2026-07-21
395,296,13344,5,Worth listening to.,2025-03-18
396,410,1580,2,Really love this track.,2026-03-11
397,389,740,5,Perfect!,2026-03-06
398,273,4958,2,Amazing song!,2024-11-06
399,261,5658,5,Good song.,2025-02-18
400,684,2314,1,Perfect!,2024-12-31
401,417,6171,5,One of my favorites.,2025-03-31
402,121,7341,2,Perfect!,2025-08-16
403,883,9613,4,One of my favorites.,2025-06-05
404,595,6177,1,Great music.,2025-12-20
405,844,7147,5,Perfect!,2026-02-04
406,149,10557,2,Very catchy.,2026-01-10
407,588,805,1,Very catchy.,2025-10-06
408,307,9911,5,Good song.,2026-07-04
409,95,9503,1,Great music.,2025-07-03
410,67,13871,4,Good song.,2025-07-03
411,265,16101,5,Amazing song!,2025-12-30
412,580,392,5,Great music.,2025-02-20
413,543,6926,4,Worth listening to.,2024-12-18
414,309,4773,1,Amazing song!,2025-09-17
415,416,1223,5,Amazing song!,2026-04-20
416,863,1683,4,Great music.,2025-10-31
417,620,4894,2,Amazing song!,2026-03-19
418,279,13003,5,Perfect!,2025-03-30
419,615,4550,1,Great music.,2024-11-30
420,548,2574,1,Worth listening to.,2025-09-27
421,886,13415,5,Very catchy.,2026-02-04
422,418,2730,3,Great music.,2025-11-15
423,201,9148,2,Not bad.,2025-02-14
424,18,12144,3,Not bad.,2026-05-26
425,300,6875,4,Amazing song!,2026-02-23
426,316,16453,2,One of my favorites.,2025-10-01
427,717,13350,2,Really love this track.,2025-07-28
428,245,11554,3,Not bad.,2025-06-04
429,102,13720,5,Worth listening to.,2025-11-27
430,668,1565,4,Good song.,2024-11-05
431,143,2875,1,Perfect!,2026-07-28
432,32,15876,3,Perfect!,2025-06-02
433,113,15572,5,Amazing song!,2026-08-07
434,163,8748,2,Great music.,2025-02-21
435,726,8336,2,Amazing song!,2026-08-26
436,65,15006,5,Worth listening to.,2025-10-22
437,842,9679,5,Amazing song!,2024-12-28
438,11,12262,4,Amazing song!,2024-10-13
439,543,523,5,Very catchy.,2024-11-23
440,584,5479,1,Perfect!,2024-11-26
441,835,12709,3,Amazing song!,2026-05-09
442,701,8279,2,Very catchy.,2025-04-12
443,915,5993,1,One of my favorites.,2026-02-11
444,506,3344,1,Amazing song!,2026-07-19
445,282,1879,4,Worth listening to.,2024-10-04
446,829,2277,5,Nice track.,2026-06-05
447,643,3319,4,Good song.,2025-07-09
448,887,12081,5,Perfect!,2026-05-28
449,975,4317,3,Good song.,2025-06-12
450,376,1514,5,Good song.,2025-01-16
451,916,9335,1,Not bad.,2026-03-08
452,391,14883,3,Not bad.,2025-08-09
453,66,4735,1,Very catchy.,2025-07-13
454,150,7358,3,Amazing song!,2025-04-26
455,182,16466,3,Not bad.,2025-01-31
456,424,14242,4,Great music.,2025-08-11
457,634,7407,2,Nice track.,2025-08-22
458,162,3396,4,Not bad.,2026-07-15
459,790,2470,3,Nice track.,2026-05-19
460,189,5973,2,Perfect!,2026-07-24
461,595,4446,2,Worth listening to.,2025-03-01
462,247,11613,4,Good song.,2026-07-19
463,968,1281,1,Worth listening to.,2026-08-01
464,651,9976,1,Very catchy.,2025-06-24
465,754,4210,2,Amazing song!,2024-10-30
466,86,14139,3,One of my favorites.,2026-05-29
467,630,2454,5,Very catchy.,2025-01-01
468,146,12958,3,Amazing song!,2025-09-24
469,461,9815,3,Nice track.,2025-01-31
470,900,2049,2,Really love this track.,2025-04-16
471,111,5272,4,Nice track.,2025-05-14
472,123,4343,3,One of my favorites.,2025-06-06
473,525,14940,3,Not bad.,2025-03-01
474,361,15246,2,Not bad.,2026-05-31
475,524,14486,3,Really love this track.,2026-08-18
476,205,14706,4,Nice track.,2025-03-23
477,854,8470,4,Very catchy.,2025-09-25
478,86,5629,1,Perfect!,2026-06-21
479,139,9427,5,Worth listening to.,2025-06-21
480,627,12894,4,Not bad.,2026-02-15
481,763,9520,5,Good song.,2025-07-12
482,777,5254,5,Good song.,2025-05-12
483,799,11163,4,Very catchy.,2026-09-03
484,419,3294,5,Really love this track.,2026-04-17
485,486,4287,1,Amazing song!,2025-07-07
486,437,16180,4,Nice track.,2025-12-31
487,320,8950,4,Great music.,2025-09-10
488,315,4405,4,Very catchy.,2025-07-27
489,874,10290,1,Worth listening to.,2025-04-01
490,22,13457,4,Not bad.,2025-10-26
491,977,5019,2,Not bad.,2025-08-19
492,320,319,4,Worth listening to.,2025-10-13
493,937,10575,5,Good song.,2025-04-26
494,690,15542,2,Perfect!,2025-12-12
495,103,15782,4,Amazing song!,2025-08-07
496,776,6722,1,Great music.,2025-01-13
497,619,6213,3,Not bad.,2025-01-16
498,269,8840,2,Really love this track.,2025-04-15
499,486,207,4,Very catchy.,2026-06-05
500,735,7364,3,Not bad.,2026-05-27
501,976,2057,5,Great music.,2025-12-03
502,862,4924,3,One of my favorites.,2025-04-22
503,215,7328,4,Worth listening to.,2026-03-15
504,72,4539,1,Very catchy.,2025-06-23
505,973,3974,4,Amazing song!,2026-06-18
506,458,14374,3,Amazing song!,2024-12-13
507,329,3643,4,Not bad.,2024-09-27
508,850,9236,2,Nice track.,2025-05-07
509,100,3820,3,Really love this track.,2025-07-23
510,727,12320,5,Perfect!,2026-01-09
511,921,10873,3,Nice track.,2024-12-27
512,12,7090,5,Great music.,2025-05-13
513,409,15128,4,Not bad.,2024-09-15
514,481,9783,2,Amazing song!,2025-07-29
515,270,4352,2,Great music.,2025-12-04
516,317,14263,4,One of my favorites.,2024-12-20
517,680,16301,3,Perfect!,2025-11-25
518,826,9939,1,Great music.,2025-08-02
519,998,6259,3,Nice track.,2025-05-22
520,891,14269,4,Great music.,2025-07-05
521,994,13724,1,Great music.,2025-10-30
522,834,903,2,Amazing song!,2026-09-02
523,818,8543,1,Worth listening to.,2025-05-28
524,262,7093,3,Perfect!,2026-07-10
525,660,723,5,Not bad.,2024-12-05
526,195,14687,3,Not bad.,2024-12-31
527,269,11189,1,Good song.,2026-06-08
528,155,9367,2,Great music.,2026-02-15
529,384,2774,3,Great music.,2024-10-23
530,281,8045,3,Nice track.,2026-07-15
531,711,4889,4,Amazing song!,2025-08-04
532,184,8378,1,Not bad.,2026-04-28
533,460,13386,5,Amazing song!,2024-12-18
534,503,9555,3,Perfect!,2026-04-17
535,579,13980,5,One of my favorites.,2025-08-24
536,892,10535,4,Not bad.,2026-07-23
537,313,12814,1,One of my favorites.,2025-08-01
538,776,12575,1,One of my favorites.,2026-03-17
539,114,5020,3,Really love this track.,2025-09-28
540,265,5418,2,Nice track.,2025-01-28
541,526,16076,3,One of my favorites.,2025-12-18
542,853,16205,2,Not bad.,2025-03-09
543,573,3319,5,Good song.,2026-04-08
544,912,570,4,Worth listening to.,2025-05-17
545,494,811,3,Not bad.,2026-03-10
546,911,11982,5,Perfect!,2024-09-27
547,908,1094,4,Amazing song!,2025-12-31
548,101,6249,4,Amazing song!,2025-08-19
549,892,5287,4,Amazing song!,2025-12-08
550,350,5004,1,Perfect!,2026-05-08
551,269,14464,3,Nice track.,2025-02-25
552,580,3480,1,Very catchy.,2025-03-29
553,707,8917,2,One of my favorites.,2026-02-24
554,289,6943,4,Amazing song!,2026-07-24
555,60,15522,1,Very catchy.,2025-04-08
556,222,7707,5,Really love this track.,2026-07-16
557,521,8269,4,Very catchy.,2024-12-27
558,844,4758,3,One of my favorites.,2024-11-06
559,151,593,4,Worth listening to.,2024-12-21
560,288,7509,4,Really love this track.,2025-12-02
561,18,7648,4,One of my favorites.,2024-12-05
562,264,3917,5,Perfect!,2025-05-02
563,475,9550,4,Great music.,2025-08-16
564,430,5872,1,Good song.,2026-07-17
565,941,12009,4,Perfect!,2026-05-11
566,698,15257,3,Amazing song!,2026-02-03
567,261,12250,3,Very catchy.,2025-06-26
568,400,11133,3,Worth listening to.,2026-08-11
569,532,11252,4,Nice track.,2024-09-14
570,215,470,1,Worth listening to.,2025-02-02
571,987,9846,2,Very catchy.,2025-01-03
572,524,7641,5,Perfect!,2026-05-15
573,735,3660,3,Really love this track.,2025-02-10
574,688,11950,3,Great music.,2025-04-26
575,492,226,4,Worth listening to.,2026-08-05
576,395,11139,3,One of my favorites.,2025-09-29
577,654,1456,1,Very catchy.,2025-09-04
578,616,3150,1,Not bad.,2025-11-12
579,516,1751,5,Worth listening to.,2026-07-08
580,674,9507,4,Great music.,2026-02-28
581,478,3445,4,One of my favorites.,2026-09-07
582,429,13123,3,Not bad.,2026-07-06
583,255,13990,2,Really love this track.,2026-03-08
584,646,5244,2,Great music.,2026-02-11
585,370,15926,2,One of my favorites.,2026-03-31
586,625,4138,5,Not bad.,2026-03-07
587,425,7231,5,Great music.,2024-09-15
588,707,14299,1,Good song.,2025-04-21
589,141,7243,5,Amazing song!,2026-08-19
590,626,576,1,Perfect!,2025-06-05
591,270,1466,1,One of my favorites.,2025-09-28
592,154,7936,2,Amazing song!,2026-03-26
593,752,12995,3,Very catchy.,2025-11-25
594,19,16113,5,Very catchy.,2025-09-06
595,196,4900,3,Nice track.,2026-07-09
596,688,4608,4,Perfect!,2026-07-24
597,981,5355,1,Good song.,2024-12-26
598,298,8065,3,Really love this track.,2025-06-28
599,525,7290,4,Nice track.,2024-12-10
600,315,7480,4,Amazing song!,2026-07-14
601,934,9215,3,Good song.,2025-10-19
602,51,8602,4,Worth listening to.,2025-04-25
603,799,13191,5,One of my favorites.,2026-03-07
604,813,4724,5,Really love this track.,2026-02-02
605,200,10159,1,Nice track.,2024-10-21
606,971,3620,3,Good song.,2025-09-02
607,876,8981,4,Nice track.,2024-09-29
608,434,3681,4,Perfect!,2025-02-16
609,208,12723,4,Good song.,2025-03-08
610,387,12200,4,Nice track.,2026-01-28
611,394,2525,4,Nice track.,2025-12-29
612,573,8943,3,Perfect!,2025-10-27
613,564,2973,4,Amazing song!,2024-12-24
614,373,7606,5,Good song.,2024-11-22
615,326,8514,2,Amazing song!,2025-04-26
616,580,11548,5,Good song.,2025-08-28
617,699,10745,2,Not bad.,2025-11-16
618,735,8224,4,Very catchy.,2026-02-21
619,19,6556,3,Good song.,2026-06-26
620,590,3110,2,Really love this track.,2024-12-31
621,206,4167,4,Good song.,2026-05-05
622,439,10791,1,Very catchy.,2025-03-18
623,353,9061,5,Not bad.,2025-02-07
624,106,8366,5,Worth listening to.,2025-08-22
625,178,13904,4,Worth listening to.,2026-01-25
626,739,1634,2,Not bad.,2026-04-01
627,164,11754,5,Worth listening to.,2026-07-27
628,869,15744,4,Great music.,2025-01-10
629,620,4157,4,Good song.,2026-03-03
630,69,12685,3,Very catchy.,2024-10-24
631,948,11836,2,Great music.,2026-08-31
632,160,8602,1,Nice track.,2025-11-25
633,807,3983,1,Worth listening to.,2026-03-07
634,483,13722,3,Amazing song!,2026-03-11
635,270,8245,4,Not bad.,2025-04-08
636,27,8487,2,Not bad.,2025-05-14
637,603,8125,5,Perfect!,2024-10-30
638,763,7360,2,Worth listening to.,2026-03-22
639,962,14888,4,Very catchy.,2026-08-28
640,701,2052,1,Amazing song!,2025-07-14
641,300,1708,4,Perfect!,2025-09-25
642,58,6790,2,Very catchy.,2025-07-18
643,226,15005,4,Nice track.,2026-04-28
644,724,2938,2,Not bad.,2026-03-31
645,827,1639,1,One of my favorites.,2025-08-22
646,613,9752,2,Really love this track.,2024-09-20
647,464,4970,3,One of my favorites.,2025-07-15
648,202,15550,1,One of my favorites.,2025-02-11
649,30,4183,1,Worth listening to.,2025-07-24
650,539,6312,2,Not bad.,2026-01-13
651,779,11626,2,One of my favorites.,2025-02-28
652,583,7550,1,Really love this track.,2026-02-14
653,421,13904,1,Really love this track.,2024-12-29
654,937,14952,5,Very catchy.,2026-07-02
655,546,14313,1,Nice track.,2026-07-13
656,545,613,3,Very catchy.,2026-05-12
657,164,7566,5,Worth listening to.,2026-05-31
658,582,6093,3,Good song.,2025-10-20
659,389,5964,5,Perfect!,2025-08-08
660,194,11875,3,Good song.,2025-02-13
661,566,901,2,Very catchy.,2024-09-14
662,675,16120,3,Great music.,2024-12-07
663,708,5680,5,Nice track.,2024-11-02
664,20,3128,1,Good song.,2024-12-27
665,61,10070,1,Very catchy.,2026-07-29
666,181,12350,2,Nice track.,2026-05-20
667,14,7743,5,Perfect!,2026-06-14
668,659,4512,3,Good song.,2025-01-06
669,129,5515,4,Worth listening to.,2024-10-02
670,406,6281,2,Good song.,2026-06-11
671,889,15591,1,Perfect!,2026-06-26
672,539,5615,5,Worth listening to.,2024-10-19
673,126,9381,2,Worth listening to.,2026-08-04
674,9,4632,4,Really love this track.,2026-08-01
675,263,1250,2,Good song.,2026-03-24
676,989,6080,3,Nice track.,2026-02-17
677,780,7138,4,Not bad.,2025-10-18
678,759,12219,4,One of my favorites.,2025-04-25
679,530,13150,2,Worth listening to.,2025-10-06
680,396,7966,5,Good song.,2026-08-25
681,48,4479,5,Nice track.,2025-04-07
682,402,5236,3,Really love this track.,2024-12-18
683,811,13806,4,Worth listening to.,2025-07-09
684,892,13502,2,Good song.,2026-06-07
685,995,7965,4,Amazing song!,2025-03-26
686,919,9404,1,Not bad.,2026-05-04
687,651,3991,5,Not bad.,2026-07-18
688,575,734,1,Nice track.,2025-11-06
689,82,7217,2,Very catchy.,2025-02-16
690,472,13559,4,Not bad.,2025-02-16
691,536,12820,3,Perfect!,2026-04-18
692,412,11293,4,Great music.,2025-02-23
693,981,15651,5,One of my favorites.,2025-08-05
694,427,14045,4,Worth listening to.,2026-07-02
695,200,8670,3,Great music.,2025-08-27
696,503,8442,4,Worth listening to.,2026-02-17
697,762,12345,3,Really love this track.,2025-12-02
698,674,12461,4,Not bad.,2025-07-03
699,538,10651,4,One of my favorites.,2024-09-28
700,149,7392,4,Perfect!,2026-05-17
701,849,16434,5,Not bad.,2025-10-11
702,322,15722,1,Really love this track.,2025-01-18
703,744,1859,1,Great music.,2026-09-09
704,745,7157,4,Really love this track.,2026-03-01
705,353,4189,5,Amazing song!,2025-11-04
706,413,6455,5,Good song.,2025-12-25
707,203,3427,2,Amazing song!,2025-07-22
708,263,5464,2,Worth listening to.,2025-10-03
709,213,5872,4,Great music.,2026-03-27
710,96,103,1,Great music.,2026-04-08
711,252,6995,1,Good song.,2026-01-19
712,515,11835,1,Not bad.,2024-11-16
713,900,12400,1,Very catchy.,2026-03-06
714,866,738,3,Nice track.,2025-02-18
715,785,850,2,Very catchy.,2025-07-04
716,198,8452,3,Nice track.,2024-09-17
717,53,13467,2,Great music.,2026-07-04
718,889,9538,1,Really love this track.,2025-05-29
719,333,16490,4,Good song.,2026-01-21
720,920,2435,4,Nice track.,2026-02-18
721,698,144,2,One of my favorites.,2025-03-26
722,753,4015,5,One of my favorites.,2025-12-26
723,534,9081,3,Amazing song!,2026-08-24
724,453,3494,5,Great music.,2025-04-21
725,993,2950,3,One of my favorites.,2026-08-03
726,470,694,2,Nice track.,2025-08-14
727,249,16267,2,Good song.,2026-07-23
728,428,16498,2,Worth listening to.,2026-08-23
729,367,16259,1,Very catchy.,2025-12-20
730,74,10264,1,One of my favorites.,2024-12-23
731,471,14101,1,Perfect!,2024-09-29
732,464,8958,3,Good song.,2025-11-21
733,863,14854,5,Worth listening to.,2025-06-25
734,872,1613,3,Really love this track.,2026-08-24
735,381,10909,3,Great music.,2025-08-02
736,758,50,1,Great music.,2025-04-16
737,539,3884,3,Worth listening to.,2025-11-26
738,764,1787,3,One of my favorites.,2026-03-20
739,748,5226,3,Amazing song!,2026-06-20
740,341,2098,4,Very catchy.,2024-10-21
741,960,4062,3,Amazing song!,2024-12-08
742,760,9895,5,One of my favorites.,2026-07-16
743,330,7867,2,Great music.,2025-02-03
744,706,12813,5,Amazing song!,2025-01-02
745,937,4832,5,Not bad.,2025-04-02
746,966,13935,5,Perfect!,2026-01-06
747,328,587,1,Great music.,2025-06-25
748,352,1698,3,Very catchy.,2026-04-27
749,192,3961,1,Very catchy.,2026-07-16
750,916,5712,2,Really love this track.,2024-11-22
751,131,5671,1,Not bad.,2026-08-17
752,416,9038,1,Perfect!,2025-11-23
753,388,8976,4,Really love this track.,2026-09-03
754,62,15636,5,Great music.,2025-02-25
755,535,11884,2,Good song.,2025-06-28
756,511,13476,2,Great music.,2024-10-19
757,712,6821,4,Perfect!,2026-06-13
758,34,756,2,Perfect!,2026-01-31
759,908,7699,4,Good song.,2026-08-03
760,256,5787,3,Very catchy.,2026-07-22
761,880,16497,4,Nice track.,2024-09-11
762,486,10450,1,Perfect!,2024-11-10
763,495,1639,2,Perfect!,2024-12-04
764,417,2214,3,Perfect!,2026-08-10
765,649,11905,2,Good song.,2025-05-26
766,944,15960,3,Very catchy.,2025-04-25
767,53,6367,5,Really love this track.,2025-07-12
768,182,6777,3,Perfect!,2024-12-05
769,44,9287,1,Great music.,2025-09-15
770,402,6780,4,Nice track.,2025-06-05
771,804,12193,4,Really love this track.,2026-05-15
772,104,2922,3,One of my favorites.,2026-08-10
773,985,456,5,One of my favorites.,2025-10-28
774,564,14921,5,Great music.,2026-03-20
775,464,13522,5,Very catchy.,2026-03-01
776,437,4034,2,Perfect!,2026-08-06
777,175,2802,1,Great music.,2026-03-15
778,44,1824,1,Good song.,2026-01-22
779,747,4196,1,Really love this track.,2024-10-27
780,628,8934,2,Very catchy.,2025-11-05
781,681,1627,2,One of my favorites.,2026-07-24
782,684,12478,5,Amazing song!,2024-10-18
783,71,11497,4,Great music.,2025-02-26
784,940,7745,4,Not bad.,2025-10-22
785,387,4563,5,Not bad.,2026-04-03
786,741,9750,3,Worth listening to.,2025-10-11
787,765,10107,2,Very catchy.,2025-12-03
788,493,9685,4,Perfect!,2026-01-20
789,620,11675,2,One of my favorites.,2026-04-22
790,37,2989,5,Really love this track.,2026-03-30
791,400,826,2,Not bad.,2026-04-05
792,202,316,5,Amazing song!,2024-10-08
793,322,3387,2,Perfect!,2025-04-21
794,358,9231,1,Not bad.,2025-03-28
795,363,7360,1,Great music.,2026-01-19
796,776,3328,4,Good song.,2024-11-02
797,939,8459,5,One of my favorites.,2024-10-28
798,435,11400,5,Good song.,2025-04-17
799,710,9390,3,Perfect!,2024-10-28
800,796,15055,1,Very catchy.,2025-04-10
801,216,10050,2,Really love this track.,2025-03-17
802,343,10091,1,Nice track.,2024-10-30
803,574,1127,2,Great music.,2025-06-08
804,186,13554,1,Nice track.,2025-07-23
805,184,15696,3,Not bad.,2025-07-07
806,592,4150,1,Amazing song!,2026-08-06
807,764,1224,1,Very catchy.,2025-10-11
808,160,6213,3,One of my favorites.,2025-06-02
809,483,9347,4,Very catchy.,2024-11-08
810,625,16112,2,Nice track.,2026-02-26
811,972,11201,3,Very catchy.,2025-02-23
812,660,14120,3,One of my favorites.,2026-06-20
813,540,432,2,Not bad.,2025-05-25
814,753,1479,4,Not bad.,2025-02-06
815,818,6075,1,Very catchy.,2025-10-21
816,765,4751,2,Great music.,2026-01-16
817,446,12848,1,Amazing song!,2026-02-01
818,768,4268,4,Great music.,2024-11-30
819,258,15766,2,Perfect!,2025-04-12
820,615,5975,4,Worth listening to.,2025-10-16
821,84,15650,2,Good song.,2026-01-25
822,169,1199,2,Perfect!,2025-02-26
823,368,13194,5,Amazing song!,2025-09-16
824,946,12905,5,Perfect!,2025-05-10
825,345,11978,5,Good song.,2025-09-01
826,85,14791,4,Really love this track.,2025-05-17
827,794,2685,1,Not bad.,2025-06-11
828,503,3933,2,One of my favorites.,2025-10-08
829,814,10507,5,Good song.,2024-10-19
830,525,6432,2,Amazing song!,2025-02-11
831,864,1697,1,Amazing song!,2024-10-13
832,210,9309,5,Amazing song!,2026-01-09
833,822,16518,1,Nice track.,2026-01-20
834,7,4291,2,Great music.,2024-09-20
835,444,2306,3,Worth listening to.,2024-11-30
836,339,6979,4,Perfect!,2026-08-28
837,328,14963,4,Good song.,2025-07-21
838,533,8013,3,Nice track.,2025-10-17
839,416,15830,3,Worth listening to.,2026-09-04
840,458,7839,4,Really love this track.,2025-05-15
841,81,16254,4,Great music.,2025-07-04
842,269,3473,5,Very catchy.,2025-04-17
843,360,5052,4,Amazing song!,2025-08-24
844,100,1486,2,Very catchy.,2024-12-05
845,905,12207,3,Nice track.,2025-09-24
846,948,8642,2,One of my favorites.,2026-06-26
847,107,3596,2,Very catchy.,2026-06-06
848,76,4246,4,Good song.,2025-08-27
849,558,16529,4,Worth listening to.,2025-11-11
850,828,16124,3,Really love this track.,2025-04-02
851,42,2649,3,Very catchy.,2024-10-09
852,965,11440,4,One of my favorites.,2024-11-20
853,258,5162,3,Really love this track.,2026-09-01
854,739,15823,4,Good song.,2025-12-27
855,701,13316,4,One of my favorites.,2024-10-09
856,606,14247,3,Really love this track.,2025-01-09
857,291,15138,5,Good song.,2026-08-02
858,123,2493,1,Perfect!,2025-09-05
859,291,10708,4,Not bad.,2026-05-17
860,581,15880,4,Good song.,2026-08-20
861,907,4524,5,Good song.,2026-02-03
862,569,14099,5,Nice track.,2024-11-29
863,581,5034,3,Nice track.,2025-07-22
864,469,10714,1,Amazing song!,2026-08-09
865,756,9761,2,One of my favorites.,2025-12-25
866,218,2501,4,Good song.,2025-10-25
867,358,8668,2,Great music.,2026-03-03
868,549,1554,5,Nice track.,2025-11-18
869,144,12351,3,Worth listening to.,2026-01-25
870,406,751,3,Great music.,2026-03-11
871,894,6433,1,Amazing song!,2025-02-16
872,271,563,5,Great music.,2025-09-21
873,828,4352,2,Great music.,2026-03-10
874,268,15275,3,Really love this track.,2024-11-29
875,595,7039,3,Good song.,2025-08-15
876,53,340,3,Perfect!,2024-11-22
877,261,5473,5,Good song.,2024-12-02
878,406,16148,2,Perfect!,2025-06-22
879,373,13527,2,One of my favorites.,2025-10-16
880,196,2311,4,Nice track.,2026-09-01
881,729,6975,4,Amazing song!,2025-07-10
882,183,7216,3,Really love this track.,2025-08-06
883,603,2140,3,Great music.,2026-05-24
884,494,15968,4,Very catchy.,2025-10-17
885,25,2200,2,Amazing song!,2025-08-05
886,4,1323,2,Not bad.,2024-12-07
887,443,7557,4,Amazing song!,2024-11-16
888,856,2771,5,Really love this track.,2025-11-26
889,363,15670,2,Perfect!,2025-11-28
890,867,15432,2,Great music.,2025-09-11
891,26,1755,5,Worth listening to.,2026-06-15
892,956,8307,2,Really love this track.,2026-06-18
893,472,15842,1,Not bad.,2025-07-07
894,479,14569,2,Good song.,2025-08-17
895,959,913,2,Very catchy.,2025-06-14
896,916,277,2,Not bad.,2025-12-04
897,609,11646,2,Great music.,2026-04-05
898,437,3955,5,Good song.,2026-03-18
899,134,15554,1,Really love this track.,2025-10-20
900,5,6018,3,Not bad.,2025-02-14
901,526,1031,4,Great music.,2026-02-08
902,603,16032,5,Very catchy.,2025-02-12
903,324,14402,1,Perfect!,2025-01-13
904,72,6193,4,Not bad.,2025-07-29
905,703,14398,3,One of my favorites.,2024-11-01
906,606,12516,5,Amazing song!,2025-09-16
907,324,9154,5,Perfect!,2026-07-18
908,535,16019,5,One of my favorites.,2024-10-13
909,859,4065,3,Perfect!,2026-03-23
910,363,6113,4,Perfect!,2025-05-18
911,912,5123,5,Amazing song!,2026-07-14
912,327,4204,1,Perfect!,2024-10-02
913,105,1159,5,Great music.,2025-05-27
914,51,8241,3,Very catchy.,2025-11-01
915,897,14156,4,Nice track.,2025-02-19
916,737,11952,4,Nice track.,2025-06-29
917,615,8808,5,Very catchy.,2025-02-05
918,28,7291,5,One of my favorites.,2025-03-28
919,682,3385,4,Amazing song!,2025-06-14
920,912,10492,5,Very catchy.,2026-01-23
921,374,15512,2,Worth listening to.,2025-11-03
922,806,12991,4,Worth listening to.,2024-11-02
923,70,4026,2,Good song.,2025-12-11
924,947,12930,1,Worth listening to.,2025-06-08
925,88,10725,3,Good song.,2025-08-04
926,985,390,5,Great music.,2025-05-23
927,582,14000,3,Nice track.,2025-08-18
928,258,13122,2,Not bad.,2026-03-13
929,972,5295,4,Great music.,2025-01-05
930,461,878,4,Nice track.,2025-11-08
931,658,5364,5,Great music.,2025-06-25
932,795,3383,2,Great music.,2025-03-21
933,316,9276,3,Perfect!,2025-06-21
934,242,9098,2,Perfect!,2025-03-15
935,815,6250,2,Very catchy.,2025-03-22
936,178,5141,4,Worth listening to.,2025-12-04
937,439,15799,5,Great music.,2026-02-02
938,804,1631,4,Amazing song!,2025-12-15
939,566,9158,3,Perfect!,2026-05-02
940,676,8801,2,One of my favorites.,2026-04-25
941,993,106,2,Very catchy.,2025-10-11
942,187,14760,3,Nice track.,2025-01-15
943,639,14103,4,Nice track.,2025-04-18
944,77,1302,1,Amazing song!,2025-01-12
945,486,12612,3,Really love this track.,2025-07-09
946,707,15698,3,Not bad.,2025-07-18
947,450,12366,4,Really love this track.,2026-02-05
948,657,3045,5,Amazing song!,2024-12-30
949,6,12389,4,Worth listening to.,2024-11-23
950,37,6306,4,Great music.,2025-09-09
951,829,2105,5,Worth listening to.,2026-08-15
952,493,8572,4,Worth listening to.,2026-05-07
953,949,709,5,Perfect!,2026-03-09
954,792,8050,5,Great music.,2025-09-20
955,821,9276,3,Very catchy.,2025-05-29
956,993,1395,5,Very catchy.,2025-11-19
957,490,13606,1,One of my favorites.,2024-10-14
958,984,5776,5,Good song.,2024-11-01
959,395,12551,1,Worth listening to.,2026-02-22
960,712,3627,4,Not bad.,2025-05-25
961,521,2110,3,Nice track.,2025-11-03
962,73,12271,1,One of my favorites.,2026-06-05
963,512,2519,3,Very catchy.,2025-04-06
964,422,10210,1,Worth listening to.,2026-09-02
965,154,596,5,One of my favorites.,2025-08-07
966,226,4148,2,Really love this track.,2025-08-09
967,866,11907,5,One of my favorites.,2025-11-10
968,64,12451,5,Amazing song!,2025-09-22
969,556,347,1,Nice track.,2025-12-24
970,452,16239,5,One of my favorites.,2026-07-17
971,49,21,3,Perfect!,2025-02-19
972,998,14463,4,Not bad.,2024-09-14
973,587,5029,1,Great music.,2026-06-05
974,985,7290,2,Perfect!,2026-07-22
975,712,1533,4,Not bad.,2026-05-07
976,675,12726,2,Not bad.,2025-02-15
977,926,16509,5,Amazing song!,2024-09-16
978,651,3738,1,Great music.,2025-01-06
979,741,19,2,Amazing song!,2026-05-16
980,769,14576,1,Nice track.,2025-10-16
981,83,8421,2,Really love this track.,2025-06-02
982,556,2683,5,Good song.,2025-02-16
983,268,11813,2,Amazing song!,2025-01-11
984,564,63,1,Great music.,2026-08-11
985,152,11638,2,Not bad.,2026-06-14
986,94,1605,1,Good song.,2025-09-04
987,945,6844,2,One of my favorites.,2025-01-27
988,437,9821,1,One of my favorites.,2025-09-18
989,303,9592,2,Nice track.,2026-04-19
990,427,2717,2,Really love this track.,2025-07-06
991,907,2122,3,Amazing song!,2025-08-10
992,838,2288,5,Worth listening to.,2025-12-15
993,554,543,2,Really love this track.,2025-11-20
994,378,13149,2,Perfect!,2026-06-03
995,796,6721,1,Great music.,2026-01-26
996,412,9764,2,Really love this track.,2025-03-02
997,419,10706,5,Not bad.,2025-03-28
998,69,10822,4,Perfect!,2025-05-14
999,413,10632,2,Amazing song!,2024-11-04
1000,270,14784,1,Great music.,2026-01-19
1001,502,14087,5,Good song.,2025-06-26
1002,940,15747,5,Amazing song!,2026-06-02
1003,703,9418,2,Really love this track.,2026-04-07
1004,202,13337,4,Perfect!,2026-03-16
1005,254,961,3,Nice track.,2024-10-28
1006,701,10806,5,Amazing song!,2025-01-16
1007,627,240,1,Amazing song!,2025-05-17
1008,331,7560,1,Not bad.,2024-12-17
1009,887,12622,1,Perfect!,2026-07-22
1010,55,2966,4,Good song.,2025-10-18
1011,818,10573,2,Great music.,2025-06-25
1012,216,1837,3,Very catchy.,2025-05-01
1013,641,7493,5,One of my favorites.,2025-08-08
1014,155,8014,3,One of my favorites.,2024-12-02
1015,780,1421,5,Perfect!,2025-03-15
1016,297,12793,1,Good song.,2024-09-14
1017,868,15534,1,Good song.,2026-05-28
1018,864,14826,3,Perfect!,2025-11-07
1019,343,4803,3,Nice track.,2025-09-08
1020,972,13376,5,Really love this track.,2026-06-08
1021,318,10637,1,Perfect!,2025-02-05
1022,213,4693,1,Worth listening to.,2026-08-22
1023,433,9126,4,Amazing song!,2024-09-16
1024,85,16027,2,Perfect!,2025-10-31
1025,720,1491,2,Worth listening to.,2026-08-23
1026,353,14795,2,Amazing song!,2025-11-23
1027,106,16086,3,Amazing song!,2026-08-29
1028,228,6398,1,Not bad.,2025-09-12
1029,203,14972,2,Worth listening to.,2024-12-17
1030,35,341,1,Worth listening to.,2026-07-31
1031,320,7155,2,Very catchy.,2026-03-25
1032,767,14785,5,Really love this track.,2026-06-27
1033,839,1304,2,One of my favorites.,2024-09-17
1034,395,8497,2,Really love this track.,2026-01-20
1035,309,92,4,Amazing song!,2025-08-31
1036,418,6909,1,Good song.,2026-04-28
1037,776,9357,5,One of my favorites.,2026-06-16
1038,170,11762,2,Very catchy.,2025-03-03
1039,521,5869,1,Worth listening to.,2025-11-16
1040,127,2266,2,Great music.,2026-07-14
1041,613,9070,3,Great music.,2026-03-20
1042,943,4515,4,Nice track.,2026-06-29
1043,286,2030,2,Good song.,2025-01-18
1044,691,11649,2,Amazing song!,2025-09-21
1045,97,15340,2,Really love this track.,2026-05-20
1046,248,15738,2,Really love this track.,2025-09-15
1047,559,13156,1,Nice track.,2025-09-10
1048,50,10835,4,Not bad.,2025-08-31
1049,249,16377,3,Very catchy.,2026-08-26
1050,967,5811,2,Worth listening to.,2026-04-14
1051,865,10230,2,Great music.,2026-04-20
1052,798,4807,4,Perfect!,2024-12-10
1053,927,4692,1,Really love this track.,2024-12-13
1054,844,4694,1,Nice track.,2026-07-25
1055,477,13760,4,Worth listening to.,2026-04-24
1056,654,13164,1,Really love this track.,2025-10-05
1057,671,14794,4,Perfect!,2025-04-26
1058,721,5755,5,Nice track.,2024-12-28
1059,929,42,2,Not bad.,2025-05-16
1060,343,14965,1,Great music.,2024-12-19
1061,741,7161,3,Really love this track.,2026-03-03
1062,548,11196,3,One of my favorites.,2026-04-02
1063,256,1225,5,Nice track.,2025-09-19
1064,495,1507,3,Great music.,2026-01-30
1065,936,4633,4,Perfect!,2025-10-07
1066,50,4540,2,Amazing song!,2026-08-27
1067,583,13634,2,Great music.,2025-07-10
1068,793,2598,1,Not bad.,2025-02-12
1069,144,11722,5,Very catchy.,2024-09-11
1070,558,10544,1,Perfect!,2026-05-10
1071,475,6116,3,One of my favorites.,2025-12-23
1072,318,9845,1,Very catchy.,2024-10-28
1073,70,12712,1,Good song.,2024-09-17
1074,557,5889,2,Really love this track.,2025-08-20
1075,356,1469,5,Worth listening to.,2026-08-16
1076,188,14165,3,Really love this track.,2024-11-14
1077,499,7870,1,Good song.,2025-01-02
1078,891,14810,1,Perfect!,2024-11-06
1079,428,2742,3,Good song.,2024-10-18
1080,321,6063,1,Worth listening to.,2026-06-15
1081,188,8688,3,Worth listening to.,2024-12-29
1082,11,1407,3,Great music.,2026-03-21
1083,598,14184,5,Very catchy.,2026-07-09
1084,297,458,4,Perfect!,2025-04-15
1085,713,10724,4,Amazing song!,2024-12-29
1086,291,9274,2,Perfect!,2025-02-08
1087,384,5301,5,Very catchy.,2025-04-28
1088,810,14040,4,Perfect!,2026-02-17
1089,982,8899,5,Perfect!,2025-04-24
1090,194,15528,1,Amazing song!,2025-09-25
1091,549,5139,5,One of my favorites.,2025-02-26
1092,896,10845,1,Perfect!,2026-08-02
1093,115,4618,4,Very catchy.,2026-02-19
1094,316,3625,3,Amazing song!,2024-10-21
1095,529,700,3,Worth listening to.,2025-06-08
1096,835,2204,2,Good song.,2026-04-07
1097,590,12495,3,Amazing song!,2026-02-04
1098,200,15693,1,Perfect!,2025-09-21
1099,768,4136,2,Perfect!,2026-07-02
1100,492,15572,2,Perfect!,2026-06-11
1101,740,8467,5,Perfect!,2026-03-02
1102,480,3669,2,Great music.,2026-02-07
1103,79,356,5,Great music.,2025-08-24
1104,101,9005,5,Amazing song!,2025-09-10
1105,139,5096,1,Worth listening to.,2024-11-22
1106,697,15452,2,Great music.,2026-04-22
1107,630,12015,1,Good song.,2026-01-04
1108,465,3280,1,Really love this track.,2026-06-20
1109,935,2034,2,Really love this track.,2026-09-01
1110,695,3513,2,Very catchy.,2026-05-12
1111,863,5312,1,Nice track.,2026-03-17
1112,121,4675,2,Nice track.,2026-08-13
1113,678,5495,5,Amazing song!,2025-08-08
1114,236,720,1,Not bad.,2026-09-06
1115,306,7609,5,Amazing song!,2024-12-13
1116,994,7983,3,Amazing song!,2026-02-19
1117,113,4033,2,Very catchy.,2025-12-05
1118,465,14018,1,Nice track.,2025-12-07
1119,347,6829,3,Really love this track.,2026-01-14
1120,68,14318,1,Perfect!,2025-09-14
1121,966,2407,3,Perfect!,2024-12-04
1122,993,4496,1,Really love this track.,2025-06-30
1123,547,13306,4,Amazing song!,2025-06-21
1124,908,12494,4,Very catchy.,2026-03-16
1125,721,1822,5,Good song.,2025-12-28
1126,43,4876,4,Not bad.,2025-08-14
1127,803,14952,4,Worth listening to.,2025-06-09
1128,15,9244,5,Nice track.,2026-05-03
1129,737,12612,2,Really love this track.,2025-07-17
1130,203,6262,2,Very catchy.,2025-07-20
1131,634,6485,1,Perfect!,2026-05-01
1132,731,16217,5,Amazing song!,2025-08-30
1133,377,10764,3,Very catchy.,2025-07-23
1134,177,5751,5,Really love this track.,2025-04-28
1135,423,788,2,Worth listening to.,2024-10-12
1136,834,3806,5,Really love this track.,2025-12-26
1137,904,3047,5,Amazing song!,2025-12-28
1138,91,11575,1,Really love this track.,2026-03-26
1139,19,10009,3,Good song.,2026-02-22
1140,869,6244,4,Perfect!,2025-07-01
1141,203,4168,4,Perfect!,2025-10-23
1142,34,10812,4,Nice track.,2026-07-06
1143,63,7837,1,Not bad.,2025-03-12
1144,178,7558,3,Great music.,2025-02-09
1145,498,2544,3,Not bad.,2025-04-22
1146,936,4204,4,Amazing song!,2026-05-09
1147,719,14786,1,Perfect!,2025-04-05
1148,502,16249,1,Not bad.,2024-09-23
1149,802,1760,2,Really love this track.,2024-09-24
1150,705,12673,4,Nice track.,2026-01-01
1151,204,7961,3,Good song.,2026-03-19
1152,916,12856,1,Perfect!,2025-06-22
1153,742,2123,4,Amazing song!,2025-01-07
1154,962,6556,2,Great music.,2025-01-14
1155,219,2082,2,Worth listening to.,2026-09-08
1156,167,1663,1,Very catchy.,2026-06-13
1157,764,2407,3,One of my favorites.,2026-06-25
1158,233,7615,3,Perfect!,2025-04-17
1159,967,9825,5,Great music.,2024-12-27
1160,662,13390,4,Perfect!,2026-02-16
1161,220,8844,2,Good song.,2025-07-03
1162,60,6640,2,Great music.,2026-02-22
1163,328,14268,1,Not bad.,2026-03-18
1164,3,1905,3,Not bad.,2025-06-21
1165,564,23,2,Worth listening to.,2025-02-10
1166,569,16545,3,Worth listening to.,2026-05-10
1167,650,6856,5,Worth listening to.,2025-09-02
1168,770,14091,4,One of my favorites.,2026-01-08
1169,138,265,3,Worth listening to.,2025-02-13
1170,444,7919,4,Great music.,2026-03-04
1171,191,10479,4,Great music.,2025-01-30
1172,205,6213,5,Not bad.,2024-12-18
1173,740,6749,2,One of my favorites.,2026-06-23
1174,163,12632,3,Perfect!,2024-11-18
1175,851,5570,1,Great music.,2025-12-05
1176,152,13934,3,Amazing song!,2024-11-08
1177,71,10828,5,One of my favorites.,2026-04-24
1178,255,7202,5,Worth listening to.,2025-03-30
1179,766,13339,4,Nice track.,2025-03-19
1180,213,13621,2,Not bad.,2026-01-08
1181,452,9436,5,Very catchy.,2026-03-11
1182,72,2799,4,Very catchy.,2024-09-21
1183,610,10813,5,Very catchy.,2025-09-02
1184,369,7452,3,Great music.,2024-09-27
1185,462,1264,4,One of my favorites.,2025-06-19
1186,759,5163,5,Worth listening to.,2026-03-03
1187,370,7862,2,Good song.,2025-04-19
1188,748,11686,4,Good song.,2025-09-17
1189,517,12985,2,One of my favorites.,2026-02-14
1190,87,13926,5,Really love this track.,2025-03-18
1191,335,4606,5,Worth listening to.,2025-08-04
1192,722,5806,4,Perfect!,2024-10-19
1193,152,7868,4,Great music.,2026-04-26
1194,949,564,2,Perfect!,2024-12-08
1195,167,40,2,Good song.,2025-05-28
1196,657,12470,2,One of my favorites.,2025-09-28
1197,375,7159,3,Amazing song!,2026-05-16
1198,629,15377,4,Great music.,2026-01-21
1199,321,8091,1,Really love this track.,2025-12-10
1200,706,10642,4,Nice track.,2024-12-08
1201,188,6515,2,One of my favorites.,2024-11-14
1202,217,12171,3,Amazing song!,2026-08-17
1203,469,12126,1,Very catchy.,2025-05-24
1204,524,9618,2,Really love this track.,2024-10-09
1205,937,1385,3,Nice track.,2026-04-12
1206,601,1436,2,Very catchy.,2026-03-10
1207,485,12107,3,Great music.,2024-11-24
1208,631,13622,4,One of my favorites.,2024-10-15
1209,928,15794,4,Great music.,2024-11-03
1210,429,14161,5,Worth listening to.,2025-07-16
1211,487,5471,4,Great music.,2026-03-15
1212,12,6410,2,One of my favorites.,2026-06-16
1213,60,9339,3,Perfect!,2026-08-18
1214,310,1408,1,Very catchy.,2025-01-06
1215,443,13278,3,Very catchy.,2025-08-02
1216,817,2902,3,Good song.,2024-09-17
1217,60,4909,1,Very catchy.,2024-10-04
1218,512,6467,2,Very catchy.,2025-10-07
1219,266,2799,3,Great music.,2024-10-06
1220,680,10252,1,Really love this track.,2024-12-24
1221,956,9369,1,Perfect!,2025-07-19
1222,204,9505,3,Very catchy.,2025-06-08
1223,379,14690,5,Very catchy.,2025-11-20
1224,341,7753,3,Not bad.,2025-11-29
1225,506,16222,3,Perfect!,2026-03-22
1226,282,14528,3,Great music.,2025-02-20
1227,617,12532,1,Worth listening to.,2026-02-12
1228,294,7183,5,Very catchy.,2025-04-02
1229,593,7745,2,Very catchy.,2026-06-29
1230,978,10030,4,One of my favorites.,2025-09-10
1231,21,9505,5,Really love this track.,2026-08-18
1232,976,5002,3,Really love this track.,2025-05-30
1233,613,4950,2,Not bad.,2025-12-19
1234,726,14690,1,Really love this track.,2025-08-30
1235,355,225,4,Very catchy.,2026-07-13
1236,392,15339,4,Not bad.,2025-11-17
1237,841,13179,2,Very catchy.,2026-08-25
1238,667,14046,4,Very catchy.,2026-07-06
1239,335,12553,2,Not bad.,2025-02-15
1240,655,11777,5,Worth listening to.,2025-03-01
1241,827,9080,4,Great music.,2025-05-16
1242,423,13191,3,Perfect!,2025-04-23
1243,503,16567,2,Good song.,2025-10-10
1244,328,2980,2,Not bad.,2025-10-04
1245,660,10889,5,Worth listening to.,2026-03-19
1246,524,15458,4,Good song.,2025-02-18
1247,374,14238,5,Really love this track.,2025-06-16
1248,52,9986,3,One of my favorites.,2025-09-28
1249,876,11187,1,Amazing song!,2026-08-06
1250,394,13133,4,Good song.,2024-11-19
1251,883,9914,1,Very catchy.,2025-12-21
1252,853,15633,3,Really love this track.,2025-02-03
1253,958,14932,5,One of my favorites.,2024-12-03
1254,704,11080,3,Perfect!,2025-04-19
1255,728,11437,5,Great music.,2025-11-28
1256,377,8470,2,Amazing song!,2025-07-20
1257,5,10813,3,Perfect!,2025-09-12
1258,671,14057,5,Great music.,2025-11-27
1259,680,3031,3,Good song.,2024-11-20
1260,612,12430,2,Really love this track.,2026-06-08
1261,158,6598,1,Worth listening to.,2025-03-25
1262,691,15463,1,Great music.,2025-07-06
1263,615,14650,3,Nice track.,2025-03-18
1264,580,15861,3,One of my favorites.,2026-08-08
1265,945,16282,4,Worth listening to.,2026-03-17
1266,496,5839,4,Great music.,2025-10-08
1267,525,11495,3,One of my favorites.,2026-08-29
1268,547,408,1,Really love this track.,2025-07-28
1269,531,10263,3,Nice track.,2026-01-16
1270,703,7071,1,Nice track.,2025-07-08
1271,479,3391,4,Not bad.,2026-07-05
1272,331,5213,4,Really love this track.,2025-04-19
1273,809,3791,1,Nice track.,2026-02-20
1274,828,1818,5,Nice track.,2026-06-19
1275,516,10628,2,Perfect!,2025-03-16
1276,932,15939,3,Not bad.,2026-06-03
1277,373,7839,1,Great music.,2025-01-09
1278,199,12907,1,Worth listening to.,2024-09-28
1279,226,8580,4,Not bad.,2026-07-23
1280,783,16570,1,Nice track.,2025-02-19
1281,367,1874,3,Amazing song!,2024-11-21
1282,890,3901,4,Really love this track.,2025-09-30
1283,900,6309,3,Perfect!,2026-03-03
1284,76,2893,1,Good song.,2024-12-27
1285,146,4386,5,Amazing song!,2026-06-07
1286,421,8526,1,Really love this track.,2026-02-03
1287,799,15531,2,Good song.,2025-07-24
1288,381,13557,1,Great music.,2025-08-05
1289,866,15292,2,Really love this track.,2025-06-21
1290,412,6491,4,Amazing song!,2025-01-02
1291,286,12502,1,Very catchy.,2026-05-08
1292,233,4045,1,Great music.,2025-10-18
1293,133,2875,4,Great music.,2024-12-30
1294,79,10223,5,Not bad.,2025-05-10
1295,215,11575,5,Nice track.,2025-07-13
1296,320,8888,5,One of my favorites.,2025-11-03
1297,189,10354,2,Really love this track.,2025-05-27
1298,308,1186,2,Amazing song!,2025-04-03
1299,600,11157,5,Nice track.,2026-07-09
1300,777,14991,1,Very catchy.,2026-08-02
1301,489,13770,5,Worth listening to.,2025-12-15
1302,479,8881,3,Great music.,2026-08-12
1303,770,7367,3,Amazing song!,2025-01-18
1304,97,6335,4,Not bad.,2026-03-24
1305,310,11812,4,Nice track.,2025-10-02
1306,281,265,5,Not bad.,2026-02-13
1307,168,10416,4,Worth listening to.,2024-12-19
1308,853,6089,3,Great music.,2025-04-24
1309,464,652,1,Amazing song!,2024-09-13
1310,469,730,1,Very catchy.,2024-10-11
1311,539,8,1,Very catchy.,2026-06-02
1312,358,7315,3,Great music.,2024-10-07
1313,912,4454,3,Nice track.,2026-02-28
1314,736,12859,1,Perfect!,2026-07-26
1315,342,4338,2,Perfect!,2026-04-04
1316,192,3347,2,One of my favorites.,2026-02-17
1317,648,6330,5,Nice track.,2026-02-03
1318,676,9058,1,Good song.,2024-12-29
1319,946,251,5,Good song.,2024-09-27
1320,775,15416,2,Worth listening to.,2025-11-09
1321,356,974,3,Not bad.,2025-07-11
1322,954,13203,5,Very catchy.,2026-02-08
1323,935,8760,4,Good song.,2024-10-19
1324,597,12148,4,Nice track.,2024-11-17
1325,323,15026,2,Perfect!,2025-05-05
1326,430,9527,5,Worth listening to.,2026-02-10
1327,423,10534,2,Not bad.,2026-04-13
1328,758,14725,2,Amazing song!,2025-06-30
1329,359,2413,3,Good song.,2026-05-17
1330,680,13085,4,Perfect!,2024-09-24
1331,933,11279,5,Perfect!,2025-05-17
1332,948,16283,5,Worth listening to.,2024-11-16
1333,605,10696,2,Nice track.,2025-12-12
1334,529,5453,4,Nice track.,2024-09-29
1335,952,14712,1,Perfect!,2025-11-19
1336,33,10470,3,Really love this track.,2026-04-28
1337,281,5876,1,Good song.,2025-05-31
1338,901,6493,5,One of my favorites.,2025-04-16
1339,445,10414,5,Very catchy.,2025-02-19
1340,669,508,5,Really love this track.,2026-06-12
1341,675,13091,3,Amazing song!,2024-12-31
1342,393,1364,3,One of my favorites.,2025-09-30
1343,584,4867,5,Amazing song!,2026-07-24
1344,900,4578,2,Good song.,2024-12-08
1345,222,3202,4,Amazing song!,2025-07-19
1346,282,5468,2,Worth listening to.,2026-01-30
1347,557,7622,3,Worth listening to.,2025-02-15
1348,114,13697,4,Not bad.,2026-03-31
1349,702,14133,4,Nice track.,2024-10-25
1350,164,8859,1,Not bad.,2026-07-25
1351,138,7675,4,One of my favorites.,2026-01-24
1352,348,803,3,Very catchy.,2026-03-05
1353,420,154,4,Nice track.,2026-03-28
1354,994,9582,1,Perfect!,2025-02-11
1355,8,3135,3,Really love this track.,2025-03-12
1356,913,3241,2,Really love this track.,2025-05-17
1357,801,785,1,Really love this track.,2026-08-09
1358,940,4098,5,Very catchy.,2025-08-03
1359,990,1475,2,Nice track.,2026-06-29
1360,252,3495,2,Great music.,2026-02-02
1361,272,11812,4,Very catchy.,2026-08-18
1362,582,8325,3,Really love this track.,2025-02-26
1363,217,9890,5,Amazing song!,2025-07-04
1364,69,6757,2,Very catchy.,2025-12-19
1365,309,14323,3,Not bad.,2026-03-18
1366,905,4814,3,Amazing song!,2026-04-26
1367,564,4521,5,Good song.,2026-06-19
1368,53,1565,5,One of my favorites.,2026-08-08
1369,247,9015,3,Nice track.,2025-02-13
1370,709,14967,3,One of my favorites.,2026-06-03
1371,40,9210,3,Great music.,2024-09-20
1372,363,10129,3,One of my favorites.,2024-11-19
1373,939,11228,4,Perfect!,2026-08-16
1374,254,13340,5,Good song.,2024-10-26
1375,964,15422,1,Perfect!,2024-10-25
1376,663,12047,4,Good song.,2026-03-26
1377,756,7845,3,Perfect!,2024-10-10
1378,642,10941,2,Perfect!,2025-12-12
1379,608,5466,3,Worth listening to.,2024-10-21
1380,547,13858,3,Great music.,2025-10-24
1381,934,12281,3,Really love this track.,2026-06-10
1382,784,11290,2,Great music.,2025-12-17
1383,268,7990,3,Worth listening to.,2025-12-12
1384,529,14218,3,Nice track.,2025-03-12
1385,357,11482,4,Not bad.,2024-11-01
1386,589,8836,1,Really love this track.,2025-11-14
1387,47,14703,4,Good song.,2025-08-21
1388,889,15958,2,Great music.,2025-10-20
1389,798,3762,4,Not bad.,2024-12-08
1390,839,7964,2,Not bad.,2026-03-29
1391,54,8677,3,Not bad.,2024-09-13
1392,752,10476,4,Good song.,2026-06-01
1393,957,9676,2,One of my favorites.,2026-09-11
1394,138,2440,5,Nice track.,2025-05-09
1395,928,3956,4,Very catchy.,2026-07-06
1396,475,2964,5,Not bad.,2026-06-12
1397,225,6465,5,Amazing song!,2025-10-28
1398,812,1566,2,Amazing song!,2024-10-15
1399,371,8505,2,Worth listening to.,2025-01-23
1400,268,419,3,Very catchy.,2025-10-25
1401,500,3960,1,Perfect!,2026-01-23
1402,801,919,1,Amazing song!,2025-03-09
1403,654,10025,5,Very catchy.,2025-05-29
1404,15,14468,1,Good song.,2026-03-07
1405,189,14126,5,Really love this track.,2025-04-15
1406,60,5085,2,Very catchy.,2024-10-31
1407,490,468,2,Nice track.,2025-05-29
1408,805,15792,5,Good song.,2025-11-07
1409,360,6545,4,Good song.,2026-07-27
1410,210,9984,2,Worth listening to.,2025-12-21
1411,931,1150,3,Really love this track.,2026-04-21
1412,564,1622,2,Not bad.,2025-01-28
1413,763,13580,4,Nice track.,2026-01-09
1414,135,12025,2,Good song.,2026-02-23
1415,106,11095,2,Not bad.,2024-10-20
1416,608,5829,3,Nice track.,2026-01-06
1417,398,4033,1,Very catchy.,2026-04-08
1418,425,12538,2,Nice track.,2025-03-08
1419,721,13354,2,Amazing song!,2024-10-19
1420,86,13072,3,Amazing song!,2026-08-29
1421,792,5421,5,Good song.,2025-04-02
1422,917,10785,2,Amazing song!,2026-03-13
1423,193,2352,4,One of my favorites.,2025-03-01
1424,903,13065,2,Very catchy.,2026-01-15
1425,39,12731,4,Really love this track.,2025-08-21
1426,645,14756,1,Worth listening to.,2025-08-01
1427,474,14874,5,Perfect!,2025-08-06
1428,43,7777,5,Perfect!,2024-11-18
1429,278,10798,2,Perfect!,2025-03-18
1430,469,14301,2,Worth listening to.,2026-05-02
1431,316,473,2,Nice track.,2025-08-01
1432,377,6081,3,Not bad.,2025-07-13
1433,755,16092,2,One of my favorites.,2025-01-21
1434,906,5119,5,Amazing song!,2025-10-30
1435,968,4536,3,Really love this track.,2026-08-23
1436,825,10149,5,Really love this track.,2026-01-23
1437,305,14809,4,Really love this track.,2024-09-30
1438,44,1936,4,Amazing song!,2025-10-13
1439,448,12148,2,One of my favorites.,2026-05-16
1440,361,15118,2,Amazing song!,2026-06-02
1441,213,10790,5,Good song.,2024-11-13
1442,707,13311,3,Very catchy.,2024-12-28
1443,633,530,1,Worth listening to.,2024-12-26
1444,550,761,3,One of my favorites.,2026-02-16
1445,11,483,4,Nice track.,2026-01-17
1446,838,9795,1,Great music.,2025-08-10
1447,358,3974,1,Not bad.,2025-10-19
1448,25,12661,2,Really love this track.,2024-11-01
1449,713,12015,2,Perfect!,2025-06-08
1450,782,7419,5,Worth listening to.,2026-07-05
1451,656,11252,1,Great music.,2026-07-15
1452,257,4336,1,Amazing song!,2026-04-25
1453,394,13201,5,One of my favorites.,2025-11-29
1454,210,6964,4,Perfect!,2025-05-04
1455,221,10506,4,Perfect!,2026-05-09
1456,137,5668,4,Perfect!,2025-09-02
1457,505,14237,4,One of my favorites.,2026-08-06
1458,99,13549,4,Good song.,2026-03-06
1459,742,11669,4,Nice track.,2025-03-29
1460,947,2504,3,Good song.,2026-05-01
1461,632,5381,3,Very catchy.,2025-09-01
1462,916,2925,3,Not bad.,2026-06-30
1463,272,5075,1,One of my favorites.,2024-09-13
1464,260,11925,3,Worth listening to.,2026-07-20
1465,297,3856,1,Not bad.,2025-06-07
1466,498,16412,3,Very catchy.,2026-08-19
1467,462,6138,2,Good song.,2026-03-22
1468,852,8804,1,Really love this track.,2025-03-01
1469,114,2422,1,Great music.,2024-11-07
1470,812,13835,4,Not bad.,2026-06-16
1471,774,2697,2,Not bad.,2026-07-13
1472,381,14551,3,Good song.,2024-11-18
1473,964,8456,2,One of my favorites.,2024-10-09
1474,226,125,1,Worth listening to.,2025-06-08
1475,635,13650,5,Great music.,2026-02-21
1476,164,5397,2,One of my favorites.,2025-11-11
1477,61,317,2,Really love this track.,2025-02-22
1478,499,14772,2,Good song.,2026-02-16
1479,116,253,1,Very catchy.,2026-05-09
1480,158,12264,5,Good song.,2026-04-10
1481,616,10927,3,Amazing song!,2025-03-19
1482,356,7553,4,Amazing song!,2024-09-17
1483,839,8461,2,Nice track.,2026-07-12
1484,277,615,3,Amazing song!,2025-12-31
1485,989,3561,4,Great music.,2025-08-13
1486,899,9000,4,Amazing song!,2025-10-02
1487,601,5142,4,Perfect!,2026-09-03
1488,293,4989,3,Really love this track.,2025-02-15
1489,635,6187,3,Really love this track.,2025-12-24
1490,81,8782,3,Very catchy.,2025-08-24
1491,79,7955,5,Perfect!,2026-01-04
1492,707,3057,4,Great music.,2025-10-07
1493,970,7897,1,Nice track.,2025-04-24
1494,292,371,3,Worth listening to.,2024-12-28
1495,417,5964,2,Very catchy.,2024-11-23
1496,601,4324,2,Perfect!,2025-11-18
1497,962,9699,5,Perfect!,2025-12-09
1498,704,4745,2,Amazing song!,2024-12-16
1499,191,3931,2,Not bad.,2026-04-14
1500,848,4201,3,Amazing song!,2025-05-08
1501,829,7894,4,Not bad.,2024-12-28
1502,555,11038,3,Perfect!,2026-02-11
1503,431,13446,2,Good song.,2025-08-04
1504,937,16058,2,Amazing song!,2025-12-26
1505,63,255,2,One of my favorites.,2025-03-10
1506,704,14544,3,Worth listening to.,2025-09-14
1507,983,9758,5,One of my favorites.,2025-07-25
1508,616,12445,4,Perfect!,2026-04-03
1509,638,5559,1,Great music.,2026-07-13
1510,290,14675,3,Worth listening to.,2025-06-14
1511,648,10936,2,Worth listening to.,2026-01-27
1512,619,5051,3,Worth listening to.,2024-10-03
1513,345,13150,5,Not bad.,2026-04-22
1514,777,10858,1,Not bad.,2026-03-30
1515,68,10132,5,Very catchy.,2024-11-30
1516,622,5322,5,Good song.,2025-07-22
1517,577,10238,1,Nice track.,2026-06-03
1518,861,4813,3,Not bad.,2025-09-23
1519,493,9113,5,Really love this track.,2025-08-08
1520,509,13258,5,Very catchy.,2025-09-18
1521,179,6967,3,Nice track.,2026-03-01
1522,63,9236,3,Very catchy.,2026-07-16
1523,620,14257,4,Very catchy.,2024-11-26
1524,326,7660,3,Great music.,2025-10-11
1525,118,46,2,Not bad.,2025-09-30
1526,346,10527,1,Amazing song!,2025-09-17
1527,766,14496,3,Really love this track.,2025-07-17
1528,76,16264,3,Great music.,2026-07-18
1529,295,847,3,Great music.,2026-08-09
1530,974,8783,5,Nice track.,2024-12-17
1531,437,2657,4,Worth listening to.,2026-02-04
1532,588,13443,3,Good song.,2025-10-28
1533,572,10695,3,Perfect!,2025-11-06
1534,992,7605,1,Really love this track.,2026-06-02
1535,863,2536,5,Not bad.,2025-02-26
1536,830,8775,4,Perfect!,2025-07-25
1537,248,14506,5,Good song.,2026-08-31
1538,819,13312,1,Really love this track.,2025-03-13
1539,681,15068,3,Nice track.,2025-08-12
1540,86,13461,4,Amazing song!,2025-11-08
1541,716,1025,5,One of my favorites.,2025-10-24
1542,72,7110,4,Perfect!,2026-08-15
1543,210,3139,2,Good song.,2026-02-09
1544,251,962,1,Great music.,2026-02-10
1545,330,1255,5,Amazing song!,2025-06-15
1546,557,2429,1,Very catchy.,2024-09-30
1547,211,5993,1,Perfect!,2024-11-18
1548,782,6977,4,Amazing song!,2026-03-31
1549,708,4813,4,One of my favorites.,2026-02-01
1550,760,15068,3,Nice track.,2025-07-15
1551,63,15665,1,One of my favorites.,2026-07-25
1552,48,3491,1,Nice track.,2026-05-06
1553,994,4389,1,One of my favorites.,2026-05-11
1554,896,7264,3,Amazing song!,2026-01-21
1555,696,10882,4,Not bad.,2025-01-14
1556,837,12053,5,Great music.,2025-09-03
1557,909,7728,1,Nice track.,2026-08-29
1558,21,2836,3,Good song.,2025-07-19
1559,348,5180,4,Good song.,2025-01-22
1560,155,850,2,Perfect!,2025-12-14
1561,406,4367,3,Very catchy.,2025-01-12
1562,69,1335,2,Worth listening to.,2025-01-31
1563,576,5044,2,Great music.,2025-08-07
1564,552,10608,5,Nice track.,2025-08-12
1565,619,5414,4,Worth listening to.,2025-08-14
1566,786,158,3,Really love this track.,2025-08-21
1567,161,10723,3,Amazing song!,2025-10-15
1568,13,5641,4,Nice track.,2026-06-18
1569,474,6982,5,Worth listening to.,2026-03-01
1570,832,10662,1,Good song.,2025-10-15
1571,465,11363,3,Perfect!,2024-09-19
1572,212,4767,1,Good song.,2025-11-27
1573,695,16255,3,Nice track.,2026-03-08
1574,389,8372,4,Really love this track.,2026-02-27
1575,339,6528,4,Nice track.,2025-02-09
1576,779,13216,5,Not bad.,2025-08-24
1577,227,12245,3,Amazing song!,2026-01-23
1578,191,4186,5,One of my favorites.,2025-07-16
1579,654,1207,4,One of my favorites.,2024-11-16
1580,125,8262,4,Very catchy.,2025-07-14
1581,24,3026,4,Amazing song!,2026-06-07
1582,835,13562,3,Not bad.,2025-05-21
1583,9,14503,3,Good song.,2025-01-20
1584,691,6458,1,Nice track.,2025-02-03
1585,793,14319,1,Really love this track.,2025-11-12
1586,757,12410,2,One of my favorites.,2026-08-24
1587,428,6987,5,Good song.,2026-01-21
1588,218,9392,4,One of my favorites.,2025-12-22
1589,307,15328,2,Great music.,2026-02-18
1590,404,4186,3,Good song.,2026-08-04
1591,940,12797,1,Worth listening to.,2026-03-19
1592,701,1669,2,Good song.,2025-11-02
1593,403,4190,4,Not bad.,2025-12-28
1594,797,3363,4,Really love this track.,2024-09-11
1595,146,15676,5,Great music.,2025-09-06
1596,581,15079,1,Great music.,2025-04-25
1597,916,15557,4,Not bad.,2025-12-06
1598,816,13404,4,Very catchy.,2025-12-08
1599,816,11189,5,Nice track.,2025-03-17
1600,532,10198,5,Perfect!,2026-05-31
1601,929,4650,5,Very catchy.,2025-05-15
1602,25,16554,5,Perfect!,2025-11-24
1603,622,16544,5,Worth listening to.,2025-10-31
1604,509,1620,5,Nice track.,2024-12-02
1605,947,13860,2,Really love this track.,2024-12-25
1606,677,3419,5,Nice track.,2025-05-20
1607,501,7098,2,Amazing song!,2025-06-03
1608,156,9803,3,Great music.,2026-01-07
1609,982,1022,4,Amazing song!,2025-09-16
1610,493,7395,3,One of my favorites.,2025-09-19
1611,334,13229,4,Not bad.,2025-09-07
1612,253,16044,2,Great music.,2025-01-07
1613,893,10483,3,Not bad.,2025-08-13
1614,795,7696,1,Nice track.,2025-05-19
1615,509,9325,3,Great music.,2025-12-23
1616,321,11489,2,Amazing song!,2026-06-22
1617,256,2463,1,Great music.,2025-10-01
1618,358,6123,4,Very catchy.,2025-07-03
1619,26,7599,4,Not bad.,2025-04-29
1620,814,6928,1,Really love this track.,2024-09-30
1621,907,2918,4,Nice track.,2025-11-11
1622,967,983,2,Really love this track.,2026-06-24
1623,951,10838,5,Really love this track.,2025-02-03
1624,605,5771,5,Worth listening to.,2026-08-20
1625,426,107,4,One of my favorites.,2025-11-17
1626,322,12064,4,Amazing song!,2025-06-24
1627,319,5902,5,Good song.,2026-04-10
1628,3,15465,3,One of my favorites.,2025-10-29
1629,5,16063,4,Amazing song!,2024-09-30
1630,841,7704,4,Great music.,2025-05-15
1631,78,10391,2,One of my favorites.,2024-10-03
1632,756,9323,1,Nice track.,2026-08-29
1633,811,591,2,Good song.,2024-11-06
1634,736,9573,4,Perfect!,2026-08-25
1635,359,13824,2,Good song.,2026-03-16
1636,326,3030,4,Perfect!,2026-09-07
1637,472,4545,3,Nice track.,2025-04-24
1638,78,2928,5,Very catchy.,2024-12-16
1639,582,13078,2,Not bad.,2026-05-04
1640,320,11092,5,Very catchy.,2025-08-19
1641,404,10268,1,Amazing song!,2024-12-04
1642,285,5392,3,Amazing song!,2026-08-04
1643,570,15175,1,One of my favorites.,2026-05-10
1644,653,6313,2,Perfect!,2025-07-09
1645,26,12042,2,Amazing song!,2025-05-25
1646,205,8109,2,Great music.,2025-09-21
1647,726,12948,3,Worth listening to.,2025-11-13
1648,304,9283,2,Perfect!,2025-12-07
1649,994,6054,3,Nice track.,2025-02-04
1650,782,14011,2,Good song.,2025-11-29
1651,474,9694,2,One of my favorites.,2024-11-04
1652,930,1868,3,Nice track.,2026-06-12
1653,45,9288,1,Really love this track.,2024-12-28
1654,515,606,5,Worth listening to.,2025-12-13
1655,982,14338,2,Amazing song!,2026-07-13
1656,822,7933,2,Worth listening to.,2025-06-11
1657,228,13610,1,Nice track.,2026-07-16
1658,920,4038,5,Good song.,2025-07-15
1659,918,8166,5,Nice track.,2025-06-10
1660,121,9054,2,Really love this track.,2026-05-26
1661,105,12493,5,Good song.,2024-11-22
1662,474,15184,2,Really love this track.,2025-10-31
1663,130,7009,1,Really love this track.,2025-10-29
1664,479,15299,2,Worth listening to.,2025-08-19
1665,44,7494,1,Perfect!,2024-11-12
1666,264,8958,4,Not bad.,2026-01-27
1667,417,8005,1,One of my favorites.,2024-12-08
1668,281,8898,4,Nice track.,2026-06-26
1669,821,6139,4,Nice track.,2025-05-08
1670,850,2639,2,Nice track.,2025-10-24
1671,246,1478,5,Very catchy.,2025-08-09
1672,53,5513,4,Great music.,2024-10-11
1673,399,1720,5,Really love this track.,2024-10-24
1674,431,15487,2,Great music.,2026-07-21
1675,615,13847,4,Good song.,2026-01-30
1676,949,10754,5,Worth listening to.,2025-06-18
1677,248,16534,3,Good song.,2026-05-05
1678,40,555,1,One of my favorites.,2024-10-14
1679,444,10767,2,Perfect!,2024-09-14
1680,795,6086,5,Amazing song!,2026-03-22
1681,590,8835,2,Not bad.,2025-12-23
1682,947,13539,3,Amazing song!,2025-01-31
1683,1,6225,2,Perfect!,2025-04-02
1684,143,15205,3,One of my favorites.,2025-04-08
1685,675,2234,3,One of my favorites.,2025-12-16
1686,740,10994,1,One of my favorites.,2026-03-11
1687,799,1775,2,Very catchy.,2026-01-20
1688,599,7608,3,Great music.,2025-01-29
1689,418,4335,4,Good song.,2025-10-22
1690,201,8767,4,Perfect!,2025-08-24
1691,39,9900,1,Not bad.,2025-11-20
1692,429,10580,3,Amazing song!,2026-06-21
1693,321,201,2,Amazing song!,2026-08-02
1694,756,8760,3,Nice track.,2025-09-27
1695,234,8126,5,Perfect!,2025-06-09
1696,308,1430,5,Amazing song!,2026-01-20
1697,712,8424,4,Really love this track.,2025-09-05
1698,395,12918,2,Nice track.,2024-10-19
1699,371,14547,3,Great music.,2026-01-10
1700,130,2592,3,Not bad.,2025-03-10
1701,129,11227,3,Worth listening to.,2026-01-23
1702,821,6610,5,Really love this track.,2024-09-23
1703,587,27,5,Good song.,2026-05-05
1704,561,4993,2,Not bad.,2024-12-29
1705,270,8493,5,One of my favorites.,2025-12-12
1706,941,6446,5,Worth listening to.,2025-02-10
1707,607,7324,2,Amazing song!,2024-09-24
1708,170,9538,1,Good song.,2024-12-15
1709,445,2832,1,Very catchy.,2024-11-28
1710,858,32,5,Perfect!,2026-04-01
1711,42,1661,4,Perfect!,2026-07-24
1712,403,4821,4,Very catchy.,2025-01-05
1713,441,912,5,Really love this track.,2025-06-02
1714,516,13100,2,Nice track.,2026-01-16
1715,153,445,1,Nice track.,2024-09-21
1716,928,11058,3,Perfect!,2024-10-30
1717,620,6741,4,Good song.,2026-01-24
1718,749,2425,2,Worth listening to.,2025-10-09
1719,446,4639,2,Great music.,2025-07-12
1720,69,13054,4,Really love this track.,2026-06-22
1721,895,2250,5,Good song.,2026-01-09
1722,817,11227,3,Not bad.,2024-10-09
1723,419,14564,1,Great music.,2025-09-29
1724,784,8835,5,Very catchy.,2025-04-12
1725,718,12911,5,Very catchy.,2025-01-21
1726,44,394,5,Very catchy.,2025-11-28
1727,252,572,2,Very catchy.,2026-04-19
1728,642,5453,3,Perfect!,2024-09-28
1729,946,16481,4,Nice track.,2025-07-19
1730,979,3826,4,Really love this track.,2026-02-06
1731,397,9594,2,Worth listening to.,2026-01-23
1732,289,3379,5,Nice track.,2025-12-21
1733,140,16088,3,Good song.,2025-06-05
1734,682,7740,1,Amazing song!,2025-01-04
1735,298,8797,5,Really love this track.,2025-01-29
1736,583,9195,3,Not bad.,2025-01-14
1737,509,2830,3,Nice track.,2025-03-06
1738,775,15781,4,Worth listening to.,2026-07-03
1739,486,7047,2,Great music.,2025-02-04
1740,162,6169,2,Not bad.,2025-07-24
1741,745,4009,3,Not bad.,2025-12-24
1742,894,14197,2,Nice track.,2025-02-21
1743,283,3426,1,Really love this track.,2026-06-10
1744,103,16556,5,Very catchy.,2024-12-12
1745,253,9670,1,Great music.,2026-01-16
1746,944,7080,4,Amazing song!,2025-11-20
1747,127,2620,4,Nice track.,2024-09-23
1748,913,4761,1,Worth listening to.,2025-07-06
1749,340,12069,3,One of my favorites.,2025-01-19
1750,80,10910,4,Amazing song!,2026-07-31
1751,835,7322,5,Perfect!,2024-10-13
1752,988,6103,5,Amazing song!,2024-09-21
1753,97,5666,4,Great music.,2026-05-11
1754,931,11756,1,Great music.,2025-10-03
1755,298,12072,1,One of my favorites.,2026-01-20
1756,242,14392,2,Worth listening to.,2025-02-09
1757,829,3077,5,Really love this track.,2024-09-26
1758,410,15925,1,Great music.,2026-09-11
1759,57,14346,1,Not bad.,2024-12-25
1760,406,10033,5,Nice track.,2026-06-03
1761,109,13984,4,Perfect!,2025-04-02
1762,30,2579,4,One of my favorites.,2026-05-14
1763,673,2685,4,Great music.,2025-01-23
1764,737,12240,1,One of my favorites.,2026-08-14
1765,840,13910,4,One of my favorites.,2025-07-06
1766,610,8789,3,Very catchy.,2026-01-29
1767,682,12304,5,One of my favorites.,2026-03-16
1768,819,12804,4,Good song.,2025-08-05
1769,771,8855,4,Perfect!,2024-12-27
1770,881,13453,1,Perfect!,2025-03-31
1771,196,13350,1,Not bad.,2026-03-10
1772,38,3379,1,Good song.,2026-05-29
1773,248,937,4,Good song.,2025-12-01
1774,3,4553,4,Very catchy.,2025-08-27
1775,275,811,2,Not bad.,2025-06-20
1776,349,4961,4,Perfect!,2025-03-15
1777,92,10260,4,Amazing song!,2025-09-10
1778,376,5589,3,Very catchy.,2026-05-19
1779,926,7682,4,Perfect!,2026-04-04
1780,821,5939,2,Not bad.,2026-01-17
1781,652,6167,2,Really love this track.,2025-04-22
1782,237,7874,4,Very catchy.,2024-09-30
1783,820,11901,5,Amazing song!,2026-03-06
1784,61,14064,5,Good song.,2026-06-01
1785,876,13459,3,Nice track.,2025-05-22
1786,309,10379,5,Worth listening to.,2025-09-30
1787,758,6004,4,One of my favorites.,2026-07-29
1788,343,16150,1,Good song.,2026-05-11
1789,558,13823,5,Worth listening to.,2026-03-01
1790,551,14867,4,Worth listening to.,2024-11-21
1791,202,5557,1,Amazing song!,2026-05-30
1792,429,352,2,Good song.,2026-01-22
1793,657,14997,2,Really love this track.,2026-04-26
1794,894,14681,2,Not bad.,2025-04-14
1795,717,13587,2,Nice track.,2025-05-05
1796,765,16516,4,Great music.,2025-07-11
1797,724,3912,3,Very catchy.,2026-02-08
1798,149,7882,4,Worth listening to.,2025-12-19
1799,11,14593,1,Amazing song!,2025-06-23
1800,604,15107,5,Good song.,2026-08-12
1801,114,8827,5,Amazing song!,2025-07-24
1802,53,15004,3,Amazing song!,2026-02-19
1803,604,8462,1,Very catchy.,2026-05-07
1804,175,12486,4,Really love this track.,2026-08-17
1805,516,2162,3,Not bad.,2025-10-01
1806,55,2770,4,Amazing song!,2025-03-28
1807,763,10670,1,Amazing song!,2024-10-19
1808,151,5218,1,Not bad.,2026-03-24
1809,104,5143,1,Amazing song!,2025-07-03
1810,758,1466,4,One of my favorites.,2025-11-06
1811,525,9566,5,Worth listening to.,2026-08-13
1812,888,13819,3,Very catchy.,2025-09-28
1813,69,8303,4,Perfect!,2026-05-16
1814,511,2986,2,Very catchy.,2025-02-19
1815,815,14243,4,Very catchy.,2025-06-19
1816,591,12320,2,Nice track.,2026-01-25
1817,30,12741,5,One of my favorites.,2025-05-05
1818,498,9877,5,Amazing song!,2025-03-26
1819,131,6148,5,Not bad.,2026-09-10
1820,769,11131,3,Really love this track.,2025-06-27
1821,76,2011,2,Really love this track.,2025-02-28
1822,382,9702,5,Worth listening to.,2025-03-27
1823,855,5950,3,Not bad.,2025-05-25
1824,48,4164,4,Perfect!,2026-03-27
1825,954,12079,1,Worth listening to.,2024-10-31
1826,283,6956,2,Great music.,2025-04-17
1827,668,5306,1,One of my favorites.,2025-07-03
1828,234,15173,1,Good song.,2026-02-01
1829,38,9111,3,Great music.,2025-08-10
1830,582,3576,5,Very catchy.,2026-08-08
1831,944,13054,2,Good song.,2025-11-11
1832,256,8250,1,Really love this track.,2025-11-01
1833,869,6235,1,Not bad.,2026-02-07
1834,158,13313,1,One of my favorites.,2026-06-12
1835,58,15361,3,Not bad.,2025-08-02
1836,867,712,3,Amazing song!,2025-06-12
1837,596,14707,5,Very catchy.,2026-09-01
1838,232,201,2,Not bad.,2026-07-21
1839,531,992,3,Really love this track.,2025-10-15
1840,413,15000,2,Good song.,2025-02-12
1841,861,4573,5,Perfect!,2026-02-10
1842,367,4038,5,Not bad.,2026-04-14
1843,518,8637,5,Amazing song!,2026-07-20
1844,38,830,2,Great music.,2025-04-06
1845,578,4221,2,Worth listening to.,2025-10-09
1846,827,5191,5,Perfect!,2025-02-12
1847,180,3394,4,Perfect!,2026-05-14
1848,261,6271,4,Nice track.,2025-04-29
1849,560,2632,1,Nice track.,2025-11-21
1850,281,5920,2,Worth listening to.,2026-04-09
1851,858,7429,5,Good song.,2026-07-07
1852,584,13313,1,One of my favorites.,2025-03-07
1853,352,5342,3,Amazing song!,2026-02-06
1854,133,2006,2,Not bad.,2026-09-10
1855,143,15031,5,Perfect!,2026-08-31
1856,618,7942,5,One of my favorites.,2025-06-12
1857,958,1594,5,Perfect!,2026-02-01
1858,6,7563,3,Very catchy.,2025-11-09
1859,384,15359,2,Amazing song!,2025-08-10
1860,833,15185,5,Really love this track.,2026-01-13
1861,760,13660,5,One of my favorites.,2025-01-13
1862,885,14823,4,One of my favorites.,2026-07-06
1863,911,7413,2,Not bad.,2025-07-31
1864,498,4763,2,Not bad.,2026-06-19
1865,114,6049,4,Amazing song!,2025-09-30
1866,325,10470,2,Nice track.,2025-02-25
1867,968,11559,4,One of my favorites.,2025-08-14
1868,462,15134,5,Great music.,2025-07-12
1869,923,1465,1,Perfect!,2026-06-17
1870,439,10986,1,Good song.,2025-05-01
1871,439,8771,3,Worth listening to.,2025-10-18
1872,599,12924,1,Worth listening to.,2025-05-12
1873,19,8148,3,Really love this track.,2025-03-16
1874,385,8205,2,One of my favorites.,2025-01-08
1875,490,7504,1,Really love this track.,2024-10-03
1876,886,13102,4,Worth listening to.,2026-07-11
1877,903,14732,4,Amazing song!,2026-02-07
1878,844,15586,3,Perfect!,2026-06-03
1879,765,10597,4,Nice track.,2025-09-03
1880,827,895,4,Perfect!,2025-09-13
1881,410,12355,1,Not bad.,2025-06-21
1882,310,10956,2,Worth listening to.,2025-10-23
1883,354,8030,5,Not bad.,2025-09-11
1884,730,10990,2,Amazing song!,2024-09-14
1885,64,13115,2,Amazing song!,2026-08-29
1886,286,15968,2,Worth listening to.,2025-10-10
1887,793,4630,4,Good song.,2026-08-11
1888,265,4245,4,Very catchy.,2025-12-27
1889,958,3943,1,Good song.,2025-04-24
1890,95,9203,5,Not bad.,2025-03-19
1891,320,5349,2,One of my favorites.,2025-01-12
1892,550,14442,1,One of my favorites.,2026-05-04
1893,15,8685,4,Amazing song!,2026-07-29
1894,686,9607,4,Perfect!,2026-01-29
1895,70,7160,4,Worth listening to.,2025-07-25
1896,906,2477,4,Really love this track.,2026-05-03
1897,17,8731,5,Great music.,2026-05-28
1898,74,7050,3,Not bad.,2025-12-28
1899,964,14203,4,Great music.,2025-11-20
1900,866,13631,4,Good song.,2025-02-27
1901,984,10883,3,Perfect!,2026-02-03
1902,781,10820,1,One of my favorites.,2026-06-16
1903,831,2010,4,Very catchy.,2026-01-27
1904,473,8452,5,Nice track.,2025-03-25
1905,531,12106,4,Very catchy.,2025-05-02
1906,886,3666,3,Really love this track.,2025-03-19
1907,193,13013,3,Good song.,2026-07-19
1908,45,2269,2,Perfect!,2026-03-31
1909,955,4705,3,Great music.,2025-08-11
1910,198,7466,3,Perfect!,2025-12-18
1911,230,3483,3,Very catchy.,2026-03-01
1912,223,6476,5,Worth listening to.,2025-05-30
1913,565,6176,2,Good song.,2026-07-16
1914,53,15864,2,Nice track.,2025-10-31
1915,898,5339,5,Not bad.,2024-10-05
1916,974,1685,1,Really love this track.,2025-06-14
1917,287,9386,5,Good song.,2024-09-29
1918,768,13631,1,Really love this track.,2026-04-26
1919,360,14065,1,Good song.,2026-03-27
1920,353,4721,4,Perfect!,2026-05-17
1921,896,9615,2,One of my favorites.,2025-05-06
1922,885,14152,5,Good song.,2025-05-16
1923,723,2490,1,Good song.,2026-05-25
1924,306,5319,4,Nice track.,2024-10-27
1925,1,11099,3,Nice track.,2025-06-18
1926,235,9051,4,Amazing song!,2026-03-24
1927,345,13649,3,Amazing song!,2024-10-05
1928,288,13115,4,Worth listening to.,2025-12-17
1929,656,15497,1,Not bad.,2025-01-24
1930,128,13126,5,One of my favorites.,2025-10-29
1931,307,4497,5,One of my favorites.,2025-04-08
1932,107,3389,1,Not bad.,2025-07-19
1933,806,15441,2,Very catchy.,2025-09-05
1934,366,2337,4,Good song.,2025-01-17
1935,269,14004,1,Great music.,2026-04-03
1936,419,1934,4,Good song.,2026-06-12
1937,391,2101,5,Nice track.,2024-09-17
1938,914,8329,1,One of my favorites.,2024-10-20
1939,619,14531,3,Good song.,2025-09-01
1940,110,3808,4,One of my favorites.,2025-02-11
1941,856,16201,2,One of my favorites.,2025-04-16
1942,450,15513,5,Not bad.,2025-01-22
1943,949,10730,2,One of my favorites.,2026-08-24
1944,851,5240,3,Not bad.,2026-04-22
1945,686,5432,3,Great music.,2025-12-23
1946,326,5126,3,Good song.,2026-04-23
1947,125,12949,4,Amazing song!,2025-02-10
1948,190,13078,3,Really love this track.,2025-11-25
1949,16,5314,3,Good song.,2024-10-16
1950,267,15284,4,Worth listening to.,2026-03-06
1951,776,13175,2,Nice track.,2025-09-09
1952,482,7773,2,Worth listening to.,2025-08-24
1953,308,8640,5,Amazing song!,2025-03-06
1954,387,4732,2,Great music.,2026-08-22
1955,956,16260,3,Great music.,2026-04-07
1956,72,11810,4,Really love this track.,2025-09-26
1957,511,2812,4,Really love this track.,2026-08-16
1958,350,14235,5,Nice track.,2024-12-30
1959,276,11317,2,Worth listening to.,2026-06-28
1960,268,5040,4,Not bad.,2025-12-13
1961,302,8071,4,Very catchy.,2025-05-13
1962,822,230,4,Nice track.,2025-04-08
1963,720,2397,2,One of my favorites.,2026-01-17
1964,840,13870,4,Amazing song!,2026-05-16
1965,945,13361,2,Worth listening to.,2026-08-28
1966,818,9385,3,Very catchy.,2025-06-06
1967,248,7542,4,Worth listening to.,2026-02-11
1968,819,6348,4,Great music.,2026-01-12
1969,549,6487,4,Worth listening to.,2026-02-25
1970,530,2273,1,Not bad.,2024-09-14
1971,781,8042,2,Really love this track.,2025-03-17
1972,602,1395,5,Great music.,2025-11-21
1973,464,5891,2,Not bad.,2026-08-30
1974,42,4441,3,Really love this track.,2024-10-03
1975,969,12708,2,One of my favorites.,2024-10-30
1976,337,3046,2,Worth listening to.,2025-08-04
1977,395,11389,1,Nice track.,2024-12-26
1978,92,5201,2,Good song.,2025-05-29
1979,899,8936,2,Not bad.,2025-11-19
1980,754,9750,3,Really love this track.,2025-06-10
1981,876,13648,5,Good song.,2024-12-05
1982,764,15164,3,Good song.,2025-06-13
1983,117,10627,3,Very catchy.,2024-10-10
1984,107,11336,1,Worth listening to.,2026-02-18
1985,616,15414,5,Great music.,2024-12-23
1986,234,8933,3,Worth listening to.,2026-02-28
1987,217,887,5,One of my favorites.,2026-03-06
1988,7,3292,1,Very catchy.,2026-01-18
1989,831,4493,1,Amazing song!,2024-09-14
1990,915,5130,2,Good song.,2025-05-01
1991,779,8467,4,One of my favorites.,2025-06-04
1992,198,379,1,One of my favorites.,2024-09-28
1993,435,8428,2,Worth listening to.,2026-02-04
1994,498,14375,2,Nice track.,2025-02-01
1995,610,5019,4,One of my favorites.,2025-11-21
1996,197,6570,3,Very catchy.,2024-11-23
1997,152,7322,5,Amazing song!,2025-05-11
1998,214,5985,3,Perfect!,2025-02-20
1999,315,9006,5,Worth listening to.,2025-06-04
2000,571,14890,4,Good song.,2025-03-06
2001,970,1538,4,Really love this track.,2026-07-30
2002,687,14018,4,Worth listening to.,2024-10-31
2003,508,3170,5,Nice track.,2024-12-28
2004,319,3005,2,Really love this track.,2026-08-17
2005,948,11844,2,Great music.,2025-09-06
2006,470,6850,3,Amazing song!,2025-12-18
2007,393,13248,5,Nice track.,2025-04-04
2008,866,11216,2,Worth listening to.,2026-05-03
2009,460,1180,4,Worth listening to.,2026-02-24
2010,814,6596,3,Nice track.,2026-02-26
2011,394,4990,3,One of my favorites.,2026-02-15
2012,233,16413,3,Perfect!,2026-02-24
2013,120,6444,4,Amazing song!,2025-03-10
2014,891,1366,5,Worth listening to.,2026-06-13
2015,980,7302,2,One of my favorites.,2025-03-03
2016,173,9717,1,Not bad.,2026-04-17
2017,930,14126,2,Good song.,2025-09-27
2018,752,10333,5,Perfect!,2026-01-05
2019,766,8016,2,Worth listening to.,2026-07-09
2020,866,9940,5,Very catchy.,2026-06-19
2021,650,16472,4,Perfect!,2026-04-23
2022,129,262,2,Nice track.,2025-05-25
2023,807,2126,2,Really love this track.,2025-02-04
2024,600,6034,4,One of my favorites.,2024-11-11
2025,252,8963,2,Amazing song!,2026-05-23
2026,301,9350,5,Very catchy.,2026-03-25
2027,626,13082,4,Amazing song!,2026-03-28
2028,177,15959,1,Perfect!,2026-08-15
2029,29,4232,2,Nice track.,2024-11-28
2030,288,12794,2,Worth listening to.,2024-12-06
2031,333,3411,1,One of my favorites.,2024-12-30
2032,584,2993,2,Nice track.,2025-03-15
2033,551,6788,3,Not bad.,2026-02-03
2034,513,2295,1,Worth listening to.,2025-06-11
2035,528,11234,3,Perfect!,2025-12-02
2036,777,15587,3,Not bad.,2024-10-03
2037,918,8652,1,Really love this track.,2025-04-12
2038,692,14725,4,One of my favorites.,2026-07-17
2039,298,13108,3,One of my favorites.,2025-01-18
2040,724,15431,1,One of my favorites.,2025-07-19
2041,700,11876,1,Amazing song!,2025-06-16
2042,442,1489,1,Nice track.,2025-02-01
2043,746,10760,4,One of my favorites.,2026-07-30
2044,121,12923,4,Nice track.,2025-09-03
2045,187,6632,2,Great music.,2026-06-07
2046,863,6915,5,Very catchy.,2025-04-04
2047,399,16314,3,Good song.,2025-01-04
2048,62,6866,3,Really love this track.,2025-11-13
2049,275,5698,3,Amazing song!,2025-08-14
2050,998,16350,5,Good song.,2026-06-25
2051,100,8555,4,Not bad.,2026-02-17
2052,607,13984,4,Great music.,2025-07-03
2053,996,10827,2,Not bad.,2026-08-15
2054,471,13157,3,Really love this track.,2025-01-31
2055,153,5937,1,Amazing song!,2026-05-30
2056,492,5632,5,Very catchy.,2026-02-11
2057,411,3492,5,Nice track.,2025-06-05
2058,267,2252,1,Amazing song!,2024-12-06
2059,638,8086,4,Nice track.,2026-03-02
2060,460,2832,1,Amazing song!,2024-10-20
2061,713,4998,2,Nice track.,2025-10-22
2062,895,13111,1,Very catchy.,2025-06-20
2063,619,15391,4,Not bad.,2025-10-01
2064,548,14464,1,Really love this track.,2025-03-03
2065,608,15269,4,Very catchy.,2025-10-26
2066,381,7871,5,Good song.,2025-02-07
2067,291,15562,2,Worth listening to.,2025-11-15
2068,897,325,5,Really love this track.,2026-03-20
2069,66,168,4,Great music.,2026-02-18
2070,365,4665,3,Very catchy.,2025-06-09
2071,304,11071,1,Amazing song!,2025-06-08
2072,166,13581,4,Nice track.,2025-04-26
2073,669,7291,4,Worth listening to.,2025-06-03
2074,94,16216,5,Very catchy.,2024-11-12
2075,529,8974,3,Perfect!,2025-03-31
2076,379,14399,2,Great music.,2026-01-14
2077,49,3907,1,Nice track.,2026-04-21
2078,374,1452,3,Amazing song!,2025-08-12
2079,11,1400,2,Very catchy.,2024-10-12
2080,29,14515,2,One of my favorites.,2026-05-23
2081,103,14464,5,Not bad.,2025-12-23
2082,454,11769,2,Good song.,2026-06-12
2083,506,7758,3,Very catchy.,2026-08-17
2084,475,4015,1,Perfect!,2026-01-10
2085,249,12303,1,Really love this track.,2024-11-12
2086,476,682,1,Perfect!,2025-12-09
2087,684,3600,2,Not bad.,2025-03-10
2088,44,759,5,Good song.,2025-05-20
2089,233,4896,1,Great music.,2024-11-22
2090,265,16448,2,Amazing song!,2024-11-10
2091,799,15335,3,Amazing song!,2025-09-16
2092,801,7568,4,Nice track.,2026-02-09
2093,942,13694,4,Really love this track.,2026-08-12
2094,854,15796,3,Worth listening to.,2026-08-29
2095,66,12074,3,One of my favorites.,2025-05-05
2096,124,15691,2,One of my favorites.,2025-06-05
2097,785,6806,1,Perfect!,2026-06-16
2098,859,11710,1,Very catchy.,2025-06-15
2099,456,15935,4,Not bad.,2025-05-11
2100,709,5764,3,Good song.,2026-04-21
2101,910,9955,3,Really love this track.,2026-02-24
2102,34,12536,2,Not bad.,2025-02-28
2103,567,14985,5,Great music.,2026-02-27
2104,980,8967,3,Not bad.,2025-08-29
2105,194,3857,2,Great music.,2026-03-07
2106,457,295,1,Great music.,2024-10-05
2107,947,2374,5,Worth listening to.,2026-08-29
2108,195,66,1,Good song.,2026-04-28
2109,144,13835,2,Amazing song!,2025-08-01
2110,587,13587,5,Not bad.,2024-12-25
2111,670,4725,3,Great music.,2025-09-14
2112,632,6190,1,Perfect!,2025-02-02
2113,332,8113,4,Worth listening to.,2025-11-07
2114,388,15629,1,Really love this track.,2026-06-29
2115,773,15440,2,Nice track.,2024-12-03
2116,900,14757,5,Nice track.,2025-07-30
2117,833,9334,2,Good song.,2025-08-30
2118,60,10808,1,Good song.,2025-02-13
2119,810,9616,1,Perfect!,2025-03-22
2120,87,2805,2,Great music.,2025-08-20
2121,940,10894,3,Not bad.,2025-03-24
2122,432,15820,1,One of my favorites.,2025-07-07
2123,577,2174,5,Very catchy.,2024-11-24
2124,635,5828,2,Amazing song!,2026-06-28
2125,342,12894,2,Great music.,2024-12-29
2126,344,13492,3,Amazing song!,2026-06-29
2127,893,4137,2,Perfect!,2024-11-17
2128,132,14067,3,Not bad.,2026-02-11
2129,406,7954,4,Great music.,2025-05-15
2130,753,14185,2,Worth listening to.,2026-06-18
2131,598,8124,2,Worth listening to.,2025-09-15
2132,575,13361,3,Very catchy.,2025-06-28
2133,57,13664,1,One of my favorites.,2025-08-05
2134,585,5189,4,Nice track.,2026-03-23
2135,767,6886,3,Very catchy.,2026-03-25
2136,662,417,2,Not bad.,2026-04-26
2137,779,8172,5,Not bad.,2026-07-18
2138,682,14655,3,Great music.,2026-04-14
2139,536,3984,5,Good song.,2025-01-18
2140,758,10220,5,Amazing song!,2026-04-25
2141,794,1512,2,One of my favorites.,2025-08-07
2142,746,2518,1,Worth listening to.,2025-03-29
2143,57,15771,4,Very catchy.,2026-07-28
2144,620,10515,1,Very catchy.,2024-11-28
2145,753,15703,5,Nice track.,2025-01-23
2146,15,9358,2,Great music.,2026-04-19
2147,610,15691,5,Amazing song!,2025-08-06
2148,118,12748,5,Good song.,2024-10-03
2149,589,12599,1,Good song.,2025-10-14
2150,457,3812,1,Very catchy.,2025-03-30
2151,902,4428,5,Perfect!,2025-10-24
2152,521,11152,1,Good song.,2024-12-12
2153,824,4508,5,Amazing song!,2025-10-13
2154,937,10801,3,Really love this track.,2026-05-12
2155,808,3746,5,Great music.,2026-02-01
2156,931,10269,2,Perfect!,2025-08-20
2157,565,4284,4,Great music.,2025-07-12
2158,96,12851,1,Amazing song!,2025-01-13
2159,3,14609,5,Amazing song!,2024-09-21
2160,934,3333,4,Very catchy.,2025-12-12
2161,843,1525,3,Very catchy.,2026-01-06
2162,824,5447,4,Not bad.,2026-09-05
2163,926,13308,2,Not bad.,2024-10-26
2164,544,4346,1,Really love this track.,2025-08-06
2165,96,9589,4,Really love this track.,2025-11-28
2166,683,489,4,Very catchy.,2025-03-11
2167,957,15775,1,Amazing song!,2024-11-15
2168,367,4161,2,Very catchy.,2025-12-23
2169,816,5448,3,Nice track.,2026-06-19
2170,3,14730,5,Worth listening to.,2025-08-12
2171,777,16339,3,Worth listening to.,2025-03-16
2172,860,5491,4,Good song.,2024-09-26
2173,3,3884,4,One of my favorites.,2026-05-17
2174,273,3479,4,Very catchy.,2026-06-28
2175,196,5447,3,Not bad.,2025-03-12
2176,282,266,4,Nice track.,2026-08-28
2177,362,8368,4,Amazing song!,2026-01-04
2178,24,13742,4,Great music.,2025-12-19
2179,628,12688,2,Nice track.,2025-05-29
2180,719,12806,4,Amazing song!,2024-11-07
2181,609,1829,3,Perfect!,2025-08-15
2182,383,4226,3,Really love this track.,2026-04-12
2183,999,8430,2,Amazing song!,2025-09-29
2184,240,3423,5,Really love this track.,2026-09-11
2185,656,7539,5,Amazing song!,2024-10-27
2186,117,13152,2,Nice track.,2025-05-10
2187,518,14250,5,Not bad.,2025-05-29
2188,291,10824,2,Worth listening to.,2024-10-06
2189,585,13257,2,Good song.,2026-03-18
2190,64,7398,2,Worth listening to.,2025-05-25
2191,521,15716,5,Very catchy.,2026-03-25
2192,538,10930,1,Very catchy.,2026-01-02
2193,626,8599,2,Not bad.,2026-06-11
2194,483,148,2,Good song.,2025-12-13
2195,283,9428,1,Nice track.,2025-11-04
2196,790,6455,1,Great music.,2024-12-30
2197,480,6266,4,Not bad.,2026-08-24
2198,252,15676,3,Perfect!,2026-06-10
2199,944,8881,4,Good song.,2024-12-17
2200,782,10014,2,Nice track.,2026-08-22
2201,1000,2774,4,Worth listening to.,2026-02-18
2202,643,6149,3,Worth listening to.,2026-03-11
2203,98,1919,1,One of my favorites.,2026-03-27
2204,825,7846,1,Nice track.,2025-08-02
2205,154,9664,2,Nice track.,2025-08-19
2206,969,13489,4,Worth listening to.,2025-03-06
2207,942,554,1,Perfect!,2026-02-18
2208,245,2612,3,Great music.,2026-05-28
2209,222,14228,3,Worth listening to.,2024-11-27
2210,251,2363,1,One of my favorites.,2025-01-23
2211,945,13805,3,One of my favorites.,2026-04-24
2212,231,8046,4,Nice track.,2025-02-25
2213,152,5538,3,Great music.,2025-04-16
2214,329,9372,5,Worth listening to.,2026-05-11
2215,258,12875,2,Not bad.,2025-03-07
2216,215,8038,2,Amazing song!,2026-06-15
2217,423,10956,2,Not bad.,2026-05-06
2218,262,11533,3,One of my favorites.,2025-10-28
2219,632,6111,5,Good song.,2026-08-26
2220,260,14870,2,Nice track.,2025-11-16
2221,556,1134,1,Worth listening to.,2025-10-28
2222,509,15840,5,Good song.,2024-10-10
2223,353,280,2,Great music.,2025-05-08
2224,857,10430,5,Worth listening to.,2025-10-05
2225,64,177,4,One of my favorites.,2025-06-05
2226,750,14505,3,Amazing song!,2026-07-03
2227,717,14328,1,Really love this track.,2026-09-07
2228,251,12054,3,Not bad.,2024-11-20
2229,594,342,5,Perfect!,2026-02-03
2230,569,3732,3,Perfect!,2025-04-25
2231,978,13056,3,Very catchy.,2026-01-29
2232,217,12177,4,One of my favorites.,2025-01-07
2233,128,9853,4,Perfect!,2024-10-25
2234,47,10682,1,Very catchy.,2025-01-01
2235,614,10012,5,Not bad.,2025-06-24
2236,3,14059,1,Not bad.,2025-12-27
2237,210,3506,4,Perfect!,2026-06-06
2238,912,809,5,Really love this track.,2025-03-18
2239,380,1443,5,Very catchy.,2025-07-19
2240,283,16328,3,Nice track.,2025-04-30
2241,681,4589,3,Not bad.,2025-06-22
2242,772,506,4,Perfect!,2024-10-16
2243,78,6999,2,Not bad.,2026-07-10
2244,451,1094,4,Really love this track.,2026-02-20
2245,614,6750,1,One of my favorites.,2025-01-01
2246,199,10443,3,Amazing song!,2025-11-14
2247,648,10269,3,Perfect!,2025-01-25
2248,278,4320,2,Nice track.,2026-05-14
2249,682,13300,5,Not bad.,2026-03-26
2250,124,14699,1,Amazing song!,2025-03-14
2251,114,3394,5,Amazing song!,2024-12-03
2252,761,2747,3,Really love this track.,2025-03-21
2253,395,13472,4,Good song.,2025-03-28
2254,970,6533,4,Not bad.,2024-12-22
2255,121,16387,3,One of my favorites.,2025-09-12
2256,357,6306,1,Perfect!,2025-06-19
2257,615,414,2,Really love this track.,2026-04-29
2258,19,11909,5,Worth listening to.,2025-06-26
2259,358,2744,4,Perfect!,2025-08-19
2260,561,1346,1,Nice track.,2025-07-02
2261,38,1342,5,Not bad.,2025-09-08
2262,868,9905,1,Nice track.,2025-02-01
2263,985,13459,3,Worth listening to.,2025-12-25
2264,450,7931,4,Great music.,2025-12-28
2265,119,16462,2,Nice track.,2024-10-30
2266,704,2334,2,Very catchy.,2024-12-05
2267,841,15400,1,Really love this track.,2026-03-22
2268,817,8627,1,Very catchy.,2025-05-26
2269,356,833,5,Good song.,2025-04-26
2270,656,6989,4,Worth listening to.,2025-12-13
2271,303,5144,4,Perfect!,2024-09-29
2272,555,9795,1,Great music.,2026-04-15
2273,896,9859,4,Good song.,2025-04-20
2274,762,1228,4,Great music.,2026-01-12
2275,680,6528,5,Really love this track.,2025-03-30
2276,95,9810,5,Great music.,2025-02-08
2277,697,7929,5,Really love this track.,2026-08-07
2278,266,15061,2,Perfect!,2024-11-16
2279,589,6117,5,Not bad.,2025-10-20
2280,207,7247,5,Worth listening to.,2026-07-03
2281,649,14533,3,Great music.,2026-03-14
2282,544,15005,3,Not bad.,2025-02-15
2283,217,8460,5,Really love this track.,2026-01-26
2284,982,8034,5,Nice track.,2025-05-01
2285,681,1690,1,Worth listening to.,2025-03-23
2286,863,14004,3,Really love this track.,2025-08-15
2287,390,12323,3,Worth listening to.,2026-07-28
2288,158,188,3,Good song.,2026-01-01
2289,896,1349,2,Perfect!,2025-06-27
2290,524,3692,2,Amazing song!,2025-03-04
2291,253,11042,3,One of my favorites.,2026-08-22
2292,616,6893,4,Nice track.,2026-05-21
2293,569,15183,2,Really love this track.,2024-11-15
2294,882,15414,5,Good song.,2026-07-31
2295,111,11861,3,Not bad.,2024-10-10
2296,658,12259,4,Perfect!,2026-02-25
2297,393,4377,1,Perfect!,2026-01-31
2298,258,12554,1,Nice track.,2026-07-07
2299,82,14543,5,Very catchy.,2025-01-10
2300,98,3705,3,Worth listening to.,2026-02-09
2301,139,8661,1,Very catchy.,2025-12-09
2302,854,15288,3,Amazing song!,2025-09-21
2303,904,8235,1,Amazing song!,2025-09-21
2304,231,4234,3,Amazing song!,2024-12-12
2305,595,16525,4,Good song.,2026-02-19
2306,545,12732,4,Amazing song!,2026-01-23
2307,122,1029,2,One of my favorites.,2024-12-03
2308,813,15701,1,Amazing song!,2025-05-18
2309,498,12391,4,Very catchy.,2024-09-23
2310,815,3696,1,Perfect!,2025-07-24
2311,66,14720,5,Perfect!,2025-01-03
2312,864,8284,2,Not bad.,2026-02-23
2313,252,92,4,Worth listening to.,2025-12-09
2314,363,14189,2,Great music.,2024-12-09
2315,52,5925,5,Worth listening to.,2026-02-15
2316,710,16219,3,Very catchy.,2026-09-08
2317,834,13545,2,Perfect!,2025-09-09
2318,156,10412,2,Very catchy.,2025-12-24
2319,570,13435,3,Not bad.,2024-12-18
2320,458,9996,4,Not bad.,2025-07-10
2321,229,8941,5,Great music.,2026-08-13
2322,934,16341,3,Really love this track.,2026-05-11
2323,914,413,5,Perfect!,2025-06-01
2324,922,15055,2,Nice track.,2026-06-01
2325,215,12978,4,Good song.,2024-10-30
2326,965,9275,3,Perfect!,2026-08-18
2327,280,13373,3,Worth listening to.,2025-08-28
2328,447,1472,4,Worth listening to.,2025-02-23
2329,553,14434,2,Perfect!,2026-07-08
2330,181,8146,1,Amazing song!,2025-01-14
2331,281,11238,3,One of my favorites.,2025-10-11
2332,909,4391,5,Great music.,2024-12-06
2333,21,7901,3,Not bad.,2026-06-26
2334,895,26,1,Nice track.,2025-08-08
2335,850,6965,4,Perfect!,2024-12-29
2336,512,14783,1,Worth listening to.,2026-02-25
2337,367,16122,3,One of my favorites.,2026-01-01
2338,102,12404,4,Amazing song!,2024-11-14
2339,396,5977,1,Perfect!,2026-04-11
2340,352,12286,3,One of my favorites.,2024-10-22
2341,429,11752,1,Very catchy.,2026-04-01
2342,429,3121,1,Great music.,2025-10-07
2343,865,10104,3,Nice track.,2025-09-25
2344,757,4643,1,Amazing song!,2025-03-07
2345,966,12859,3,Really love this track.,2026-06-09
2346,471,2071,2,Really love this track.,2026-01-04
2347,152,14103,4,Nice track.,2025-01-09
2348,885,7538,4,Perfect!,2025-01-10
2349,61,1907,3,Great music.,2024-11-26
2350,470,10477,4,Amazing song!,2025-12-16
2351,99,2199,4,Really love this track.,2025-11-12
2352,486,622,2,Perfect!,2025-03-21
2353,644,3948,5,Perfect!,2025-07-16
2354,931,5210,1,Perfect!,2025-11-25
2355,10,12707,4,One of my favorites.,2026-08-10
2356,404,6447,3,Amazing song!,2024-11-08
2357,889,3227,4,Very catchy.,2026-05-15
2358,25,9834,2,Perfect!,2025-05-19
2359,407,9899,2,Not bad.,2025-08-20
2360,702,13200,5,Amazing song!,2025-02-27
2361,201,15658,3,One of my favorites.,2026-02-20
2362,449,13279,5,Worth listening to.,2025-09-03
2363,90,13346,1,Perfect!,2025-08-14
2364,195,4243,4,Perfect!,2026-05-08
2365,704,4120,4,Great music.,2025-09-21
2366,934,4582,2,Perfect!,2024-12-08
2367,379,12402,1,Great music.,2026-05-04
2368,168,5308,3,Very catchy.,2024-10-01
2369,382,5237,2,Really love this track.,2025-06-16
2370,423,3319,4,One of my favorites.,2024-12-26
2371,615,14106,5,Really love this track.,2025-11-23
2372,866,9487,3,Worth listening to.,2025-10-15
2373,895,7973,3,Nice track.,2026-02-23
2374,919,2180,3,Perfect!,2025-08-27
2375,547,10939,2,Good song.,2025-09-24
2376,817,12749,4,Amazing song!,2024-09-11
2377,365,13177,3,Nice track.,2025-08-20
2378,872,12456,4,Worth listening to.,2026-01-23
2379,77,13942,2,Amazing song!,2025-04-25
2380,498,1103,2,Nice track.,2025-06-06
2381,709,16370,5,Amazing song!,2026-07-03
2382,518,13621,4,Really love this track.,2025-12-17
2383,845,7334,3,Good song.,2026-04-09
2384,339,6708,1,Great music.,2026-01-04
2385,588,13865,4,Really love this track.,2026-06-25
2386,308,2965,2,Very catchy.,2026-03-31
2387,424,15154,1,Not bad.,2024-11-12
2388,802,16534,4,One of my favorites.,2025-06-27
2389,408,14163,1,Great music.,2026-07-13
2390,596,5583,2,Amazing song!,2025-02-10
2391,243,14584,4,Nice track.,2024-10-24
2392,380,12115,4,Nice track.,2025-03-27
2393,487,163,4,Good song.,2025-04-11
2394,789,12808,3,Amazing song!,2025-05-15
2395,191,1104,3,One of my favorites.,2024-10-20
2396,812,3666,2,Very catchy.,2024-09-19
2397,906,4762,2,Really love this track.,2026-06-01
2398,407,8047,4,Not bad.,2025-01-26
2399,708,5006,3,One of my favorites.,2024-09-15
2400,16,12363,3,One of my favorites.,2024-12-21
2401,909,6982,2,Worth listening to.,2026-05-06
2402,28,5247,4,Really love this track.,2026-01-25
2403,267,1328,4,Worth listening to.,2025-07-01
2404,241,10495,1,Good song.,2026-04-10
2405,84,16439,5,Really love this track.,2026-05-30
2406,946,13694,2,Worth listening to.,2025-10-20
2407,406,7822,1,Good song.,2025-03-19
2408,5,13894,4,One of my favorites.,2025-11-20
2409,310,1698,2,Really love this track.,2025-09-29
2410,280,3024,2,Nice track.,2025-11-16
2411,904,16437,4,Worth listening to.,2025-12-31
2412,226,8157,5,Nice track.,2024-10-07
2413,386,6123,3,Good song.,2026-07-31
2414,904,7806,3,Good song.,2025-02-23
2415,737,6646,2,Nice track.,2026-04-12
2416,208,9500,1,Good song.,2026-09-11
2417,864,271,1,Amazing song!,2025-05-09
2418,521,9731,4,Amazing song!,2026-01-19
2419,159,4131,3,Good song.,2025-06-06
2420,870,988,4,Amazing song!,2026-07-26
2421,852,10770,3,Great music.,2024-10-23
2422,514,7742,5,Good song.,2025-01-21
2423,459,3605,1,Worth listening to.,2025-12-16
2424,727,12990,4,Worth listening to.,2025-05-14
2425,348,5494,4,Very catchy.,2025-10-06
2426,599,7062,3,Really love this track.,2025-07-18
2427,79,2337,2,One of my favorites.,2025-08-28
2428,316,14587,3,Not bad.,2026-04-25
2429,724,10211,5,Worth listening to.,2025-07-16
2430,276,15454,5,Nice track.,2024-10-17
2431,946,1922,2,Good song.,2025-03-14
2432,668,12760,5,Nice track.,2026-01-27
2433,331,11677,5,Great music.,2026-05-09
2434,570,1342,4,One of my favorites.,2024-10-17
2435,860,10486,3,Nice track.,2025-04-10
2436,34,8458,1,Amazing song!,2024-09-17
2437,746,4722,4,Great music.,2025-12-24
2438,542,13294,3,Good song.,2026-05-10
2439,664,13994,1,Good song.,2026-03-23
2440,394,7946,1,Perfect!,2026-05-16
2441,361,11970,5,Perfect!,2025-02-17
2442,91,7945,3,Really love this track.,2025-04-11
2443,59,11376,5,One of my favorites.,2025-07-24
2444,293,11277,4,Worth listening to.,2026-02-24
2445,992,2684,3,Not bad.,2026-02-28
2446,73,2643,3,One of my favorites.,2025-09-02
2447,769,6813,1,Great music.,2026-02-20
2448,848,4891,4,One of my favorites.,2025-06-08
2449,113,11612,3,Very catchy.,2025-04-30
2450,98,1424,3,Worth listening to.,2026-01-09
2451,109,14351,1,Really love this track.,2024-11-03
2452,367,8230,5,Perfect!,2025-11-01
2453,530,14115,4,Great music.,2026-03-17
2454,526,14639,1,One of my favorites.,2026-03-27
2455,485,10437,3,Nice track.,2025-01-02
2456,973,15853,1,Nice track.,2025-03-16
2457,182,6198,3,Nice track.,2026-05-16
2458,767,9103,1,Good song.,2025-08-06
2459,982,626,2,Nice track.,2025-11-05
2460,684,13764,3,One of my favorites.,2025-10-08
2461,717,880,2,Great music.,2024-11-24
2462,853,1707,2,Very catchy.,2024-10-15
2463,109,2458,4,Amazing song!,2024-11-08
2464,497,15106,5,Really love this track.,2026-08-02
2465,743,14344,1,Really love this track.,2025-03-19
2466,516,13133,3,Worth listening to.,2026-06-17
2467,91,13435,1,Great music.,2025-11-11
2468,466,13312,5,Perfect!,2026-02-09
2469,438,15694,1,Not bad.,2024-12-22
2470,586,11391,5,Worth listening to.,2025-08-23
2471,417,12373,3,Amazing song!,2025-01-23
2472,200,7420,5,Not bad.,2024-11-05
2473,374,891,3,One of my favorites.,2024-10-18
2474,958,14417,4,Very catchy.,2026-07-19
2475,394,5973,5,Really love this track.,2026-04-16
2476,846,13947,2,Nice track.,2025-05-12
2477,373,13498,5,Really love this track.,2024-11-27
2478,39,16362,4,Not bad.,2025-03-19
2479,869,5071,2,Amazing song!,2025-03-19
2480,187,10635,1,Worth listening to.,2025-04-17
2481,3,1658,1,Good song.,2025-06-29
2482,59,7188,5,Worth listening to.,2024-10-27
2483,439,10856,5,Not bad.,2024-11-28
2484,272,8464,1,Good song.,2025-11-08
2485,229,5613,5,Amazing song!,2025-05-10
2486,595,13318,5,Really love this track.,2025-01-13
2487,232,13266,3,Amazing song!,2025-01-04
2488,247,7653,2,One of my favorites.,2024-09-13
2489,372,15232,3,Amazing song!,2024-11-26
2490,231,11055,3,Amazing song!,2025-03-12
2491,470,6907,5,Really love this track.,2025-10-31
2492,215,10818,1,Good song.,2026-02-03
2493,767,11560,4,One of my favorites.,2025-11-09
2494,88,10225,3,Worth listening to.,2025-01-20
2495,46,10228,4,Not bad.,2025-06-18
2496,690,3648,5,Amazing song!,2026-05-22
2497,309,15068,2,Really love this track.,2025-03-13
2498,748,1869,2,Really love this track.,2025-01-24
2499,829,4746,1,Nice track.,2024-10-05
2500,460,11036,4,Not bad.,2026-05-02
2501,852,14529,3,Nice track.,2025-11-12
2502,720,3527,1,Great music.,2026-04-08
2503,876,4269,1,Great music.,2025-02-11
2504,208,9997,3,Nice track.,2026-02-25
2505,53,3478,4,Nice track.,2026-04-01
2506,61,8257,3,Great music.,2024-11-09
2507,331,16254,5,Really love this track.,2026-07-27
2508,143,16203,2,Good song.,2026-04-18
2509,464,15063,5,Worth listening to.,2026-02-15
2510,788,5095,2,Nice track.,2025-07-08
2511,996,3287,2,Amazing song!,2025-10-22
2512,417,8306,4,Very catchy.,2024-12-14
2513,513,15184,5,Worth listening to.,2026-03-27
2514,398,8027,5,Very catchy.,2026-05-09
2515,926,6197,5,Good song.,2026-01-18
2516,494,8260,5,Really love this track.,2025-07-27
2517,645,14091,2,Nice track.,2025-03-02
2518,423,9777,1,Not bad.,2025-07-30
2519,390,9600,2,Amazing song!,2026-06-26
2520,28,8201,2,One of my favorites.,2024-09-18
2521,35,512,1,Very catchy.,2025-03-14
2522,130,11632,4,Good song.,2025-11-02
2523,211,12523,4,Good song.,2025-11-24
2524,631,2529,4,Really love this track.,2026-02-18
2525,228,14153,4,Nice track.,2026-02-11
2526,5,3787,3,Perfect!,2026-02-21
2527,600,2950,5,Really love this track.,2024-11-16
2528,992,8658,2,Amazing song!,2026-01-27
2529,35,14512,3,Not bad.,2026-09-09
2530,424,13799,5,Good song.,2026-03-09
2531,6,225,1,Very catchy.,2025-09-17
2532,910,16173,2,Worth listening to.,2025-03-20
2533,470,2840,5,Nice track.,2026-04-07
2534,511,1151,3,Really love this track.,2025-07-03
2535,411,1213,4,Very catchy.,2025-12-21
2536,493,2006,3,Amazing song!,2024-09-20
2537,773,2060,5,Nice track.,2025-09-07
2538,234,8427,2,Not bad.,2026-04-15
2539,129,8145,3,One of my favorites.,2025-10-12
2540,926,5042,2,Great music.,2025-12-15
2541,826,5858,2,Amazing song!,2026-03-13
2542,989,15944,4,Great music.,2025-05-06
2543,611,5933,3,Worth listening to.,2026-01-27
2544,948,13203,4,Nice track.,2025-09-23
2545,707,1211,3,Really love this track.,2025-08-09
2546,453,12406,2,Nice track.,2025-09-20
2547,188,8725,1,One of my favorites.,2025-02-01
2548,900,13620,5,Good song.,2024-10-16
2549,544,14510,3,Perfect!,2024-10-14
2550,358,6921,3,Good song.,2024-09-28
2551,134,14383,5,Nice track.,2025-06-12
2552,714,7788,1,Worth listening to.,2024-12-20
2553,397,13036,1,Good song.,2024-11-12
2554,387,3192,5,One of my favorites.,2025-03-29
2555,946,7091,5,One of my favorites.,2026-03-07
2556,113,11062,3,Amazing song!,2026-03-22
2557,708,14618,5,One of my favorites.,2024-11-27
2558,171,1847,3,Very catchy.,2026-05-10
2559,943,15424,3,Great music.,2024-10-20
2560,893,13617,4,Worth listening to.,2025-09-14
2561,2,11194,5,Good song.,2026-08-21
2562,525,13221,5,Worth listening to.,2024-09-17
2563,2,13180,5,Really love this track.,2025-08-31
2564,874,4478,5,Great music.,2024-12-08
2565,257,14867,1,Nice track.,2025-08-13
2566,985,9944,5,Nice track.,2025-03-17
2567,395,2494,3,Nice track.,2025-04-07
2568,629,14446,5,One of my favorites.,2025-11-20
2569,789,13681,2,Good song.,2025-06-21
2570,34,3720,5,Nice track.,2026-07-19
2571,273,5951,2,Perfect!,2026-05-20
2572,749,16497,4,Great music.,2024-10-02
2573,930,2774,2,One of my favorites.,2026-05-21
2574,410,10615,4,Worth listening to.,2026-02-01
2575,145,2733,2,Really love this track.,2026-02-14
2576,537,14628,2,Perfect!,2025-10-30
2577,940,1018,3,One of my favorites.,2026-06-23
2578,965,10645,3,Really love this track.,2025-12-26
2579,779,7745,5,One of my favorites.,2025-05-18
2580,435,1748,5,Not bad.,2024-11-30
2581,641,10255,3,Good song.,2025-01-29
2582,345,5009,4,Worth listening to.,2025-02-26
2583,680,4999,1,Great music.,2025-09-02
2584,308,9557,2,Worth listening to.,2024-09-15
2585,521,10833,1,Really love this track.,2025-10-26
2586,895,4658,4,Perfect!,2025-06-26
2587,158,8566,1,Amazing song!,2024-11-12
2588,123,13941,4,Great music.,2026-04-27
2589,237,228,5,Very catchy.,2024-12-05
2590,362,16209,3,Amazing song!,2026-07-28
2591,928,6003,2,Nice track.,2026-05-10
2592,368,10776,5,Very catchy.,2025-12-08
2593,58,16212,3,Perfect!,2026-04-19
2594,688,1561,2,Good song.,2024-11-12
2595,953,5013,2,Very catchy.,2026-01-07
2596,249,4897,1,Very catchy.,2025-04-04
2597,753,8860,2,Not bad.,2026-05-24
2598,304,2389,1,Amazing song!,2026-01-23
2599,981,10710,2,Great music.,2025-05-05
2600,742,1797,2,Really love this track.,2025-06-19
2601,631,12812,5,Nice track.,2025-03-31
2602,573,13130,4,Perfect!,2026-09-07
2603,210,8877,5,Amazing song!,2025-06-20
2604,204,6588,4,Nice track.,2025-08-03
2605,706,9953,4,Very catchy.,2025-12-25
2606,407,4961,4,Perfect!,2025-09-13
2607,361,3273,2,Amazing song!,2024-12-30
2608,297,5998,1,Really love this track.,2026-01-03
2609,391,13998,1,Very catchy.,2025-07-15
2610,861,3330,1,Worth listening to.,2025-06-05
2611,277,8005,2,Worth listening to.,2025-05-31
2612,795,1286,3,One of my favorites.,2025-07-10
2613,285,5614,4,Worth listening to.,2026-06-12
2614,477,16401,2,Nice track.,2024-12-09
2615,40,12199,1,Really love this track.,2025-12-21
2616,88,12950,5,Perfect!,2025-02-02
2617,197,1071,4,Perfect!,2025-08-29
2618,33,4612,5,Good song.,2025-08-09
2619,489,2677,2,One of my favorites.,2025-10-03
2620,805,11773,3,Great music.,2024-11-10
2621,783,5598,2,Good song.,2025-03-13
2622,332,9109,2,Not bad.,2025-08-18
2623,683,7646,2,Not bad.,2025-08-23
2624,344,14596,2,Great music.,2026-04-04
2625,187,14878,3,Great music.,2026-02-24
2626,361,3394,3,Perfect!,2026-06-02
2627,813,15569,4,Perfect!,2024-12-10
2628,178,8642,2,Perfect!,2026-02-27
2629,312,11611,4,Very catchy.,2026-04-20
2630,360,16526,3,Perfect!,2026-02-17
2631,86,13254,3,Amazing song!,2025-10-05
2632,981,106,2,Really love this track.,2025-10-04
2633,96,7297,5,Worth listening to.,2025-07-30
2634,54,12255,3,Great music.,2026-04-16
2635,512,6717,1,Really love this track.,2024-12-29
2636,214,13439,3,Worth listening to.,2026-06-30
2637,735,4251,3,Nice track.,2025-08-07
2638,370,9751,1,One of my favorites.,2025-03-16
2639,958,11907,4,One of my favorites.,2025-12-09
2640,746,12482,5,One of my favorites.,2025-06-13
2641,78,15766,5,Nice track.,2025-07-19
2642,431,4513,5,Perfect!,2024-12-02
2643,415,12153,5,Worth listening to.,2024-12-24
2644,573,11507,3,Great music.,2026-04-10
2645,547,1692,1,Very catchy.,2025-07-20
2646,371,16513,4,Good song.,2026-04-28
2647,863,7819,5,Worth listening to.,2026-06-17
2648,493,4610,2,Good song.,2025-07-04
2649,651,10151,5,Not bad.,2026-08-29
2650,16,9640,3,Perfect!,2026-05-07
2651,346,9515,4,Amazing song!,2025-08-19
2652,843,10092,4,Not bad.,2025-11-07
2653,571,3217,2,Not bad.,2025-02-27
2654,522,12895,2,Worth listening to.,2026-09-11
2655,703,13724,3,One of my favorites.,2024-09-30
2656,961,3668,2,Amazing song!,2025-06-27
2657,895,9693,2,Good song.,2025-06-20
2658,110,16068,3,Nice track.,2025-09-30
2659,683,15472,1,Nice track.,2025-02-19
2660,753,12498,4,Not bad.,2025-09-02
2661,88,15528,3,Nice track.,2024-11-26
2662,823,6592,4,Perfect!,2025-02-09
2663,38,11735,5,Really love this track.,2025-11-07
2664,135,4757,5,Not bad.,2026-06-30
2665,806,761,5,Nice track.,2026-07-04
2666,331,2188,2,Nice track.,2025-10-23
2667,969,2216,1,One of my favorites.,2025-09-17
2668,726,10860,5,Good song.,2026-04-14
2669,430,6597,5,Very catchy.,2025-04-21
2670,483,11856,3,Not bad.,2026-06-12
2671,5,6633,2,Really love this track.,2024-10-17
2672,806,10560,1,Worth listening to.,2025-01-17
2673,639,5953,3,Perfect!,2026-03-31
2674,408,15654,2,One of my favorites.,2024-12-28
2675,728,4224,3,Amazing song!,2025-02-26
2676,944,9972,1,Not bad.,2026-02-26
2677,149,11458,3,Perfect!,2026-02-01
2678,194,8491,2,Perfect!,2026-09-01
2679,773,15752,4,Not bad.,2026-03-22
2680,696,16057,4,Great music.,2026-04-25
2681,321,1362,4,One of my favorites.,2025-04-23
2682,892,13717,5,Not bad.,2026-02-11
2683,482,8369,4,Good song.,2025-07-03
2684,330,4565,3,Not bad.,2024-11-03
2685,247,2352,5,Perfect!,2025-05-03
2686,558,9118,4,Not bad.,2025-04-29
2687,241,13383,1,Perfect!,2026-05-15
2688,19,5871,5,Great music.,2025-07-11
2689,770,16127,2,Amazing song!,2026-07-30
2690,422,15121,1,Worth listening to.,2025-07-04
2691,207,14967,1,Amazing song!,2025-01-25
2692,942,4570,1,Really love this track.,2025-09-29
2693,227,3770,3,Great music.,2025-08-06
2694,902,9049,5,Nice track.,2025-02-17
2695,952,6426,4,Not bad.,2026-03-30
2696,267,6323,1,Nice track.,2025-02-27
2697,513,11748,2,Good song.,2024-09-11
2698,93,14572,1,Good song.,2025-04-29
2699,631,13430,4,Good song.,2026-02-21
2700,453,97,5,Good song.,2024-12-05
2701,554,7319,1,Very catchy.,2024-11-05
2702,946,14259,5,Amazing song!,2026-05-29
2703,540,7155,5,Nice track.,2025-09-01
2704,170,4175,4,Really love this track.,2025-07-31
2705,94,1147,1,Worth listening to.,2026-05-09
2706,859,15768,1,Amazing song!,2024-11-25
2707,732,9311,3,Good song.,2026-02-24
2708,851,12157,5,Perfect!,2025-04-30
2709,524,7561,2,Very catchy.,2025-01-24
2710,809,8713,2,Great music.,2026-01-10
2711,224,1378,4,Very catchy.,2026-02-14
2712,219,2266,5,Nice track.,2024-11-29
2713,363,3937,4,Good song.,2025-06-28
2714,843,898,2,Not bad.,2025-02-02
2715,443,14254,3,Worth listening to.,2025-04-28
2716,354,1902,2,Amazing song!,2025-10-13
2717,333,16368,3,Really love this track.,2025-03-06
2718,335,5595,4,Really love this track.,2024-12-07
2719,395,4414,5,Perfect!,2025-12-21
2720,909,9065,2,Good song.,2025-07-16
2721,902,5908,1,Great music.,2025-10-29
2722,818,87,2,Very catchy.,2026-04-06
2723,637,4176,2,One of my favorites.,2025-08-04
2724,604,3999,3,One of my favorites.,2025-02-18
2725,130,12747,4,Perfect!,2026-08-01
2726,168,14988,3,Perfect!,2026-08-28
2727,106,12124,4,Perfect!,2025-07-30
2728,570,12524,4,One of my favorites.,2025-04-02
2729,81,7112,3,Great music.,2025-09-18
2730,98,10728,4,Good song.,2024-10-02
2731,406,227,5,Perfect!,2026-06-26
2732,593,90,3,Amazing song!,2025-03-24
2733,168,7525,2,Really love this track.,2025-07-09
2734,765,2267,1,Very catchy.,2025-05-12
2735,78,7982,5,Perfect!,2025-06-30
2736,420,6928,5,Really love this track.,2025-11-03
2737,447,13972,3,Amazing song!,2025-11-24
2738,509,8434,4,Perfect!,2025-07-08
2739,977,9771,1,Great music.,2025-12-15
2740,793,7964,5,Amazing song!,2025-10-12
2741,304,337,4,Really love this track.,2026-08-12
2742,501,13454,5,Not bad.,2025-09-21
2743,83,863,1,Perfect!,2026-09-01
2744,759,3132,3,Nice track.,2024-09-27
2745,621,7628,4,Nice track.,2025-02-26
2746,46,5182,5,Perfect!,2025-07-01
2747,918,14496,3,Perfect!,2025-11-13
2748,724,4831,2,Really love this track.,2025-11-18
2749,863,11591,4,Really love this track.,2026-05-09
2750,836,871,2,Very catchy.,2025-03-09
2751,116,2208,2,Good song.,2024-09-13
2752,916,2786,4,Nice track.,2024-10-02
2753,996,16550,5,One of my favorites.,2025-04-15
2754,906,13395,1,One of my favorites.,2025-11-05
2755,774,7577,2,Good song.,2025-02-28
2756,861,14110,2,Nice track.,2025-09-23
2757,724,5770,5,Good song.,2026-02-23
2758,247,6111,2,Good song.,2025-12-23
2759,80,14070,3,Worth listening to.,2026-08-26
2760,949,3902,4,Nice track.,2026-01-21
2761,282,14699,4,One of my favorites.,2025-03-06
2762,631,10652,3,Amazing song!,2025-07-19
2763,292,13172,4,Worth listening to.,2026-03-31
2764,810,6453,1,Amazing song!,2025-03-06
2765,237,2619,4,Great music.,2026-03-01
2766,674,9561,5,One of my favorites.,2026-06-27
2767,667,6404,5,Very catchy.,2024-11-11
2768,674,3145,4,Nice track.,2026-04-28
2769,392,6879,3,Nice track.,2025-06-05
2770,691,7929,1,Great music.,2025-12-02
2771,436,8871,4,Really love this track.,2025-01-29
2772,246,15392,3,Not bad.,2026-04-14
2773,833,14694,5,One of my favorites.,2025-01-01
2774,478,10036,4,One of my favorites.,2026-05-09
2775,830,16086,1,Not bad.,2026-03-14
2776,636,10622,4,Great music.,2025-12-16
2777,447,106,4,Good song.,2024-12-08
2778,814,15849,4,Very catchy.,2026-02-06
2779,138,4195,3,One of my favorites.,2026-01-24
2780,179,11137,5,Amazing song!,2025-01-19
2781,599,11494,5,Good song.,2025-09-20
2782,115,13596,1,Not bad.,2026-09-07
2783,60,14892,3,Nice track.,2024-10-25
2784,260,7598,4,One of my favorites.,2025-07-05
2785,431,15064,1,Amazing song!,2025-05-25
2786,307,4677,4,One of my favorites.,2025-12-19
2787,382,11910,4,Great music.,2025-03-03
2788,941,13594,1,Amazing song!,2025-04-16
2789,129,1113,3,Really love this track.,2024-10-31
2790,848,6987,4,Very catchy.,2024-10-14
2791,877,11889,1,Perfect!,2026-08-17
2792,984,1398,5,Perfect!,2025-04-04
2793,426,7752,1,Very catchy.,2024-10-19
2794,875,2394,5,Really love this track.,2025-06-30
2795,310,11741,1,One of my favorites.,2026-04-10
2796,231,4278,3,One of my favorites.,2026-09-08
2797,272,7285,4,One of my favorites.,2026-02-25
2798,62,3274,5,Nice track.,2025-01-01
2799,449,12839,3,Great music.,2025-12-04
2800,731,11771,4,Great music.,2024-11-23
2801,590,3164,5,Good song.,2024-11-13
2802,474,14064,5,Worth listening to.,2025-11-06
2803,590,949,4,Perfect!,2025-08-27
2804,613,14933,4,Perfect!,2025-01-21
2805,995,6596,1,Good song.,2024-12-19
2806,446,9572,3,Very catchy.,2025-10-14
2807,316,15878,5,Not bad.,2025-01-10
2808,416,13601,5,Amazing song!,2025-04-17
2809,359,13067,4,Really love this track.,2025-09-18
2810,605,11551,2,Not bad.,2024-12-16
2811,927,2971,5,Nice track.,2025-10-18
2812,546,14354,5,Not bad.,2025-02-07
2813,367,8461,1,Good song.,2024-09-26
2814,355,4960,3,Worth listening to.,2024-11-17
2815,224,1996,2,Perfect!,2025-11-01
2816,631,9739,1,Amazing song!,2024-12-08
2817,912,3336,2,Not bad.,2025-08-23
2818,332,546,2,One of my favorites.,2026-03-06
2819,970,537,1,One of my favorites.,2025-12-08
2820,963,4550,2,Nice track.,2026-05-04
2821,510,818,5,Not bad.,2025-07-19
2822,798,14282,2,Perfect!,2026-01-30
2823,872,9801,3,Nice track.,2024-10-22
2824,277,3993,1,Great music.,2026-07-01
2825,113,11735,1,One of my favorites.,2026-06-15
2826,307,10517,4,Worth listening to.,2025-09-19
2827,553,8772,5,Very catchy.,2025-05-28
2828,83,8594,1,Good song.,2026-02-18
2829,29,13727,4,Perfect!,2025-08-25
2830,883,2756,1,Great music.,2025-10-24
2831,131,2892,5,Really love this track.,2025-12-30
2832,43,4994,5,Very catchy.,2026-03-31
2833,561,490,2,Good song.,2026-05-17
2834,283,14775,1,Not bad.,2026-06-22
2835,465,7841,3,Nice track.,2026-03-29
2836,167,3983,1,Perfect!,2025-10-20
2837,886,14021,4,Good song.,2026-02-02
2838,910,4027,3,Worth listening to.,2025-03-25
2839,950,716,5,Great music.,2026-06-19
2840,5,7856,2,One of my favorites.,2025-12-02
2841,244,10353,3,Good song.,2025-09-16
2842,9,15411,2,Worth listening to.,2026-08-06
2843,364,326,3,Worth listening to.,2025-04-20
2844,993,13366,4,Amazing song!,2025-12-06
2845,865,9919,4,One of my favorites.,2026-01-01
2846,767,9347,1,Great music.,2025-08-25
2847,500,13433,2,Worth listening to.,2026-01-08
2848,779,4217,2,Not bad.,2025-12-21
2849,204,3986,2,One of my favorites.,2024-10-25
2850,464,944,3,Great music.,2025-05-14
2851,785,5200,5,Perfect!,2025-01-14
2852,458,2590,5,Not bad.,2026-09-03
2853,580,8474,4,Really love this track.,2026-07-17
2854,838,596,3,One of my favorites.,2024-12-24
2855,265,963,3,Not bad.,2024-12-02
2856,260,2605,4,Very catchy.,2025-09-26
2857,455,10923,4,Great music.,2024-12-16
2858,668,16171,4,Worth listening to.,2024-12-05
2859,766,8075,3,Perfect!,2025-04-15
2860,31,1964,3,Nice track.,2025-11-09
2861,783,3814,3,Good song.,2026-07-06
2862,775,6848,3,Amazing song!,2025-07-25
2863,322,10286,4,Great music.,2026-05-18
2864,86,9255,5,One of my favorites.,2025-05-29
2865,437,1605,1,Amazing song!,2025-08-01
2866,823,15641,1,Worth listening to.,2025-06-14
2867,579,14786,3,Amazing song!,2025-10-17
2868,454,3760,5,Worth listening to.,2026-04-07
2869,709,16293,1,Worth listening to.,2024-11-23
2870,398,8029,4,Good song.,2025-11-14
2871,677,1065,4,Very catchy.,2026-01-05
2872,121,5048,3,Amazing song!,2025-10-31
2873,635,1068,3,Worth listening to.,2026-02-07
2874,604,1718,1,Amazing song!,2024-11-29
2875,865,8175,3,Worth listening to.,2026-09-11
2876,199,10071,1,Really love this track.,2026-08-04
2877,130,4050,1,Worth listening to.,2024-09-18
2878,56,5821,5,Nice track.,2025-08-13
2879,372,9999,4,Not bad.,2024-11-09
2880,386,1495,4,Very catchy.,2025-09-28
2881,277,13108,3,Perfect!,2025-02-22
2882,931,4220,4,Really love this track.,2026-01-14
2883,697,4053,5,One of my favorites.,2026-05-25
2884,206,11363,4,Worth listening to.,2026-02-24
2885,254,14329,5,Nice track.,2026-07-06
2886,310,9205,4,One of my favorites.,2026-07-15
2887,30,291,4,Very catchy.,2026-03-13
2888,967,9246,4,Good song.,2025-05-12
2889,527,343,2,One of my favorites.,2025-07-23
2890,96,3540,2,Very catchy.,2026-07-12
2891,780,8602,4,Perfect!,2025-03-18
2892,451,964,3,Not bad.,2024-11-23
2893,220,15849,4,One of my favorites.,2025-07-24
2894,526,13152,2,Perfect!,2025-02-13
2895,263,5639,5,Great music.,2026-06-16
2896,562,12351,2,Nice track.,2024-11-23
2897,404,5349,2,Worth listening to.,2025-01-19
2898,56,6063,1,Not bad.,2025-12-18
2899,785,5455,1,Good song.,2025-09-04
2900,781,15135,1,Great music.,2025-06-22
2901,298,3610,2,Perfect!,2026-06-19
2902,686,16029,3,One of my favorites.,2025-06-11
2903,225,4300,5,Perfect!,2025-08-25
2904,813,6685,2,Very catchy.,2026-06-08
2905,644,16032,3,Amazing song!,2025-01-27
2906,761,10430,3,Great music.,2026-04-12
2907,47,5196,1,Not bad.,2026-07-16
2908,680,2894,3,Amazing song!,2026-04-19
2909,169,1924,3,Amazing song!,2025-07-29
2910,222,12367,3,Perfect!,2024-11-30
2911,88,804,2,Nice track.,2025-08-02
2912,182,11248,1,Not bad.,2025-12-18
2913,103,7986,4,Not bad.,2025-05-05
2914,934,10358,4,Great music.,2025-12-27
2915,491,12003,5,Really love this track.,2025-07-26
2916,300,4595,3,Good song.,2025-02-27
2917,489,2545,5,Perfect!,2025-09-25
2918,429,2265,4,One of my favorites.,2026-08-21
2919,344,10263,4,Nice track.,2025-11-20
2920,709,4534,1,Not bad.,2025-10-09
2921,736,13756,5,Good song.,2024-11-05
2922,332,8748,5,Really love this track.,2024-11-18
2923,288,15323,5,Worth listening to.,2025-11-30
2924,603,12180,1,Perfect!,2026-06-24
2925,861,16151,3,Perfect!,2026-08-04
2926,792,12116,2,Nice track.,2025-02-22
2927,443,10013,4,Good song.,2025-10-24
2928,56,11553,2,Not bad.,2026-07-05
2929,498,3267,4,Worth listening to.,2026-02-28
2930,811,9914,5,Good song.,2026-03-16
2931,131,7940,5,Perfect!,2025-12-13
2932,380,10896,3,Worth listening to.,2026-01-27
2933,791,10430,5,Good song.,2025-12-06
2934,417,14161,3,Perfect!,2026-07-31
2935,751,7096,1,One of my favorites.,2025-12-09
2936,419,6357,1,Not bad.,2024-10-22
2937,675,8040,5,Very catchy.,2025-07-12
2938,437,12827,3,Very catchy.,2025-10-27
2939,187,14867,5,Nice track.,2025-01-18
2940,800,2787,1,Nice track.,2026-03-06
2941,127,12372,2,Not bad.,2024-10-17
2942,439,14859,3,Great music.,2024-12-08
2943,14,13663,3,Perfect!,2026-04-27
2944,814,6105,3,Perfect!,2025-02-18
2945,862,11249,4,Perfect!,2026-01-23
2946,676,12062,3,One of my favorites.,2026-06-12
2947,820,15453,4,Great music.,2024-09-21
2948,919,4586,1,Great music.,2025-10-04
2949,320,5489,2,Worth listening to.,2024-11-09
2950,855,2615,3,Worth listening to.,2025-08-07
2951,662,10851,4,Perfect!,2025-09-29
2952,247,1978,3,Nice track.,2025-06-08
2953,880,3611,1,Not bad.,2025-02-04
2954,73,2579,1,Worth listening to.,2026-05-21
2955,795,12363,5,Worth listening to.,2026-02-23
2956,45,8933,4,Good song.,2026-03-05
2957,239,9930,3,Perfect!,2025-01-22
2958,63,16386,5,Worth listening to.,2024-12-09
2959,378,13243,2,Great music.,2025-07-10
2960,153,6251,2,Not bad.,2025-03-02
2961,204,13127,1,Amazing song!,2026-05-27
2962,696,13818,1,Good song.,2026-03-01
2963,449,880,5,Amazing song!,2025-02-09
2964,287,6480,3,Very catchy.,2025-08-04
2965,801,2500,3,Really love this track.,2026-08-27
2966,479,234,4,One of my favorites.,2024-12-13
2967,673,7418,4,Good song.,2026-05-27
2968,750,1222,5,Good song.,2026-06-23
2969,306,1474,3,Amazing song!,2025-03-18
2970,934,5015,3,Not bad.,2024-11-09
2971,808,6825,1,Not bad.,2025-09-11
2972,832,4967,2,Very catchy.,2025-12-31
2973,28,9868,3,Great music.,2026-07-11
2974,85,5972,3,Nice track.,2025-10-25
2975,759,7643,2,Perfect!,2025-05-24
2976,683,2629,1,Great music.,2025-04-06
2977,304,6016,2,Not bad.,2025-12-04
2978,873,15558,2,One of my favorites.,2024-10-09
2979,853,7012,1,Nice track.,2026-04-19
2980,665,10159,3,One of my favorites.,2026-07-01
2981,902,14044,2,Good song.,2024-10-16
2982,966,11319,2,Good song.,2025-05-10
2983,930,7461,5,Perfect!,2026-02-28
2984,644,13254,3,Not bad.,2025-12-22
2985,899,5667,5,Amazing song!,2026-06-21
2986,346,13597,5,Nice track.,2024-10-24
2987,372,6416,2,Worth listening to.,2025-03-18
2988,924,13308,2,Really love this track.,2025-09-15
2989,793,6409,5,Nice track.,2026-02-15
2990,715,14891,1,Worth listening to.,2025-01-15
2991,178,6550,4,Worth listening to.,2025-12-22
2992,128,4743,4,Good song.,2025-06-15
2993,296,12958,4,Worth listening to.,2026-04-16
2994,688,7295,5,Great music.,2025-04-28
2995,110,2888,4,One of my favorites.,2025-06-26
2996,598,12505,4,Nice track.,2025-10-16
2997,722,234,2,Amazing song!,2026-05-07
2998,758,1877,5,Perfect!,2025-05-27
2999,2,3291,4,One of my favorites.,2025-10-07
3000,825,14884,5,Worth listening to.,2025-03-04
3001,460,10033,2,Nice track.,2025-06-03
3002,190,10172,4,Nice track.,2026-03-04
3003,292,1589,1,Not bad.,2025-08-04
3004,28,14311,4,Not bad.,2026-08-14
3005,914,14175,4,Worth listening to.,2026-06-10
3006,584,1697,3,Good song.,2026-07-16
3007,212,3286,1,Amazing song!,2025-03-12
3008,654,2170,3,Very catchy.,2026-02-21
3009,614,3037,3,Amazing song!,2025-12-19
3010,273,263,4,Great music.,2026-08-24
3011,892,7182,5,Nice track.,2025-12-10
3012,501,10744,2,Not bad.,2025-11-10
3013,219,3181,1,Really love this track.,2026-04-23
3014,592,6432,1,Perfect!,2026-06-18
3015,483,5442,5,One of my favorites.,2024-12-16
3016,323,7439,2,Great music.,2025-01-07
3017,784,8588,4,Good song.,2025-09-20
3018,97,7621,2,Perfect!,2026-07-03
3019,678,15480,5,Great music.,2025-04-15
3020,993,10388,3,Very catchy.,2026-04-02
3021,177,13737,4,One of my favorites.,2025-02-27
3022,497,8760,1,Good song.,2025-12-23
3023,434,16288,5,Very catchy.,2026-01-14
3024,999,7429,1,Good song.,2025-01-08
3025,549,14548,4,Perfect!,2025-01-02
3026,754,428,1,Really love this track.,2026-08-19
3027,838,6020,4,Perfect!,2025-05-19
3028,141,1662,3,One of my favorites.,2026-05-07
3029,522,13139,5,Worth listening to.,2026-08-04
3030,956,7998,4,Great music.,2025-06-03
3031,975,6025,3,Good song.,2024-12-02
3032,352,4585,5,Really love this track.,2025-08-17
3033,635,15002,5,Worth listening to.,2026-06-01
3034,24,12633,4,Amazing song!,2025-04-10
3035,325,961,5,Worth listening to.,2024-11-04
3036,732,13622,3,Amazing song!,2026-06-20
3037,425,16589,4,Good song.,2025-12-21
3038,770,1082,3,One of my favorites.,2026-03-09
3039,826,11271,5,Amazing song!,2026-04-08
3040,612,14200,3,One of my favorites.,2025-02-01
3041,877,2871,4,Good song.,2025-05-19
3042,161,16021,5,Perfect!,2025-11-18
3043,288,1015,2,Nice track.,2026-07-26
3044,635,4506,5,One of my favorites.,2026-07-25
3045,17,9826,5,Good song.,2024-11-01
3046,60,14397,1,Perfect!,2026-01-12
3047,8,11992,1,Good song.,2026-04-08
3048,466,5222,1,One of my favorites.,2026-06-27
3049,249,4470,1,Nice track.,2026-08-13
3050,367,13093,5,Nice track.,2026-06-18
3051,587,10881,4,Great music.,2025-03-27
3052,809,11748,1,Great music.,2026-06-19
3053,448,5353,5,Really love this track.,2025-09-29
3054,964,251,3,Nice track.,2026-07-16
3055,303,13337,5,One of my favorites.,2025-08-03
3056,294,11302,5,Perfect!,2026-08-09
3057,73,16258,1,Great music.,2025-01-28
3058,146,558,4,Worth listening to.,2026-08-14
3059,703,11995,3,One of my favorites.,2026-09-07
3060,170,915,4,Not bad.,2024-12-02
3061,966,14849,5,Great music.,2026-06-09
3062,637,5225,1,Very catchy.,2026-03-11
3063,146,3941,5,Great music.,2025-01-30
3064,350,13799,3,Really love this track.,2026-03-13
3065,56,11366,2,Perfect!,2025-02-03
3066,226,672,1,Perfect!,2025-07-23
3067,630,9652,2,Amazing song!,2026-06-02
3068,384,6213,4,One of my favorites.,2024-10-09
3069,981,5974,5,Amazing song!,2024-12-14
3070,743,13730,5,Good song.,2026-03-05
3071,644,690,5,One of my favorites.,2025-11-05
3072,183,11592,1,Nice track.,2025-07-14
3073,541,9085,5,Very catchy.,2025-03-11
3074,522,6857,5,One of my favorites.,2025-11-28
3075,114,7291,4,Worth listening to.,2025-12-19
3076,2,6821,1,Nice track.,2025-04-01
3077,117,6808,4,Great music.,2025-06-16
3078,679,12927,2,Worth listening to.,2025-03-30
3079,793,1429,4,Nice track.,2024-11-25
3080,213,5055,3,Nice track.,2026-06-13
3081,477,12712,1,Nice track.,2025-02-19
3082,269,1917,4,Perfect!,2026-03-26
3083,463,4412,3,Good song.,2026-05-04
3084,648,10315,5,Good song.,2025-11-15
3085,156,7409,4,One of my favorites.,2025-03-25
3086,852,7607,3,Very catchy.,2025-05-16
3087,743,13972,1,Amazing song!,2025-03-11
3088,184,12059,3,Perfect!,2024-11-22
3089,807,2616,4,Great music.,2025-05-12
3090,559,336,3,Amazing song!,2025-07-10
3091,512,10841,3,Amazing song!,2025-02-27
3092,39,6191,2,Good song.,2026-05-06
3093,634,14739,5,Not bad.,2024-10-21
3094,842,12702,5,Worth listening to.,2025-12-23
3095,615,16446,1,Amazing song!,2025-03-18
3096,764,7386,5,Good song.,2024-09-17
3097,34,3080,3,Worth listening to.,2026-08-06
3098,524,15281,4,Great music.,2026-05-03
3099,307,465,2,Good song.,2026-05-26
3100,164,3863,4,Worth listening to.,2025-09-11
3101,950,4772,3,Good song.,2025-12-19
3102,193,2578,4,Great music.,2025-07-18
3103,371,16436,1,Worth listening to.,2025-10-20
3104,165,5485,1,Great music.,2026-02-06
3105,561,3270,3,Really love this track.,2026-04-06
3106,622,9373,1,Very catchy.,2025-05-31
3107,844,7271,1,Good song.,2026-05-06
3108,691,6763,1,Perfect!,2026-01-06
3109,66,11141,3,Not bad.,2024-10-16
3110,128,3617,2,Really love this track.,2026-01-29
3111,305,5236,4,Nice track.,2025-12-11
3112,381,12199,1,Worth listening to.,2025-08-09
3113,152,1759,1,Nice track.,2026-03-05
3114,907,11491,1,Really love this track.,2026-02-06
3115,122,11679,3,Good song.,2025-05-06
3116,676,4654,4,Nice track.,2025-06-19
3117,834,14396,1,One of my favorites.,2026-07-28
3118,708,13762,3,Amazing song!,2026-05-16
3119,303,9512,3,Perfect!,2025-12-04
3120,399,11435,3,Amazing song!,2025-11-03
3121,590,10737,1,Amazing song!,2025-09-07
3122,201,7286,3,Good song.,2024-12-25
3123,109,14342,5,Very catchy.,2026-01-13
3124,928,12947,1,Worth listening to.,2025-04-14
3125,613,9674,5,Great music.,2026-08-22
3126,271,1343,2,Perfect!,2026-03-31
3127,69,4097,1,Nice track.,2024-10-05
3128,399,1757,5,Not bad.,2025-11-21
3129,92,5249,1,Nice track.,2026-04-15
3130,178,6484,3,Not bad.,2025-12-29
3131,135,1418,3,Not bad.,2025-12-25
3132,234,12014,2,Good song.,2026-07-15
3133,991,7001,4,Good song.,2025-01-25
3134,886,11674,5,Amazing song!,2026-03-10
3135,908,15634,2,Nice track.,2024-12-03
3136,288,12479,2,Worth listening to.,2025-09-03
3137,233,3158,2,Nice track.,2025-09-21
3138,422,8049,3,Perfect!,2026-01-18
3139,871,5889,2,Great music.,2026-05-07
3140,33,4790,3,Good song.,2026-08-04
3141,540,14420,3,Worth listening to.,2025-02-04
3142,450,13480,1,Perfect!,2025-05-24
3143,698,979,1,Worth listening to.,2026-01-29
3144,278,5789,2,One of my favorites.,2026-04-24
3145,696,10503,3,Really love this track.,2026-08-31
3146,643,16275,3,Great music.,2024-11-22
3147,934,2158,3,Very catchy.,2025-08-02
3148,906,12713,5,Nice track.,2025-07-19
3149,975,2455,4,One of my favorites.,2025-10-10
3150,474,2173,5,Amazing song!,2024-10-30
3151,171,2401,1,Amazing song!,2024-11-01
3152,147,1778,3,Good song.,2026-07-24
3153,859,4724,2,Not bad.,2025-02-18
3154,668,3207,5,Amazing song!,2025-02-25
3155,796,9808,3,Worth listening to.,2026-01-06
3156,835,11197,5,Nice track.,2025-09-11
3157,206,143,4,Great music.,2025-02-07
3158,140,8420,3,Really love this track.,2026-09-06
3159,980,8168,3,Amazing song!,2025-08-10
3160,875,1470,5,Nice track.,2025-08-28
3161,883,10450,1,Perfect!,2024-10-03
3162,348,4922,1,Not bad.,2025-09-17
3163,113,11966,5,Worth listening to.,2026-03-02
3164,913,9575,4,One of my favorites.,2024-12-25
3165,576,127,1,Perfect!,2024-12-14
3166,176,9282,1,Not bad.,2025-09-17
3167,785,4142,5,Really love this track.,2026-02-03
3168,516,14305,4,Nice track.,2025-03-05
3169,574,6847,5,Worth listening to.,2026-03-13
3170,949,2523,1,One of my favorites.,2025-04-27
3171,183,546,1,One of my favorites.,2024-09-19
3172,358,9932,5,Very catchy.,2026-03-13
3173,827,12662,4,Not bad.,2026-08-26
3174,247,16288,1,Great music.,2025-01-29
3175,256,3010,5,Really love this track.,2025-05-06
3176,658,546,3,Amazing song!,2024-12-22
3177,191,12680,1,Nice track.,2026-01-29
3178,246,5971,3,Good song.,2025-01-22
3179,836,11169,3,Nice track.,2026-01-26
3180,970,2996,4,Great music.,2025-01-21
3181,757,259,3,Perfect!,2026-04-04
3182,93,12522,2,Really love this track.,2026-07-03
3183,291,2415,2,Good song.,2025-04-09
3184,839,5438,2,Nice track.,2024-11-23
3185,319,12047,1,Great music.,2026-02-27
3186,646,6026,4,Nice track.,2026-01-03
3187,647,8880,5,Worth listening to.,2025-10-23
3188,446,259,4,Nice track.,2026-07-26
3189,239,9085,2,Great music.,2026-05-19
3190,679,9586,5,Good song.,2026-06-25
3191,144,10245,4,Not bad.,2026-03-25
3192,650,1715,3,Perfect!,2025-03-08
3193,22,6347,3,Good song.,2026-06-02
3194,711,15954,1,Worth listening to.,2026-06-01
3195,532,14262,1,Not bad.,2024-10-28
3196,887,904,5,Not bad.,2025-07-27
3197,666,7846,4,Really love this track.,2026-02-16
3198,860,8880,4,One of my favorites.,2026-08-20
3199,8,16248,2,Really love this track.,2025-03-20
3200,724,11988,3,Perfect!,2025-02-01
3201,63,6092,1,Nice track.,2026-04-03
3202,163,846,1,Very catchy.,2025-03-12
3203,453,7738,2,Nice track.,2025-08-14
3204,403,6160,1,Very catchy.,2025-05-11
3205,860,16464,3,Perfect!,2025-05-08
3206,662,15954,1,Nice track.,2026-08-12
3207,303,6747,3,Amazing song!,2024-09-22
3208,740,12346,3,Very catchy.,2024-11-23
3209,984,10757,1,Good song.,2026-08-04
3210,335,5881,2,Nice track.,2025-11-07
3211,901,142,3,Very catchy.,2024-11-27
3212,38,12047,3,Worth listening to.,2026-01-27
3213,597,13502,2,Not bad.,2026-05-18
3214,17,4296,4,Not bad.,2025-05-09
3215,271,13975,3,Good song.,2025-04-24
3216,968,11688,3,Really love this track.,2025-04-07
3217,601,9945,5,Really love this track.,2025-01-19
3218,766,5286,2,Perfect!,2025-04-29
3219,544,11360,5,Amazing song!,2026-04-24
3220,705,16418,3,Not bad.,2025-11-14
3221,406,8686,5,Perfect!,2026-07-20
3222,139,9096,4,Great music.,2026-07-05
3223,48,347,1,Not bad.,2025-04-09
3224,474,9086,2,Worth listening to.,2025-01-09
3225,939,1952,2,Perfect!,2026-02-12
3226,195,10839,2,Not bad.,2026-02-11
3227,964,10118,4,Good song.,2024-10-04
3228,563,13975,2,Very catchy.,2025-01-11
3229,103,7049,2,Perfect!,2026-03-03
3230,817,1962,4,Amazing song!,2025-04-16
3231,180,4825,4,Very catchy.,2025-03-20
3232,488,740,1,Very catchy.,2026-05-31
3233,591,3605,4,Very catchy.,2026-06-22
3234,969,13616,3,Amazing song!,2026-04-19
3235,553,7285,2,Nice track.,2025-06-23
3236,845,13809,1,One of my favorites.,2024-09-16
3237,840,5100,3,One of my favorites.,2026-03-06
3238,802,4808,3,Great music.,2025-12-21
3239,727,8835,3,Good song.,2025-05-07
3240,111,14753,3,Nice track.,2025-08-18
3241,452,4200,1,Worth listening to.,2025-07-27
3242,756,2891,2,Great music.,2025-06-10
3243,961,2128,4,Great music.,2026-03-09
3244,513,8088,1,One of my favorites.,2026-08-06
3245,473,8689,5,Very catchy.,2026-09-09
3246,96,1798,1,Good song.,2024-11-20
3247,511,2565,3,Really love this track.,2024-12-11
3248,880,3600,1,Not bad.,2026-02-12
3249,470,9852,3,Very catchy.,2026-04-05
3250,270,13470,2,Good song.,2025-10-15
3251,408,343,2,Perfect!,2025-08-07
3252,863,9783,3,Amazing song!,2026-02-03
3253,873,10996,3,Nice track.,2024-10-31
3254,439,16137,5,Worth listening to.,2025-05-30
3255,491,9911,1,Worth listening to.,2025-07-31
3256,980,2491,3,Worth listening to.,2025-04-11
3257,235,3569,2,Amazing song!,2024-09-17
3258,329,989,4,Great music.,2025-12-30
3259,306,14066,4,Really love this track.,2026-05-27
3260,934,7219,2,Nice track.,2025-12-02
3261,500,13114,2,One of my favorites.,2025-04-20
3262,254,11661,3,Amazing song!,2024-11-30
3263,958,3375,2,Not bad.,2025-05-08
3264,786,2625,2,Perfect!,2025-09-30
3265,147,4853,5,Really love this track.,2025-06-11
3266,150,8571,2,Great music.,2025-02-07
3267,749,2743,4,Perfect!,2026-01-06
3268,93,5556,2,Perfect!,2025-11-03
3269,876,569,2,One of my favorites.,2026-01-05
3270,462,11546,2,Nice track.,2026-03-13
3271,414,2201,2,Perfect!,2024-10-31
3272,782,12719,4,Nice track.,2026-08-08
3273,156,5612,4,Very catchy.,2025-02-07
3274,293,14248,4,Not bad.,2025-09-09
3275,900,12940,3,Worth listening to.,2024-10-11
3276,391,6418,5,Really love this track.,2025-05-17
3277,189,11158,5,Very catchy.,2025-05-10
3278,658,12131,4,Worth listening to.,2026-06-18
3279,739,4657,4,Perfect!,2026-01-18
3280,821,7170,3,Not bad.,2024-12-24
3281,141,8872,2,Not bad.,2025-05-02
3282,827,14569,3,Very catchy.,2026-06-24
3283,897,9380,5,Not bad.,2025-05-21
3284,83,12839,2,Really love this track.,2024-11-22
3285,758,3852,2,Nice track.,2026-02-24
3286,351,3205,4,Good song.,2026-01-16
3287,43,9239,4,Great music.,2026-01-08
3288,889,7984,4,Nice track.,2024-10-24
3289,390,6839,5,Very catchy.,2025-10-11
3290,953,13072,5,Amazing song!,2026-08-18
3291,186,3811,3,One of my favorites.,2026-06-13
3292,287,6832,4,Nice track.,2025-01-28
3293,36,3049,4,Worth listening to.,2025-07-07
3294,203,8181,2,Great music.,2026-07-11
3295,440,3398,1,One of my favorites.,2024-11-09
3296,839,929,1,Nice track.,2026-02-11
3297,508,11675,1,One of my favorites.,2026-08-12
3298,375,16515,1,Perfect!,2026-06-11
3299,355,587,4,Not bad.,2026-05-09
3300,230,13653,1,Good song.,2024-11-04
3301,365,780,2,Very catchy.,2024-10-02
3302,973,7281,1,One of my favorites.,2026-01-23
3303,228,6373,5,Worth listening to.,2025-02-13
3304,816,12959,2,One of my favorites.,2025-05-16
3305,787,5842,2,Really love this track.,2025-07-05
3306,185,7494,3,Really love this track.,2025-05-17
3307,145,12791,5,Amazing song!,2026-01-02
3308,604,15291,1,Nice track.,2025-04-06
3309,334,649,4,Very catchy.,2025-01-29
3310,373,16590,5,Amazing song!,2026-04-16
3311,879,10800,2,One of my favorites.,2025-12-03
3312,830,9632,4,Great music.,2025-12-16
3313,353,14891,5,Amazing song!,2025-01-25
3314,653,4566,1,Not bad.,2024-10-08
3315,905,13189,2,Worth listening to.,2026-01-16
3316,461,12209,5,Not bad.,2025-01-24
3317,597,470,3,One of my favorites.,2025-03-17
3318,373,9127,1,Really love this track.,2025-09-19
3319,995,4680,3,Very catchy.,2025-07-04
3320,816,6435,2,Not bad.,2026-03-17
3321,210,5164,4,Worth listening to.,2025-07-04
3322,839,14003,1,Good song.,2025-08-13
3323,526,5141,4,One of my favorites.,2025-12-07
3324,600,5090,3,Really love this track.,2026-02-08
3325,300,16169,3,Not bad.,2026-09-08
3326,890,4371,1,Amazing song!,2025-08-05
3327,613,3568,4,Nice track.,2025-12-20
3328,898,13536,1,Worth listening to.,2025-01-23
3329,707,9767,4,Great music.,2026-05-06
3330,609,5031,2,Nice track.,2025-01-19
3331,421,3519,3,Amazing song!,2025-11-27
3332,624,3353,3,Nice track.,2025-06-07
3333,780,10511,1,Great music.,2025-03-11
3334,806,3101,4,Great music.,2025-03-09
3335,797,7711,2,Very catchy.,2025-11-02
3336,320,12512,4,Worth listening to.,2025-07-06
3337,487,7256,5,Great music.,2024-11-22
3338,280,4977,2,Good song.,2025-11-26
3339,817,2701,1,Worth listening to.,2025-03-24
3340,524,15954,2,Nice track.,2024-11-22
3341,3,6160,1,One of my favorites.,2026-06-21
3342,340,7731,3,Amazing song!,2024-10-31
3343,324,324,4,Great music.,2026-01-09
3344,318,15068,1,Amazing song!,2026-06-12
3345,889,13837,5,Very catchy.,2025-11-05
3346,223,11761,1,Really love this track.,2026-05-11
3347,816,16476,3,Perfect!,2026-04-20
3348,374,7729,5,Not bad.,2025-02-07
3349,771,12798,4,Amazing song!,2025-12-27
3350,998,11794,4,Great music.,2026-02-18
3351,251,196,5,Worth listening to.,2024-09-23
3352,254,16480,1,Amazing song!,2026-06-22
3353,332,3073,5,Not bad.,2026-01-06
3354,861,12462,4,Good song.,2026-05-19
3355,747,11394,2,Nice track.,2025-03-09
3356,845,10468,5,Nice track.,2026-05-12
3357,671,8366,4,Good song.,2026-05-20
3358,528,10303,1,Worth listening to.,2025-05-06
3359,798,7949,2,Nice track.,2024-12-18
3360,634,7023,5,Really love this track.,2025-04-16
3361,190,3074,4,Worth listening to.,2026-01-31
3362,85,3546,2,Really love this track.,2026-01-14
3363,935,3753,3,Amazing song!,2026-07-09
3364,986,6199,4,One of my favorites.,2025-01-04
3365,224,4415,4,One of my favorites.,2025-04-27
3366,566,9777,1,Worth listening to.,2024-09-12
3367,339,2150,4,Really love this track.,2025-07-02
3368,110,2327,3,One of my favorites.,2025-08-06
3369,701,13614,5,Amazing song!,2026-02-16
3370,586,2027,2,Not bad.,2025-01-27
3371,820,4180,1,Not bad.,2025-10-13
3372,725,5340,2,Amazing song!,2026-04-12
3373,525,9187,1,Good song.,2025-02-03
3374,217,11057,4,Great music.,2025-04-08
3375,780,8430,4,Amazing song!,2025-07-26
3376,862,10943,4,Amazing song!,2025-02-06
3377,7,4013,2,Very catchy.,2025-02-14
3378,108,11006,4,Very catchy.,2026-05-30
3379,817,9251,5,Good song.,2025-05-01
3380,620,14564,4,Not bad.,2026-02-16
3381,465,12704,5,Worth listening to.,2025-10-17
3382,854,10301,5,Not bad.,2025-11-03
3383,712,15321,2,Really love this track.,2025-12-24
3384,538,15434,2,Great music.,2025-03-08
3385,834,16250,4,One of my favorites.,2025-03-14
3386,419,15742,5,Really love this track.,2025-03-29
3387,237,5414,3,Great music.,2025-02-20
3388,112,1447,2,Not bad.,2025-09-13
3389,156,16271,2,Great music.,2025-06-26
3390,325,4480,2,Not bad.,2024-11-29
3391,54,16260,4,Great music.,2026-09-10
3392,247,5055,3,Very catchy.,2026-04-06
3393,134,13745,1,Really love this track.,2025-10-25
3394,167,107,3,Not bad.,2025-07-04
3395,235,15517,2,Worth listening to.,2025-08-15
3396,906,2890,3,Perfect!,2026-08-13
3397,116,13876,3,Very catchy.,2025-12-30
3398,180,2786,2,Really love this track.,2025-03-27
3399,479,9498,5,Worth listening to.,2026-04-02
3400,460,5055,4,Very catchy.,2024-10-09
3401,711,13002,3,Not bad.,2025-10-10
3402,515,2739,3,Perfect!,2025-08-14
3403,831,3241,5,Amazing song!,2026-05-06
3404,291,1570,1,Perfect!,2026-05-31
3405,151,16048,5,Great music.,2025-06-19
3406,135,15286,3,Nice track.,2026-06-03
3407,372,12755,2,Nice track.,2025-04-22
3408,993,15317,4,Not bad.,2025-01-25
3409,370,1045,5,One of my favorites.,2025-04-19
3410,282,7119,4,Good song.,2025-03-23
3411,455,15907,3,Good song.,2026-03-30
3412,294,3,1,Very catchy.,2025-11-21
3413,163,7922,3,Worth listening to.,2025-01-26
3414,87,9095,2,Worth listening to.,2025-07-06
3415,326,7391,4,Good song.,2026-01-05
3416,183,13004,1,Amazing song!,2024-12-23
3417,959,15440,4,Perfect!,2025-11-15
3418,432,15923,1,Not bad.,2025-05-25
3419,989,6688,5,Amazing song!,2025-06-04
3420,619,4903,2,Really love this track.,2024-09-27
3421,342,4137,4,Great music.,2025-08-26
3422,60,1004,1,Really love this track.,2025-04-07
3423,421,983,2,Good song.,2025-02-16
3424,868,9845,5,Worth listening to.,2025-06-02
3425,861,15053,1,Very catchy.,2026-06-10
3426,921,13872,2,One of my favorites.,2026-06-19
3427,283,2510,2,Really love this track.,2024-09-27
3428,771,3725,3,Nice track.,2025-12-03
3429,901,13634,5,Nice track.,2026-07-12
3430,512,16333,3,Amazing song!,2025-06-07
3431,758,13356,1,Amazing song!,2025-01-15
3432,925,3145,1,Very catchy.,2026-04-23
3433,319,12720,4,Amazing song!,2026-07-05
3434,155,13063,1,Not bad.,2025-11-19
3435,308,5657,2,One of my favorites.,2026-01-16
3436,841,12307,3,Great music.,2026-08-13
3437,43,1710,1,Nice track.,2026-09-07
3438,20,10623,2,Great music.,2025-10-22
3439,28,6542,4,Amazing song!,2026-05-30
3440,93,6671,5,One of my favorites.,2026-01-06
3441,529,15869,1,Nice track.,2025-06-27
3442,223,12150,3,Great music.,2025-12-27
3443,713,3383,4,Nice track.,2025-04-10
3444,676,14576,2,One of my favorites.,2026-07-25
3445,733,15110,1,Nice track.,2026-08-27
3446,621,10210,1,Very catchy.,2025-09-18
3447,698,10430,1,Worth listening to.,2026-06-28
3448,272,9504,2,One of my favorites.,2026-01-14
3449,922,12767,1,Amazing song!,2026-07-15
3450,406,7252,1,Perfect!,2024-09-17
3451,645,1118,1,Perfect!,2025-03-23
3452,345,14183,1,Not bad.,2025-11-27
3453,106,5041,5,Very catchy.,2025-08-08
3454,334,11550,3,Perfect!,2026-05-30
3455,513,13767,3,Amazing song!,2026-08-14
3456,107,5909,3,Really love this track.,2025-12-24
3457,998,6117,5,Not bad.,2026-07-21
3458,477,2473,3,Amazing song!,2025-08-04
3459,3,9235,5,Really love this track.,2025-04-19
3460,808,12143,5,Amazing song!,2025-05-22
3461,312,12959,1,Good song.,2025-02-20
3462,534,6656,4,Perfect!,2025-05-19
3463,580,3096,2,Good song.,2025-12-21
3464,33,483,2,Nice track.,2024-11-24
3465,22,2014,2,Good song.,2026-06-25
3466,863,2630,5,Good song.,2026-07-12
3467,400,7595,1,Perfect!,2025-09-11
3468,128,7136,4,One of my favorites.,2025-07-22
3469,933,8058,3,Great music.,2025-05-23
3470,799,2645,3,Really love this track.,2024-10-15
3471,153,13087,2,Amazing song!,2025-03-30
3472,773,11489,2,Great music.,2025-09-01
3473,809,13886,5,Nice track.,2024-12-16
3474,530,14471,4,Really love this track.,2026-05-27
3475,62,9936,1,Nice track.,2025-11-11
3476,93,15436,4,Good song.,2025-10-22
3477,494,10347,4,Amazing song!,2025-02-14
3478,673,9824,2,Very catchy.,2024-09-14
3479,220,13262,5,Great music.,2024-10-10
3480,948,7585,2,Good song.,2026-04-25
3481,793,6479,4,Perfect!,2025-12-14
3482,894,2101,4,Very catchy.,2026-05-23
3483,746,6138,1,Very catchy.,2025-12-12
3484,314,8430,5,Amazing song!,2025-06-02
3485,230,8473,3,Perfect!,2025-04-11
3486,522,16229,1,Perfect!,2024-12-25
3487,766,8187,3,One of my favorites.,2025-11-12
3488,147,2022,2,Great music.,2025-10-11
3489,451,4914,4,Not bad.,2025-08-30
3490,351,3515,5,Perfect!,2025-02-22
3491,794,11440,3,Great music.,2026-09-06
3492,734,9174,4,Really love this track.,2025-04-12
3493,30,13222,3,Worth listening to.,2025-04-20
3494,80,8384,4,Worth listening to.,2026-04-08
3495,331,5751,5,Worth listening to.,2026-03-31
3496,819,15405,5,Really love this track.,2025-12-29
3497,831,8060,4,Worth listening to.,2026-01-25
3498,851,15586,2,Really love this track.,2025-07-20
3499,950,3056,4,Really love this track.,2026-02-11
3500,529,11105,3,Really love this track.,2025-07-01
3501,788,15008,1,Really love this track.,2025-10-17
3502,141,12457,3,Great music.,2025-08-13
3503,807,6619,3,Really love this track.,2025-08-10
3504,168,4417,2,Very catchy.,2025-08-26
3505,881,14189,5,Very catchy.,2025-12-12
3506,960,8295,3,Very catchy.,2025-11-03
3507,884,15884,4,Perfect!,2025-12-29
3508,561,8549,2,Really love this track.,2025-12-05
3509,454,8194,2,Perfect!,2025-03-30
3510,855,16351,1,Perfect!,2025-08-31
3511,692,6036,3,Really love this track.,2024-09-23
3512,726,9296,5,Amazing song!,2025-07-25
3513,924,9540,4,Nice track.,2026-03-09
3514,456,7220,5,Good song.,2024-12-02
3515,879,10292,3,Good song.,2025-09-01
3516,17,4406,1,Worth listening to.,2026-03-08
3517,14,6875,3,Perfect!,2026-07-05
3518,939,1712,1,One of my favorites.,2026-07-07
3519,990,15529,3,Amazing song!,2026-01-23
3520,897,13086,1,Really love this track.,2024-09-28
3521,352,683,4,Nice track.,2026-07-20
3522,450,3241,1,Perfect!,2026-07-13
3523,227,13520,1,Nice track.,2026-07-16
3524,946,14439,1,One of my favorites.,2026-07-07
3525,914,7253,1,Really love this track.,2025-08-13
3526,664,14955,1,Great music.,2025-12-08
3527,479,2895,4,One of my favorites.,2024-10-20
3528,561,16025,5,One of my favorites.,2024-11-16
3529,45,4360,1,Worth listening to.,2026-06-30
3530,535,2009,1,Perfect!,2025-04-01
3531,872,2826,2,Amazing song!,2026-01-06
3532,662,801,2,Good song.,2025-08-19
3533,147,11955,4,Not bad.,2026-08-17
3534,606,10520,4,Good song.,2024-11-13
3535,692,9540,4,Very catchy.,2024-11-12
3536,118,408,1,Amazing song!,2024-10-01
3537,219,2675,1,Not bad.,2026-04-23
3538,831,2007,1,Good song.,2025-02-24
3539,7,2792,3,Great music.,2026-05-24
3540,182,9963,4,Amazing song!,2025-10-22
3541,858,8031,4,Worth listening to.,2025-04-01
3542,992,4813,2,Very catchy.,2026-05-22
3543,460,7204,1,Really love this track.,2026-03-20
3544,791,393,4,Very catchy.,2026-09-05
3545,601,4928,2,Very catchy.,2025-08-24
3546,327,9792,2,Very catchy.,2024-11-29
3547,511,8152,1,Really love this track.,2025-05-30
3548,325,4764,3,Perfect!,2025-07-12
3549,55,4903,3,Very catchy.,2025-09-19
3550,812,9083,4,Nice track.,2026-06-17
3551,642,2256,2,Very catchy.,2025-06-16
3552,786,9848,5,Great music.,2025-08-02
3553,13,7158,2,One of my favorites.,2025-08-12
3554,496,3370,1,Nice track.,2026-03-30
3555,361,13762,3,Great music.,2025-05-22
3556,115,4661,1,Really love this track.,2024-09-11
3557,672,3532,4,Worth listening to.,2026-01-30
3558,302,5719,3,Nice track.,2025-06-01
3559,769,4633,1,One of my favorites.,2024-11-09
3560,669,10616,5,Not bad.,2025-11-06
3561,384,13867,3,Really love this track.,2026-03-30
3562,291,13639,3,Not bad.,2025-10-08
3563,370,13932,2,One of my favorites.,2025-08-05
3564,86,3327,3,Nice track.,2024-09-26
3565,910,2542,4,Good song.,2026-02-26
3566,92,15910,2,Really love this track.,2024-11-24
3567,968,2254,4,Very catchy.,2025-07-06
3568,999,3553,4,Very catchy.,2025-09-27
3569,282,14987,3,One of my favorites.,2026-02-07
3570,897,15785,2,Really love this track.,2025-04-26
3571,480,14450,4,Very catchy.,2025-04-01
3572,908,14631,5,Good song.,2025-11-22
3573,616,2445,1,Nice track.,2026-07-31
3574,526,5706,1,Good song.,2026-03-26
3575,452,1290,3,Really love this track.,2026-02-23
3576,400,7287,1,One of my favorites.,2025-01-29
3577,747,12993,4,Really love this track.,2025-02-16
3578,632,8576,2,Very catchy.,2025-04-19
3579,706,160,4,One of my favorites.,2026-03-04
3580,972,15326,1,Amazing song!,2025-02-19
3581,392,14751,4,Worth listening to.,2025-06-23
3582,518,5293,5,Amazing song!,2025-12-29
3583,954,10024,4,Worth listening to.,2026-08-01
3584,565,14938,4,Not bad.,2026-01-20
3585,217,15918,3,Perfect!,2025-08-14
3586,914,12877,4,Amazing song!,2025-12-01
3587,368,4487,1,Worth listening to.,2025-10-17
3588,251,1687,5,One of my favorites.,2025-05-23
3589,393,8452,1,Very catchy.,2024-09-25
3590,453,2050,1,Good song.,2026-07-28
3591,461,8815,3,Very catchy.,2026-08-31
3592,160,1010,4,Very catchy.,2025-04-15
3593,84,15924,4,One of my favorites.,2025-05-20
3594,33,4847,2,Very catchy.,2026-04-23
3595,72,12157,2,Good song.,2026-08-18
3596,84,877,5,Perfect!,2024-09-23
3597,588,4611,2,Nice track.,2026-01-25
3598,948,12996,5,Perfect!,2025-05-29
3599,150,2399,1,Really love this track.,2026-05-11
3600,530,11022,4,Worth listening to.,2025-07-25
3601,953,2228,3,Great music.,2025-07-25
3602,673,11973,3,One of my favorites.,2026-07-08
3603,448,7196,1,Perfect!,2026-03-14
3604,482,8241,3,Amazing song!,2025-12-02
3605,52,2766,3,Amazing song!,2026-05-18
3606,411,9758,5,One of my favorites.,2025-03-08
3607,292,14762,4,Amazing song!,2025-09-22
3608,397,14815,1,Really love this track.,2025-06-04
3609,210,6092,5,Good song.,2025-05-10
3610,321,4388,5,Nice track.,2024-10-16
3611,546,11151,5,Not bad.,2024-12-25
3612,229,9754,4,Very catchy.,2026-06-13
3613,136,6557,1,Not bad.,2026-03-17
3614,103,10581,3,Great music.,2026-04-16
3615,208,6433,5,Amazing song!,2026-08-11
3616,421,5494,3,Good song.,2025-04-04
3617,452,2592,1,Not bad.,2026-08-12
3618,952,15747,3,Perfect!,2025-01-27
3619,725,6134,5,Great music.,2026-05-21
3620,307,6146,5,Really love this track.,2025-11-20
3621,308,598,5,Very catchy.,2025-08-14
3622,609,1758,4,Great music.,2024-11-06
3623,852,15745,4,Nice track.,2025-09-12
3624,596,9403,5,Amazing song!,2026-06-18
3625,778,14776,4,One of my favorites.,2026-03-11
3626,802,7293,5,Not bad.,2025-11-02
3627,547,8464,2,Very catchy.,2025-12-11
3628,110,13859,1,Nice track.,2025-01-19
3629,468,3741,1,Really love this track.,2026-08-10
3630,881,6768,5,Good song.,2025-05-26
3631,798,15401,3,Amazing song!,2026-05-26
3632,540,14611,4,Great music.,2025-08-23
3633,819,3446,4,Worth listening to.,2024-12-16
3634,478,7317,5,Amazing song!,2025-05-02
3635,357,7027,5,Worth listening to.,2024-10-06
3636,563,11562,1,Nice track.,2026-06-28
3637,365,13038,5,One of my favorites.,2024-12-21
3638,155,2877,1,Really love this track.,2025-05-25
3639,433,11452,2,Really love this track.,2024-10-24
3640,416,1191,4,Not bad.,2026-07-12
3641,209,7543,3,Not bad.,2026-02-23
3642,866,5857,2,Worth listening to.,2026-07-10
3643,246,3934,2,Great music.,2025-03-16
3644,1,9728,2,One of my favorites.,2025-11-03
3645,120,3529,1,Great music.,2025-05-20
3646,592,12384,3,Nice track.,2026-07-19
3647,427,9836,4,Perfect!,2026-03-13
3648,761,4757,2,Good song.,2025-09-26
3649,301,2823,1,One of my favorites.,2025-08-09
3650,221,6735,5,Good song.,2026-04-12
3651,439,14542,4,Really love this track.,2025-01-22
3652,209,1019,4,Great music.,2026-04-20
3653,878,9479,4,Really love this track.,2025-06-30
3654,470,794,3,Really love this track.,2026-07-22
3655,581,12676,2,Very catchy.,2026-06-18
3656,900,378,2,Perfect!,2025-05-02
3657,68,13811,4,One of my favorites.,2025-10-15
3658,353,7564,2,One of my favorites.,2026-05-17
3659,339,11830,3,Perfect!,2024-11-05
3660,2,4597,2,Perfect!,2026-01-12
3661,888,6676,3,Great music.,2025-07-27
3662,325,1315,1,Very catchy.,2026-04-24
3663,440,10421,2,Amazing song!,2026-04-21
3664,31,15097,5,Very catchy.,2025-03-23
3665,805,14720,2,Amazing song!,2025-10-17
3666,357,16021,4,Not bad.,2026-01-26
3667,510,10113,2,Perfect!,2025-04-22
3668,641,4934,3,Really love this track.,2025-11-30
3669,739,1076,3,Worth listening to.,2025-03-19
3670,764,7256,4,Really love this track.,2026-04-23
3671,922,1197,5,Not bad.,2026-04-15
3672,882,12644,3,Great music.,2025-07-24
3673,832,6865,3,Amazing song!,2026-07-10
3674,409,2598,3,Not bad.,2025-11-19
3675,199,2788,2,Good song.,2026-07-17
3676,364,7285,2,Amazing song!,2024-10-21
3677,518,15831,5,Good song.,2026-02-14
3678,182,1387,3,Worth listening to.,2025-07-07
3679,314,1277,4,Perfect!,2025-02-10
3680,420,10075,5,Not bad.,2025-05-19
3681,616,11707,2,Nice track.,2025-10-13
3682,809,5457,3,Great music.,2025-06-10
3683,93,9451,4,One of my favorites.,2025-03-01
3684,65,13819,4,Not bad.,2024-09-25
3685,411,10026,3,Perfect!,2026-03-24
3686,39,6182,2,One of my favorites.,2026-06-25
3687,82,7572,5,Really love this track.,2024-11-15
3688,559,12112,4,Really love this track.,2024-09-27
3689,158,7567,2,Not bad.,2026-05-01
3690,775,10653,2,Really love this track.,2024-11-11
3691,388,10015,2,Good song.,2026-07-03
3692,586,1332,1,Really love this track.,2026-04-27
3693,993,969,1,One of my favorites.,2024-12-29
3694,113,9258,2,Amazing song!,2025-08-18
3695,839,6918,1,Amazing song!,2025-11-11
3696,799,7748,4,Good song.,2025-12-04
3697,620,10257,2,Good song.,2025-07-01
3698,819,15836,1,Great music.,2025-12-21
3699,747,3128,3,Nice track.,2025-05-28
3700,382,8628,5,Very catchy.,2024-11-15
3701,860,13622,5,Very catchy.,2026-05-30
3702,571,7103,1,Great music.,2025-12-29
3703,304,4773,2,Great music.,2026-01-27
3704,139,764,2,Great music.,2025-02-19
3705,627,12633,2,Great music.,2024-09-12
3706,166,5068,1,Worth listening to.,2026-04-23
3707,377,11667,4,One of my favorites.,2025-04-27
3708,217,8039,5,Good song.,2026-01-23
3709,103,8166,4,Amazing song!,2026-08-27
3710,599,1688,5,Very catchy.,2025-10-07
3711,358,579,2,Not bad.,2026-07-10
3712,614,4706,1,One of my favorites.,2025-06-24
3713,700,1740,4,Amazing song!,2025-01-03
3714,221,10373,5,Good song.,2026-08-16
3715,292,225,5,Perfect!,2026-07-17
3716,59,14512,5,One of my favorites.,2026-08-13
3717,580,9259,4,Not bad.,2026-03-15
3718,657,12889,2,Really love this track.,2025-09-26
3719,538,15678,2,Really love this track.,2025-09-03
3720,311,1406,4,Worth listening to.,2025-06-10
3721,612,2566,2,Great music.,2025-10-23
3722,279,9267,4,Amazing song!,2025-06-30
3723,993,12057,5,Amazing song!,2026-04-23
3724,564,9665,5,Not bad.,2025-09-14
3725,534,10725,2,Perfect!,2024-10-18
3726,38,13527,1,Good song.,2026-08-04
3727,66,2743,1,Not bad.,2025-02-25
3728,709,13466,2,Really love this track.,2025-07-08
3729,160,4327,4,Worth listening to.,2025-05-23
3730,970,6825,3,Very catchy.,2025-07-30
3731,230,2851,5,Worth listening to.,2025-01-02
3732,963,2207,5,One of my favorites.,2024-10-21
3733,343,13116,5,Amazing song!,2025-02-08
3734,326,3084,2,Perfect!,2026-04-14
3735,983,3088,3,Perfect!,2025-08-05
3736,564,15973,2,Worth listening to.,2025-02-25
3737,955,7227,1,Really love this track.,2025-03-27
3738,564,5356,2,One of my favorites.,2025-05-05
3739,213,4604,4,Amazing song!,2026-02-21
3740,356,1943,3,Not bad.,2025-04-17
3741,63,3613,3,Nice track.,2025-02-22
3742,763,10669,2,Very catchy.,2026-01-12
3743,703,10389,3,Good song.,2025-12-17
3744,685,398,3,Amazing song!,2025-03-30
3745,742,2918,4,Perfect!,2025-07-20
3746,564,14926,1,Amazing song!,2025-10-11
3747,535,1622,3,One of my favorites.,2026-05-10
3748,968,11074,3,Good song.,2025-12-19
3749,175,2807,5,Worth listening to.,2025-07-01
3750,954,6709,2,One of my favorites.,2026-04-14
3751,916,8403,3,Worth listening to.,2026-04-07
3752,100,418,1,Really love this track.,2026-03-23
3753,939,8801,5,Amazing song!,2025-03-19
3754,175,4204,5,Great music.,2025-03-10
3755,218,9004,5,One of my favorites.,2024-12-01
3756,245,13079,5,Good song.,2025-11-02
3757,471,590,1,Great music.,2024-11-05
3758,901,3850,5,Very catchy.,2026-02-16
3759,728,13950,4,Perfect!,2025-01-05
3760,544,9928,5,Worth listening to.,2025-02-10
3761,726,15109,2,Good song.,2025-03-02
3762,242,10795,5,Perfect!,2025-06-25
3763,13,12958,3,One of my favorites.,2025-08-18
3764,142,4966,4,Really love this track.,2026-02-20
3765,269,11157,3,Nice track.,2025-08-04
3766,547,12599,3,Really love this track.,2024-11-18
3767,537,11911,3,One of my favorites.,2025-09-16
3768,454,9927,2,Amazing song!,2026-03-19
3769,41,1127,4,Amazing song!,2026-06-27
3770,842,13190,4,Nice track.,2026-04-10
3771,4,12845,4,Perfect!,2026-08-12
3772,462,7307,1,Nice track.,2024-10-18
3773,725,12376,2,One of my favorites.,2025-08-25
3774,145,7600,1,Really love this track.,2026-07-28
3775,702,10672,5,Really love this track.,2025-02-28
3776,532,4333,4,Really love this track.,2026-06-24
3777,573,10521,1,Not bad.,2024-12-16
3778,387,7133,3,Good song.,2026-07-31
3779,247,4615,2,Amazing song!,2025-08-23
3780,472,4733,5,One of my favorites.,2025-05-03
3781,853,16173,4,One of my favorites.,2025-04-16
3782,952,13937,1,One of my favorites.,2026-07-15
3783,104,3519,3,Amazing song!,2025-06-15
3784,535,12373,2,Perfect!,2025-09-04
3785,298,86,4,Not bad.,2025-09-04
3786,509,13138,1,Perfect!,2026-07-31
3787,480,6021,1,One of my favorites.,2025-08-09
3788,807,4164,4,Not bad.,2025-01-23
3789,285,7206,2,Amazing song!,2026-02-17
3790,770,6726,4,Really love this track.,2025-07-29
3791,608,13080,5,Not bad.,2026-08-03
3792,939,9164,2,Amazing song!,2024-12-25
3793,105,896,1,Very catchy.,2025-07-09
3794,803,3641,3,Worth listening to.,2025-03-20
3795,675,6610,2,Amazing song!,2025-07-12
3796,661,15077,4,Great music.,2025-08-22
3797,148,9079,1,Nice track.,2025-11-03
3798,504,15130,2,Very catchy.,2025-05-12
3799,237,10814,4,Very catchy.,2026-03-06
3800,490,6564,2,Very catchy.,2024-10-12
3801,992,16116,4,Worth listening to.,2025-10-11
3802,421,6730,3,Perfect!,2026-01-01
3803,807,9654,2,Great music.,2026-08-12
3804,495,12277,3,Good song.,2026-08-18
3805,70,13562,1,Nice track.,2025-11-15
3806,101,12875,3,Great music.,2026-08-22
3807,99,12048,5,Not bad.,2026-07-31
3808,120,322,1,Good song.,2025-12-25
3809,639,887,2,Nice track.,2025-09-25
3810,568,10806,4,Not bad.,2026-06-05
3811,23,2604,1,Great music.,2025-10-01
3812,40,6220,1,Perfect!,2025-04-04
3813,214,5353,2,Amazing song!,2026-05-12
3814,965,5258,5,Good song.,2025-10-01
3815,103,3536,4,Worth listening to.,2026-05-04
3816,638,2648,5,Amazing song!,2026-07-09
3817,75,8429,2,Good song.,2025-06-28
3818,385,741,3,Amazing song!,2025-12-31
3819,582,11872,5,Really love this track.,2025-04-10
3820,112,13155,5,Not bad.,2026-02-24
3821,52,6459,4,Worth listening to.,2025-04-21
3822,714,9059,3,Very catchy.,2026-01-28
3823,895,9888,3,Nice track.,2025-03-15
3824,526,11977,3,Perfect!,2026-09-11
3825,712,15136,5,Really love this track.,2025-04-20
3826,956,13776,4,Very catchy.,2026-06-24
3827,140,16371,3,Great music.,2025-10-06
3828,44,12233,1,Good song.,2026-03-18
3829,923,13370,3,Amazing song!,2025-05-28
3830,310,12352,3,Really love this track.,2024-12-27
3831,148,7335,3,Good song.,2025-12-11
3832,740,6981,4,Perfect!,2025-06-13
3833,951,11631,3,Amazing song!,2026-07-02
3834,611,451,5,Great music.,2025-02-05
3835,967,1547,1,Really love this track.,2025-08-23
3836,230,5684,4,Perfect!,2026-04-16
3837,763,16535,3,Not bad.,2025-09-03
3838,567,6272,5,One of my favorites.,2026-05-15
3839,673,9142,1,Amazing song!,2025-03-27
3840,124,5931,1,One of my favorites.,2026-07-25
3841,881,5910,3,Really love this track.,2026-06-14
3842,769,1010,3,Amazing song!,2026-07-18
3843,91,1095,3,Worth listening to.,2024-10-02
3844,350,11872,1,Nice track.,2026-04-19
3845,620,9252,4,Amazing song!,2026-05-12
3846,56,2794,5,Really love this track.,2025-03-16
3847,351,8081,3,Very catchy.,2025-09-15
3848,487,3246,4,Good song.,2025-07-10
3849,39,12653,3,Worth listening to.,2025-09-07
3850,324,9375,3,Amazing song!,2025-08-03
3851,69,12303,1,Amazing song!,2025-11-18
3852,33,43,1,Very catchy.,2025-09-15
3853,716,5469,1,Amazing song!,2025-04-17
3854,113,12575,3,Nice track.,2024-09-30
3855,698,6849,3,Good song.,2025-04-04
3856,452,9560,3,Not bad.,2026-07-20
3857,799,15037,4,Nice track.,2025-01-05
3858,119,11077,5,One of my favorites.,2024-09-28
3859,57,3783,3,Worth listening to.,2026-07-16
3860,146,5289,4,Good song.,2025-09-18
3861,431,16267,2,Good song.,2025-08-04
3862,454,5176,4,Amazing song!,2025-09-08
3863,404,5584,3,Worth listening to.,2025-06-13
3864,173,4897,5,Not bad.,2024-11-12
3865,996,14504,2,Very catchy.,2025-05-08
3866,337,11421,4,Nice track.,2025-12-18
3867,12,9675,2,Good song.,2025-08-22
3868,47,11847,4,Nice track.,2025-06-10
3869,202,6537,1,Really love this track.,2025-02-13
3870,253,11952,2,Worth listening to.,2025-04-30
3871,374,1396,1,Perfect!,2024-11-18
3872,191,4658,5,Good song.,2024-11-09
3873,378,10900,1,Really love this track.,2025-05-15
3874,5,1004,5,Really love this track.,2026-04-19
3875,665,12125,2,Really love this track.,2025-09-11
3876,78,12365,4,Good song.,2026-04-29
3877,398,5136,2,Good song.,2025-02-19
3878,781,6860,1,Worth listening to.,2026-01-30
3879,557,11545,1,Good song.,2026-05-07
3880,711,10965,5,Good song.,2025-02-19
3881,433,15158,5,Amazing song!,2024-10-27
3882,619,13362,3,One of my favorites.,2026-01-07
3883,867,2847,1,Good song.,2025-12-11
3884,280,5531,1,Perfect!,2024-10-26
3885,159,13872,1,Perfect!,2026-05-16
3886,164,3104,3,Really love this track.,2024-10-06
3887,324,3093,4,Very catchy.,2026-01-23
3888,327,8989,4,Perfect!,2026-03-22
3889,442,16146,4,One of my favorites.,2024-10-17
3890,477,3335,1,Amazing song!,2025-11-28
3891,34,9676,2,Great music.,2026-07-04
3892,745,117,2,Really love this track.,2025-04-14
3893,106,13716,5,Perfect!,2026-04-07
3894,158,1340,4,Perfect!,2024-10-07
3895,978,4785,1,Great music.,2026-05-22
3896,595,10911,3,Very catchy.,2025-07-25
3897,189,6022,4,Really love this track.,2025-06-27
3898,447,167,4,Worth listening to.,2025-07-17
3899,264,6839,3,Very catchy.,2025-06-15
3900,264,8825,3,Nice track.,2026-03-28
3901,47,4626,5,Nice track.,2025-10-09
3902,676,6820,3,Good song.,2025-01-05
3903,42,16562,5,Not bad.,2025-03-18
3904,579,15518,2,Very catchy.,2026-04-12
3905,973,7272,3,Really love this track.,2025-04-24
3906,770,4203,5,One of my favorites.,2026-03-26
3907,665,6890,2,Worth listening to.,2025-04-03
3908,842,11138,1,Really love this track.,2025-06-04
3909,355,11545,2,Perfect!,2025-03-19
3910,441,6364,2,Very catchy.,2025-10-24
3911,773,4888,3,Perfect!,2026-05-25
3912,626,7349,5,Great music.,2025-05-28
3913,483,15931,5,Perfect!,2026-02-01
3914,872,2386,3,Not bad.,2026-02-03
3915,244,2817,1,Very catchy.,2025-08-05
3916,147,13501,3,Worth listening to.,2025-06-21
3917,271,4677,5,Very catchy.,2025-03-21
3918,477,15591,1,Amazing song!,2025-06-03
3919,652,9967,5,Very catchy.,2025-01-29
3920,129,7711,4,Good song.,2026-08-21
3921,547,6009,5,Very catchy.,2025-02-13
3922,707,3221,4,One of my favorites.,2026-07-14
3923,550,13891,5,Great music.,2026-02-18
3924,662,1529,3,Worth listening to.,2024-12-21
3925,308,2694,5,Perfect!,2025-07-27
3926,630,530,5,Amazing song!,2025-08-10
3927,450,11674,4,One of my favorites.,2024-10-05
3928,990,2270,4,Nice track.,2026-01-14
3929,573,11744,4,Nice track.,2026-02-23
3930,867,13948,3,Not bad.,2026-08-23
3931,922,9683,4,One of my favorites.,2026-08-23
3932,385,12218,4,Worth listening to.,2026-02-14
3933,834,710,1,Good song.,2026-04-26
3934,169,12334,2,Very catchy.,2024-09-21
3935,702,15049,2,Good song.,2026-07-12
3936,922,10851,1,Not bad.,2024-10-09
3937,126,852,1,Worth listening to.,2025-04-01
3938,31,3998,4,Really love this track.,2025-09-08
3939,132,6790,4,Great music.,2024-10-03
3940,469,9593,5,Not bad.,2026-07-07
3941,885,13709,4,Very catchy.,2025-11-28
3942,942,14243,4,Nice track.,2026-04-06
3943,18,5456,4,Nice track.,2024-11-11
3944,35,11058,4,Nice track.,2024-11-04
3945,580,6657,1,Not bad.,2024-10-27
3946,398,4465,1,Not bad.,2026-04-05
3947,636,15368,1,Not bad.,2025-03-20
3948,634,15524,2,Good song.,2026-06-05
3949,483,4509,2,Nice track.,2025-05-07
3950,884,652,3,Great music.,2025-12-09
3951,916,16405,3,Not bad.,2026-04-19
3952,971,13897,5,One of my favorites.,2026-02-10
3953,802,10907,1,Perfect!,2025-06-18
3954,315,14495,4,Not bad.,2026-06-13
3955,485,10742,4,Amazing song!,2025-08-04
3956,903,12679,5,Good song.,2024-11-10
3957,74,2540,4,Perfect!,2024-11-11
3958,725,7425,3,Not bad.,2025-12-21
3959,508,4458,1,Amazing song!,2026-02-28
3960,28,1606,3,Nice track.,2026-04-28
3961,604,9121,2,Not bad.,2025-12-19
3962,104,12447,4,Perfect!,2025-10-05
3963,223,1027,1,Very catchy.,2025-11-25
3964,830,5906,3,Perfect!,2025-12-14
3965,455,367,4,Perfect!,2026-04-05
3966,501,6899,1,Very catchy.,2025-07-17
3967,148,15671,1,Good song.,2026-06-20
3968,35,1730,4,Perfect!,2025-05-13
3969,351,5908,1,Great music.,2024-11-12
3970,638,11334,3,Amazing song!,2024-11-17
3971,2,5525,1,Good song.,2025-11-10
3972,287,10353,3,Very catchy.,2024-11-29
3973,605,6498,3,Not bad.,2026-02-23
3974,818,3573,3,Amazing song!,2026-07-31
3975,59,11923,5,Not bad.,2025-05-16
3976,793,16348,5,Good song.,2025-10-06
3977,475,5156,4,Good song.,2025-02-25
3978,839,12263,2,Good song.,2026-04-15
3979,963,12558,4,One of my favorites.,2025-08-24
3980,476,5795,4,Very catchy.,2026-05-15
3981,102,15905,3,Worth listening to.,2026-09-02
3982,648,4818,3,Good song.,2025-04-13
3983,300,11985,3,Good song.,2025-07-20
3984,885,12904,4,Nice track.,2025-08-08
3985,948,14650,4,One of my favorites.,2024-11-09
3986,407,15494,2,Good song.,2025-05-11
3987,667,6265,3,Great music.,2026-04-01
3988,945,5455,1,Good song.,2025-05-06
3989,44,14624,1,Not bad.,2025-09-11
3990,908,1372,3,One of my favorites.,2025-08-25
3991,670,15315,1,Perfect!,2025-08-07
3992,400,9075,2,Perfect!,2026-08-29
3993,976,14604,4,Great music.,2024-11-22
3994,157,9088,5,Great music.,2025-10-12
3995,984,14199,4,Nice track.,2026-01-23
3996,485,15306,5,Good song.,2026-04-27
3997,220,13574,5,Worth listening to.,2026-01-27
3998,222,9971,4,Amazing song!,2025-07-25
3999,180,10469,5,Not bad.,2025-10-12
4000,8,13166,3,Great music.,2025-09-24
4001,838,1838,4,Nice track.,2026-02-12
4002,620,14676,1,One of my favorites.,2024-09-11
4003,477,16088,4,Nice track.,2025-04-16
4004,715,684,5,Worth listening to.,2026-03-24
4005,941,16488,1,Great music.,2025-09-04
4006,332,2380,4,Nice track.,2026-04-03
4007,362,8675,3,Very catchy.,2025-12-08
4008,83,2844,5,Great music.,2025-07-27
4009,573,11073,5,Very catchy.,2025-07-18
4010,883,1207,2,Good song.,2026-02-14
4011,647,442,1,Amazing song!,2026-01-29
4012,208,3778,4,Not bad.,2026-07-09
4013,283,13226,4,Really love this track.,2026-05-11
4014,189,1513,4,Good song.,2026-06-20
4015,570,15205,2,Perfect!,2025-07-05
4016,209,2431,4,Perfect!,2025-11-10
4017,86,16095,5,Very catchy.,2026-07-30
4018,248,8509,2,Very catchy.,2025-01-03
4019,938,4526,4,Really love this track.,2026-03-15
4020,411,11425,4,Very catchy.,2025-12-31
4021,869,2706,5,Really love this track.,2024-09-23
4022,707,10255,5,Really love this track.,2026-04-09
4023,719,7865,4,One of my favorites.,2025-06-27
4024,132,10549,4,Not bad.,2026-03-18
4025,717,7038,3,Amazing song!,2024-12-23
4026,534,11761,4,Great music.,2025-06-24
4027,881,11576,3,Not bad.,2025-07-21
4028,210,11142,2,Good song.,2025-06-04
4029,447,12812,1,Really love this track.,2025-12-21
4030,330,9258,4,Not bad.,2025-12-10
4031,242,11360,1,Good song.,2025-06-29
4032,879,6282,4,Not bad.,2024-09-24
4033,923,12741,4,Worth listening to.,2025-10-25
4034,288,14445,1,Perfect!,2026-01-22
4035,453,15744,5,Worth listening to.,2026-01-04
4036,429,4770,2,One of my favorites.,2024-11-02
4037,403,7750,1,Perfect!,2025-04-13
4038,1000,7740,1,Amazing song!,2026-03-22
4039,494,12069,5,Really love this track.,2025-01-16
4040,633,14628,2,One of my favorites.,2026-03-09
4041,277,11317,3,Not bad.,2025-03-10
4042,817,12988,1,Great music.,2026-03-02
4043,738,12466,2,Perfect!,2025-03-09
4044,271,15215,3,One of my favorites.,2024-09-13
4045,695,230,2,Nice track.,2026-04-01
4046,660,2195,5,Great music.,2025-01-29
4047,340,756,3,Not bad.,2025-12-01
4048,649,3497,3,Really love this track.,2026-03-12
4049,712,8212,5,Amazing song!,2025-02-02
4050,122,3980,1,Nice track.,2025-10-01
4051,144,4493,5,Good song.,2025-08-05
4052,256,2748,5,Not bad.,2026-08-17
4053,264,15175,1,Really love this track.,2025-04-20
4054,620,6179,2,Not bad.,2026-07-07
4055,718,335,3,Nice track.,2024-09-24
4056,356,13946,3,Amazing song!,2025-05-14
4057,995,1101,2,Really love this track.,2025-04-15
4058,817,15095,1,Worth listening to.,2026-06-24
4059,755,12231,2,Worth listening to.,2025-09-19
4060,321,15157,4,Not bad.,2026-02-21
4061,332,11145,1,Very catchy.,2025-03-17
4062,477,3390,4,Good song.,2026-01-08
4063,877,8730,5,Good song.,2025-10-31
4064,237,3674,1,Really love this track.,2025-08-05
4065,491,15339,2,Amazing song!,2025-01-24
4066,672,1616,2,One of my favorites.,2026-08-22
4067,288,11075,5,Amazing song!,2025-01-09
4068,592,13701,3,Not bad.,2024-11-02
4069,821,2907,4,Nice track.,2025-03-26
4070,301,6584,4,Not bad.,2024-10-23
4071,350,11135,3,Great music.,2025-06-13
4072,603,9100,2,Not bad.,2024-11-02
4073,847,5296,3,One of my favorites.,2025-02-25
4074,499,10211,5,One of my favorites.,2026-07-23
4075,82,15521,4,Good song.,2024-11-18
4076,629,9503,3,Great music.,2025-10-29
4077,689,5353,5,Worth listening to.,2025-07-09
4078,405,9795,3,Nice track.,2025-06-30
4079,558,13006,2,Perfect!,2024-10-06
4080,761,4438,4,One of my favorites.,2025-05-08
4081,747,4540,3,Worth listening to.,2025-09-22
4082,489,1801,3,Amazing song!,2025-05-07
4083,368,5941,2,Amazing song!,2025-08-27
4084,495,7473,2,Perfect!,2026-07-16
4085,542,15627,4,Great music.,2025-03-19
4086,188,6010,1,Perfect!,2025-02-23
4087,24,11271,5,One of my favorites.,2025-11-13
4088,213,14176,1,Nice track.,2025-12-13
4089,117,882,2,Good song.,2026-06-23
4090,435,10805,1,Good song.,2024-11-20
4091,361,1471,3,One of my favorites.,2025-03-26
4092,622,14869,2,Nice track.,2025-08-29
4093,545,1817,4,Not bad.,2026-04-03
4094,742,12948,5,Great music.,2026-04-09
4095,224,15991,3,Very catchy.,2025-10-04
4096,554,13422,5,One of my favorites.,2025-06-01
4097,255,294,4,Great music.,2025-01-19
4098,225,14415,4,Worth listening to.,2025-04-01
4099,748,10255,4,Perfect!,2025-08-30
4100,277,2002,5,One of my favorites.,2025-05-01
4101,399,7132,5,Worth listening to.,2026-07-14
4102,572,7289,5,Very catchy.,2025-05-03
4103,928,10859,5,Really love this track.,2026-06-15
4104,861,2467,2,Worth listening to.,2024-12-19
4105,599,11852,4,Perfect!,2024-09-13
4106,643,15571,2,Worth listening to.,2025-02-04
4107,836,13256,4,Perfect!,2025-05-23
4108,206,11103,3,Perfect!,2025-12-25
4109,104,13307,5,Nice track.,2025-04-02
4110,887,15702,5,Really love this track.,2025-04-18
4111,825,8637,1,Very catchy.,2024-11-30
4112,723,15042,1,Perfect!,2024-09-23
4113,389,11490,4,Great music.,2026-09-03
4114,824,11152,5,Nice track.,2026-08-08
4115,856,15571,5,Nice track.,2026-04-13
4116,940,12532,3,Great music.,2026-07-21
4117,992,2105,3,Really love this track.,2026-02-15
4118,9,10976,3,Perfect!,2025-01-18
4119,904,8408,2,Really love this track.,2026-08-23
4120,790,12736,5,Amazing song!,2026-03-25
4121,475,12432,2,Amazing song!,2025-03-05
4122,805,5662,3,Amazing song!,2026-05-12
4123,741,8121,3,Really love this track.,2025-10-07
4124,191,16056,1,Perfect!,2025-09-19
4125,685,6011,1,Not bad.,2026-01-25
4126,348,727,1,Great music.,2025-03-05
4127,53,15368,5,Very catchy.,2026-06-24
4128,397,9745,2,One of my favorites.,2025-06-15
4129,226,15525,4,Amazing song!,2024-11-13
4130,607,3876,2,Nice track.,2025-11-02
4131,479,13490,3,Perfect!,2026-08-23
4132,107,13618,5,Really love this track.,2026-04-14
4133,508,5560,3,Not bad.,2026-02-22
4134,967,14247,4,One of my favorites.,2026-03-08
4135,867,15063,3,Good song.,2026-04-20
4136,548,12048,1,Really love this track.,2026-07-10
4137,407,2475,5,One of my favorites.,2025-07-23
4138,830,4564,3,One of my favorites.,2025-07-29
4139,527,4526,1,Really love this track.,2025-05-09
4140,756,12199,1,Really love this track.,2026-08-30
4141,251,15181,3,Worth listening to.,2026-07-16
4142,711,1839,3,Good song.,2026-07-14
4143,795,5216,4,Perfect!,2025-10-01
4144,454,7138,2,Really love this track.,2025-09-18
4145,280,9237,2,Perfect!,2025-05-03
4146,516,1600,1,Amazing song!,2024-11-24
4147,155,13672,1,Perfect!,2025-02-16
4148,128,966,3,Not bad.,2024-11-20
4149,236,9130,2,Really love this track.,2025-02-16
4150,649,10760,4,Good song.,2026-08-25
4151,781,2285,4,Amazing song!,2025-06-22
4152,34,8952,4,One of my favorites.,2024-11-09
4153,777,7010,1,Great music.,2025-10-08
4154,271,8599,1,Perfect!,2026-02-16
4155,302,9898,2,Perfect!,2025-02-03
4156,378,2834,2,One of my favorites.,2024-09-17
4157,116,9250,5,Perfect!,2024-12-29
4158,4,6794,1,Really love this track.,2025-06-14
4159,18,276,1,Really love this track.,2025-10-15
4160,427,13047,3,Not bad.,2025-06-28
4161,379,3473,2,Nice track.,2025-02-09
4162,697,76,2,Really love this track.,2025-04-06
4163,513,255,5,Not bad.,2026-08-11
4164,91,4467,2,Great music.,2025-08-01
4165,738,4574,3,Amazing song!,2026-05-03
4166,646,7200,1,Nice track.,2025-05-16
4167,570,12574,1,One of my favorites.,2025-10-31
4168,1000,1016,5,Nice track.,2026-06-05
4169,349,8145,3,Very catchy.,2024-11-10
4170,292,7611,5,Nice track.,2025-06-09
4171,275,3766,4,Amazing song!,2025-02-21
4172,210,1156,2,Good song.,2026-01-07
4173,199,4939,1,Very catchy.,2026-09-07
4174,835,4103,2,Good song.,2025-10-25
4175,983,554,5,Amazing song!,2026-05-06
4176,872,9125,3,Perfect!,2025-11-02
4177,328,10193,1,Really love this track.,2025-06-21
4178,501,10350,5,Amazing song!,2026-01-19
4179,4,3653,1,Very catchy.,2025-01-19
4180,119,12005,3,Amazing song!,2026-03-03
4181,334,9715,1,Good song.,2024-12-12
4182,747,2943,2,Really love this track.,2025-09-25
4183,738,3648,1,Not bad.,2025-11-12
4184,173,3610,3,Not bad.,2025-12-22
4185,900,13738,4,Amazing song!,2025-05-23
4186,330,4991,2,Perfect!,2025-06-04
4187,137,13981,4,Not bad.,2026-07-24
4188,118,15688,2,Very catchy.,2026-01-07
4189,756,15716,4,Perfect!,2026-05-30
4190,908,4473,5,Nice track.,2026-01-05
4191,417,11820,4,Amazing song!,2024-10-25
4192,679,1203,3,Very catchy.,2026-06-01
4193,682,6870,5,Good song.,2025-12-03
4194,771,14038,4,Great music.,2025-10-21
4195,511,15619,3,Perfect!,2025-05-04
4196,795,15149,3,Amazing song!,2026-03-13
4197,627,10583,3,Great music.,2026-07-31
4198,336,16032,2,Very catchy.,2026-02-19
4199,888,10358,4,Very catchy.,2026-05-20
4200,304,16494,1,Nice track.,2024-11-09
4201,280,13922,5,Very catchy.,2026-08-24
4202,784,13684,5,Nice track.,2025-01-21
4203,118,2977,1,Perfect!,2025-11-15
4204,345,3959,3,Very catchy.,2025-06-29
4205,825,395,1,Worth listening to.,2025-05-25
4206,680,8379,2,Perfect!,2025-06-18
4207,513,12403,4,Really love this track.,2026-05-31
4208,401,6749,1,Very catchy.,2025-10-18
4209,881,6154,5,Worth listening to.,2026-06-25
4210,459,6690,1,Nice track.,2026-08-01
4211,835,15083,1,Good song.,2026-07-15
4212,8,1570,5,Amazing song!,2024-12-05
4213,998,14552,1,Not bad.,2025-06-30
4214,410,7471,4,Good song.,2025-09-03
4215,301,4532,3,Perfect!,2025-06-06
4216,132,13879,1,Worth listening to.,2026-04-22
4217,46,7460,2,Nice track.,2026-01-06
4218,371,9960,4,Worth listening to.,2025-01-27
4219,987,10192,4,Good song.,2025-02-25
4220,792,6984,1,Very catchy.,2025-11-02
4221,639,2312,3,Very catchy.,2025-02-17
4222,957,406,1,Very catchy.,2026-07-06
4223,494,3385,3,Great music.,2024-11-25
4224,492,2787,5,Very catchy.,2025-12-11
4225,531,14564,2,Nice track.,2025-03-01
4226,479,1276,4,Amazing song!,2025-05-10
4227,811,10151,5,Worth listening to.,2025-10-29
4228,888,14801,1,Good song.,2026-04-26
4229,394,13246,1,Really love this track.,2025-11-29
4230,313,5939,3,Really love this track.,2024-11-21
4231,218,8819,2,Perfect!,2025-11-10
4232,724,7230,5,Nice track.,2026-08-04
4233,73,14588,2,Nice track.,2026-03-21
4234,541,9738,5,Very catchy.,2026-04-28
4235,498,4443,5,Perfect!,2024-10-12
4236,644,296,1,Very catchy.,2026-04-02
4237,566,13474,2,Very catchy.,2024-10-24
4238,466,14519,1,Nice track.,2025-02-10
4239,335,2170,5,Worth listening to.,2025-10-29
4240,238,8919,1,Very catchy.,2024-10-31
4241,782,5370,2,Amazing song!,2026-06-09
4242,458,13123,4,Nice track.,2025-03-30
4243,948,10772,5,Really love this track.,2026-07-15
4244,90,2110,4,Amazing song!,2025-07-07
4245,76,6376,1,Nice track.,2025-02-04
4246,576,8914,5,Really love this track.,2025-03-31
4247,824,8750,3,One of my favorites.,2024-12-18
4248,948,4127,4,Good song.,2026-03-11
4249,552,12492,5,Perfect!,2025-12-26
4250,996,2855,2,One of my favorites.,2026-06-07
4251,164,16288,5,Perfect!,2025-01-23
4252,980,4833,4,Nice track.,2025-05-11
4253,465,11032,1,Amazing song!,2026-08-22
4254,677,631,3,Very catchy.,2025-01-10
4255,351,13936,1,Perfect!,2024-11-29
4256,635,7279,1,Good song.,2026-02-28
4257,585,7687,1,Amazing song!,2025-12-27
4258,504,4086,4,Nice track.,2026-07-23
4259,402,6024,1,Really love this track.,2025-06-25
4260,585,6640,4,Good song.,2025-12-01
4261,995,122,1,Worth listening to.,2025-09-05
4262,584,11370,1,Amazing song!,2026-04-12
4263,863,5601,4,Perfect!,2026-06-26
4264,491,7944,5,Very catchy.,2025-03-18
4265,893,14111,2,Worth listening to.,2026-04-26
4266,275,13244,3,Good song.,2026-06-30
4267,260,12212,3,Perfect!,2024-10-21
4268,122,11753,4,Really love this track.,2026-06-25
4269,488,12076,5,Nice track.,2025-12-11
4270,760,10320,4,Perfect!,2026-04-05
4271,786,2873,1,Nice track.,2026-08-29
4272,364,1423,4,Perfect!,2024-11-28
4273,955,13942,2,Really love this track.,2025-01-23
4274,740,11802,5,Great music.,2024-10-30
4275,645,12962,2,Worth listening to.,2025-10-16
4276,383,15931,2,Very catchy.,2025-05-13
4277,158,6953,5,Really love this track.,2025-01-09
4278,254,2460,3,One of my favorites.,2025-09-12
4279,719,833,1,Not bad.,2026-08-14
4280,51,1606,2,Really love this track.,2025-02-08
4281,720,3687,3,Great music.,2025-04-28
4282,730,8347,4,Great music.,2024-11-20
4283,969,2442,3,Not bad.,2024-11-17
4284,575,5026,4,Worth listening to.,2025-04-28
4285,251,12779,2,One of my favorites.,2026-03-27
4286,666,4390,4,Perfect!,2025-07-19
4287,318,7356,3,Amazing song!,2024-11-18
4288,96,6489,5,Not bad.,2025-02-10
4289,617,5666,1,Great music.,2025-03-23
4290,963,2398,1,Good song.,2024-11-15
4291,111,5565,5,Not bad.,2025-05-27
4292,379,12964,3,Very catchy.,2026-07-28
4293,802,3204,4,Nice track.,2026-01-21
4294,523,14140,5,Worth listening to.,2025-06-14
4295,528,10283,5,Amazing song!,2025-06-19
4296,320,2935,1,Great music.,2025-02-10
4297,307,15010,2,Good song.,2026-07-02
4298,83,13087,4,Great music.,2024-10-22
4299,728,16235,1,Worth listening to.,2024-10-29
4300,861,549,2,Nice track.,2025-05-18
4301,353,12682,1,Amazing song!,2025-03-03
4302,141,6087,5,Worth listening to.,2024-10-11
4303,379,15300,1,Great music.,2025-02-05
4304,539,15289,3,Perfect!,2024-10-26
4305,95,13555,1,Really love this track.,2026-05-31
4306,54,951,4,Great music.,2025-05-07
4307,96,3577,1,Nice track.,2025-04-29
4308,868,14939,2,Perfect!,2024-09-18
4309,287,664,1,One of my favorites.,2025-08-26
4310,622,7824,3,Good song.,2025-08-19
4311,685,13771,5,Good song.,2025-10-29
4312,921,5905,5,Really love this track.,2024-11-18
4313,881,13188,3,Really love this track.,2026-02-14
4314,432,15311,4,Perfect!,2026-03-18
4315,34,10283,4,Really love this track.,2024-11-27
4316,114,1675,4,Nice track.,2026-08-06
4317,826,2635,2,Not bad.,2024-10-17
4318,985,6829,4,Good song.,2026-01-02
4319,85,10773,5,Nice track.,2026-08-01
4320,849,2538,2,Nice track.,2026-04-09
4321,682,2361,1,Great music.,2025-07-24
4322,558,2591,3,One of my favorites.,2025-06-18
4323,726,1650,4,Worth listening to.,2025-12-31
4324,355,16232,4,One of my favorites.,2025-11-11
4325,801,5207,2,Amazing song!,2025-05-04
4326,790,12925,5,Great music.,2026-02-08
4327,43,5528,2,Good song.,2026-04-30
4328,175,14086,3,Good song.,2025-05-12
4329,941,4463,1,Worth listening to.,2025-05-17
4330,428,1663,1,Nice track.,2025-08-31
4331,994,4326,5,Very catchy.,2025-07-23
4332,586,12637,1,Not bad.,2026-04-09
4333,243,14449,4,Worth listening to.,2026-06-24
4334,81,15619,4,One of my favorites.,2026-03-14
4335,308,10643,5,Perfect!,2025-08-12
4336,497,11104,1,Worth listening to.,2025-03-14
4337,507,11526,2,Very catchy.,2026-04-16
4338,369,13807,1,Amazing song!,2026-05-25
4339,145,10127,1,Amazing song!,2025-05-06
4340,169,10484,4,Nice track.,2025-05-21
4341,694,6922,3,Worth listening to.,2026-07-31
4342,589,1244,3,Worth listening to.,2025-05-04
4343,65,11595,3,One of my favorites.,2024-12-12
4344,450,11931,5,One of my favorites.,2026-05-12
4345,269,11590,1,Amazing song!,2025-11-18
4346,81,9324,3,Nice track.,2026-04-10
4347,719,7625,1,One of my favorites.,2025-01-31
4348,837,13508,3,Nice track.,2025-12-19
4349,359,903,1,Worth listening to.,2025-12-14
4350,507,3016,5,Perfect!,2024-11-26
4351,675,15432,1,Nice track.,2024-12-29
4352,314,7576,3,Not bad.,2025-07-23
4353,410,9499,2,Perfect!,2026-09-10
4354,978,6573,3,Not bad.,2025-12-31
4355,28,7219,1,Very catchy.,2026-07-09
4356,900,9363,3,Perfect!,2026-08-14
4357,535,8713,5,Amazing song!,2025-12-19
4358,616,5403,3,Worth listening to.,2025-04-06
4359,655,14965,2,Amazing song!,2025-06-03
4360,760,13032,3,Perfect!,2025-01-07
4361,254,12635,1,Great music.,2024-10-23
4362,567,14852,4,Worth listening to.,2025-07-31
4363,992,12335,5,Amazing song!,2025-05-07
4364,329,16192,2,Perfect!,2026-02-24
4365,7,15912,4,Very catchy.,2024-11-13
4366,735,6034,3,Really love this track.,2026-09-07
4367,699,10541,2,Amazing song!,2026-01-04
4368,938,8608,1,Good song.,2026-08-24
4369,618,3005,1,Really love this track.,2026-04-03
4370,69,8159,5,Worth listening to.,2026-05-28
4371,480,5515,3,Perfect!,2024-11-29
4372,471,10125,3,Very catchy.,2024-09-28
4373,850,4294,4,One of my favorites.,2025-08-02
4374,438,16135,5,Worth listening to.,2024-12-01
4375,353,13287,1,Worth listening to.,2026-08-24
4376,633,11355,3,Great music.,2026-03-04
4377,449,2903,4,Very catchy.,2026-04-15
4378,421,855,1,Nice track.,2025-07-05
4379,183,9843,2,Worth listening to.,2026-01-21
4380,536,2791,2,Worth listening to.,2025-07-03
4381,820,2321,3,Amazing song!,2026-02-28
4382,930,2718,4,Great music.,2026-01-02
4383,410,6358,3,Good song.,2024-11-22
4384,336,2208,2,Great music.,2024-09-24
4385,622,12630,1,Good song.,2024-10-26
4386,180,9316,2,Worth listening to.,2026-08-07
4387,796,917,3,Really love this track.,2026-04-19
4388,938,16313,3,Good song.,2026-08-01
4389,910,14494,1,Really love this track.,2026-06-25
4390,752,8724,2,Good song.,2026-07-03
4391,904,4651,2,Very catchy.,2026-03-10
4392,659,8267,4,Really love this track.,2026-03-29
4393,110,5019,1,Perfect!,2025-10-24
4394,611,7287,5,Worth listening to.,2026-01-18
4395,289,820,4,Good song.,2024-12-22
4396,383,6871,1,Good song.,2025-01-13
4397,145,11658,1,One of my favorites.,2026-02-08
4398,429,11188,5,Really love this track.,2025-03-24
4399,107,13123,5,Very catchy.,2024-12-24
4400,662,11130,1,Worth listening to.,2026-05-25
4401,359,16084,1,Good song.,2026-04-08
4402,517,13637,1,Very catchy.,2024-12-15
4403,736,6356,1,Great music.,2025-07-22
4404,860,1733,1,Amazing song!,2025-10-31
4405,388,9322,4,Very catchy.,2024-12-29
4406,452,8812,1,Very catchy.,2025-08-01
4407,4,8164,3,Really love this track.,2026-06-13
4408,249,15808,3,Nice track.,2025-10-07
4409,989,7970,5,Not bad.,2026-08-30
4410,948,8383,2,One of my favorites.,2024-12-17
4411,193,600,2,Perfect!,2025-01-07
4412,735,12934,4,Not bad.,2026-02-26
4413,255,14283,2,Nice track.,2024-11-15
4414,482,14703,5,Not bad.,2026-01-15
4415,630,13406,5,Very catchy.,2026-06-02
4416,847,3312,4,One of my favorites.,2025-10-03
4417,12,10095,5,Perfect!,2025-06-14
4418,492,869,5,One of my favorites.,2026-09-01
4419,960,2206,1,Not bad.,2026-01-19
4420,356,3223,2,Good song.,2025-07-20
4421,352,10688,2,One of my favorites.,2025-01-21
4422,895,16040,5,Amazing song!,2026-01-29
4423,542,14461,4,Amazing song!,2026-05-11
4424,186,6195,3,Nice track.,2025-07-03
4425,277,14715,2,Nice track.,2026-06-22
4426,740,13133,1,Perfect!,2026-01-04
4427,711,8002,1,Great music.,2025-11-26
4428,652,11071,3,Really love this track.,2026-05-09
4429,587,8232,2,Perfect!,2025-07-04
4430,531,2150,2,Not bad.,2025-01-02
4431,863,2623,3,Not bad.,2024-10-04
4432,422,7347,1,Great music.,2025-10-26
4433,744,7132,3,Worth listening to.,2025-02-08
4434,623,426,1,Not bad.,2026-01-14
4435,49,12205,2,Nice track.,2025-04-09
4436,13,3392,4,Not bad.,2025-10-01
4437,44,1244,3,One of my favorites.,2025-11-30
4438,855,5135,4,Very catchy.,2026-05-25
4439,238,9108,2,Nice track.,2026-09-05
4440,252,8777,3,One of my favorites.,2026-03-15
4441,90,84,1,Very catchy.,2024-11-17
4442,299,1884,3,Not bad.,2026-04-13
4443,183,3695,3,Good song.,2024-09-14
4444,995,7774,4,Worth listening to.,2024-09-19
4445,993,760,1,Good song.,2025-06-06
4446,14,6626,1,Worth listening to.,2025-11-26
4447,724,4278,5,Good song.,2025-03-08
4448,290,5218,1,Very catchy.,2024-12-28
4449,99,4455,4,One of my favorites.,2026-02-07
4450,894,1986,1,Worth listening to.,2026-05-25
4451,260,5046,4,Not bad.,2026-01-16
4452,654,2233,5,Not bad.,2026-01-15
4453,729,12206,4,Nice track.,2026-08-28
4454,806,16102,2,One of my favorites.,2026-09-08
4455,832,2239,1,Great music.,2026-01-16
4456,11,9711,2,Amazing song!,2025-06-11
4457,384,8236,3,Great music.,2025-09-28
4458,345,431,2,One of my favorites.,2024-12-20
4459,21,3983,2,Worth listening to.,2026-04-24
4460,243,15430,5,One of my favorites.,2024-12-23
4461,549,8074,1,Not bad.,2025-11-13
4462,614,6483,4,Amazing song!,2026-01-11
4463,110,4469,2,Good song.,2025-08-31
4464,411,3414,1,Not bad.,2024-10-19
4465,159,15473,2,Perfect!,2026-03-11
4466,354,2880,1,Very catchy.,2025-02-14
4467,715,4808,1,Amazing song!,2025-01-11
4468,985,6655,3,One of my favorites.,2025-01-02
4469,501,11975,5,Nice track.,2024-10-04
4470,314,6221,4,Nice track.,2024-10-17
4471,303,5803,5,Very catchy.,2026-01-25
4472,532,1425,4,Amazing song!,2026-02-06
4473,786,15076,4,Great music.,2025-09-05
4474,101,6342,4,Amazing song!,2026-08-21
4475,711,4056,2,Perfect!,2026-06-29
4476,819,3626,3,Perfect!,2025-04-06
4477,698,3565,5,Not bad.,2025-11-19
4478,442,1424,4,Nice track.,2025-06-01
4479,312,1543,2,Nice track.,2026-01-02
4480,984,15182,5,Amazing song!,2025-09-29
4481,525,4805,3,One of my favorites.,2026-04-04
4482,250,436,4,One of my favorites.,2024-12-20
4483,860,15412,5,Amazing song!,2025-03-27
4484,158,3062,5,Worth listening to.,2026-05-29
4485,47,16026,2,One of my favorites.,2025-02-06
4486,195,9774,2,Amazing song!,2025-11-17
4487,792,9764,5,Perfect!,2025-09-05
4488,334,10872,1,Really love this track.,2026-09-10
4489,375,14845,5,Not bad.,2024-12-14
4490,842,10524,5,Great music.,2025-01-01
4491,658,86,3,Perfect!,2025-12-28
4492,502,13344,4,Amazing song!,2025-06-09
4493,715,5989,4,Good song.,2024-11-18
4494,966,3127,1,Worth listening to.,2025-04-28
4495,843,15071,4,Great music.,2025-05-28
4496,590,8209,1,Amazing song!,2025-02-02
4497,574,16078,5,Worth listening to.,2026-08-11
4498,226,12628,4,One of my favorites.,2026-03-22
4499,421,4990,4,Perfect!,2026-06-03
4500,944,2816,5,Great music.,2024-10-15
4501,293,12123,5,Really love this track.,2025-05-26
4502,12,16311,4,Worth listening to.,2026-02-18
4503,114,5247,5,Nice track.,2025-10-13
4504,917,9772,1,Amazing song!,2026-07-30
4505,576,7493,4,Nice track.,2026-08-30
4506,180,7264,5,Worth listening to.,2026-05-27
4507,295,16370,1,Great music.,2026-01-23
4508,292,5519,4,Not bad.,2024-09-28
4509,354,1967,1,Very catchy.,2026-03-13
4510,452,7457,2,Good song.,2026-09-03
4511,10,2157,2,Worth listening to.,2025-01-03
4512,405,11812,3,Nice track.,2026-08-21
4513,509,13855,3,Worth listening to.,2026-01-14
4514,449,9374,1,Nice track.,2025-10-16
4515,824,12698,5,Really love this track.,2025-07-18
4516,504,4880,4,Not bad.,2024-09-23
4517,795,1151,2,Great music.,2026-05-30
4518,478,3659,3,Really love this track.,2025-07-03
4519,189,5771,5,Not bad.,2024-10-15
4520,628,2206,4,Not bad.,2025-04-22
4521,436,16265,4,Amazing song!,2025-11-14
4522,340,1510,2,Really love this track.,2024-10-03
4523,603,2378,1,Worth listening to.,2025-01-23
4524,267,6630,1,Worth listening to.,2026-05-18
4525,506,15277,2,Very catchy.,2026-09-07
4526,263,13570,5,Amazing song!,2026-06-19
4527,640,11305,5,Worth listening to.,2025-01-30
4528,836,12937,3,Very catchy.,2025-04-02
4529,8,10082,3,Worth listening to.,2024-09-20
4530,718,14379,4,Worth listening to.,2025-08-02
4531,591,5936,5,Amazing song!,2026-05-12
4532,479,7452,3,Worth listening to.,2025-06-16
4533,988,5343,2,One of my favorites.,2026-07-01
4534,700,14510,3,Nice track.,2025-05-02
4535,991,393,3,Worth listening to.,2026-07-31
4536,849,14044,4,Perfect!,2025-09-16
4537,624,5066,2,Nice track.,2025-04-03
4538,481,9447,1,Great music.,2025-08-27
4539,920,5882,1,One of my favorites.,2026-05-28
4540,893,16073,1,Worth listening to.,2025-07-18
4541,624,8449,1,Nice track.,2026-03-02
4542,466,3433,4,Nice track.,2025-12-26
4543,182,3674,3,Amazing song!,2025-06-02
4544,456,14234,3,Not bad.,2024-10-13
4545,65,14349,5,Perfect!,2026-03-22
4546,700,10430,3,One of my favorites.,2025-12-05
4547,92,10547,1,Worth listening to.,2024-09-29
4548,591,4781,4,Worth listening to.,2025-03-29
4549,80,2579,1,One of my favorites.,2026-07-19
4550,842,6349,4,Worth listening to.,2024-11-14
4551,103,11608,2,Good song.,2026-01-16
4552,428,11664,2,Perfect!,2025-10-06
4553,858,10494,1,Great music.,2026-03-30
4554,362,13296,4,Worth listening to.,2025-12-08
4555,931,13453,5,Perfect!,2025-10-08
4556,237,7114,1,Very catchy.,2025-05-25
4557,794,12401,1,Good song.,2025-08-15
4558,171,6531,3,Perfect!,2025-07-12
4559,485,14800,5,Really love this track.,2026-02-27
4560,748,15668,2,Perfect!,2025-03-31
4561,807,14585,2,Really love this track.,2025-02-16
4562,623,7823,3,Great music.,2024-10-08
4563,690,8816,1,Perfect!,2024-11-22
4564,177,6016,3,Nice track.,2026-08-11
4565,276,2797,2,Very catchy.,2025-07-10
4566,245,1232,4,Not bad.,2025-05-24
4567,563,4547,5,Very catchy.,2026-01-11
4568,798,1152,3,One of my favorites.,2026-06-26
4569,765,13541,2,Really love this track.,2025-06-13
4570,152,14775,4,Worth listening to.,2025-08-12
4571,16,3331,2,Perfect!,2026-05-29
4572,81,12091,2,Amazing song!,2024-12-24
4573,230,816,3,Not bad.,2025-03-01
4574,68,488,4,Nice track.,2025-10-15
4575,550,12017,4,Great music.,2025-11-19
4576,460,11077,1,Worth listening to.,2025-09-28
4577,539,7694,3,Amazing song!,2025-10-28
4578,518,11018,4,Worth listening to.,2025-10-11
4579,508,1174,3,Nice track.,2026-08-31
4580,974,4616,3,Amazing song!,2025-10-12
4581,196,12724,1,Good song.,2025-08-20
4582,800,3268,4,Perfect!,2026-03-30
4583,795,4910,3,Nice track.,2026-07-26
4584,404,5254,4,Great music.,2025-07-03
4585,939,5598,1,Not bad.,2025-06-07
4586,159,13071,5,Perfect!,2025-08-07
4587,324,8937,5,Good song.,2026-03-06
4588,129,12145,4,Good song.,2026-08-19
4589,427,3171,2,Good song.,2025-12-31
4590,929,12723,3,Very catchy.,2026-01-08
4591,87,12902,2,Very catchy.,2026-06-17
4592,469,10752,3,Worth listening to.,2025-03-14
4593,316,5326,4,Nice track.,2024-11-07
4594,261,3404,4,Great music.,2025-02-18
4595,353,1946,5,Great music.,2025-07-10
4596,994,6409,5,Not bad.,2026-02-04
4597,202,7146,1,Perfect!,2024-10-21
4598,821,14065,2,Great music.,2025-07-31
4599,110,11987,4,Perfect!,2026-01-26
4600,606,1345,5,Very catchy.,2024-12-19
4601,642,1002,1,Nice track.,2026-07-30
4602,3,15833,1,Really love this track.,2026-09-01
4603,641,7947,3,Very catchy.,2024-12-27
4604,503,3058,1,One of my favorites.,2026-06-28
4605,79,15828,5,Great music.,2025-12-14
4606,182,13031,4,One of my favorites.,2024-09-28
4607,430,72,5,Nice track.,2026-07-30
4608,703,7778,5,Worth listening to.,2024-11-18
4609,797,8874,2,One of my favorites.,2024-11-25
4610,664,15929,5,Great music.,2026-05-24
4611,520,4395,2,Worth listening to.,2026-03-29
4612,198,2129,5,Worth listening to.,2026-07-17
4613,32,14669,4,Great music.,2025-02-08
4614,734,14712,2,Good song.,2025-11-16
4615,428,10993,3,Nice track.,2025-07-04
4616,650,2704,5,Nice track.,2024-09-18
4617,823,9048,2,Not bad.,2026-08-28
4618,178,1433,4,Nice track.,2025-04-16
4619,750,6025,1,Amazing song!,2025-09-20
4620,299,7321,2,Good song.,2026-06-18
4621,693,3276,4,Good song.,2025-12-12
4622,611,14726,4,Very catchy.,2025-04-14
4623,260,15731,5,Amazing song!,2026-02-09
4624,339,9608,5,Very catchy.,2026-04-19
4625,34,4808,2,Perfect!,2025-08-24
4626,717,6787,1,Very catchy.,2026-08-13
4627,402,5463,5,Great music.,2026-07-28
4628,319,1493,4,Great music.,2024-11-11
4629,776,13783,4,One of my favorites.,2026-04-19
4630,626,14253,3,Amazing song!,2025-12-03
4631,165,7442,4,Amazing song!,2026-01-01
4632,550,15426,1,Really love this track.,2024-09-22
4633,682,6914,2,Nice track.,2025-02-24
4634,864,10863,4,Very catchy.,2025-10-11
4635,976,6903,4,Amazing song!,2024-09-23
4636,771,7666,5,Nice track.,2025-02-19
4637,513,1480,1,Very catchy.,2025-05-24
4638,850,6498,5,Amazing song!,2024-12-14
4639,81,9205,5,Really love this track.,2026-04-24
4640,136,510,1,Amazing song!,2026-03-25
4641,93,1860,5,Really love this track.,2026-04-01
4642,994,1295,4,Nice track.,2025-03-29
4643,328,4881,3,Not bad.,2026-07-08
4644,966,3182,3,Very catchy.,2025-10-20
4645,424,12698,3,Very catchy.,2025-12-10
4646,582,16253,2,Amazing song!,2026-05-23
4647,816,7035,1,Really love this track.,2026-04-28
4648,88,8548,4,Worth listening to.,2025-05-19
4649,664,13848,3,Nice track.,2026-03-31
4650,177,10956,2,Perfect!,2025-03-20
4651,240,10258,3,Great music.,2025-11-20
4652,264,8629,1,Good song.,2025-01-19
4653,458,7448,2,Great music.,2026-03-22
4654,787,39,3,Worth listening to.,2025-11-27
4655,681,15370,5,Worth listening to.,2025-04-24
4656,184,4701,4,One of my favorites.,2025-05-08
4657,847,12629,1,Perfect!,2024-11-07
4658,973,2417,2,Great music.,2025-12-12
4659,680,7268,1,Nice track.,2026-03-17
4660,735,4989,4,Good song.,2026-04-19
4661,205,4760,4,Not bad.,2024-12-14
4662,279,279,1,Amazing song!,2025-03-31
4663,259,8672,4,Amazing song!,2025-09-02
4664,785,12394,5,Nice track.,2026-06-01
4665,285,1225,1,Really love this track.,2025-11-22
4666,811,11363,4,Really love this track.,2026-04-01
4667,75,220,2,Very catchy.,2024-10-18
4668,207,12417,1,Great music.,2025-06-18
4669,876,10297,3,Amazing song!,2025-03-11
4670,112,2731,1,Nice track.,2025-05-07
4671,277,2798,3,Great music.,2025-08-19
4672,79,16554,2,Perfect!,2024-12-19
4673,912,15094,4,Very catchy.,2025-11-20
4674,977,15489,2,Very catchy.,2025-03-15
4675,626,8321,5,Very catchy.,2025-12-12
4676,994,11457,4,Good song.,2025-06-16
4677,303,2972,2,Nice track.,2026-07-28
4678,98,1520,3,Amazing song!,2024-11-22
4679,204,2441,3,One of my favorites.,2026-04-05
4680,890,14554,3,Perfect!,2025-07-25
4681,305,9434,4,Very catchy.,2025-09-14
4682,201,12989,1,Really love this track.,2025-02-25
4683,249,15689,4,Amazing song!,2026-01-20
4684,848,1725,2,Worth listening to.,2024-10-24
4685,455,13579,3,Not bad.,2026-06-09
4686,732,10144,3,One of my favorites.,2025-11-23
4687,952,14385,5,Worth listening to.,2025-05-26
4688,696,1856,4,Good song.,2026-03-31
4689,905,16259,3,Not bad.,2025-03-01
4690,616,14170,5,Perfect!,2024-12-17
4691,437,1107,3,Not bad.,2026-02-03
4692,115,1581,2,Amazing song!,2026-04-01
4693,401,15679,3,Really love this track.,2025-07-13
4694,472,1330,3,Good song.,2025-09-29
4695,988,2378,2,Worth listening to.,2024-09-17
4696,866,5421,2,One of my favorites.,2026-05-31
4697,389,3776,1,Really love this track.,2025-11-17
4698,485,12640,4,Very catchy.,2025-03-28
4699,740,4262,2,Amazing song!,2026-07-14
4700,108,14639,2,Great music.,2025-10-12
4701,517,14807,5,Perfect!,2026-04-23
4702,456,73,4,Very catchy.,2025-10-17
4703,751,8329,3,Very catchy.,2025-07-21
4704,713,10023,2,One of my favorites.,2026-06-05
4705,408,15803,2,Not bad.,2026-01-10
4706,791,817,3,Good song.,2025-10-26
4707,587,13590,4,Worth listening to.,2026-04-15
4708,327,10216,4,Perfect!,2026-05-02
4709,404,10436,3,Amazing song!,2025-07-29
4710,970,8107,3,Perfect!,2026-06-21
4711,608,13878,4,Great music.,2026-05-25
4712,238,9915,3,Nice track.,2025-05-26
4713,826,15269,3,Not bad.,2025-07-03
4714,681,15854,4,Great music.,2026-02-27
4715,511,7300,5,One of my favorites.,2026-02-06
4716,240,14125,3,Really love this track.,2025-01-04
4717,151,10929,5,Amazing song!,2025-12-15
4718,646,4492,4,Perfect!,2026-08-03
4719,138,5254,1,Amazing song!,2025-01-18
4720,492,8455,1,Not bad.,2025-06-23
4721,324,11,5,Perfect!,2026-05-05
4722,662,10327,5,Very catchy.,2026-02-08
4723,435,13842,3,Great music.,2026-09-10
4724,252,12149,5,Worth listening to.,2026-02-07
4725,882,5900,2,Not bad.,2025-10-31
4726,173,5211,5,One of my favorites.,2026-02-08
4727,114,6028,1,Nice track.,2025-02-02
4728,738,10847,3,Great music.,2026-07-20
4729,865,16321,1,Great music.,2026-07-31
4730,863,9041,5,Great music.,2025-01-12
4731,994,6114,4,Good song.,2025-10-24
4732,175,3042,5,Good song.,2026-08-15
4733,686,1760,5,Perfect!,2025-01-16
4734,975,3620,1,Great music.,2026-03-21
4735,424,10162,3,Worth listening to.,2025-11-01
4736,843,11314,5,Really love this track.,2026-08-11
4737,215,9759,1,Good song.,2024-09-12
4738,203,2057,3,Perfect!,2026-04-24
4739,830,10032,5,Not bad.,2026-04-27
4740,858,1234,5,Really love this track.,2024-12-06
4741,205,8519,3,Worth listening to.,2025-10-25
4742,293,8366,3,One of my favorites.,2025-02-27
4743,458,1529,3,Good song.,2025-01-08
4744,486,13376,4,Good song.,2025-03-20
4745,632,15416,1,Great music.,2025-06-28
4746,202,9187,2,Very catchy.,2025-02-20
4747,551,8109,2,Very catchy.,2024-10-13
4748,737,10514,3,Amazing song!,2025-08-16
4749,582,9408,4,Amazing song!,2026-08-09
4750,828,8646,5,Amazing song!,2025-10-12
4751,411,15188,4,One of my favorites.,2025-10-15
4752,154,16057,1,One of my favorites.,2025-06-04
4753,837,6665,5,Good song.,2025-08-08
4754,704,13720,5,Very catchy.,2025-10-31
4755,749,6552,2,Good song.,2026-03-30
4756,628,10463,4,Worth listening to.,2025-04-30
4757,848,4316,3,Good song.,2026-02-22
4758,827,13827,5,Amazing song!,2026-06-19
4759,26,1498,4,One of my favorites.,2025-08-05
4760,276,11967,1,Great music.,2025-09-22
4761,693,766,5,Great music.,2026-08-16
4762,716,9529,1,Really love this track.,2025-07-26
4763,105,5440,1,Great music.,2026-01-20
4764,567,11392,4,Very catchy.,2025-09-30
4765,916,1417,2,Really love this track.,2025-10-06
4766,484,2992,5,Really love this track.,2024-09-25
4767,11,1082,3,Very catchy.,2025-12-29
4768,776,9516,3,Perfect!,2025-07-18
4769,91,6444,5,Worth listening to.,2025-04-15
4770,447,8294,5,One of my favorites.,2025-05-20
4771,175,3405,4,Perfect!,2026-05-26
4772,42,14661,1,Perfect!,2025-11-13
4773,267,15008,1,Good song.,2025-02-27
4774,295,4224,1,Perfect!,2025-09-18
4775,226,3636,1,Not bad.,2025-04-07
4776,319,10997,3,Amazing song!,2026-04-04
4777,962,2472,4,Great music.,2025-04-17
4778,463,839,4,One of my favorites.,2025-12-01
4779,836,8254,2,Perfect!,2025-05-21
4780,629,15360,4,Great music.,2026-06-18
4781,34,433,3,One of my favorites.,2025-12-01
4782,599,10004,2,Nice track.,2025-09-14
4783,982,16158,3,Perfect!,2025-05-28
4784,247,662,2,Amazing song!,2025-01-02
4785,241,11464,4,Not bad.,2024-11-11
4786,960,8411,5,Amazing song!,2025-03-09
4787,377,3889,3,Perfect!,2025-06-15
4788,454,10525,1,Perfect!,2026-01-18
4789,698,6950,5,Not bad.,2025-02-13
4790,392,262,2,Perfect!,2024-11-13
4791,243,15674,5,Worth listening to.,2026-09-09
4792,871,4168,4,Perfect!,2025-09-16
4793,874,7849,3,Great music.,2025-05-19
4794,547,3290,2,Not bad.,2026-08-08
4795,253,857,5,Not bad.,2025-06-05
4796,796,8195,4,One of my favorites.,2026-02-24
4797,57,11010,4,Not bad.,2026-05-15
4798,688,14260,1,Worth listening to.,2026-03-15
4799,945,1084,3,Good song.,2025-05-25
4800,784,12507,3,Very catchy.,2025-12-20
4801,121,14149,1,Not bad.,2026-01-12
4802,429,14265,5,One of my favorites.,2025-01-12
4803,794,134,5,Good song.,2026-08-29
4804,802,2469,4,Not bad.,2025-10-06
4805,661,507,2,Worth listening to.,2026-03-08
4806,24,7800,2,Nice track.,2026-01-07
4807,932,11358,2,Not bad.,2025-09-25
4808,371,5400,1,Really love this track.,2025-04-12
4809,539,15830,4,Good song.,2025-11-02
4810,765,6751,1,Good song.,2026-03-15
4811,334,9948,5,Not bad.,2025-09-01
4812,671,10765,3,Great music.,2025-04-13
4813,201,10587,4,Very catchy.,2024-11-17
4814,471,1322,4,Worth listening to.,2026-02-25
4815,529,9140,4,Really love this track.,2024-10-30
4816,417,268,3,Good song.,2026-03-13
4817,405,5169,2,One of my favorites.,2026-01-18
4818,939,8486,2,Really love this track.,2025-04-25
4819,851,3943,4,Not bad.,2025-10-24
4820,417,7852,2,Really love this track.,2025-07-07
4821,694,12590,2,Very catchy.,2026-02-24
4822,163,7972,4,Good song.,2026-08-01
4823,233,6230,4,Really love this track.,2026-09-02
4824,708,7277,5,Nice track.,2025-01-10
4825,178,4308,1,Perfect!,2025-08-09
4826,630,10067,4,Good song.,2025-08-21
4827,539,8259,1,Great music.,2025-05-20
4828,165,11953,1,Amazing song!,2026-04-24
4829,433,10721,1,Amazing song!,2024-12-13
4830,806,13447,2,Perfect!,2026-06-24
4831,442,1910,5,Nice track.,2026-04-15
4832,4,10544,3,Not bad.,2026-01-30
4833,472,11881,5,Good song.,2024-12-11
4834,11,9271,5,Perfect!,2026-05-17
4835,463,16491,1,Amazing song!,2026-01-03
4836,25,804,3,Really love this track.,2026-01-04
4837,582,8040,2,Good song.,2025-09-28
4838,97,4090,2,Worth listening to.,2025-08-06
4839,884,7624,1,Nice track.,2025-03-29
4840,909,743,2,Really love this track.,2025-05-28
4841,120,6181,5,Amazing song!,2025-03-04
4842,469,4083,3,One of my favorites.,2025-04-07
4843,517,11250,4,Nice track.,2025-12-31
4844,651,10018,5,One of my favorites.,2025-07-23
4845,367,6058,2,Worth listening to.,2025-06-14
4846,978,3731,4,Not bad.,2026-05-15
4847,948,11702,2,Perfect!,2025-05-16
4848,174,1462,3,Nice track.,2024-11-05
4849,657,8749,2,Great music.,2026-04-30
4850,872,4473,4,Worth listening to.,2025-06-16
4851,211,11143,5,Perfect!,2026-05-08
4852,481,14939,3,One of my favorites.,2026-01-22
4853,810,3366,1,Really love this track.,2025-08-15
4854,44,12723,3,Great music.,2025-05-10
4855,818,7391,3,One of my favorites.,2026-07-31
4856,608,14751,5,Perfect!,2024-12-06
4857,130,7808,2,Amazing song!,2025-12-29
4858,152,13717,4,Good song.,2025-07-21
4859,436,13476,4,Not bad.,2025-08-19
4860,658,5712,2,Really love this track.,2025-10-27
4861,565,7470,3,Very catchy.,2025-12-20
4862,862,9383,3,Not bad.,2025-08-08
4863,666,7522,3,Really love this track.,2025-03-14
4864,383,15801,5,Not bad.,2026-09-07
4865,104,16157,4,Very catchy.,2026-03-26
4866,369,13422,3,Not bad.,2024-09-17
4867,642,8333,4,Great music.,2026-08-21
4868,27,15119,3,One of my favorites.,2026-06-01
4869,81,1355,5,Very catchy.,2024-10-19
4870,851,14105,1,Not bad.,2025-11-24
4871,932,10795,2,Perfect!,2025-02-18
4872,583,2276,4,Really love this track.,2025-06-10
4873,667,1452,3,Perfect!,2026-04-05
4874,262,14235,2,Nice track.,2025-10-07
4875,933,12188,5,Good song.,2026-06-08
4876,904,2856,1,Perfect!,2025-01-31
4877,929,8282,1,Good song.,2024-10-28
4878,796,290,1,Worth listening to.,2026-06-21
4879,692,14233,2,Good song.,2024-12-05
4880,126,9355,1,Really love this track.,2025-07-15
4881,439,5651,1,One of my favorites.,2026-05-13
4882,467,3269,1,Worth listening to.,2025-02-06
4883,509,4663,4,Perfect!,2026-06-23
4884,873,12524,2,Amazing song!,2024-10-10
4885,132,4447,4,Good song.,2024-11-16
4886,644,5790,5,Really love this track.,2026-04-23
4887,767,8341,3,Very catchy.,2026-04-05
4888,421,9919,3,Nice track.,2025-05-23
4889,665,14709,4,Really love this track.,2025-12-02
4890,562,4445,5,Nice track.,2025-09-15
4891,589,3087,4,Perfect!,2026-01-30
4892,891,9050,4,Amazing song!,2026-01-20
4893,258,2987,1,Good song.,2025-01-09
4894,746,1758,1,Very catchy.,2025-01-23
4895,360,12797,2,Very catchy.,2026-08-28
4896,398,13089,1,Really love this track.,2025-04-17
4897,675,1289,1,Great music.,2025-01-01
4898,229,16286,4,Good song.,2024-12-18
4899,680,1404,3,Perfect!,2025-10-23
4900,699,1417,4,Very catchy.,2025-04-17
4901,282,8942,4,Good song.,2026-04-23
4902,748,14636,4,Nice track.,2025-11-05
4903,172,13271,3,Perfect!,2026-05-19
4904,46,7948,2,Great music.,2026-04-12
4905,667,9278,5,Perfect!,2025-02-24
4906,772,8577,4,Very catchy.,2025-05-06
4907,520,16169,1,Amazing song!,2026-05-03
4908,871,6304,3,Amazing song!,2026-02-07
4909,460,354,4,Worth listening to.,2025-12-21
4910,664,14642,3,Not bad.,2025-01-19
4911,225,15763,1,Great music.,2025-09-18
4912,202,11578,2,One of my favorites.,2025-07-04
4913,954,13428,1,Not bad.,2025-07-26
4914,300,6488,3,Nice track.,2025-11-14
4915,237,16002,2,Really love this track.,2024-10-18
4916,442,6837,3,Perfect!,2025-11-25
4917,466,5208,1,Nice track.,2026-01-12
4918,884,6953,1,Nice track.,2025-10-19
4919,269,14722,3,One of my favorites.,2026-04-29
4920,307,8598,4,One of my favorites.,2025-03-27
4921,797,7708,1,Good song.,2025-08-15
4922,17,134,2,Very catchy.,2026-02-01
4923,209,15122,2,Worth listening to.,2026-03-04
4924,37,16587,5,Amazing song!,2024-10-19
4925,980,8583,4,Worth listening to.,2024-11-14
4926,234,8241,1,Nice track.,2026-05-28
4927,923,15404,2,Not bad.,2026-01-16
4928,987,76,2,Amazing song!,2026-07-22
4929,47,9317,5,Nice track.,2025-10-09
4930,86,10706,1,Good song.,2024-10-07
4931,914,2752,1,Perfect!,2025-04-12
4932,592,486,1,Amazing song!,2024-09-17
4933,612,9998,4,Nice track.,2026-05-20
4934,276,16236,1,Nice track.,2025-02-16
4935,777,1471,5,Amazing song!,2025-02-10
4936,580,11214,2,Nice track.,2026-08-18
4937,769,16105,4,Amazing song!,2025-05-02
4938,791,9182,3,Not bad.,2025-11-14
4939,271,15074,1,Very catchy.,2024-09-14
4940,80,16260,1,Really love this track.,2024-11-05
4941,106,4649,4,Not bad.,2026-06-24
4942,451,13729,4,Perfect!,2026-07-06
4943,928,9187,5,Nice track.,2025-05-28
4944,694,618,2,Really love this track.,2026-07-19
4945,315,8435,5,Not bad.,2025-02-28
4946,664,10575,3,Nice track.,2025-08-17
4947,850,11748,4,Amazing song!,2026-04-14
4948,917,4339,5,Not bad.,2025-03-17
4949,34,3763,4,Amazing song!,2025-06-29
4950,595,4059,5,Perfect!,2026-05-21
4951,691,10937,3,Not bad.,2026-07-27
4952,925,1719,4,Really love this track.,2025-10-25
4953,135,12705,2,Great music.,2025-07-18
4954,584,6381,5,Worth listening to.,2025-07-18
4955,787,6215,2,Amazing song!,2026-04-14
4956,329,7323,5,Perfect!,2025-09-23
4957,175,11286,5,Worth listening to.,2024-12-01
4958,514,12738,3,Perfect!,2026-09-02
4959,48,4829,4,Not bad.,2025-06-06
4960,313,4346,5,Worth listening to.,2025-05-22
4961,980,9993,5,Great music.,2025-04-01
4962,385,1970,3,One of my favorites.,2025-04-10
4963,164,10373,4,Good song.,2025-07-31
4964,518,15826,5,Nice track.,2026-07-27
4965,515,4709,5,Nice track.,2024-09-23
4966,432,2725,5,Nice track.,2025-06-06
4967,690,7450,2,Perfect!,2025-03-20
4968,690,5235,3,Worth listening to.,2025-12-09
4969,79,1146,2,One of my favorites.,2025-01-08
4970,872,2768,1,Amazing song!,2026-08-05
4971,290,11946,5,Perfect!,2025-07-13
4972,29,15554,1,Good song.,2024-10-12
4973,122,11544,3,Perfect!,2026-01-01
4974,437,8438,3,Not bad.,2026-08-03
4975,209,12223,3,Amazing song!,2025-08-16
4976,333,14504,1,One of my favorites.,2025-09-22
4977,610,11106,2,Nice track.,2026-07-07
4978,528,1911,4,Great music.,2025-04-06
4979,659,8487,1,Really love this track.,2026-09-04
4980,212,2843,3,Nice track.,2026-04-14
4981,111,12819,4,Worth listening to.,2026-06-13
4982,428,6110,1,Very catchy.,2025-07-20
4983,424,15036,1,Worth listening to.,2026-01-15
4984,637,12111,2,Worth listening to.,2026-03-09
4985,248,1978,2,Very catchy.,2024-12-27
4986,327,6472,4,Very catchy.,2025-10-01
4987,702,2599,5,Really love this track.,2024-12-25
4988,233,13869,2,Perfect!,2024-10-18
4989,210,6008,1,Nice track.,2026-01-12
4990,932,14809,3,Amazing song!,2025-05-27
4991,751,14734,5,Very catchy.,2026-04-16
4992,965,205,2,One of my favorites.,2025-02-18
4993,598,9042,1,Good song.,2025-07-14
4994,708,3023,5,Nice track.,2026-08-30
4995,2,12660,2,Perfect!,2026-03-06
4996,607,10030,5,Really love this track.,2026-07-05
4997,913,9548,2,Really love this track.,2026-05-20
4998,782,12771,5,Really love this track.,2025-05-01
4999,410,15114,3,Really love this track.,2026-01-08
5000,265,12252,5,Really love this track.,2025-11-30
5001,877,15260,2,Nice track.,2024-10-29
5002,634,7396,5,Amazing song!,2024-12-03
5003,568,11472,1,Very catchy.,2025-12-20
5004,412,113,4,Not bad.,2026-03-01
5005,201,16145,1,Very catchy.,2025-01-07
5006,416,15804,4,Very catchy.,2026-03-16
5007,841,3902,3,Not bad.,2025-10-28
5008,650,2156,3,Amazing song!,2026-06-10
5009,73,10446,3,Worth listening to.,2025-06-09
5010,309,4078,1,Good song.,2025-07-25
5011,331,10741,1,Not bad.,2025-08-22
5012,358,15045,2,Not bad.,2026-04-07
5013,112,7176,3,Great music.,2026-01-10
5014,647,10489,4,Worth listening to.,2026-08-30
5015,382,13187,5,Really love this track.,2026-02-23
5016,855,3019,1,Not bad.,2025-01-08
5017,5,2354,2,Nice track.,2026-05-27
5018,601,13756,5,Not bad.,2025-10-05
5019,627,159,1,Amazing song!,2025-06-21
5020,859,7864,5,Worth listening to.,2026-04-07
5021,752,9199,4,Amazing song!,2024-10-14
5022,792,3673,4,Worth listening to.,2025-01-21
5023,941,9623,1,Very catchy.,2024-11-16
5024,311,9456,3,Really love this track.,2026-07-26
5025,99,16218,4,Nice track.,2026-07-27
5026,829,8924,4,Really love this track.,2025-06-15
5027,259,9037,1,Perfect!,2025-05-18
5028,607,5842,4,Great music.,2026-03-26
5029,721,10788,5,Very catchy.,2026-07-31
5030,456,9056,2,Amazing song!,2026-07-03
5031,5,15307,4,Perfect!,2026-05-13
5032,339,1826,1,Worth listening to.,2026-01-28
5033,818,11889,1,Good song.,2026-06-24
5034,978,13827,5,Good song.,2026-02-02
5035,250,15340,5,Great music.,2025-02-26
5036,281,1592,3,Amazing song!,2025-11-17
5037,398,2177,3,Not bad.,2025-03-20
5038,936,1035,4,Perfect!,2026-07-11
5039,61,15818,5,Good song.,2024-09-26
5040,433,6830,4,Great music.,2026-02-16
5041,542,11432,3,Amazing song!,2025-10-02
5042,198,9407,1,One of my favorites.,2025-08-29
5043,421,6712,1,One of my favorites.,2025-06-02
5044,436,3048,1,Good song.,2026-07-22
5045,233,16,1,Worth listening to.,2025-05-17
5046,513,3268,4,Really love this track.,2025-11-11
5047,535,11429,4,Good song.,2024-12-27
5048,321,10157,5,Worth listening to.,2024-11-19
5049,684,4318,5,Nice track.,2026-08-22
5050,902,5709,2,Great music.,2025-01-12
5051,303,8827,3,Not bad.,2025-07-08
5052,807,10804,3,Perfect!,2025-01-30
5053,819,5711,4,Very catchy.,2025-07-31
5054,368,5021,1,Not bad.,2025-03-31
5055,223,14954,3,Not bad.,2025-02-26
5056,113,10918,3,Worth listening to.,2025-12-26
5057,741,8006,2,Great music.,2025-06-25
5058,808,5027,3,Really love this track.,2025-07-16
5059,529,3397,5,Not bad.,2025-09-17
5060,491,7077,1,Really love this track.,2026-01-22
5061,532,16234,1,Great music.,2025-10-13
5062,881,9972,4,One of my favorites.,2025-04-06
5063,854,3453,2,Very catchy.,2025-04-23
5064,485,11958,5,Great music.,2026-04-15
5065,573,13791,2,Perfect!,2025-07-15
5066,854,1238,4,Perfect!,2024-09-12
5067,645,8941,1,Worth listening to.,2025-08-23
5068,858,14418,3,Not bad.,2025-11-20
5069,803,8066,3,Great music.,2025-12-28
5070,572,11846,4,Worth listening to.,2026-05-07
5071,435,7670,2,One of my favorites.,2026-06-19
5072,433,656,5,Good song.,2024-09-28
5073,33,15998,3,Very catchy.,2026-06-18
5074,534,2694,2,Very catchy.,2025-09-19
5075,652,15518,3,Worth listening to.,2026-06-17
5076,769,14871,2,Really love this track.,2025-06-04
5077,654,5499,2,Worth listening to.,2024-11-13
5078,714,1349,1,Really love this track.,2026-02-10
5079,189,11815,1,Good song.,2026-05-10
5080,349,433,3,Perfect!,2026-08-06
5081,331,12164,4,Not bad.,2025-11-21
5082,375,11682,3,Really love this track.,2026-03-06
5083,544,4809,3,Really love this track.,2025-11-27
5084,442,8999,2,Not bad.,2026-09-09
5085,770,11982,5,Good song.,2024-11-27
5086,388,3286,3,One of my favorites.,2025-12-26
5087,861,7145,2,One of my favorites.,2025-10-08
5088,869,9975,4,Good song.,2024-10-31
5089,570,11399,1,Worth listening to.,2025-08-31
5090,948,10039,2,Not bad.,2025-09-21
5091,24,5453,4,One of my favorites.,2025-06-28
5092,179,5098,1,Perfect!,2025-06-25
5093,898,1816,3,Great music.,2024-11-03
5094,748,5255,3,Great music.,2025-01-07
5095,516,3700,2,Great music.,2025-11-29
5096,454,607,3,One of my favorites.,2026-02-19
5097,741,8248,3,Great music.,2026-02-27
5098,644,10530,1,One of my favorites.,2025-04-14
5099,994,14292,5,Good song.,2025-05-01
5100,406,6457,4,Not bad.,2024-11-24
5101,208,2537,4,Good song.,2026-05-20
5102,854,13494,4,Great music.,2025-05-07
5103,971,5677,5,Amazing song!,2025-12-24
5104,890,2342,4,One of my favorites.,2026-05-10
5105,229,11227,2,Good song.,2025-01-17
5106,767,5389,1,Amazing song!,2025-06-01
5107,589,15182,4,Very catchy.,2025-02-18
5108,357,1024,3,Good song.,2026-02-15
5109,338,782,5,Amazing song!,2024-11-27
5110,154,207,3,Worth listening to.,2025-08-10
5111,465,12406,2,Not bad.,2026-08-24
5112,874,15543,3,Amazing song!,2025-04-13
5113,855,10871,4,Worth listening to.,2026-01-05
5114,631,775,2,Worth listening to.,2025-11-05
5115,533,2189,4,Great music.,2025-01-27
5116,771,15078,3,Good song.,2025-10-19
5117,319,3657,5,Perfect!,2026-04-23
5118,413,323,2,Not bad.,2026-02-15
5119,438,13148,2,Perfect!,2026-04-24
5120,168,13058,1,Nice track.,2025-03-19
5121,823,12501,2,Good song.,2025-10-17
5122,439,13787,5,Perfect!,2026-05-10
5123,921,13790,2,Nice track.,2026-01-24
5124,305,9128,1,Worth listening to.,2025-05-30
5125,905,8598,1,Good song.,2026-02-07
5126,714,9067,3,Worth listening to.,2025-11-28
5127,958,11642,2,Great music.,2025-09-15
5128,452,13985,4,Great music.,2025-04-10
5129,528,4181,2,Really love this track.,2025-08-18
5130,447,3061,4,Perfect!,2025-08-22
5131,194,2844,3,Amazing song!,2025-08-14
5132,639,7661,1,Really love this track.,2025-06-10
5133,687,14791,3,One of my favorites.,2025-07-02
5134,268,2564,2,Perfect!,2026-05-09
5135,386,9201,1,One of my favorites.,2025-05-16
5136,790,9025,3,Really love this track.,2025-12-07
5137,146,16130,3,Perfect!,2026-08-09
5138,138,2720,4,Good song.,2024-10-09
5139,678,10541,4,Worth listening to.,2025-09-19
5140,962,3884,5,Nice track.,2024-09-25
5141,872,7374,2,Perfect!,2025-06-18
5142,831,957,1,One of my favorites.,2025-05-22
5143,404,5579,4,Not bad.,2025-05-04
5144,192,970,5,Worth listening to.,2026-03-28
5145,758,5811,4,Amazing song!,2025-12-30
5146,802,14485,5,Amazing song!,2025-04-03
5147,74,14978,3,One of my favorites.,2026-01-27
5148,792,4412,5,Great music.,2026-05-20
5149,376,8900,5,Not bad.,2026-03-15
5150,390,396,5,Really love this track.,2025-02-21
5151,137,216,2,Great music.,2026-01-20
5152,823,11575,2,Not bad.,2026-06-21
5153,589,3760,4,Good song.,2025-05-06
5154,635,10292,4,Good song.,2025-03-02
5155,2,14580,2,Perfect!,2026-04-28
5156,47,3440,4,Very catchy.,2025-08-12
5157,600,6807,3,Good song.,2025-11-02
5158,842,10770,1,Great music.,2025-09-11
5159,403,9905,3,Nice track.,2026-02-03
5160,542,11003,2,Great music.,2025-09-28
5161,635,2829,2,Amazing song!,2024-11-29
5162,470,14281,5,One of my favorites.,2025-05-30
5163,957,5768,3,Nice track.,2026-07-10
5164,10,5665,3,Very catchy.,2025-07-26
5165,116,13002,2,Not bad.,2026-05-25
5166,930,2898,5,Nice track.,2025-11-22
5167,716,10257,1,One of my favorites.,2025-01-24
5168,494,7929,5,Amazing song!,2024-12-29
5169,807,3959,4,Really love this track.,2026-03-28
5170,378,12184,5,Nice track.,2024-09-13
5171,63,8911,1,Nice track.,2026-06-17
5172,357,13293,5,Not bad.,2025-12-07
5173,445,8976,2,Not bad.,2025-04-05
5174,641,8622,5,Very catchy.,2026-04-30
5175,794,8901,3,Really love this track.,2025-12-30
5176,503,14579,1,Nice track.,2026-07-09
5177,402,5896,5,One of my favorites.,2026-08-09
5178,137,2444,5,Great music.,2024-10-22
5179,498,14235,5,Great music.,2025-09-24
5180,324,10672,1,Nice track.,2025-07-22
5181,993,7798,2,Not bad.,2026-03-03
5182,182,11491,5,Nice track.,2025-03-17
5183,703,10668,1,Very catchy.,2025-04-30
5184,343,16549,2,Perfect!,2026-07-14
5185,245,8578,5,Good song.,2024-12-07
5186,615,6125,4,Really love this track.,2025-06-06
5187,642,12415,1,One of my favorites.,2025-02-21
5188,135,304,4,One of my favorites.,2025-06-17
5189,638,15154,1,Good song.,2025-12-16
5190,932,8461,4,Not bad.,2025-09-06
5191,942,5473,3,Nice track.,2025-09-08
5192,916,12654,2,Good song.,2024-12-17
5193,38,4020,1,Not bad.,2024-10-20
5194,244,10275,4,Not bad.,2026-02-08
5195,237,11319,3,Really love this track.,2024-10-18
5196,502,2168,2,One of my favorites.,2024-12-05
5197,234,15451,3,Great music.,2024-12-15
5198,620,4146,5,Worth listening to.,2025-05-27
5199,253,646,5,Not bad.,2026-01-23
5200,459,9153,5,Amazing song!,2025-03-25
5201,886,4265,5,Worth listening to.,2025-09-05
5202,701,13116,5,Nice track.,2025-08-30
5203,85,12618,1,Worth listening to.,2026-07-10
5204,4,7526,1,Really love this track.,2025-03-07
5205,615,5199,1,Perfect!,2026-04-29
5206,386,7591,1,Very catchy.,2025-04-22
5207,422,640,5,Great music.,2026-01-01
5208,227,13196,2,Nice track.,2025-04-03
5209,251,758,1,One of my favorites.,2025-03-16
5210,713,15570,4,Worth listening to.,2026-02-08
5211,184,15980,1,Worth listening to.,2024-11-05
5212,735,53,3,Worth listening to.,2026-06-08
5213,593,3087,5,Very catchy.,2026-08-06
5214,552,5035,3,Very catchy.,2026-02-05
5215,9,14178,2,Perfect!,2025-04-02
5216,673,6722,2,Really love this track.,2026-03-04
5217,52,1945,2,Great music.,2025-11-01
5218,840,3489,4,Perfect!,2025-09-21
5219,13,9867,4,Nice track.,2024-12-23
5220,528,15645,2,Worth listening to.,2025-01-23
5221,657,15301,2,Really love this track.,2025-06-11
5222,287,1704,5,Really love this track.,2025-06-21
5223,612,3221,5,Amazing song!,2025-09-09
5224,405,3911,3,One of my favorites.,2025-10-04
5225,460,5833,5,Very catchy.,2025-05-30
5226,711,9350,2,Amazing song!,2025-07-19
5227,347,4909,5,Perfect!,2025-03-27
5228,11,9878,5,Perfect!,2024-11-30
5229,95,14716,3,Nice track.,2025-03-03
5230,615,12796,5,Very catchy.,2025-06-04
5231,263,14071,2,Really love this track.,2025-04-08
5232,201,361,5,Really love this track.,2026-01-27
5233,954,9458,5,Amazing song!,2026-04-01
5234,85,10995,1,Worth listening to.,2026-01-16
5235,25,6551,4,Very catchy.,2025-09-24
5236,365,13264,4,Great music.,2025-05-09
5237,821,16284,5,Really love this track.,2024-11-23
5238,401,14944,2,Really love this track.,2025-07-13
5239,995,2585,1,Great music.,2025-10-30
5240,43,12984,4,Good song.,2025-05-24
5241,655,945,5,Perfect!,2026-07-23
5242,61,960,3,Nice track.,2026-01-27
5243,673,10118,1,One of my favorites.,2025-06-28
5244,974,15479,1,Great music.,2025-09-09
5245,602,15873,2,Really love this track.,2025-02-24
5246,743,15812,2,Really love this track.,2026-01-05
5247,611,609,4,Worth listening to.,2026-02-09
5248,22,12817,1,Perfect!,2025-05-12
5249,344,265,1,Very catchy.,2025-01-06
5250,343,15878,2,One of my favorites.,2025-03-14
5251,276,1299,2,Perfect!,2026-07-11
5252,560,829,3,Worth listening to.,2025-01-01
5253,401,6434,5,Worth listening to.,2025-11-01
5254,818,15353,1,Really love this track.,2025-06-22
5255,856,5028,5,Good song.,2025-06-27
5256,899,8596,5,Great music.,2025-06-09
5257,331,11293,1,Nice track.,2025-11-14
5258,133,12217,2,Amazing song!,2024-09-24
5259,829,7490,3,Really love this track.,2026-06-20
5260,451,5100,4,Good song.,2026-05-06
5261,927,12613,2,Perfect!,2026-02-16
5262,30,347,2,Nice track.,2026-04-16
5263,220,14737,1,Worth listening to.,2025-12-07
5264,315,7390,5,Really love this track.,2026-05-14
5265,548,13519,1,Not bad.,2026-06-22
5266,982,16457,3,One of my favorites.,2025-06-05
5267,958,15080,1,Amazing song!,2025-09-23
5268,363,3122,1,Really love this track.,2026-04-14
5269,89,10955,4,Not bad.,2025-12-19
5270,483,3941,2,Good song.,2025-05-03
5271,706,7662,1,One of my favorites.,2026-06-19
5272,985,6848,4,Great music.,2025-09-24
5273,993,12859,2,One of my favorites.,2025-06-19
5274,530,9422,5,Amazing song!,2026-09-01
5275,515,7047,1,One of my favorites.,2025-10-05
5276,200,5989,4,Amazing song!,2024-11-25
5277,914,3117,2,Amazing song!,2026-01-31
5278,726,7496,5,Worth listening to.,2025-07-25
5279,12,10893,1,Not bad.,2025-07-20
5280,232,15326,3,Amazing song!,2024-10-15
5281,332,7865,1,Very catchy.,2025-01-09
5282,175,10362,4,Not bad.,2026-05-15
5283,438,15431,4,Really love this track.,2026-08-09
5284,48,3905,2,Nice track.,2026-08-18
5285,473,7575,1,Perfect!,2025-10-28
5286,34,6222,4,Great music.,2026-05-04
5287,887,14274,4,Great music.,2026-08-18
5288,138,12695,1,Very catchy.,2025-04-02
5289,986,14253,3,Amazing song!,2026-01-11
5290,565,6346,5,Worth listening to.,2026-01-21
5291,580,15551,1,Nice track.,2024-12-11
5292,630,325,2,Good song.,2026-05-07
5293,447,16190,2,One of my favorites.,2025-02-08
5294,268,7062,2,Good song.,2025-07-26
5295,808,4303,1,Really love this track.,2025-01-19
5296,983,7273,4,Great music.,2025-03-15
5297,364,3094,4,Great music.,2025-02-23
5298,907,10661,3,Really love this track.,2026-04-10
5299,735,4993,1,Very catchy.,2026-04-05
5300,191,4829,5,Very catchy.,2026-02-01
5301,253,3492,4,Really love this track.,2026-05-15
5302,5,3390,4,One of my favorites.,2026-01-19
5303,923,6212,1,Good song.,2025-05-03
5304,109,3484,1,Good song.,2025-08-21
5305,503,4835,1,One of my favorites.,2024-09-12
5306,369,405,2,Great music.,2025-05-02
5307,998,11230,1,Not bad.,2024-09-25
5308,515,1691,4,Perfect!,2025-09-07
5309,304,15737,2,Amazing song!,2024-11-29
5310,886,8508,5,Great music.,2025-03-25
5311,84,9089,3,Amazing song!,2025-07-19
5312,927,6331,4,Very catchy.,2026-05-30
5313,8,6061,1,One of my favorites.,2025-12-15
5314,407,12711,3,Not bad.,2025-08-22
5315,118,12837,4,Nice track.,2026-01-16
5316,369,7989,3,One of my favorites.,2026-03-21
5317,735,5343,2,Not bad.,2024-11-24
5318,737,3726,1,One of my favorites.,2025-03-27
5319,251,9202,4,One of my favorites.,2026-03-31
5320,270,7229,5,Good song.,2025-09-28
5321,523,993,4,Very catchy.,2026-02-12
5322,326,4357,2,One of my favorites.,2025-12-13
5323,627,1087,5,Really love this track.,2025-09-25
5324,805,5523,5,Good song.,2026-03-24
5325,538,749,5,Amazing song!,2026-06-01
5326,921,15268,1,Amazing song!,2026-05-30
5327,412,4316,5,Very catchy.,2026-06-10
5328,979,12011,1,Nice track.,2026-03-03
5329,137,1573,2,Nice track.,2025-03-20
5330,348,16574,4,Good song.,2025-04-24
5331,345,2276,1,Really love this track.,2024-12-16
5332,749,4315,3,Nice track.,2025-11-16
5333,587,10669,5,One of my favorites.,2025-06-09
5334,193,6083,1,Very catchy.,2026-03-19
5335,45,5956,4,Good song.,2025-05-17
5336,659,5361,1,Amazing song!,2025-11-29
5337,830,15271,2,Not bad.,2025-06-02
5338,832,3037,3,Good song.,2024-10-13
5339,703,5138,3,Worth listening to.,2025-10-18
5340,691,3852,3,Nice track.,2026-03-18
5341,300,6182,3,Great music.,2025-02-26
5342,300,4196,1,Really love this track.,2025-10-03
5343,995,6707,5,Really love this track.,2026-09-10
5344,222,15122,5,Amazing song!,2025-04-19
5345,313,12537,2,One of my favorites.,2025-06-27
5346,549,9101,2,Amazing song!,2026-03-19
5347,172,11100,1,Nice track.,2026-04-29
5348,650,6709,3,Really love this track.,2025-07-20
5349,589,13869,5,Worth listening to.,2024-10-09
5350,569,1122,5,Not bad.,2024-12-15
5351,364,2639,1,Nice track.,2025-09-04
5352,422,8508,1,Not bad.,2024-09-30
5353,104,1288,1,Perfect!,2025-02-06
5354,733,14291,3,Amazing song!,2025-12-27
5355,902,7684,4,Good song.,2026-06-13
5356,117,7414,1,Not bad.,2025-07-09
5357,547,811,2,Nice track.,2024-11-28
5358,361,7774,4,Perfect!,2024-09-25
5359,209,10615,3,Amazing song!,2024-11-10
5360,242,4376,3,Nice track.,2025-09-03
5361,144,11159,1,Nice track.,2025-06-08
5362,736,4618,2,Great music.,2026-01-02
5363,54,12663,5,Very catchy.,2026-02-19
5364,610,6465,2,Not bad.,2024-10-05
5365,875,6948,4,Good song.,2026-02-04
5366,296,16397,4,Worth listening to.,2026-06-30
5367,141,10336,5,Perfect!,2024-10-11
5368,869,983,2,Amazing song!,2026-04-22
5369,824,5899,2,Amazing song!,2024-12-01
5370,724,70,3,Worth listening to.,2025-08-17
5371,405,1522,4,Really love this track.,2026-04-16
5372,420,8704,1,One of my favorites.,2024-10-08
5373,685,6006,4,Good song.,2026-09-11
5374,926,699,2,Very catchy.,2025-07-05
5375,464,12948,4,Nice track.,2025-09-03
5376,688,3271,3,Really love this track.,2025-11-29
5377,714,16506,3,Very catchy.,2026-05-18
5378,678,5966,2,Perfect!,2026-01-25
5379,690,5037,1,Not bad.,2025-04-08
5380,336,12618,4,Very catchy.,2025-12-01
5381,246,13893,3,One of my favorites.,2024-10-06
5382,843,15869,1,Very catchy.,2025-09-25
5383,943,8637,3,Not bad.,2025-11-06
5384,542,4092,3,Good song.,2025-08-12
5385,755,11555,1,Worth listening to.,2026-03-09
5386,91,958,1,Amazing song!,2025-12-19
5387,259,9173,2,Not bad.,2025-01-27
5388,254,2413,1,Nice track.,2025-10-26
5389,233,5737,5,Good song.,2025-05-11
5390,716,6608,3,Perfect!,2025-05-12
5391,586,4283,2,Good song.,2026-02-21
5392,111,12163,4,Very catchy.,2024-11-26
5393,245,5976,2,Perfect!,2025-07-17
5394,231,8027,2,Not bad.,2026-08-14
5395,594,6618,3,One of my favorites.,2026-03-11
5396,554,9700,4,Really love this track.,2025-01-10
5397,523,14322,1,Not bad.,2024-12-05
5398,435,12223,1,Not bad.,2026-04-15
5399,860,4559,5,Great music.,2026-05-23
5400,106,13216,3,Good song.,2025-06-21
5401,305,14365,1,Worth listening to.,2025-12-04
5402,329,8535,1,Very catchy.,2026-06-02
5403,178,3707,4,Very catchy.,2026-05-10
5404,921,3980,4,Amazing song!,2025-03-13
5405,598,14092,2,One of my favorites.,2026-02-09
5406,901,5499,4,Amazing song!,2025-11-11
5407,799,9652,4,Very catchy.,2026-05-02
5408,372,10110,1,Perfect!,2026-05-18
5409,854,10113,1,Nice track.,2026-08-29
5410,597,6256,1,Great music.,2025-12-09
5411,366,13971,2,Good song.,2025-08-06
5412,872,6195,2,Good song.,2025-08-22
5413,908,14025,3,One of my favorites.,2025-07-20
5414,626,8943,1,One of my favorites.,2026-02-18
5415,192,2006,3,Really love this track.,2025-03-24
5416,1,2438,4,Nice track.,2025-06-12
5417,421,1600,2,Great music.,2025-02-11
5418,801,1067,5,Amazing song!,2026-05-18
5419,809,12033,5,Good song.,2025-08-09
5420,444,14793,3,Really love this track.,2025-09-24
5421,711,8492,4,Good song.,2025-03-16
5422,563,8594,3,Amazing song!,2025-06-23
5423,715,1552,1,Nice track.,2026-07-25
5424,676,5502,2,Perfect!,2026-02-16
5425,127,15382,5,Amazing song!,2026-05-21
5426,938,13086,3,Worth listening to.,2025-06-14
5427,613,2938,3,Worth listening to.,2026-03-11
5428,676,10871,2,Worth listening to.,2025-10-25
5429,614,7778,1,Perfect!,2025-12-16
5430,490,7971,2,Not bad.,2025-07-24
5431,777,9233,2,One of my favorites.,2024-10-16
5432,612,6685,5,Nice track.,2025-09-25
5433,519,4242,5,Really love this track.,2024-10-25
5434,760,11215,1,Worth listening to.,2025-08-29
5435,34,10357,2,Not bad.,2024-12-19
5436,592,556,4,Good song.,2024-12-23
5437,829,6619,4,Really love this track.,2025-10-30
5438,44,11533,2,Amazing song!,2025-11-03
5439,175,1665,4,Very catchy.,2025-02-24
5440,789,7257,4,Very catchy.,2025-04-08
5441,66,15264,4,Perfect!,2026-05-09
5442,432,3950,4,Very catchy.,2024-11-16
5443,600,7964,4,Worth listening to.,2025-02-23
5444,172,3087,3,Nice track.,2025-03-09
5445,772,2594,2,Good song.,2026-05-26
5446,458,10540,1,Worth listening to.,2025-06-06
5447,916,1555,3,Good song.,2026-06-10
5448,415,15502,1,Really love this track.,2024-12-02
5449,720,7507,3,One of my favorites.,2026-04-19
5450,47,10905,5,Not bad.,2025-02-08
5451,821,14500,5,Great music.,2025-12-30
5452,526,9893,3,Perfect!,2024-09-16
5453,703,15676,1,Not bad.,2024-11-07
5454,856,7553,5,Great music.,2025-04-10
5455,419,7515,5,Nice track.,2025-02-05
5456,236,6118,1,Amazing song!,2024-10-17
5457,844,16066,2,Worth listening to.,2025-12-23
5458,674,16143,3,Good song.,2025-09-09
5459,96,2846,1,Very catchy.,2026-08-19
5460,529,12756,2,Worth listening to.,2026-07-08
5461,445,3488,2,Good song.,2025-05-09
5462,329,16374,3,Great music.,2025-01-17
5463,333,3018,1,One of my favorites.,2025-09-28
5464,362,5705,2,Worth listening to.,2026-01-17
5465,807,8270,4,Good song.,2025-05-09
5466,153,11718,5,Really love this track.,2026-01-01
5467,266,13056,5,Really love this track.,2025-03-06
5468,641,6288,5,Worth listening to.,2025-08-12
5469,69,13939,1,Good song.,2025-07-22
5470,614,2893,2,Worth listening to.,2026-07-04
5471,935,12104,2,Not bad.,2026-02-15
5472,565,15045,1,Good song.,2026-08-28
5473,675,6057,2,Amazing song!,2025-03-04
5474,395,2970,4,Perfect!,2025-05-12
5475,837,1100,2,Amazing song!,2025-09-18
5476,354,5827,5,One of my favorites.,2026-03-18
5477,607,12194,1,One of my favorites.,2026-05-03
5478,923,15140,5,Worth listening to.,2026-03-29
5479,130,2672,3,Amazing song!,2025-11-26
5480,628,12482,1,Nice track.,2025-07-29
5481,888,1038,4,Perfect!,2025-08-20
5482,411,11730,4,Not bad.,2026-05-01
5483,782,16103,2,Really love this track.,2026-06-10
5484,594,10619,5,Really love this track.,2026-07-29
5485,673,15113,1,Good song.,2024-10-29
5486,126,10285,1,Perfect!,2026-03-04
5487,938,12415,1,Not bad.,2025-04-07
5488,569,11794,4,Amazing song!,2025-10-20
5489,295,15692,5,Good song.,2024-09-28
5490,409,2208,4,Very catchy.,2025-02-10
5491,553,11032,3,Good song.,2026-03-11
5492,756,5470,3,Amazing song!,2026-04-30
5493,465,11148,4,Not bad.,2026-07-06
5494,675,12715,1,Very catchy.,2026-08-04
5495,811,5140,2,Worth listening to.,2026-02-11
5496,42,8867,4,Nice track.,2024-09-19
5497,57,11619,4,One of my favorites.,2026-02-08
5498,5,13378,5,Very catchy.,2024-10-21
5499,94,14884,2,Really love this track.,2026-08-22
5500,829,10149,3,Good song.,2025-08-31
5501,1,11687,4,Perfect!,2026-02-16
5502,744,15932,4,Not bad.,2026-03-24
5503,37,5719,3,Not bad.,2025-03-07
5504,353,16047,4,Not bad.,2026-05-28
5505,398,10865,2,Not bad.,2025-06-20
5506,692,9097,4,Great music.,2026-05-05
5507,549,15464,4,One of my favorites.,2026-01-12
5508,76,6613,2,Perfect!,2025-08-16
5509,677,11943,2,Great music.,2026-06-28
5510,772,6353,3,One of my favorites.,2025-06-21
5511,120,11,4,Amazing song!,2025-11-20
5512,434,11956,2,Not bad.,2026-06-05
5513,224,10685,1,Not bad.,2025-01-08
5514,45,10454,1,Good song.,2025-07-10
5515,406,15829,4,Nice track.,2026-06-13
5516,20,9872,3,Really love this track.,2024-09-30
5517,113,10854,3,Really love this track.,2025-10-14
5518,137,5024,2,Very catchy.,2025-01-24
5519,455,3384,2,Amazing song!,2026-07-03
5520,383,1818,4,Nice track.,2025-06-04
5521,544,15470,5,One of my favorites.,2025-01-29
5522,597,14350,2,Not bad.,2026-02-12
5523,568,7233,5,Perfect!,2025-07-30
5524,807,13894,4,Worth listening to.,2025-03-14
5525,387,8353,1,Nice track.,2026-08-08
5526,468,1862,1,Good song.,2026-03-31
5527,320,5145,1,Not bad.,2025-09-11
5528,134,10913,1,Perfect!,2026-06-01
5529,182,11856,1,Great music.,2025-12-14
5530,512,9287,3,Great music.,2025-04-04
5531,735,15452,2,Nice track.,2026-03-14
5532,39,2422,2,Perfect!,2026-05-08
5533,379,7940,3,One of my favorites.,2026-05-25
5534,547,16155,4,One of my favorites.,2024-11-03
5535,865,10314,5,Amazing song!,2024-12-29
5536,397,10734,1,One of my favorites.,2026-07-31
5537,139,9944,1,Worth listening to.,2025-10-09
5538,474,7948,3,One of my favorites.,2026-07-14
5539,266,600,3,Really love this track.,2026-04-27
5540,223,4165,2,Good song.,2025-10-22
5541,18,16070,4,Really love this track.,2025-07-11
5542,513,14063,4,Worth listening to.,2025-08-10
5543,551,1752,2,Nice track.,2026-09-10
5544,351,2630,1,Really love this track.,2025-12-08
5545,297,9749,1,Very catchy.,2024-11-30
5546,614,3040,4,Nice track.,2024-11-18
5547,121,13953,2,Amazing song!,2026-06-02
5548,978,13079,4,One of my favorites.,2024-12-18
5549,602,9567,3,Perfect!,2026-02-15
5550,512,8361,5,Perfect!,2024-12-19
5551,680,16576,2,Good song.,2025-02-10
5552,11,8833,3,Really love this track.,2026-05-22
5553,444,15774,3,Good song.,2026-05-27
5554,831,12773,3,Nice track.,2025-01-18
5555,281,10414,3,Perfect!,2024-11-08
5556,534,1475,2,Really love this track.,2025-04-03
5557,215,16476,1,Nice track.,2026-01-10
5558,98,8721,5,Worth listening to.,2026-02-03
5559,753,4222,3,Not bad.,2025-01-18
5560,773,9570,2,Nice track.,2025-05-19
5561,981,12717,4,One of my favorites.,2026-07-16
5562,78,8779,4,Amazing song!,2025-01-12
5563,353,15134,1,Worth listening to.,2026-05-29
5564,788,13076,5,Not bad.,2025-07-01
5565,31,8667,3,One of my favorites.,2024-11-14
5566,251,15123,5,One of my favorites.,2026-08-29
5567,729,7019,1,Really love this track.,2024-12-04
5568,452,2015,3,Worth listening to.,2025-12-09
5569,327,15081,3,Perfect!,2025-09-25
5570,546,2882,5,Really love this track.,2026-05-17
5571,649,4515,4,Good song.,2026-01-22
5572,425,4807,4,Amazing song!,2025-11-09
5573,227,621,5,Worth listening to.,2025-11-25
5574,799,2015,1,Very catchy.,2026-05-30
5575,5,15740,1,Worth listening to.,2025-01-02
5576,368,1011,5,Amazing song!,2026-06-27
5577,369,15199,2,Very catchy.,2025-05-27
5578,156,5292,3,Nice track.,2026-06-02
5579,973,3336,2,Worth listening to.,2026-01-04
5580,771,1135,5,Great music.,2026-07-14
5581,440,8434,4,Really love this track.,2025-05-06
5582,932,8142,4,One of my favorites.,2025-07-14
5583,842,7431,3,Nice track.,2026-04-22
5584,190,9491,1,Worth listening to.,2026-04-23
5585,890,11151,4,One of my favorites.,2025-05-16
5586,191,15314,4,One of my favorites.,2025-08-27
5587,759,7433,1,Very catchy.,2025-04-04
5588,666,4990,5,One of my favorites.,2026-01-12
5589,321,7207,1,Worth listening to.,2026-01-12
5590,75,4293,1,One of my favorites.,2025-04-10
5591,981,1066,4,Great music.,2025-07-01
5592,934,15772,2,Not bad.,2026-08-22
5593,277,15502,2,Worth listening to.,2025-06-27
5594,896,11050,1,Very catchy.,2026-03-08
5595,310,632,3,Amazing song!,2025-02-24
5596,504,6096,2,Amazing song!,2025-01-29
5597,939,9471,5,One of my favorites.,2025-06-29
5598,431,8506,3,Not bad.,2026-02-26
5599,358,15841,1,Really love this track.,2026-06-09
5600,185,2852,4,Very catchy.,2025-05-15
5601,348,6751,4,Nice track.,2025-04-16
5602,365,10367,3,Not bad.,2025-04-21
5603,129,9602,2,Perfect!,2026-08-30
5604,231,2968,2,Worth listening to.,2024-11-09
5605,525,6155,4,Worth listening to.,2024-12-04
5606,255,144,1,One of my favorites.,2025-10-20
5607,809,12330,2,Perfect!,2024-11-25
5608,693,16356,2,Great music.,2026-05-23
5609,781,7838,4,Worth listening to.,2026-05-03
5610,833,3827,1,Worth listening to.,2026-02-27
5611,77,8917,1,Good song.,2025-10-29
5612,239,7518,3,One of my favorites.,2026-02-10
5613,738,2772,5,Great music.,2026-07-03
5614,366,6576,3,Worth listening to.,2026-04-27
5615,574,5522,5,One of my favorites.,2026-08-15
5616,982,3398,1,Great music.,2026-03-05
5617,651,5742,1,One of my favorites.,2025-06-04
5618,195,4708,4,Perfect!,2024-11-16
5619,935,3286,1,Nice track.,2025-02-24
5620,352,979,1,One of my favorites.,2025-07-04
5621,901,15716,2,Worth listening to.,2026-08-27
5622,399,10136,3,Really love this track.,2025-08-26
5623,154,10076,4,Worth listening to.,2025-02-03
5624,305,14675,4,Nice track.,2025-10-13
5625,995,12641,1,Great music.,2024-09-25
5626,456,14053,5,Perfect!,2026-02-26
5627,690,12005,3,Not bad.,2025-05-31
5628,592,11470,1,Perfect!,2025-01-01
5629,846,10303,2,Nice track.,2024-10-26
5630,338,14034,3,Worth listening to.,2025-02-18
5631,137,11829,5,Really love this track.,2025-11-14
5632,618,14088,1,Good song.,2026-06-14
5633,270,6171,1,One of my favorites.,2026-01-27
5634,863,15316,5,Really love this track.,2026-01-23
5635,397,8198,4,Perfect!,2025-11-04
5636,994,7959,5,Really love this track.,2024-11-27
5637,582,8917,2,Worth listening to.,2026-02-28
5638,941,11708,5,One of my favorites.,2025-12-15
5639,29,8445,4,Not bad.,2025-02-26
5640,478,6056,2,Not bad.,2025-08-22
5641,127,5075,5,Good song.,2026-06-23
5642,834,507,5,One of my favorites.,2026-03-26
5643,426,5408,1,Worth listening to.,2025-08-10
5644,173,7177,2,Great music.,2025-10-14
5645,279,10313,4,Worth listening to.,2025-05-02
5646,105,12412,1,Very catchy.,2026-05-10
5647,274,1338,4,Not bad.,2024-11-27
5648,990,15249,3,One of my favorites.,2025-11-02
5649,359,1153,5,Good song.,2026-05-08
5650,391,5535,2,Nice track.,2026-08-09
5651,783,13229,5,Worth listening to.,2025-04-16
5652,868,12290,2,One of my favorites.,2026-07-12
5653,586,11143,2,Amazing song!,2025-10-01
5654,341,11312,4,Great music.,2026-09-10
5655,55,12675,3,Worth listening to.,2024-11-12
5656,800,5181,4,Really love this track.,2025-04-01
5657,777,9664,1,Good song.,2025-07-04
5658,849,8749,4,Great music.,2026-02-13
5659,425,10673,2,Amazing song!,2024-12-24
5660,214,13836,4,Perfect!,2025-01-17
5661,986,8202,5,Amazing song!,2024-10-02
5662,38,11432,1,Not bad.,2024-11-07
5663,308,11256,3,Nice track.,2025-04-01
5664,822,11248,4,Amazing song!,2026-02-07
5665,122,3172,1,Very catchy.,2025-10-21
5666,992,11659,1,Great music.,2025-03-19
5667,888,2153,5,Amazing song!,2025-02-12
5668,633,7296,3,Very catchy.,2025-03-18
5669,8,11674,4,Really love this track.,2025-05-20
5670,684,2094,2,Amazing song!,2025-04-06
5671,67,14469,5,One of my favorites.,2024-10-27
5672,814,5587,4,Great music.,2026-08-10
5673,610,15916,3,Worth listening to.,2024-11-25
5674,230,877,4,Very catchy.,2024-12-06
5675,128,11446,5,Good song.,2025-02-01
5676,840,14392,4,Great music.,2025-08-21
5677,882,4738,2,Perfect!,2025-01-20
5678,501,14172,5,Worth listening to.,2025-11-05
5679,809,12598,4,Really love this track.,2025-02-18
5680,545,7533,4,One of my favorites.,2026-08-19
5681,478,4096,2,Perfect!,2025-07-10
5682,38,11674,4,Nice track.,2024-09-19
5683,370,9932,1,Nice track.,2025-02-09
5684,754,244,2,Not bad.,2024-09-12
5685,375,8061,3,Really love this track.,2025-10-10
5686,77,6381,2,Nice track.,2025-09-20
5687,868,11606,5,Not bad.,2026-07-25
5688,806,10728,5,Amazing song!,2026-05-08
5689,240,10051,4,Good song.,2025-07-14
5690,347,11611,4,Very catchy.,2026-08-26
5691,640,2064,1,Nice track.,2025-04-25
5692,796,11208,5,Worth listening to.,2025-09-10
5693,89,13561,3,One of my favorites.,2026-08-17
5694,490,1302,4,Nice track.,2025-09-21
5695,417,1763,2,One of my favorites.,2024-10-16
5696,936,2328,4,Good song.,2026-04-02
5697,659,1525,4,Really love this track.,2025-11-30
5698,896,9574,5,Very catchy.,2024-09-19
5699,523,8834,3,One of my favorites.,2025-08-04
5700,903,6315,3,Perfect!,2026-02-06
5701,521,10451,4,Perfect!,2026-02-09
5702,99,10987,4,Worth listening to.,2025-09-21
5703,131,15140,3,Not bad.,2025-08-15
5704,88,3924,2,Not bad.,2024-12-04
5705,22,13921,3,Good song.,2025-11-07
5706,956,13533,5,One of my favorites.,2025-03-14
5707,151,5929,4,Really love this track.,2026-05-06
5708,417,8300,5,Worth listening to.,2025-09-07
5709,747,10161,2,Perfect!,2025-06-30
5710,260,12517,3,Very catchy.,2025-01-01
5711,179,2995,5,Not bad.,2026-04-09
5712,180,3863,2,One of my favorites.,2025-12-23
5713,980,6427,5,Nice track.,2025-06-27
5714,412,4923,1,Very catchy.,2024-09-13
5715,986,11840,2,Very catchy.,2025-09-21
5716,291,432,3,Good song.,2025-08-04
5717,561,2242,1,Great music.,2026-02-01
5718,913,14250,3,Nice track.,2025-09-20
5719,545,7667,4,Amazing song!,2026-02-28
5720,638,3694,2,Really love this track.,2026-06-24
5721,637,6438,4,Worth listening to.,2024-11-01
5722,337,10118,2,Not bad.,2026-01-18
5723,106,12171,3,Not bad.,2025-07-31
5724,500,2942,5,Worth listening to.,2025-02-02
5725,424,10531,1,Nice track.,2024-11-22
5726,911,298,1,Amazing song!,2025-10-03
5727,124,16426,2,Perfect!,2025-01-03
5728,919,6309,4,One of my favorites.,2024-10-13
5729,654,4577,2,Not bad.,2025-04-17
5730,881,1587,3,Amazing song!,2025-11-08
5731,507,13683,2,Worth listening to.,2025-10-22
5732,639,13839,1,Very catchy.,2026-06-29
5733,964,309,2,Perfect!,2025-10-16
5734,53,14910,3,Really love this track.,2025-07-14
5735,858,15603,2,Nice track.,2025-11-20
5736,326,12561,5,Worth listening to.,2024-10-19
5737,271,5455,1,Worth listening to.,2026-02-03
5738,625,12628,4,Good song.,2025-05-01
5739,651,1246,3,Really love this track.,2024-11-29
5740,387,4583,1,Worth listening to.,2025-10-05
5741,534,7262,4,Really love this track.,2025-07-10
5742,470,11936,5,Not bad.,2026-06-05
5743,463,8779,4,Amazing song!,2025-12-01
5744,196,11175,4,Worth listening to.,2025-03-02
5745,433,12808,2,Not bad.,2024-10-15
5746,122,3790,2,Really love this track.,2025-03-05
5747,285,5245,2,Great music.,2026-07-31
5748,746,2422,5,Very catchy.,2026-06-15
5749,635,15423,1,Great music.,2026-02-14
5750,892,2247,4,Good song.,2025-01-14
5751,344,8269,5,Very catchy.,2025-07-08
5752,865,11684,2,Good song.,2026-06-29
5753,841,11061,1,Really love this track.,2025-04-29
5754,120,13516,4,Good song.,2026-02-01
5755,488,13683,4,Good song.,2025-05-24
5756,877,2124,3,Good song.,2026-05-22
5757,434,14615,4,Very catchy.,2025-07-19
5758,985,1657,5,Nice track.,2025-03-29
5759,147,521,2,Great music.,2026-01-01
5760,358,11587,5,Really love this track.,2025-08-10
5761,377,15801,1,Perfect!,2025-09-08
5762,843,11107,1,Good song.,2025-04-30
5763,936,7134,4,Amazing song!,2024-12-04
5764,781,14430,3,Good song.,2025-12-12
5765,617,1904,4,One of my favorites.,2025-12-31
5766,446,10653,5,Very catchy.,2024-11-14
5767,315,16320,1,Amazing song!,2025-07-19
5768,467,5114,5,Nice track.,2024-10-09
5769,795,2664,1,Amazing song!,2025-05-19
5770,588,12988,4,Nice track.,2026-03-22
5771,97,3036,1,Nice track.,2026-08-15
5772,635,3880,1,Good song.,2026-02-24
5773,900,1145,2,Really love this track.,2026-04-18
5774,301,4529,4,Nice track.,2025-03-09
5775,776,5576,4,Amazing song!,2025-12-28
5776,120,10604,2,Very catchy.,2026-02-22
5777,927,9421,3,Good song.,2024-09-26
5778,488,12757,4,Not bad.,2025-07-08
5779,390,3554,4,Not bad.,2026-05-13
5780,618,9834,1,Worth listening to.,2026-08-20
5781,375,16492,1,Very catchy.,2025-03-24
5782,89,14179,2,One of my favorites.,2026-05-22
5783,224,11600,4,Not bad.,2026-05-23
5784,24,6062,4,Good song.,2025-11-27
5785,705,13630,4,Good song.,2024-10-06
5786,640,1864,3,Very catchy.,2025-11-23
5787,741,13058,4,Amazing song!,2026-03-23
5788,662,5595,4,Worth listening to.,2026-03-16
5789,127,7237,2,Very catchy.,2026-04-17
5790,154,695,2,Nice track.,2025-09-23
5791,447,16489,1,Good song.,2026-01-25
5792,631,1263,2,One of my favorites.,2024-09-23
5793,115,2918,5,Worth listening to.,2025-03-08
5794,238,4486,2,Very catchy.,2025-04-30
5795,847,4301,5,Not bad.,2024-12-21
5796,673,6363,4,Not bad.,2025-05-30
5797,356,10857,4,Nice track.,2026-06-05
5798,593,14742,1,Worth listening to.,2026-02-07
5799,454,5538,1,Worth listening to.,2024-12-08
5800,815,13128,4,Good song.,2026-03-12
5801,533,5831,5,Worth listening to.,2025-12-18
5802,913,5298,1,Very catchy.,2025-08-27
5803,385,9868,1,Very catchy.,2026-02-23
5804,212,13064,1,One of my favorites.,2024-10-22
5805,90,9691,4,One of my favorites.,2024-12-15
5806,492,5012,3,Worth listening to.,2025-11-13
5807,656,13980,4,Very catchy.,2024-11-03
5808,105,11662,3,Really love this track.,2026-04-06
5809,709,6407,2,Nice track.,2026-07-13
5810,128,534,1,Not bad.,2025-06-28
5811,251,11716,2,Perfect!,2025-11-18
5812,282,11029,5,Amazing song!,2025-11-30
5813,864,3837,2,Great music.,2024-11-27
5814,146,16389,5,One of my favorites.,2025-02-03
5815,853,15985,1,Not bad.,2025-07-16
5816,986,7210,3,Very catchy.,2025-11-08
5817,178,16570,2,Really love this track.,2024-12-30
5818,768,6758,2,Really love this track.,2025-12-05
5819,131,11799,2,Very catchy.,2025-07-11
5820,475,8162,3,Good song.,2025-09-06
5821,686,10331,4,Not bad.,2024-09-19
5822,648,14011,5,Not bad.,2025-09-05
5823,500,6943,1,Amazing song!,2025-04-14
5824,937,1053,4,Great music.,2025-01-25
5825,982,10595,3,Nice track.,2024-12-11
5826,777,13344,4,Worth listening to.,2025-05-26
5827,870,13306,4,Great music.,2026-08-28
5828,659,16506,2,Amazing song!,2025-03-21
5829,728,9695,4,One of my favorites.,2024-11-02
5830,580,3152,4,Good song.,2025-12-19
5831,416,12843,4,Worth listening to.,2025-03-23
5832,820,14882,2,Perfect!,2026-01-19
5833,863,7116,1,Good song.,2026-08-12
5834,503,10745,1,Amazing song!,2025-07-17
5835,290,3053,3,Really love this track.,2026-03-30
5836,773,12592,2,Nice track.,2024-12-27
5837,684,994,4,Perfect!,2026-05-10
5838,841,712,4,Nice track.,2026-07-22
5839,777,3437,4,Not bad.,2025-06-02
5840,828,15002,3,Not bad.,2025-01-22
5841,821,7644,2,Great music.,2025-07-19
5842,25,12140,2,Very catchy.,2026-05-22
5843,75,7302,5,Nice track.,2024-09-13
5844,44,14139,4,One of my favorites.,2024-12-29
5845,709,7588,4,Really love this track.,2025-01-24
5846,669,5974,5,Nice track.,2024-12-07
5847,111,12328,4,Good song.,2025-08-05
5848,415,10753,3,Perfect!,2025-11-28
5849,365,6731,5,Really love this track.,2026-04-04
5850,267,1995,2,Amazing song!,2026-09-02
5851,605,16512,5,Very catchy.,2026-04-21
5852,194,15480,3,Very catchy.,2024-09-30
5853,824,16586,1,Great music.,2025-11-12
5854,645,7953,5,Not bad.,2026-03-14
5855,750,1819,3,Very catchy.,2025-10-12
5856,712,7714,2,Worth listening to.,2025-08-30
5857,357,9472,5,Great music.,2025-06-22
5858,930,2689,4,Not bad.,2026-05-19
5859,916,13142,4,Nice track.,2025-04-13
5860,570,10519,5,Very catchy.,2025-10-15
5861,38,10924,1,One of my favorites.,2024-09-19
5862,888,477,4,Nice track.,2024-12-29
5863,148,1899,4,Very catchy.,2026-07-14
5864,237,14022,5,Worth listening to.,2026-06-27
5865,299,6498,4,Worth listening to.,2026-09-01
5866,659,425,5,Not bad.,2025-12-23
5867,362,2124,4,Not bad.,2025-03-10
5868,57,15488,1,Worth listening to.,2025-02-12
5869,645,15658,4,Worth listening to.,2026-05-04
5870,908,1250,4,One of my favorites.,2025-06-23
5871,252,12465,5,Really love this track.,2025-11-08
5872,587,9008,3,Really love this track.,2025-03-09
5873,910,11913,5,One of my favorites.,2026-04-21
5874,50,4639,3,Not bad.,2025-10-07
5875,972,6375,1,Not bad.,2026-06-15
5876,443,10986,3,Not bad.,2025-04-30
5877,376,1362,1,Very catchy.,2025-02-07
5878,30,7104,3,Very catchy.,2026-02-23
5879,129,12745,4,Very catchy.,2026-06-24
5880,382,4294,2,Perfect!,2026-01-06
5881,659,2882,1,Perfect!,2026-01-20
5882,597,2004,2,Good song.,2024-11-14
5883,484,12155,3,Very catchy.,2024-09-14
5884,842,9419,3,Great music.,2025-07-25
5885,954,2241,4,Worth listening to.,2025-06-19
5886,962,8023,4,Really love this track.,2025-08-25
5887,36,11241,1,Not bad.,2025-03-15
5888,776,3403,3,Very catchy.,2026-07-30
5889,412,13972,4,Great music.,2026-05-28
5890,245,15027,5,Perfect!,2025-05-22
5891,340,10191,3,Amazing song!,2026-07-04
5892,296,9596,4,Good song.,2024-11-15
5893,807,14501,1,Not bad.,2025-09-18
5894,191,9839,2,Not bad.,2025-05-10
5895,863,10646,1,Very catchy.,2025-05-31
5896,320,15322,4,Amazing song!,2026-08-25
5897,817,3296,2,Perfect!,2025-03-27
5898,270,683,5,Great music.,2025-07-01
5899,53,4132,5,Amazing song!,2025-11-30
5900,980,11167,2,Good song.,2025-02-27
5901,338,11929,4,Worth listening to.,2026-05-03
5902,741,4240,5,Not bad.,2026-03-01
5903,363,6509,1,Amazing song!,2026-03-13
5904,349,1915,5,Good song.,2025-06-06
5905,534,9774,5,Perfect!,2024-12-14
5906,434,14791,4,Perfect!,2024-10-01
5907,27,3850,1,Perfect!,2026-07-23
5908,933,7564,3,Amazing song!,2025-01-15
5909,93,12017,1,One of my favorites.,2026-04-04
5910,334,560,5,Not bad.,2024-11-13
5911,258,12350,2,Not bad.,2025-05-05
5912,239,3440,2,Good song.,2024-10-17
5913,557,8216,4,Perfect!,2026-08-16
5914,295,15386,5,Perfect!,2026-05-31
5915,644,10844,3,Nice track.,2026-04-28
5916,396,162,2,Really love this track.,2024-11-18
5917,557,7169,4,Perfect!,2025-01-05
5918,453,10724,1,Worth listening to.,2026-08-19
5919,904,4769,4,Great music.,2025-11-06
5920,449,13988,4,Nice track.,2025-03-19
5921,650,13224,4,Worth listening to.,2025-02-05
5922,778,7811,4,Really love this track.,2024-11-17
5923,425,45,4,One of my favorites.,2025-11-28
5924,375,6869,2,Worth listening to.,2025-05-25
5925,449,1156,4,One of my favorites.,2025-06-23
5926,767,10133,5,Really love this track.,2025-10-14
5927,485,621,2,Amazing song!,2026-01-17
5928,784,7333,2,Great music.,2025-12-07
5929,567,165,4,Great music.,2026-03-13
5930,608,5121,3,Not bad.,2025-09-20
5931,683,12354,5,Nice track.,2025-11-24
5932,253,4664,3,Amazing song!,2025-12-04
5933,581,1497,5,Very catchy.,2024-09-20
5934,424,10144,4,Nice track.,2026-09-04
5935,983,5412,3,Very catchy.,2025-03-01
5936,592,11714,5,Perfect!,2025-06-01
5937,347,15559,4,Amazing song!,2026-05-31
5938,607,8050,3,One of my favorites.,2026-04-23
5939,695,3733,4,Very catchy.,2026-07-12
5940,423,8229,3,One of my favorites.,2025-12-23
5941,790,14816,3,Not bad.,2025-08-29
5942,625,8858,3,Very catchy.,2024-11-27
5943,453,9569,1,Great music.,2025-09-28
5944,2,9633,1,Perfect!,2026-09-02
5945,809,573,4,Great music.,2025-09-28
5946,823,16427,1,Worth listening to.,2024-11-13
5947,194,3158,1,Really love this track.,2026-07-08
5948,147,13663,2,Worth listening to.,2025-09-23
5949,391,1457,5,One of my favorites.,2026-03-08
5950,996,13874,3,Worth listening to.,2024-10-01
5951,595,13530,2,Worth listening to.,2025-02-07
5952,452,9051,1,Amazing song!,2024-10-06
5953,806,3133,5,Great music.,2025-06-06
5954,515,10797,1,Good song.,2025-07-27
5955,40,12490,2,Nice track.,2025-10-04
5956,81,12033,3,Amazing song!,2025-08-28
5957,788,10434,3,Good song.,2026-08-16
5958,84,5134,4,Worth listening to.,2024-10-25
5959,602,630,4,Not bad.,2026-08-05
5960,125,14291,4,Not bad.,2025-11-30
5961,937,16155,1,Amazing song!,2025-05-04
5962,264,16584,1,Not bad.,2024-11-07
5963,725,7116,2,One of my favorites.,2024-12-20
5964,269,420,2,Really love this track.,2025-03-27
5965,504,9857,3,Great music.,2026-08-18
5966,779,7581,3,Amazing song!,2026-09-05
5967,674,12254,3,Really love this track.,2026-03-07
5968,743,1508,3,Perfect!,2025-07-04
5969,775,14292,3,Worth listening to.,2024-09-14
5970,438,2858,3,Great music.,2025-05-25
5971,410,13376,4,Nice track.,2024-11-22
5972,754,10971,5,Nice track.,2025-07-12
5973,676,9331,1,Great music.,2025-03-26
5974,444,1360,4,Perfect!,2025-11-05
5975,55,4288,5,One of my favorites.,2026-06-01
5976,3,1883,2,One of my favorites.,2025-03-10
5977,417,13766,2,Good song.,2026-04-24
5978,715,6778,4,Not bad.,2026-01-16
5979,83,12200,3,Great music.,2026-01-14
5980,933,10155,1,Really love this track.,2025-11-16
5981,148,12329,5,Very catchy.,2025-12-13
5982,777,2445,3,Good song.,2025-05-18
5983,978,12786,4,Nice track.,2025-02-20
5984,224,10863,4,Really love this track.,2025-03-15
5985,707,10751,4,Great music.,2025-08-25
5986,249,9873,5,Good song.,2025-07-07
5987,13,8879,1,Nice track.,2025-11-18
5988,765,8706,3,Really love this track.,2025-03-31
5989,338,11150,1,One of my favorites.,2024-12-09
5990,23,10055,1,Worth listening to.,2026-04-21
5991,652,14464,3,Really love this track.,2025-11-17
5992,363,12375,4,One of my favorites.,2025-08-29
5993,883,2053,2,Nice track.,2026-04-27
5994,989,15806,3,Great music.,2026-06-19
5995,521,2869,2,Very catchy.,2025-07-21
5996,402,9822,4,Good song.,2025-09-01
5997,951,1699,3,Very catchy.,2025-09-07
5998,952,16153,4,Really love this track.,2026-07-15
5999,94,5276,2,Amazing song!,2026-02-11
6000,799,10461,2,Worth listening to.,2025-08-15
6001,198,13735,3,Nice track.,2026-07-09
6002,666,2698,4,Great music.,2024-10-28
6003,389,1932,4,Very catchy.,2024-09-18
6004,975,8408,3,Amazing song!,2025-07-09
6005,727,8343,1,Not bad.,2025-04-16
6006,558,9288,5,Not bad.,2025-03-04
6007,57,9006,2,Worth listening to.,2025-05-09
6008,657,10462,5,Really love this track.,2025-05-21
6009,791,4571,3,One of my favorites.,2026-02-02
6010,45,8659,3,One of my favorites.,2026-06-27
6011,217,3747,3,Very catchy.,2026-03-19
6012,609,12902,2,Good song.,2026-09-04
6013,786,14255,4,Great music.,2025-12-11
6014,301,4155,5,Nice track.,2026-05-24
6015,186,1199,1,Perfect!,2026-03-21
6016,509,2872,5,Really love this track.,2025-08-30
6017,593,7710,2,Worth listening to.,2026-02-18
6018,338,15822,3,Perfect!,2026-01-17
6019,383,6439,3,Really love this track.,2026-02-12
6020,765,6504,2,Very catchy.,2026-06-27
6021,525,9232,1,Perfect!,2025-03-11
6022,881,1697,3,Not bad.,2026-06-27
6023,134,11333,1,Worth listening to.,2024-11-12
6024,891,4105,3,Amazing song!,2026-01-20
6025,304,373,3,Worth listening to.,2026-04-26
6026,383,7607,2,Very catchy.,2025-09-12
6027,438,1127,1,Good song.,2026-04-24
6028,738,9232,3,Very catchy.,2025-03-13
6029,520,1196,4,Good song.,2024-10-15
6030,466,8773,1,Great music.,2025-03-06
6031,323,10185,1,Nice track.,2025-03-05
6032,60,7102,5,Amazing song!,2025-01-26
6033,929,3350,4,Really love this track.,2025-04-04
6034,922,193,1,Not bad.,2025-12-05
6035,291,8957,3,Not bad.,2026-05-18
6036,249,15605,4,One of my favorites.,2025-08-03
6037,977,7713,4,Great music.,2026-04-15
6038,471,5855,3,One of my favorites.,2026-06-16
6039,911,12314,1,One of my favorites.,2026-03-26
6040,66,16423,1,Good song.,2026-03-28
6041,121,14144,5,Very catchy.,2025-08-27
6042,207,13164,4,Very catchy.,2025-05-27
6043,21,12745,2,Not bad.,2026-08-20
6044,608,3645,3,Very catchy.,2026-04-20
6045,57,5986,2,Worth listening to.,2025-10-04
6046,969,884,1,Good song.,2026-08-08
6047,805,14776,3,Amazing song!,2025-04-04
6048,695,3533,1,Not bad.,2026-07-17
6049,624,13452,2,One of my favorites.,2025-06-02
6050,380,2246,1,Not bad.,2024-12-10
6051,654,11345,3,Amazing song!,2026-05-09
6052,615,3540,4,Worth listening to.,2024-09-11
6053,327,15151,4,One of my favorites.,2025-05-03
6054,236,2955,1,Good song.,2025-11-06
6055,175,11347,2,Not bad.,2025-04-17
6056,222,4777,1,Amazing song!,2026-08-08
6057,920,11235,2,Very catchy.,2025-10-30
6058,32,6343,2,Great music.,2026-07-10
6059,71,6042,5,Great music.,2024-10-14
6060,509,11866,4,Great music.,2025-12-10
6061,79,9838,1,Good song.,2025-05-04
6062,91,6923,3,Good song.,2026-03-09
6063,844,11856,3,Nice track.,2026-07-21
6064,173,15623,2,Worth listening to.,2025-08-17
6065,169,14161,3,Not bad.,2026-03-28
6066,549,16368,4,Good song.,2026-05-26
6067,330,14789,4,Good song.,2025-02-26
6068,841,15493,4,Worth listening to.,2026-06-28
6069,191,5814,2,One of my favorites.,2024-12-10
6070,387,2491,5,One of my favorites.,2025-11-05
6071,710,6379,5,Not bad.,2024-11-22
6072,254,5345,3,One of my favorites.,2025-06-05
6073,964,13614,1,Amazing song!,2025-07-08
6074,816,14682,5,Good song.,2024-09-26
6075,448,5884,1,Worth listening to.,2026-07-08
6076,714,10470,5,Worth listening to.,2025-06-02
6077,512,11009,3,Perfect!,2026-06-29
6078,796,6338,5,Perfect!,2025-04-23
6079,854,8494,5,Great music.,2025-01-14
6080,733,3249,5,Amazing song!,2025-09-21
6081,363,4241,5,Good song.,2024-10-20
6082,204,12061,4,Great music.,2025-08-30
6083,211,6816,5,One of my favorites.,2025-12-16
6084,804,11531,5,Perfect!,2026-05-09
6085,730,13568,5,One of my favorites.,2026-07-02
6086,770,4070,1,Really love this track.,2025-12-08
6087,742,4237,5,Not bad.,2026-08-04
6088,184,10362,5,Nice track.,2026-09-10
6089,757,13930,3,Not bad.,2025-06-17
6090,974,9498,5,Very catchy.,2026-06-08
6091,303,3143,4,Amazing song!,2025-12-05
6092,757,1098,4,Very catchy.,2026-03-22
6093,5,1234,3,Nice track.,2026-08-03
6094,82,12071,2,Good song.,2025-05-01
6095,170,5768,4,Perfect!,2026-05-27
6096,242,7334,1,One of my favorites.,2025-09-16
6097,870,221,2,Perfect!,2025-07-29
6098,505,3543,1,Worth listening to.,2026-06-19
6099,415,8982,5,Perfect!,2024-12-11
6100,157,16271,3,Worth listening to.,2024-12-01
6101,751,6164,4,Good song.,2024-12-03
6102,963,2142,1,Not bad.,2024-10-20
6103,983,9668,5,Amazing song!,2025-09-22
6104,417,6813,2,Amazing song!,2025-12-02
6105,947,3595,4,Good song.,2025-09-13
6106,852,6970,2,Amazing song!,2025-07-12
6107,597,16543,3,Nice track.,2025-05-07
6108,983,808,5,Amazing song!,2026-07-27
6109,373,1522,4,Very catchy.,2025-08-26
6110,74,15455,2,Not bad.,2025-06-19
6111,401,803,1,Nice track.,2025-04-24
6112,201,15038,3,Worth listening to.,2026-02-16
6113,373,15522,3,Perfect!,2026-04-11
6114,241,5540,4,One of my favorites.,2025-06-10
6115,588,6816,5,Great music.,2025-08-01
6116,266,8751,1,Great music.,2025-06-03
6117,670,15745,3,Very catchy.,2025-09-04
6118,704,1514,3,Amazing song!,2025-01-05
6119,419,11144,4,One of my favorites.,2025-10-13
6120,113,3261,1,Not bad.,2025-11-24
6121,897,13694,4,Really love this track.,2026-05-17
6122,362,8166,5,Not bad.,2025-08-31
6123,921,5649,1,Really love this track.,2025-01-06
6124,186,13602,1,Great music.,2025-01-18
6125,353,8346,1,One of my favorites.,2025-07-08
6126,601,4247,4,Perfect!,2026-02-23
6127,298,4209,2,Not bad.,2025-12-02
6128,874,1107,1,Nice track.,2025-02-21
6129,227,5497,5,Very catchy.,2025-04-28
6130,116,12311,2,Nice track.,2025-10-09
6131,597,10140,1,Nice track.,2025-05-31
6132,593,4248,4,Nice track.,2025-04-07
6133,120,2338,3,Perfect!,2026-02-21
6134,553,15466,1,Amazing song!,2024-09-30
6135,422,14754,4,Not bad.,2026-04-22
6136,168,837,2,Good song.,2025-02-15
6137,990,5641,2,Perfect!,2025-12-05
6138,269,16461,3,Nice track.,2024-09-19
6139,847,7807,3,Great music.,2025-12-27
6140,692,3732,1,Worth listening to.,2025-10-10
6141,131,1184,2,Really love this track.,2025-03-30
6142,74,6837,2,Amazing song!,2026-02-25
6143,221,7530,1,Really love this track.,2025-07-03
6144,799,9456,4,Really love this track.,2025-10-26
6145,541,6717,5,One of my favorites.,2026-07-09
6146,582,13659,2,Really love this track.,2025-06-08
6147,260,13379,3,Great music.,2026-04-10
6148,74,1589,5,Amazing song!,2025-07-31
6149,177,5208,1,Perfect!,2024-09-19
6150,378,2754,3,Really love this track.,2026-06-27
6151,510,6357,4,Nice track.,2025-08-13
6152,260,8360,3,One of my favorites.,2025-07-02
6153,47,4869,1,Worth listening to.,2026-03-27
6154,184,7584,4,Amazing song!,2025-12-13
6155,435,15302,3,Great music.,2026-03-31
6156,42,12375,5,One of my favorites.,2025-12-19
6157,532,5557,1,Nice track.,2025-01-30
6158,168,11696,4,Great music.,2026-08-28
6159,648,6900,2,Great music.,2026-07-15
6160,536,11863,3,Nice track.,2026-01-28
6161,563,14935,3,Very catchy.,2026-03-22
6162,625,11383,4,Really love this track.,2026-07-13
6163,589,7525,1,Nice track.,2025-07-24
6164,475,14593,1,Nice track.,2024-11-02
6165,298,4572,1,Nice track.,2025-02-27
6166,215,4803,4,One of my favorites.,2025-10-19
6167,573,8483,4,Perfect!,2024-12-22
6168,913,415,5,Worth listening to.,2026-09-04
6169,928,14309,5,Great music.,2025-07-26
6170,210,16244,1,Very catchy.,2026-05-11
6171,19,8311,1,Worth listening to.,2025-11-10
6172,184,6429,1,Amazing song!,2025-09-15
6173,328,15482,1,Perfect!,2024-10-07
6174,774,5440,2,Not bad.,2026-01-09
6175,238,14771,1,Worth listening to.,2026-04-30
6176,720,12559,3,Perfect!,2026-07-12
6177,242,3401,5,Worth listening to.,2025-08-20
6178,603,11745,1,Really love this track.,2026-07-28
6179,715,8014,1,Perfect!,2025-08-19
6180,904,4503,1,Good song.,2026-08-03
6181,102,2832,4,Very catchy.,2025-08-31
6182,665,16006,4,Nice track.,2025-08-18
6183,235,9777,3,Worth listening to.,2025-12-18
6184,532,12215,3,Perfect!,2025-06-28
6185,45,1251,3,Perfect!,2025-09-09
6186,117,6789,5,Amazing song!,2024-10-12
6187,76,6751,2,One of my favorites.,2026-04-21
6188,886,8017,4,Perfect!,2026-02-01
6189,640,6564,3,Not bad.,2025-02-17
6190,309,9174,3,Perfect!,2025-11-27
6191,534,7306,5,Really love this track.,2025-11-23
6192,417,76,1,Not bad.,2026-08-05
6193,141,6328,5,Not bad.,2026-06-14
6194,567,2006,5,One of my favorites.,2025-07-23
6195,728,15658,4,Worth listening to.,2025-01-01
6196,709,15416,3,Worth listening to.,2025-06-30
6197,703,7788,4,Good song.,2025-03-03
6198,468,15061,2,One of my favorites.,2025-10-02
6199,360,13047,1,Worth listening to.,2025-09-09
6200,749,3703,1,Very catchy.,2025-12-12
6201,463,3346,3,One of my favorites.,2025-01-31
6202,581,14184,2,Very catchy.,2026-07-26
6203,41,6097,2,Amazing song!,2026-04-12
6204,602,2229,3,Not bad.,2026-05-31
6205,686,11985,5,Great music.,2026-04-23
6206,915,2460,1,Perfect!,2026-08-28
6207,605,5910,1,Amazing song!,2025-08-21
6208,589,1472,1,Great music.,2024-11-04
6209,50,4870,4,Perfect!,2026-02-13
6210,721,608,3,Good song.,2026-05-13
6211,225,9826,3,Perfect!,2024-11-16
6212,287,8489,3,One of my favorites.,2024-10-23
6213,343,9818,5,Nice track.,2025-08-17
6214,695,11172,3,Really love this track.,2026-04-23
6215,594,2489,4,One of my favorites.,2025-03-15
6216,905,2122,5,Great music.,2025-06-15
6217,719,10068,3,Really love this track.,2024-12-15
6218,455,9241,1,Perfect!,2024-12-20
6219,162,16307,2,One of my favorites.,2025-11-15
6220,877,9644,1,One of my favorites.,2025-12-18
6221,637,5690,3,Worth listening to.,2025-08-02
6222,511,4827,2,Really love this track.,2025-01-22
6223,423,2728,4,Great music.,2025-02-03
6224,254,7157,4,One of my favorites.,2026-02-06
6225,386,9491,2,Amazing song!,2026-05-19
6226,484,12049,5,Amazing song!,2024-10-06
6227,382,14216,3,Worth listening to.,2025-07-24
6228,910,16587,1,Worth listening to.,2025-11-04
6229,117,6105,5,Nice track.,2026-08-11
6230,731,10465,1,Really love this track.,2026-01-31
6231,636,10834,2,Good song.,2026-08-23
6232,282,1971,5,Amazing song!,2025-01-19
6233,738,790,3,Very catchy.,2025-04-22
6234,59,14502,2,Amazing song!,2025-02-14
6235,652,10586,4,Good song.,2025-01-16
6236,79,6752,4,Perfect!,2025-03-10
6237,248,2094,2,Really love this track.,2025-02-07
6238,51,15284,1,Great music.,2026-02-24
6239,567,9953,4,Really love this track.,2026-05-06
6240,472,11113,4,Worth listening to.,2025-03-17
6241,889,1373,1,Amazing song!,2024-10-21
6242,39,3152,5,Worth listening to.,2026-05-15
6243,853,1679,1,Perfect!,2024-12-31
6244,513,15840,4,Nice track.,2025-02-25
6245,584,5692,2,Good song.,2026-01-03
6246,221,7101,2,Really love this track.,2025-12-12
6247,601,906,3,Great music.,2026-09-02
6248,1000,157,4,Perfect!,2025-03-08
6249,402,15743,2,Perfect!,2025-03-25
6250,882,3548,1,Really love this track.,2025-04-16
6251,410,8922,1,Perfect!,2025-07-02
6252,164,9455,1,Nice track.,2024-09-28
6253,989,14264,5,Nice track.,2026-05-15
6254,688,5934,5,Nice track.,2025-07-19
6255,741,5760,3,Nice track.,2026-06-05
6256,703,11655,3,Really love this track.,2026-03-15
6257,882,4487,3,Perfect!,2026-08-02
6258,799,9148,2,Good song.,2024-10-02
6259,584,3598,5,Very catchy.,2026-06-21
6260,84,14801,4,Worth listening to.,2026-07-01
6261,568,2836,5,Good song.,2025-07-01
6262,516,8796,2,Perfect!,2025-11-24
6263,141,2503,3,Great music.,2025-03-30
6264,777,13038,3,Great music.,2026-03-14
6265,801,15610,3,Perfect!,2025-03-05
6266,297,3016,4,Nice track.,2026-02-21
6267,534,11065,5,Not bad.,2026-08-24
6268,22,596,5,Perfect!,2024-09-12
6269,847,16251,4,One of my favorites.,2025-07-17
6270,723,9540,5,Good song.,2025-12-30
6271,630,13284,1,Nice track.,2025-06-05
6272,162,4777,4,Amazing song!,2026-02-01
6273,795,11365,2,Great music.,2024-12-21
6274,972,8029,2,Perfect!,2025-02-06
6275,638,8678,1,Really love this track.,2025-06-02
6276,194,11899,3,Amazing song!,2025-08-16
6277,850,455,5,Good song.,2025-11-02
6278,817,278,1,Perfect!,2026-07-26
6279,79,16564,1,Good song.,2025-07-12
6280,418,11829,1,Not bad.,2025-05-19
6281,416,15920,5,Nice track.,2026-05-08
6282,885,10477,2,Great music.,2024-12-29
6283,715,7585,2,Amazing song!,2025-12-20
6284,854,6468,3,Perfect!,2025-05-06
6285,559,12936,4,Great music.,2024-11-20
6286,564,11065,3,Not bad.,2024-12-26
6287,669,16514,4,Really love this track.,2025-10-08
6288,547,9206,1,Good song.,2025-06-04
6289,144,14414,5,Good song.,2025-03-18
6290,34,3437,2,One of my favorites.,2025-09-20
6291,712,5072,5,Very catchy.,2026-03-20
6292,710,273,1,Nice track.,2026-06-21
6293,389,13693,2,Not bad.,2024-10-18
6294,654,10729,1,Nice track.,2024-10-06
6295,738,16321,2,Worth listening to.,2026-05-14
6296,747,2326,5,Really love this track.,2025-07-05
6297,607,10388,3,Nice track.,2026-07-12
6298,371,12592,4,Amazing song!,2026-09-11
6299,92,8747,2,Amazing song!,2025-04-04
6300,176,753,5,Worth listening to.,2025-03-27
6301,473,4911,1,Good song.,2025-10-28
6302,717,1107,1,Worth listening to.,2026-07-31
6303,185,1475,2,Very catchy.,2026-06-16
6304,761,8990,2,Very catchy.,2025-11-16
6305,714,13116,5,One of my favorites.,2025-05-30
6306,370,6661,4,One of my favorites.,2025-04-22
6307,464,10726,3,Nice track.,2025-10-28
6308,99,7595,5,Amazing song!,2025-09-17
6309,262,15695,5,Perfect!,2026-05-09
6310,358,15174,4,Not bad.,2025-06-02
6311,938,7347,2,Very catchy.,2025-03-20
6312,233,10978,4,Great music.,2024-12-02
6313,628,7535,3,Very catchy.,2024-12-10
6314,229,1410,1,Nice track.,2025-12-04
6315,917,7180,4,Nice track.,2026-01-14
6316,602,1921,2,Really love this track.,2026-04-19
6317,86,5037,5,Perfect!,2026-04-27
6318,722,13586,3,One of my favorites.,2026-05-25
6319,168,3120,1,Not bad.,2025-10-20
6320,831,7113,4,Very catchy.,2026-05-12
6321,588,7355,4,Very catchy.,2024-09-18
6322,431,11572,2,Not bad.,2025-03-28
6323,185,8133,2,Great music.,2025-01-18
6324,362,9523,4,Worth listening to.,2025-06-19
6325,830,4673,2,Very catchy.,2025-06-09
6326,252,2710,5,Perfect!,2025-05-10
6327,11,4570,1,Not bad.,2026-08-14
6328,668,4611,2,Not bad.,2024-12-31
6329,301,882,3,Really love this track.,2025-10-27
6330,560,8461,4,Great music.,2026-05-27
6331,469,200,5,Not bad.,2024-09-16
6332,31,10591,1,Worth listening to.,2025-05-20
6333,443,13245,3,Good song.,2025-03-22
6334,490,4460,3,Worth listening to.,2025-08-21
6335,707,5626,2,Nice track.,2025-07-26
6336,227,2774,2,Perfect!,2026-04-24
6337,901,4445,4,One of my favorites.,2025-05-04
6338,888,12319,2,Really love this track.,2024-12-22
6339,267,11743,2,Good song.,2025-06-21
6340,224,6677,5,Really love this track.,2025-05-27
6341,795,11862,2,Worth listening to.,2026-05-25
6342,29,5913,4,Nice track.,2024-10-04
6343,263,10052,4,One of my favorites.,2025-09-18
6344,654,3521,3,Amazing song!,2025-11-17
6345,130,12906,3,Really love this track.,2026-07-10
6346,773,15227,5,Perfect!,2025-08-06
6347,975,4330,3,Very catchy.,2025-11-12
6348,868,3221,4,Nice track.,2025-10-27
6349,893,11387,3,Great music.,2026-01-19
6350,239,12812,2,Very catchy.,2025-08-23
6351,831,4093,4,Not bad.,2025-11-07
6352,649,16359,4,Worth listening to.,2025-07-16
6353,401,1247,3,Really love this track.,2024-10-02
6354,227,4063,4,Not bad.,2026-02-20
6355,92,6090,2,Really love this track.,2025-01-29
6356,309,3644,4,Good song.,2024-10-13
6357,159,12681,1,Perfect!,2025-03-07
6358,824,791,1,One of my favorites.,2026-03-25
6359,486,12810,3,Great music.,2025-12-13
6360,157,15789,5,Very catchy.,2024-12-21
6361,491,10710,3,Very catchy.,2025-01-20
6362,742,10292,4,Amazing song!,2024-12-15
6363,819,8297,3,Amazing song!,2025-03-23
6364,172,14865,1,Good song.,2026-08-01
6365,977,8883,4,Very catchy.,2024-11-08
6366,691,13444,3,Worth listening to.,2026-08-24
6367,529,10413,1,Perfect!,2025-09-19
6368,980,4687,4,Nice track.,2024-10-07
6369,439,15889,3,Worth listening to.,2026-08-12
6370,204,36,4,Worth listening to.,2026-08-10
6371,52,13228,3,Really love this track.,2024-11-22
6372,800,11172,2,Worth listening to.,2026-01-06
6373,671,6332,2,Really love this track.,2026-03-21
6374,223,9848,2,Perfect!,2026-08-13
6375,491,13046,4,Amazing song!,2025-05-22
6376,706,6555,4,Worth listening to.,2025-11-20
6377,23,3078,2,One of my favorites.,2025-07-19
6378,573,11129,3,Not bad.,2025-07-30
6379,710,13844,3,Worth listening to.,2026-08-28
6380,604,14091,2,Great music.,2025-02-20
6381,351,13682,3,Good song.,2025-12-14
6382,210,12474,2,Very catchy.,2026-05-06
6383,606,4109,5,Worth listening to.,2025-12-02
6384,762,13216,1,Nice track.,2026-02-07
6385,893,904,1,One of my favorites.,2024-12-22
6386,550,4177,3,One of my favorites.,2025-11-04
6387,589,14493,3,Really love this track.,2026-06-03
6388,198,7926,4,Nice track.,2025-09-12
6389,778,15560,3,Very catchy.,2025-11-24
6390,148,15164,4,Really love this track.,2025-10-23
6391,802,3876,3,Really love this track.,2026-05-07
6392,677,12512,1,Not bad.,2025-09-21
6393,502,7290,1,Amazing song!,2025-01-12
6394,753,2671,1,Very catchy.,2026-08-26
6395,24,8160,4,One of my favorites.,2026-07-30
6396,475,6635,5,Really love this track.,2025-10-19
6397,17,573,2,Not bad.,2025-10-02
6398,521,2550,5,One of my favorites.,2025-02-15
6399,155,14507,3,Worth listening to.,2026-06-14
6400,80,2578,3,Very catchy.,2026-05-23
6401,921,3194,5,Amazing song!,2026-03-08
6402,696,15090,1,Great music.,2024-11-09
6403,168,8289,4,Perfect!,2025-03-25
6404,519,6826,1,Great music.,2026-05-26
6405,613,13106,4,Perfect!,2025-01-11
6406,1000,15501,1,Good song.,2026-05-29
6407,463,2501,4,Worth listening to.,2025-05-09
6408,555,16548,3,One of my favorites.,2025-11-25
6409,343,5819,5,Amazing song!,2025-06-19
6410,834,14687,5,Really love this track.,2026-05-23
6411,522,48,4,Very catchy.,2025-07-25
6412,358,16155,3,Perfect!,2025-01-23
6413,262,1629,5,Very catchy.,2025-12-02
6414,558,4660,1,Worth listening to.,2026-06-07
6415,454,12416,1,One of my favorites.,2024-12-07
6416,411,13012,1,Worth listening to.,2025-09-14
6417,327,8174,5,Great music.,2026-08-23
6418,58,9218,2,Not bad.,2026-02-10
6419,142,12595,1,Nice track.,2025-12-03
6420,832,8575,3,Really love this track.,2025-07-12
6421,4,12890,5,Not bad.,2025-05-09
6422,835,8092,4,Good song.,2025-05-02
6423,904,8451,5,Very catchy.,2024-12-09
6424,298,10856,1,Great music.,2025-08-08
6425,735,277,5,One of my favorites.,2024-09-17
6426,881,4303,4,Nice track.,2025-03-12
6427,325,2099,3,Good song.,2025-02-09
6428,920,5426,2,Nice track.,2026-04-24
6429,464,12996,3,Worth listening to.,2025-01-30
6430,867,5536,4,Great music.,2025-11-05
6431,367,15049,5,Amazing song!,2025-11-17
6432,881,13284,2,One of my favorites.,2025-10-09
6433,81,9996,5,Nice track.,2024-09-16
6434,934,11898,3,Nice track.,2025-09-11
6435,274,15989,2,Nice track.,2024-09-14
6436,905,14809,1,Amazing song!,2024-09-26
6437,664,13700,5,Amazing song!,2025-05-20
6438,850,8228,3,Not bad.,2024-11-11
6439,611,5731,5,Amazing song!,2026-03-09
6440,844,14570,1,Worth listening to.,2024-10-13
6441,31,2941,5,Worth listening to.,2025-01-27
6442,13,12198,1,Amazing song!,2025-10-25
6443,333,16340,2,Amazing song!,2025-09-24
6444,283,5377,1,Good song.,2025-05-11
6445,247,3505,2,Perfect!,2025-05-31
6446,176,5251,5,Great music.,2026-02-24
6447,620,15350,5,Nice track.,2024-11-11
6448,692,12486,5,Perfect!,2025-01-05
6449,747,7992,2,Great music.,2026-09-10
6450,98,1130,1,One of my favorites.,2024-09-27
6451,118,15597,1,Perfect!,2025-01-03
6452,763,7936,1,Amazing song!,2026-02-22
6453,592,8054,5,Really love this track.,2025-01-12
6454,433,13430,4,Not bad.,2026-04-01
6455,3,3229,2,Great music.,2026-03-11
6456,729,5844,2,Not bad.,2026-02-02
6457,173,9827,4,Nice track.,2026-04-18
6458,663,9920,4,Great music.,2024-09-13
6459,594,16236,1,Good song.,2024-11-13
6460,152,319,3,Really love this track.,2026-03-26
6461,441,193,3,Really love this track.,2026-08-01
6462,368,13715,5,Worth listening to.,2025-09-25
6463,929,9810,1,Perfect!,2025-06-18
6464,13,15702,1,Great music.,2025-04-30
6465,812,365,4,Great music.,2025-06-22
6466,923,5831,5,Great music.,2025-04-09
6467,615,5678,5,Very catchy.,2024-11-01
6468,339,16360,2,Worth listening to.,2025-07-17
6469,702,10033,4,One of my favorites.,2025-04-12
6470,38,2405,3,Worth listening to.,2025-10-27
6471,945,3109,2,Very catchy.,2025-10-03
6472,485,12021,5,Great music.,2026-01-05
6473,652,3796,4,One of my favorites.,2024-12-26
6474,672,14062,5,Not bad.,2026-02-04
6475,211,6268,5,Perfect!,2026-07-14
6476,306,2893,3,Not bad.,2026-03-05
6477,235,4410,3,Good song.,2024-11-02
6478,591,3291,5,Really love this track.,2024-10-24
6479,246,10692,1,Not bad.,2026-07-17
6480,550,9117,2,One of my favorites.,2026-08-01
6481,106,10123,2,Good song.,2025-04-07
6482,202,9831,3,Worth listening to.,2025-07-23
6483,164,4880,5,Good song.,2025-07-30
6484,824,11571,4,Great music.,2024-12-22
6485,691,7780,5,One of my favorites.,2026-07-22
6486,973,10913,3,Nice track.,2025-09-08
6487,35,8149,2,Worth listening to.,2025-05-17
6488,145,1605,5,Really love this track.,2026-01-29
6489,139,12636,4,Really love this track.,2026-04-08
6490,505,1359,5,Amazing song!,2024-09-24
6491,725,1133,3,Good song.,2026-05-09
6492,530,11511,5,Perfect!,2024-11-25
6493,215,5986,3,One of my favorites.,2025-06-14
6494,679,4400,1,Great music.,2025-01-21
6495,362,10880,5,Nice track.,2025-07-23
6496,124,13452,1,Very catchy.,2026-02-21
6497,671,13850,5,Not bad.,2026-02-21
6498,603,1143,1,Not bad.,2025-11-28
6499,707,7091,3,Really love this track.,2025-08-24
6500,941,11230,4,Perfect!,2025-03-26
6501,991,2191,5,Good song.,2025-04-13
6502,412,7439,2,Amazing song!,2025-01-21
6503,568,16583,2,Perfect!,2026-06-13
6504,109,1022,5,Worth listening to.,2024-10-20
6505,766,3241,5,Really love this track.,2025-03-08
6506,24,6805,3,Good song.,2026-07-16
6507,516,3066,3,Worth listening to.,2026-03-25
6508,292,9774,1,Really love this track.,2025-07-17
6509,522,12680,5,Not bad.,2024-10-24
6510,839,5971,1,Perfect!,2025-09-19
6511,42,14029,2,Worth listening to.,2025-10-31
6512,314,14222,3,Good song.,2026-08-17
6513,859,961,5,Very catchy.,2026-04-29
6514,397,15425,5,Perfect!,2025-06-03
6515,829,8895,3,Not bad.,2025-04-26
6516,197,14051,3,Amazing song!,2026-04-04
6517,11,5001,1,Not bad.,2025-11-06
6518,943,4981,2,Nice track.,2026-09-04
6519,810,16237,2,Worth listening to.,2026-09-10
6520,717,16009,5,Nice track.,2026-05-29
6521,189,11194,3,Worth listening to.,2025-02-04
6522,581,7783,1,Perfect!,2025-02-14
6523,906,5099,2,Amazing song!,2024-09-21
6524,144,7516,1,Worth listening to.,2025-11-29
6525,723,8361,1,Good song.,2025-06-27
6526,923,3053,4,Amazing song!,2025-10-10
6527,482,13402,1,Not bad.,2025-09-29
6528,718,3587,4,Very catchy.,2024-12-30
6529,191,15441,2,Good song.,2026-08-12
6530,31,13237,4,Good song.,2025-03-14
6531,657,9727,2,Not bad.,2026-02-28
6532,142,12287,2,Good song.,2025-11-16
6533,739,1660,3,Good song.,2025-02-25
6534,219,5300,4,Worth listening to.,2025-07-17
6535,717,16130,1,Worth listening to.,2025-10-31
6536,627,6559,3,Nice track.,2026-03-14
6537,91,15624,5,Amazing song!,2026-01-24
6538,308,11946,1,Really love this track.,2024-09-19
6539,767,14675,3,Worth listening to.,2025-08-08
6540,707,11426,1,Great music.,2024-10-19
6541,366,11362,2,Nice track.,2026-05-21
6542,597,1203,2,Very catchy.,2024-11-18
6543,655,6806,2,Very catchy.,2026-07-14
6544,539,5399,5,Very catchy.,2025-03-31
6545,897,2892,4,Amazing song!,2025-05-29
6546,616,2613,1,Great music.,2025-08-22
6547,972,3709,3,Really love this track.,2025-12-16
6548,308,2268,5,Amazing song!,2025-01-08
6549,466,1622,4,Perfect!,2025-03-07
6550,980,12460,2,Very catchy.,2024-12-24
6551,969,12042,3,Nice track.,2025-07-19
6552,76,2110,1,Not bad.,2025-09-23
6553,650,6812,3,Perfect!,2024-11-08
6554,810,11002,4,Great music.,2025-04-07
6555,180,13050,3,Worth listening to.,2026-04-09
6556,68,14529,4,Perfect!,2026-02-08
6557,118,11906,3,Perfect!,2025-10-28
6558,113,3197,4,One of my favorites.,2025-06-03
6559,929,13582,1,Worth listening to.,2025-10-04
6560,917,8095,2,Good song.,2026-03-11
6561,946,11011,4,Great music.,2024-11-27
6562,492,7165,5,Not bad.,2026-01-06
6563,829,1566,1,Not bad.,2026-01-16
6564,345,16271,1,Amazing song!,2025-09-03
6565,596,7222,1,Nice track.,2024-09-16
6566,718,1735,2,Very catchy.,2024-11-24
6567,527,6368,4,Very catchy.,2025-06-21
6568,274,526,1,Worth listening to.,2024-10-15
6569,671,5824,1,Very catchy.,2026-03-26
6570,776,5877,2,Amazing song!,2024-12-02
6571,94,15871,2,Great music.,2025-11-24
6572,212,13123,2,Amazing song!,2025-08-12
6573,539,14043,3,Not bad.,2025-10-01
6574,990,1376,4,Good song.,2025-12-28
6575,513,14808,4,One of my favorites.,2026-06-30
6576,510,11770,2,Nice track.,2025-09-21
6577,973,5115,5,Great music.,2026-02-12
6578,200,10561,5,Perfect!,2024-12-22
6579,891,10149,4,Good song.,2024-10-02
6580,726,1451,4,Good song.,2026-01-03
6581,173,14070,3,Good song.,2024-12-20
6582,572,11601,2,Good song.,2025-06-10
6583,443,11716,5,Nice track.,2024-11-07
6584,32,1528,5,Good song.,2025-11-28
6585,551,9034,4,Worth listening to.,2024-12-21
6586,583,15402,3,Amazing song!,2024-10-16
6587,590,7942,4,Nice track.,2024-12-12
6588,146,8985,3,Worth listening to.,2026-07-01
6589,915,3309,4,Worth listening to.,2025-11-21
6590,473,7128,2,Nice track.,2025-01-09
6591,566,940,3,Worth listening to.,2025-11-11
6592,461,3627,4,Really love this track.,2026-03-27
6593,405,10377,2,Amazing song!,2026-03-24
6594,668,6815,1,Amazing song!,2025-06-12
6595,239,14774,2,Good song.,2024-12-18
6596,700,15169,3,Very catchy.,2025-03-15
6597,371,14701,4,Very catchy.,2025-03-06
6598,443,9851,3,One of my favorites.,2026-03-12
6599,225,1815,2,Very catchy.,2025-01-05
6600,629,10795,4,Not bad.,2025-11-23
6601,455,62,5,Good song.,2025-08-26
6602,476,15397,2,Not bad.,2026-06-26
6603,864,755,3,Worth listening to.,2024-09-13
6604,325,2167,3,Very catchy.,2026-06-18
6605,677,15158,4,Amazing song!,2025-04-07
6606,290,15944,3,Really love this track.,2025-12-01
6607,473,833,3,Good song.,2026-01-26
6608,916,10973,1,Good song.,2026-07-03
6609,140,4336,4,One of my favorites.,2025-02-11
6610,921,2686,2,Perfect!,2026-04-19
6611,271,14884,1,Nice track.,2025-09-16
6612,679,10737,5,Good song.,2025-12-09
6613,323,2471,1,Really love this track.,2025-06-02
6614,23,260,5,Really love this track.,2025-10-08
6615,626,14294,5,Nice track.,2025-01-14
6616,275,13313,1,One of my favorites.,2025-12-15
6617,435,2419,5,Perfect!,2026-08-18
6618,723,15395,3,Not bad.,2024-11-30
6619,878,10573,3,Good song.,2025-06-04
6620,492,15233,5,Very catchy.,2025-10-31
6621,647,1521,2,Great music.,2026-09-09
6622,361,13730,5,Worth listening to.,2026-01-14
6623,958,11505,1,One of my favorites.,2026-08-17
6624,22,11820,2,Great music.,2025-06-26
6625,751,16396,3,Really love this track.,2026-08-22
6626,780,14882,5,Not bad.,2025-05-19
6627,944,1515,4,Perfect!,2026-06-02
6628,630,9690,1,Really love this track.,2024-12-17
6629,592,11384,5,Amazing song!,2024-11-10
6630,599,1480,1,Nice track.,2025-08-10
6631,292,10863,4,Perfect!,2026-06-27
6632,683,1888,3,One of my favorites.,2025-02-21
6633,882,5215,4,Amazing song!,2026-05-26
6634,145,13324,3,Worth listening to.,2025-12-24
6635,525,2699,5,Amazing song!,2026-01-25
6636,776,16281,5,Worth listening to.,2025-08-21
6637,40,4347,3,Not bad.,2024-11-14
6638,203,16419,2,Perfect!,2025-04-18
6639,358,9123,1,Very catchy.,2025-12-22
6640,702,2517,2,Nice track.,2025-01-17
6641,612,12157,5,Very catchy.,2024-09-26
6642,772,7945,4,Very catchy.,2026-08-14
6643,997,10507,5,One of my favorites.,2026-05-15
6644,508,15712,3,Perfect!,2025-09-08
6645,257,7499,4,Worth listening to.,2025-05-28
6646,864,10917,5,Not bad.,2026-06-18
6647,798,8348,2,Worth listening to.,2026-09-08
6648,858,14778,4,Really love this track.,2025-09-02
6649,177,9721,4,Really love this track.,2025-05-04
6650,614,15586,5,Perfect!,2026-03-05
6651,350,13032,4,Nice track.,2026-07-10
6652,586,10828,3,Good song.,2024-12-05
6653,780,9876,5,Amazing song!,2026-05-18
6654,932,619,5,Very catchy.,2025-05-09
6655,190,6398,2,Really love this track.,2026-08-22
6656,981,11852,5,Nice track.,2025-01-31
6657,513,16473,3,Great music.,2025-05-01
6658,179,13150,1,Perfect!,2025-11-20
6659,341,6796,5,Amazing song!,2026-06-02
6660,700,15545,1,Good song.,2025-09-09
6661,396,2073,2,Really love this track.,2026-06-15
6662,213,7550,2,Nice track.,2025-03-15
6663,433,13969,1,Good song.,2025-12-07
6664,604,790,3,Perfect!,2025-07-28
6665,612,6801,3,Amazing song!,2025-01-12
6666,170,269,2,Worth listening to.,2025-07-07
6667,635,16584,3,Good song.,2024-12-21
6668,339,15502,5,Good song.,2025-06-06
6669,406,12294,5,Perfect!,2025-12-22
6670,480,4632,4,Not bad.,2024-11-11
6671,215,7101,3,Good song.,2025-10-17
6672,249,10361,5,Really love this track.,2026-08-30
6673,705,4979,2,Nice track.,2025-11-08
6674,607,12055,5,Really love this track.,2025-03-14
6675,791,3999,2,Amazing song!,2026-03-03
6676,639,8826,4,Worth listening to.,2024-11-04
6677,794,5502,2,Perfect!,2025-01-27
6678,686,41,2,Really love this track.,2025-05-02
6679,164,7284,5,One of my favorites.,2026-01-31
6680,647,3991,3,Not bad.,2025-12-01
6681,125,7558,3,Really love this track.,2026-05-18
6682,59,4760,2,One of my favorites.,2026-08-22
6683,894,15653,3,Good song.,2025-09-10
6684,55,3032,5,Great music.,2026-03-30
6685,574,16200,2,Great music.,2025-08-26
6686,683,157,3,Worth listening to.,2025-03-13
6687,522,13795,1,Great music.,2026-04-24
6688,371,7735,3,Good song.,2026-08-29
6689,639,15134,3,Perfect!,2026-01-25
6690,455,8372,1,Really love this track.,2025-08-14
6691,439,16241,4,Great music.,2026-03-15
6692,520,11470,4,Very catchy.,2026-05-17
6693,150,11708,2,Good song.,2025-09-04
6694,444,13875,1,Very catchy.,2025-09-18
6695,12,14218,5,Great music.,2025-01-22
6696,654,7040,5,Nice track.,2026-07-27
6697,24,9088,2,Great music.,2026-04-17
6698,187,14973,4,Amazing song!,2025-03-30
6699,561,4826,2,One of my favorites.,2025-04-29
6700,132,10836,1,Perfect!,2025-02-06
6701,364,16326,3,Amazing song!,2026-01-17
6702,851,7554,2,Worth listening to.,2025-05-06
6703,252,2270,1,Amazing song!,2025-02-11
6704,329,13107,4,Amazing song!,2026-01-13
6705,589,6093,4,Nice track.,2026-07-29
6706,198,14573,2,Very catchy.,2025-06-04
6707,264,3327,3,One of my favorites.,2026-07-10
6708,147,527,2,Very catchy.,2025-05-05
6709,260,11021,4,Amazing song!,2026-01-07
6710,807,15620,2,Nice track.,2026-08-08
6711,368,3421,2,One of my favorites.,2025-09-05
6712,176,13279,3,Nice track.,2025-10-19
6713,441,14745,3,Really love this track.,2025-09-30
6714,849,11830,4,Great music.,2025-01-16
6715,286,13410,5,Worth listening to.,2025-12-23
6716,594,9325,4,Amazing song!,2026-07-16
6717,96,2144,2,Good song.,2025-06-30
6718,593,2721,2,Really love this track.,2025-06-19
6719,732,1567,3,Really love this track.,2025-09-16
6720,102,5601,3,One of my favorites.,2024-12-05
6721,940,550,3,Really love this track.,2025-05-31
6722,690,16388,4,Great music.,2026-08-14
6723,613,2141,2,Nice track.,2025-07-23
6724,545,7110,5,Good song.,2026-04-18
6725,310,14117,1,Very catchy.,2026-03-17
6726,926,12171,3,Worth listening to.,2026-07-04
6727,764,10123,3,Great music.,2025-05-07
6728,583,2383,4,Amazing song!,2025-03-03
6729,204,12186,2,One of my favorites.,2026-08-06
6730,219,12952,3,Very catchy.,2025-10-18
6731,162,12189,4,Great music.,2026-07-16
6732,293,9225,2,Very catchy.,2026-02-18
6733,846,15036,1,Good song.,2026-01-26
6734,476,9841,3,One of my favorites.,2024-10-14
6735,853,11548,1,Nice track.,2026-06-21
6736,590,6479,1,Really love this track.,2025-01-10
6737,76,9870,2,Not bad.,2025-12-31
6738,198,707,1,Amazing song!,2026-08-23
6739,891,405,3,Good song.,2025-11-28
6740,837,9968,5,Not bad.,2024-10-17
6741,467,6759,2,Perfect!,2026-04-26
6742,315,2689,3,Great music.,2026-05-30
6743,136,243,2,Very catchy.,2025-03-05
6744,929,4080,1,Worth listening to.,2025-04-08
6745,879,4488,4,Amazing song!,2026-09-01
6746,944,3422,3,Nice track.,2025-10-30
6747,773,15618,5,One of my favorites.,2026-01-26
6748,794,3892,2,Good song.,2024-09-25
6749,479,9213,3,Good song.,2026-01-21
6750,976,7804,4,One of my favorites.,2025-04-29
6751,955,13114,5,Good song.,2024-12-17
6752,625,4837,5,Worth listening to.,2025-04-26
6753,525,3438,1,Worth listening to.,2025-09-11
6754,611,4673,2,Worth listening to.,2025-12-06
6755,646,13527,3,One of my favorites.,2026-07-14
6756,629,11897,5,Not bad.,2025-08-02
6757,331,9988,4,Very catchy.,2024-10-20
6758,965,4124,5,Nice track.,2026-01-10
6759,240,11038,5,Worth listening to.,2024-10-04
6760,345,11091,1,Amazing song!,2026-03-25
6761,751,3148,3,Good song.,2024-10-19
6762,908,8693,4,One of my favorites.,2025-11-25
6763,13,13247,2,Worth listening to.,2025-04-21
6764,982,5232,1,Perfect!,2024-09-18
6765,889,2035,5,Great music.,2025-12-22
6766,102,12501,4,Nice track.,2024-11-01
6767,197,2710,1,Not bad.,2025-08-02
6768,147,1132,3,Amazing song!,2026-03-07
6769,747,6826,3,Very catchy.,2025-06-13
6770,24,14833,4,Good song.,2025-09-21
6771,4,8933,1,Really love this track.,2025-03-07
6772,383,10915,4,Good song.,2025-09-17
6773,338,13653,1,Good song.,2025-07-30
6774,80,15078,4,Nice track.,2024-12-18
6775,97,14493,3,Good song.,2025-04-22
6776,847,6885,5,Not bad.,2026-07-25
6777,948,2507,5,Amazing song!,2025-01-19
6778,691,7540,4,Good song.,2025-07-22
6779,32,3703,5,Nice track.,2025-07-04
6780,887,4217,5,Perfect!,2026-03-04
6781,434,9870,2,Great music.,2026-05-09
6782,518,11261,2,Great music.,2026-03-03
6783,115,7838,3,Great music.,2026-06-20
6784,394,2069,1,Very catchy.,2024-12-27
6785,770,15646,2,Amazing song!,2024-12-17
6786,701,7181,1,Nice track.,2025-06-22
6787,870,1769,2,Really love this track.,2025-04-02
6788,61,4111,5,Really love this track.,2025-12-16
6789,609,11793,1,Nice track.,2025-01-08
6790,255,2930,5,Perfect!,2026-08-28
6791,184,2461,1,One of my favorites.,2024-10-06
6792,289,1494,4,One of my favorites.,2025-03-01
6793,343,15057,3,Not bad.,2025-07-28
6794,187,3698,1,Really love this track.,2026-05-11
6795,653,9355,3,Great music.,2025-12-20
6796,513,8823,1,Great music.,2025-03-09
6797,744,88,5,Nice track.,2024-10-22
6798,893,10276,1,Great music.,2025-12-17
6799,46,13787,2,One of my favorites.,2026-04-24
6800,710,15753,2,Worth listening to.,2024-11-15
6801,425,1769,4,Really love this track.,2026-03-22
6802,880,8994,3,Amazing song!,2025-04-07
6803,663,10982,2,Very catchy.,2026-08-28
6804,336,8601,3,Very catchy.,2026-06-17
6805,955,12551,2,Great music.,2026-01-12
6806,800,2585,3,Not bad.,2024-10-26
6807,722,5146,2,Great music.,2026-08-20
6808,288,8826,3,One of my favorites.,2024-11-27
6809,782,11347,1,Great music.,2026-02-20
6810,6,4710,2,Great music.,2025-05-26
6811,140,7679,1,Amazing song!,2025-01-04
6812,675,4805,1,Really love this track.,2025-09-08
6813,474,14843,2,Great music.,2025-03-17
6814,693,1183,4,Worth listening to.,2024-12-04
6815,428,1666,5,Great music.,2026-03-17
6816,150,15951,5,Great music.,2024-12-08
6817,307,7792,3,One of my favorites.,2026-04-18
6818,613,7310,3,Amazing song!,2025-09-03
6819,262,4343,5,Perfect!,2025-02-01
6820,855,11273,5,Really love this track.,2026-06-09
6821,530,3111,2,Good song.,2025-01-30
6822,826,3927,2,Great music.,2025-07-15
6823,232,3417,5,Good song.,2025-05-10
6824,440,6335,4,Really love this track.,2026-08-19
6825,856,1066,4,Nice track.,2024-11-01
6826,251,13266,2,Not bad.,2025-03-30
6827,945,91,3,Worth listening to.,2025-09-27
6828,347,4572,3,Nice track.,2026-07-15
6829,415,6692,4,Nice track.,2025-05-23
6830,684,15713,3,Amazing song!,2025-08-04
6831,779,8137,5,Not bad.,2025-11-28
6832,92,15838,4,Perfect!,2026-05-16
6833,309,3004,5,Good song.,2024-09-20
6834,305,6268,2,Nice track.,2026-07-25
6835,403,10775,1,Very catchy.,2024-09-19
6836,158,15374,1,Worth listening to.,2026-01-16
6837,153,12815,2,Amazing song!,2024-11-01
6838,729,16129,4,Amazing song!,2025-10-21
6839,700,4057,5,Amazing song!,2025-04-05
6840,807,4937,4,One of my favorites.,2024-12-17
6841,342,4349,2,Nice track.,2026-08-25
6842,954,16476,1,Great music.,2025-12-29
6843,335,3141,4,One of my favorites.,2026-05-23
6844,190,15097,1,Good song.,2025-03-03
6845,519,5473,4,Perfect!,2025-02-26
6846,396,9015,2,Nice track.,2025-05-25
6847,286,6928,1,Perfect!,2025-12-29
6848,144,14163,2,Nice track.,2025-10-25
6849,201,2131,2,Not bad.,2026-04-06
6850,290,15678,2,Very catchy.,2025-04-10
6851,429,10131,3,Not bad.,2025-08-25
6852,430,15954,5,Not bad.,2026-05-26
6853,261,16145,4,Perfect!,2025-05-06
6854,886,921,4,One of my favorites.,2025-01-16
6855,701,9772,5,Great music.,2025-01-11
6856,212,14977,3,One of my favorites.,2025-12-01
6857,496,3890,5,Great music.,2025-11-03
6858,1000,12054,1,Very catchy.,2026-01-19
6859,293,7991,4,Great music.,2025-03-18
6860,487,394,5,Great music.,2026-06-20
6861,617,11764,2,Great music.,2026-05-20
6862,106,13763,2,Worth listening to.,2026-04-25
6863,832,9437,2,One of my favorites.,2026-01-26
6864,586,7984,5,Really love this track.,2026-04-25
6865,390,4891,2,Worth listening to.,2025-05-19
6866,816,14862,3,Great music.,2026-01-02
6867,120,15095,2,One of my favorites.,2025-08-01
6868,412,9790,3,Not bad.,2026-02-24
6869,950,10597,1,Nice track.,2025-07-30
6870,371,15616,2,Perfect!,2026-08-20
6871,595,7925,1,Not bad.,2026-03-03
6872,211,15398,3,Amazing song!,2025-09-19
6873,173,15106,1,Very catchy.,2026-05-15
6874,830,10717,3,Really love this track.,2025-09-16
6875,407,13997,2,Very catchy.,2026-05-23
6876,598,10559,3,Great music.,2026-09-06
6877,289,944,2,Not bad.,2024-11-14
6878,87,3964,2,Very catchy.,2025-06-12
6879,836,9155,3,Nice track.,2025-03-23
6880,29,5191,4,Amazing song!,2026-07-13
6881,774,8048,5,Not bad.,2025-12-17
6882,324,13181,2,Not bad.,2024-09-26
6883,405,5707,2,Good song.,2026-05-17
6884,896,14804,1,Very catchy.,2025-01-20
6885,930,16145,4,Great music.,2025-01-18
6886,49,10209,5,One of my favorites.,2025-08-11
6887,898,12406,2,Perfect!,2026-05-01
6888,222,11857,3,Really love this track.,2026-08-20
6889,623,3799,3,One of my favorites.,2025-01-16
6890,495,15399,3,Worth listening to.,2026-04-10
6891,827,15909,2,One of my favorites.,2025-05-02
6892,512,14814,5,Perfect!,2025-09-07
6893,142,11605,5,Not bad.,2026-03-30
6894,847,8913,3,Not bad.,2026-05-09
6895,133,7355,1,Not bad.,2025-03-13
6896,675,1222,1,Good song.,2025-07-20
6897,200,4147,2,Amazing song!,2025-05-21
6898,255,2851,5,Very catchy.,2024-09-19
6899,848,11767,3,Worth listening to.,2024-10-14
6900,139,13256,4,Good song.,2026-03-24
6901,130,15688,5,Good song.,2025-02-15
6902,980,7227,1,Worth listening to.,2024-12-31
6903,570,647,2,Good song.,2025-12-25
6904,213,10438,4,Great music.,2025-11-22
6905,526,8454,2,Great music.,2024-09-23
6906,147,14019,2,Amazing song!,2025-12-01
6907,728,4616,1,Perfect!,2024-10-10
6908,983,1230,1,Worth listening to.,2026-03-11
6909,877,14575,4,Really love this track.,2026-01-18
6910,805,2392,5,Nice track.,2024-10-24
6911,762,1756,5,Very catchy.,2025-08-12
6912,942,11257,5,Very catchy.,2025-05-02
6913,883,16275,4,Perfect!,2026-06-27
6914,868,13708,3,Perfect!,2025-08-29
6915,634,16510,3,Great music.,2025-07-23
6916,410,12564,5,Really love this track.,2024-11-02
6917,224,14131,3,Worth listening to.,2026-07-14
6918,724,16403,2,Good song.,2026-06-25
6919,521,9399,4,Good song.,2026-01-24
6920,429,16226,1,Worth listening to.,2025-05-11
6921,717,2400,4,Not bad.,2025-05-02
6922,864,11953,2,Great music.,2025-01-02
6923,707,15416,4,Amazing song!,2025-08-27
6924,7,10346,2,Good song.,2025-10-06
6925,280,13659,2,Good song.,2025-09-25
6926,196,6606,3,Really love this track.,2025-03-23
6927,466,8416,1,Amazing song!,2026-06-27
6928,810,8226,3,Good song.,2026-04-06
6929,297,6658,4,Great music.,2026-03-13
6930,306,10413,3,Really love this track.,2025-05-21
6931,338,11614,2,Nice track.,2025-05-16
6932,220,547,4,Perfect!,2025-03-31
6933,693,7641,4,Worth listening to.,2026-02-04
6934,27,11227,1,Not bad.,2026-09-09
6935,873,4310,3,Amazing song!,2024-10-21
6936,649,15182,3,Not bad.,2026-03-19
6937,78,7782,4,Very catchy.,2026-08-27
6938,773,4143,4,Amazing song!,2025-04-19
6939,148,14900,2,One of my favorites.,2025-01-25
6940,287,11568,4,Very catchy.,2026-01-22
6941,538,13136,2,Very catchy.,2025-03-23
6942,724,5907,3,One of my favorites.,2024-12-17
6943,986,15218,2,Amazing song!,2025-07-19
6944,30,7970,4,Good song.,2026-01-04
6945,212,2763,3,One of my favorites.,2025-09-28
6946,103,10175,2,Nice track.,2025-12-20
6947,831,1051,1,Very catchy.,2024-12-31
6948,256,11171,2,Very catchy.,2026-03-27
6949,777,12600,1,One of my favorites.,2026-03-12
6950,213,6142,4,Really love this track.,2026-04-16
6951,786,1308,3,Great music.,2024-10-28
6952,393,825,3,One of my favorites.,2026-04-04
6953,632,13673,1,Amazing song!,2025-08-13
6954,954,3107,5,Really love this track.,2025-08-20
6955,556,8696,3,Nice track.,2025-06-20
6956,747,7244,5,One of my favorites.,2026-06-03
6957,658,8478,1,Not bad.,2026-07-13
6958,852,1110,3,One of my favorites.,2025-04-06
6959,951,8700,1,Great music.,2025-11-28
6960,822,6600,2,Good song.,2025-03-04
6961,916,14600,2,Nice track.,2026-01-07
6962,99,3761,3,Not bad.,2025-02-10
6963,608,8068,4,Very catchy.,2025-05-06
6964,331,13452,4,Worth listening to.,2025-03-09
6965,957,12157,4,Amazing song!,2026-02-24
6966,129,9302,4,Perfect!,2025-12-01
6967,578,13329,4,Very catchy.,2025-07-18
6968,195,11053,3,Great music.,2025-12-11
6969,102,6395,5,Nice track.,2024-09-25
6970,480,16406,2,Amazing song!,2025-04-14
6971,375,11923,4,Amazing song!,2025-05-17
6972,737,261,4,Worth listening to.,2026-07-06
6973,172,13809,1,Amazing song!,2025-02-22
6974,359,9700,1,Amazing song!,2026-04-08
6975,679,13088,1,Great music.,2026-05-08
6976,622,1708,3,Very catchy.,2026-02-14
6977,102,7334,5,Amazing song!,2025-12-13
6978,649,3531,3,Nice track.,2026-07-14
6979,93,5299,5,Very catchy.,2025-01-31
6980,991,262,2,Really love this track.,2026-05-18
6981,807,441,1,Worth listening to.,2026-02-28
6982,935,13953,4,Very catchy.,2025-06-07
6983,821,14605,5,Amazing song!,2025-01-24
6984,483,9362,1,Very catchy.,2025-10-14
6985,151,2207,3,Not bad.,2025-09-10
6986,910,12324,1,Amazing song!,2025-11-18
6987,234,9826,1,Perfect!,2026-03-03
6988,655,15481,2,One of my favorites.,2025-03-02
6989,221,8315,1,Very catchy.,2025-05-28
6990,200,9424,5,Great music.,2025-08-31
6991,823,18,1,Very catchy.,2025-02-11
6992,178,1034,5,Not bad.,2025-03-22
6993,809,4809,2,Amazing song!,2026-06-15
6994,798,12793,4,Very catchy.,2026-05-23
6995,956,9703,1,Very catchy.,2026-06-14
6996,431,15214,1,Great music.,2025-10-12
6997,262,16425,1,Amazing song!,2024-11-26
6998,818,9244,4,Amazing song!,2026-08-04
6999,828,10420,3,One of my favorites.,2025-03-01
7000,377,9730,1,Amazing song!,2025-03-21
7001,365,10430,3,Good song.,2024-09-26
7002,34,4409,1,One of my favorites.,2026-09-06
7003,569,5470,1,Good song.,2025-09-19
7004,493,13096,5,Worth listening to.,2025-03-10
7005,252,11950,4,Worth listening to.,2025-04-14
7006,796,4466,3,Amazing song!,2025-06-02
7007,54,7801,4,Nice track.,2025-03-23
7008,174,16497,1,Nice track.,2026-01-12
7009,138,12639,4,Good song.,2026-08-09
7010,914,2243,1,Very catchy.,2026-06-24
7011,600,3773,1,Very catchy.,2026-02-20
7012,830,8665,5,One of my favorites.,2025-02-19
7013,503,12471,3,Really love this track.,2024-10-20
7014,481,10497,3,Nice track.,2025-01-29
7015,872,16246,1,Not bad.,2025-03-08
7016,320,6873,3,Really love this track.,2025-08-05
7017,318,1845,3,Great music.,2025-05-09
7018,218,11026,4,Perfect!,2024-11-28
7019,94,639,1,Great music.,2026-06-29
7020,614,1843,1,Good song.,2025-01-27
7021,321,8909,2,Worth listening to.,2025-01-07
7022,390,15684,4,Really love this track.,2025-04-26
7023,963,6686,1,Good song.,2026-04-22
7024,119,13649,1,Really love this track.,2025-09-15
7025,97,3273,1,Nice track.,2026-09-05
7026,857,2732,2,Perfect!,2025-03-26
7027,266,7697,1,Very catchy.,2024-09-27
7028,417,3894,2,Good song.,2026-01-16
7029,991,14517,5,One of my favorites.,2025-11-27
7030,745,11078,3,Really love this track.,2025-11-03
7031,91,4138,1,Nice track.,2025-06-28
7032,254,14224,1,Nice track.,2025-02-06
7033,3,6240,3,Amazing song!,2026-03-20
7034,578,10672,3,Perfect!,2026-06-09
7035,852,15607,2,Good song.,2025-09-02
7036,832,874,3,One of my favorites.,2025-01-11
7037,778,12423,1,Amazing song!,2024-10-23
7038,155,2847,4,One of my favorites.,2025-03-17
7039,484,1625,4,Really love this track.,2025-03-08
7040,248,3563,2,Great music.,2025-06-07
7041,724,5249,1,Perfect!,2024-10-15
7042,854,2326,2,Good song.,2025-05-20
7043,762,13354,1,Worth listening to.,2026-08-23
7044,75,14868,3,Good song.,2024-11-06
7045,901,11712,2,Very catchy.,2025-07-18
7046,433,12132,1,Worth listening to.,2024-10-18
7047,306,3689,5,Nice track.,2024-12-17
7048,205,3085,1,Not bad.,2025-03-23
7049,225,8167,4,Not bad.,2026-06-11
7050,426,12358,2,Good song.,2024-12-22
7051,927,3484,2,One of my favorites.,2025-05-22
7052,15,1941,4,Amazing song!,2024-11-24
7053,835,10082,1,Amazing song!,2026-06-09
7054,508,11902,5,Not bad.,2024-10-03
7055,881,13167,5,One of my favorites.,2025-09-24
7056,343,7341,1,Not bad.,2026-03-15
7057,652,16498,1,Very catchy.,2024-11-19
7058,371,10557,1,Amazing song!,2025-06-21
7059,801,11602,5,Not bad.,2025-06-14
7060,455,8750,5,Really love this track.,2025-05-20
7061,23,13257,2,Not bad.,2025-10-31
7062,88,7007,4,Really love this track.,2026-07-10
7063,384,1636,5,Great music.,2025-10-03
7064,518,2619,2,Worth listening to.,2024-10-23
7065,690,11505,5,Perfect!,2026-05-28
7066,643,15860,3,Really love this track.,2025-12-11
7067,447,8337,3,Not bad.,2025-04-06
7068,337,14127,3,Not bad.,2026-01-16
7069,25,15289,2,Good song.,2026-03-07
7070,717,9918,3,One of my favorites.,2024-10-21
7071,710,4546,3,Good song.,2025-04-11
7072,900,14469,1,Great music.,2025-01-06
7073,725,882,4,Nice track.,2025-01-07
7074,122,13155,3,Great music.,2026-08-07
7075,879,11148,4,One of my favorites.,2026-01-27
7076,17,1061,5,Nice track.,2026-06-08
7077,706,14869,5,Nice track.,2026-02-26
7078,663,9803,4,Very catchy.,2026-02-17
7079,479,7013,5,Really love this track.,2025-05-01
7080,988,11320,1,Amazing song!,2025-06-02
7081,410,726,3,Really love this track.,2025-07-13
7082,903,12673,2,Not bad.,2025-05-06
7083,27,4637,2,Perfect!,2024-11-05
7084,729,2694,2,Very catchy.,2024-11-11
7085,574,834,2,Amazing song!,2025-12-16
7086,664,9624,4,Perfect!,2026-01-06
7087,537,12323,4,Perfect!,2025-01-10
7088,585,9102,5,Worth listening to.,2025-06-26
7089,497,13419,2,Nice track.,2026-06-04
7090,607,13025,4,Perfect!,2025-06-27
7091,857,5323,5,Really love this track.,2026-07-07
7092,815,2882,1,Perfect!,2024-11-18
7093,391,9236,1,Worth listening to.,2024-12-22
7094,380,11033,2,Very catchy.,2025-05-18
7095,26,8320,1,Worth listening to.,2025-03-10
7096,664,6362,5,One of my favorites.,2025-10-12
7097,197,7155,3,Really love this track.,2026-05-25
7098,327,10877,2,One of my favorites.,2026-06-04
7099,497,708,1,Good song.,2024-10-08
7100,739,4442,4,Not bad.,2025-09-23
7101,995,10518,2,Amazing song!,2026-05-02
7102,379,8071,5,Great music.,2025-10-17
7103,912,14950,2,Nice track.,2024-11-08
7104,673,8252,4,Really love this track.,2025-12-10
7105,354,11690,4,Great music.,2024-11-20
7106,701,15935,1,Really love this track.,2026-06-28
7107,961,2276,4,Great music.,2025-03-23
7108,629,1537,5,Good song.,2026-06-11
7109,747,7420,1,Great music.,2026-04-03
7110,403,9596,4,Nice track.,2026-07-31
7111,996,7895,1,Worth listening to.,2025-06-06
7112,309,11395,4,Not bad.,2026-08-13
7113,760,9870,4,Really love this track.,2024-09-27
7114,691,8013,1,Amazing song!,2025-06-09
7115,930,12496,5,Very catchy.,2026-03-20
7116,715,8370,1,One of my favorites.,2026-04-11
7117,892,9760,5,Amazing song!,2025-03-03
7118,584,5443,5,Great music.,2026-03-31
7119,664,13020,4,Nice track.,2026-02-27
7120,607,10005,4,One of my favorites.,2025-05-09
7121,228,11406,4,Amazing song!,2025-12-29
7122,264,10834,5,Nice track.,2025-03-27
7123,541,791,2,One of my favorites.,2026-09-04
7124,182,12229,2,Not bad.,2026-04-25
7125,910,2351,5,Good song.,2024-11-03
7126,230,9008,1,Nice track.,2026-01-02
7127,177,1268,4,Nice track.,2026-03-18
7128,978,2714,4,Nice track.,2026-07-22
7129,885,4509,1,Good song.,2025-09-11
7130,969,7361,3,Amazing song!,2024-12-05
7131,751,13554,5,Amazing song!,2025-05-27
7132,696,11403,1,Good song.,2026-03-02
7133,751,7138,1,Not bad.,2025-10-02
7134,959,8070,1,Worth listening to.,2026-07-09
7135,840,10859,2,Amazing song!,2026-04-21
7136,66,619,4,Not bad.,2025-05-12
7137,852,5500,2,Good song.,2025-06-16
7138,272,4925,1,Not bad.,2025-10-01
7139,621,13215,5,Amazing song!,2024-12-14
7140,387,4646,3,Good song.,2026-08-06
7141,755,3581,4,Very catchy.,2026-09-04
7142,371,13040,3,Really love this track.,2025-07-12
7143,956,5328,5,Not bad.,2025-08-12
7144,417,4525,3,Really love this track.,2026-05-23
7145,852,8883,2,Very catchy.,2025-03-09
7146,899,327,2,Nice track.,2025-01-23
7147,661,5114,1,Nice track.,2025-10-15
7148,594,8093,1,Good song.,2026-01-14
7149,819,2061,1,Great music.,2026-01-28
7150,271,3653,5,Not bad.,2024-12-22
7151,668,13906,5,Amazing song!,2025-04-14
7152,589,7197,4,Nice track.,2025-07-26
7153,395,1733,1,Not bad.,2025-03-21
7154,229,12812,1,Worth listening to.,2024-09-24
7155,597,6563,1,Very catchy.,2026-06-25
7156,905,6679,5,Worth listening to.,2026-05-12
7157,824,7737,2,Nice track.,2025-08-11
7158,37,14039,4,Worth listening to.,2024-12-13
7159,228,14573,3,Not bad.,2026-04-12
7160,15,4895,1,One of my favorites.,2025-07-26
7161,16,12704,2,Really love this track.,2024-12-24
7162,417,2431,4,Perfect!,2026-06-29
7163,155,2660,3,Not bad.,2026-07-04
7164,726,12046,1,Really love this track.,2024-11-07
7165,91,9091,4,Nice track.,2026-02-14
7166,199,4423,4,Good song.,2026-02-13
7167,161,10318,3,Amazing song!,2026-07-20
7168,101,1636,1,Very catchy.,2025-11-01
7169,302,2858,2,Perfect!,2026-02-03
7170,391,6579,3,One of my favorites.,2025-06-21
7171,384,1207,1,Good song.,2026-08-04
7172,962,5119,4,Good song.,2026-03-21
7173,912,5527,2,Great music.,2025-08-12
7174,134,7448,5,Good song.,2025-03-14
7175,337,1095,1,Worth listening to.,2025-05-14
7176,567,5758,2,Worth listening to.,2024-12-22
7177,727,3761,4,Amazing song!,2024-09-18
7178,545,13812,2,Not bad.,2026-07-21
7179,772,8607,1,One of my favorites.,2026-05-09
7180,201,3422,4,Perfect!,2024-09-11
7181,438,4826,3,Worth listening to.,2025-09-01
7182,156,1693,4,Perfect!,2025-08-15
7183,587,10547,3,Nice track.,2026-09-10
7184,939,14382,4,Good song.,2024-11-06
7185,70,14458,2,Good song.,2025-05-11
7186,528,8920,1,Good song.,2024-10-13
7187,256,10676,2,Very catchy.,2025-04-23
7188,154,2034,4,Very catchy.,2025-01-08
7189,164,8872,2,Not bad.,2024-10-23
7190,658,10198,2,Perfect!,2025-05-13
7191,441,3259,1,Worth listening to.,2025-12-26
7192,439,217,1,Great music.,2025-11-21
7193,394,7119,1,Perfect!,2026-02-05
7194,449,5594,5,Amazing song!,2025-07-07
7195,801,13401,1,One of my favorites.,2025-10-05
7196,792,15796,4,Worth listening to.,2026-06-01
7197,500,1395,1,Amazing song!,2025-06-16
7198,371,9323,1,Amazing song!,2026-02-11
7199,946,169,2,Great music.,2026-01-30
7200,425,15450,1,Worth listening to.,2025-08-03
7201,308,7991,2,One of my favorites.,2025-12-17
7202,241,2568,3,Really love this track.,2025-08-22
7203,724,9626,4,Amazing song!,2025-09-03
7204,987,4078,5,Not bad.,2026-07-24
7205,584,9323,1,Not bad.,2024-11-10
7206,992,4193,4,Good song.,2025-05-06
7207,195,5081,4,Worth listening to.,2025-02-05
7208,174,8176,5,Good song.,2026-02-25
7209,592,4488,1,Nice track.,2025-02-25
7210,625,6062,4,Really love this track.,2026-03-03
7211,489,2266,5,Amazing song!,2025-08-05
7212,193,9586,4,Nice track.,2024-09-29
7213,941,7759,3,Very catchy.,2026-08-21
7214,444,2523,3,Not bad.,2026-09-05
7215,706,8387,1,Very catchy.,2025-10-08
7216,694,9050,2,Not bad.,2024-10-13
7217,776,13815,3,Nice track.,2026-04-12
7218,305,3384,1,Nice track.,2026-04-28
7219,413,4378,2,Great music.,2025-12-15
7220,822,9501,2,Perfect!,2024-10-10
7221,550,4612,4,Great music.,2024-12-04
7222,151,4866,4,Really love this track.,2024-10-15
7223,839,8687,1,Good song.,2024-11-11
7224,610,11833,3,Amazing song!,2026-08-23
7225,345,7886,2,Nice track.,2025-04-20
7226,580,13122,1,Great music.,2026-04-28
7227,308,14649,5,Very catchy.,2026-04-19
7228,752,3026,4,Good song.,2025-08-01
7229,376,13063,3,Not bad.,2026-04-03
7230,588,4086,2,Really love this track.,2024-11-24
7231,214,11981,5,Not bad.,2026-07-02
7232,988,13590,3,Nice track.,2024-10-19
7233,403,12671,5,Worth listening to.,2026-04-03
7234,381,80,4,Very catchy.,2025-02-26
7235,174,8418,5,Not bad.,2025-12-20
7236,929,7762,2,One of my favorites.,2025-01-04
7237,661,134,5,Perfect!,2025-09-23
7238,965,5241,3,Good song.,2026-06-18
7239,476,354,2,Not bad.,2025-10-14
7240,976,7056,1,Worth listening to.,2025-10-23
7241,265,16349,1,Great music.,2025-10-05
7242,720,714,2,Worth listening to.,2025-11-17
7243,542,6306,3,Worth listening to.,2024-11-26
7244,963,4084,4,Nice track.,2025-11-02
7245,328,2819,1,Very catchy.,2025-12-16
7246,732,16000,3,Very catchy.,2025-02-18
7247,279,15237,2,One of my favorites.,2024-10-10
7248,100,6375,4,One of my favorites.,2025-04-17
7249,26,6160,4,Amazing song!,2026-05-24
7250,523,13382,5,Amazing song!,2026-08-07
7251,733,1592,5,Good song.,2025-07-11
7252,499,4394,4,Good song.,2026-02-02
7253,268,5922,2,Perfect!,2024-12-08
7254,15,1312,5,Very catchy.,2025-07-07
7255,61,8598,4,Nice track.,2026-09-09
7256,882,5098,2,Really love this track.,2025-03-18
7257,986,1220,5,One of my favorites.,2025-11-15
7258,46,8475,3,Great music.,2025-10-22
7259,907,2647,5,Amazing song!,2024-12-08
7260,125,11508,1,Great music.,2025-07-24
7261,221,15417,3,Not bad.,2025-10-10
7262,143,11525,2,Perfect!,2025-09-13
7263,883,7888,5,Good song.,2026-03-14
7264,191,11044,2,One of my favorites.,2025-11-01
7265,220,5100,3,Nice track.,2026-04-04
7266,273,12574,1,Good song.,2025-06-11
7267,390,9712,1,Great music.,2024-11-18
7268,992,7831,1,Nice track.,2025-10-25
7269,90,9420,4,Nice track.,2026-06-07
7270,190,2188,1,Worth listening to.,2026-02-25
7271,339,14325,5,Nice track.,2025-06-12
7272,315,13739,1,Really love this track.,2026-09-05
7273,567,3343,1,Nice track.,2025-08-03
7274,694,13506,4,Good song.,2026-09-04
7275,453,8196,5,Not bad.,2025-12-17
7276,725,2239,4,Worth listening to.,2024-10-16
7277,463,8655,2,Very catchy.,2025-06-10
7278,241,10528,2,Good song.,2026-01-11
7279,856,15231,4,Good song.,2024-10-08
7280,860,3861,5,Great music.,2026-02-06
7281,555,9641,5,One of my favorites.,2025-12-14
7282,751,13488,5,Good song.,2025-07-04
7283,920,8076,3,Amazing song!,2025-05-28
7284,528,1136,3,Very catchy.,2025-07-18
7285,90,11527,3,Amazing song!,2026-04-23
7286,351,15769,2,Not bad.,2025-11-17
7287,375,14140,5,Nice track.,2025-11-01
7288,594,6859,2,Worth listening to.,2026-04-23
7289,908,1542,2,Very catchy.,2025-01-13
7290,438,9766,4,Nice track.,2025-07-03
7291,463,13206,5,Amazing song!,2025-09-17
7292,57,10303,5,Really love this track.,2025-01-25
7293,475,6386,3,Very catchy.,2025-10-23
7294,206,7393,5,Worth listening to.,2024-10-07
7295,708,10758,4,Amazing song!,2024-09-20
7296,815,4468,2,Not bad.,2025-09-18
7297,636,4237,4,Good song.,2025-01-10
7298,295,11114,2,Great music.,2026-03-19
7299,675,1721,5,One of my favorites.,2025-09-25
7300,944,14943,1,Good song.,2025-01-10
7301,24,448,2,Amazing song!,2026-06-13
7302,446,9482,4,Amazing song!,2024-09-12
7303,616,14323,4,Not bad.,2026-03-27
7304,783,13268,1,Not bad.,2026-01-19
7305,329,2481,1,Very catchy.,2025-11-15
7306,850,5630,5,Perfect!,2024-12-07
7307,46,7791,5,Nice track.,2026-02-15
7308,808,5633,1,Really love this track.,2026-02-12
7309,952,15477,3,Amazing song!,2026-07-14
7310,49,7567,5,One of my favorites.,2025-04-24
7311,587,8374,2,Very catchy.,2025-08-24
7312,831,8771,3,Really love this track.,2025-01-08
7313,630,2365,2,Not bad.,2026-01-15
7314,547,7026,5,Great music.,2025-02-08
7315,460,5566,5,Very catchy.,2025-09-01
7316,472,8838,3,Very catchy.,2025-02-21
7317,190,7691,1,Worth listening to.,2025-06-11
7318,852,8830,2,One of my favorites.,2025-08-03
7319,391,1265,4,Worth listening to.,2025-04-18
7320,201,16188,5,Really love this track.,2024-09-24
7321,208,10714,3,Perfect!,2025-09-08
7322,260,2273,3,Great music.,2025-10-16
7323,218,10907,3,Amazing song!,2025-03-03
7324,239,1167,4,Very catchy.,2026-03-29
7325,133,14741,2,Worth listening to.,2026-03-27
7326,412,1324,2,Amazing song!,2026-03-17
7327,92,1908,2,Not bad.,2026-05-10
7328,264,2392,3,Amazing song!,2024-10-03
7329,840,4511,1,Perfect!,2025-10-30
7330,721,12696,5,Nice track.,2025-03-02
7331,771,10073,4,Perfect!,2024-10-19
7332,10,9157,3,Good song.,2026-05-01
7333,254,9783,1,Amazing song!,2025-07-18
7334,607,6932,3,One of my favorites.,2025-12-23
7335,144,5710,3,Perfect!,2025-08-21
7336,395,5063,4,Amazing song!,2026-07-29
7337,183,2669,2,Nice track.,2025-10-20
7338,773,1488,4,One of my favorites.,2026-04-24
7339,136,2328,2,Nice track.,2025-12-19
7340,888,4178,1,Very catchy.,2025-12-08
7341,655,15496,2,Very catchy.,2026-01-12
7342,679,14392,4,Very catchy.,2025-11-27
7343,503,15856,1,Good song.,2025-06-26
7344,278,6878,1,Nice track.,2024-11-30
7345,390,5887,2,Great music.,2026-01-22
7346,77,2687,5,Good song.,2025-03-28
7347,395,4016,4,Nice track.,2025-06-07
7348,169,9860,1,Very catchy.,2025-04-19
7349,403,1396,5,Great music.,2025-12-26
7350,211,4609,3,One of my favorites.,2025-11-11
7351,555,218,4,Very catchy.,2025-02-16
7352,565,7581,5,Good song.,2025-07-27
7353,931,9365,1,Perfect!,2025-09-04
7354,974,11950,5,Great music.,2026-08-04
7355,576,11123,4,Good song.,2024-11-11
7356,458,5654,4,Perfect!,2025-04-01
7357,439,164,2,Amazing song!,2025-07-09
7358,740,3502,4,Really love this track.,2025-09-19
7359,170,10556,3,Nice track.,2025-04-03
7360,32,16513,1,Really love this track.,2025-11-23
7361,445,3850,4,Very catchy.,2024-10-08
7362,503,9453,1,Not bad.,2025-08-14
7363,971,9558,4,Very catchy.,2025-07-02
7364,162,9160,1,Amazing song!,2025-10-25
7365,833,12068,1,Not bad.,2025-10-16
7366,659,7980,2,Good song.,2026-03-26
7367,85,13077,4,Worth listening to.,2025-08-01
7368,388,4484,2,Good song.,2025-08-26
7369,919,10536,5,Nice track.,2025-06-27
7370,412,411,2,Perfect!,2024-11-03
7371,134,11020,5,One of my favorites.,2026-07-17
7372,628,9340,5,Perfect!,2025-11-20
7373,349,7939,4,Perfect!,2025-05-31
7374,260,771,4,Good song.,2026-04-26
7375,801,866,3,Amazing song!,2025-09-27
7376,957,16160,2,One of my favorites.,2026-08-05
7377,565,7005,3,Perfect!,2024-11-28
7378,635,16146,1,Very catchy.,2024-11-15
7379,224,15114,3,Really love this track.,2025-08-07
7380,107,7130,2,Perfect!,2025-05-05
7381,174,6137,3,Amazing song!,2025-06-13
7382,769,2082,2,Worth listening to.,2025-08-11
7383,261,15410,2,Nice track.,2024-10-16
7384,394,6140,3,Nice track.,2025-06-10
7385,177,6142,3,Great music.,2026-02-12
7386,557,1408,5,One of my favorites.,2025-12-26
7387,877,632,4,Perfect!,2026-05-21
7388,310,9115,3,Nice track.,2025-06-21
7389,848,7744,2,Perfect!,2026-06-10
7390,189,13026,3,Very catchy.,2025-07-20
7391,980,16036,3,Very catchy.,2025-02-18
7392,894,11832,1,One of my favorites.,2025-05-04
7393,400,13246,3,Not bad.,2025-03-23
7394,524,4385,5,Not bad.,2026-08-31
7395,735,4834,2,Not bad.,2026-04-16
7396,360,7660,4,Good song.,2024-11-19
7397,442,14640,5,Good song.,2025-10-07
7398,839,9092,3,One of my favorites.,2024-10-18
7399,430,293,4,Very catchy.,2026-08-23
7400,359,12427,2,Great music.,2026-01-10
7401,839,2447,1,Not bad.,2026-02-02
7402,161,5501,3,Perfect!,2025-08-17
7403,316,2406,1,Good song.,2025-02-20
7404,658,8293,3,Very catchy.,2025-12-12
7405,787,1762,4,Nice track.,2026-09-04
7406,902,517,3,Worth listening to.,2025-01-02
7407,248,8129,2,Not bad.,2024-09-23
7408,148,8191,1,Really love this track.,2026-03-24
7409,177,3001,5,Perfect!,2024-10-06
7410,510,6823,4,Not bad.,2024-12-24
7411,999,3567,2,Perfect!,2025-06-09
7412,97,15544,1,Very catchy.,2025-10-27
7413,603,13955,2,Worth listening to.,2026-06-21
7414,756,12248,5,Good song.,2025-06-06
7415,922,13183,2,Worth listening to.,2025-08-09
7416,131,11112,4,Really love this track.,2025-05-26
7417,568,7703,3,Worth listening to.,2026-04-23
7418,239,6444,2,Very catchy.,2026-05-18
7419,658,16227,3,One of my favorites.,2025-02-24
7420,519,6498,1,Great music.,2025-03-16
7421,207,13322,5,Not bad.,2026-05-02
7422,407,6028,4,One of my favorites.,2025-09-10
7423,611,15886,5,Good song.,2026-03-11
7424,42,948,3,Very catchy.,2025-09-16
7425,508,3636,2,Very catchy.,2025-09-20
7426,384,6081,1,Great music.,2026-05-21
7427,611,9470,5,Very catchy.,2025-03-17
7428,408,6438,5,Amazing song!,2024-09-25
7429,65,11926,3,Nice track.,2026-02-18
7430,63,13839,5,Worth listening to.,2025-02-13
7431,49,16119,4,Not bad.,2024-11-27
7432,701,9400,5,Not bad.,2025-07-02
7433,694,8192,1,Worth listening to.,2025-09-30
7434,850,8705,4,Nice track.,2026-02-27
7435,774,7663,2,Very catchy.,2025-11-17
7436,507,11520,2,Perfect!,2025-09-19
7437,932,1833,2,Very catchy.,2024-12-04
7438,288,15125,4,Perfect!,2025-12-14
7439,591,1540,1,Really love this track.,2026-05-11
7440,62,14782,3,Perfect!,2025-01-13
7441,960,7530,5,Perfect!,2026-06-25
7442,7,10416,2,Perfect!,2025-07-30
7443,762,13961,5,Really love this track.,2024-12-03
7444,194,8256,3,Nice track.,2025-06-26
7445,187,7085,1,Nice track.,2025-04-18
7446,624,670,2,Really love this track.,2025-11-10
7447,355,6898,4,One of my favorites.,2025-09-19
7448,18,10016,4,Perfect!,2026-02-15
7449,792,6670,1,One of my favorites.,2025-01-08
7450,578,14554,5,Perfect!,2024-09-20
7451,191,3528,2,Really love this track.,2026-07-04
7452,667,16060,3,Amazing song!,2024-11-30
7453,412,15016,2,Really love this track.,2024-12-31
7454,861,9887,5,Really love this track.,2025-04-02
7455,424,3470,4,Nice track.,2026-02-09
7456,814,5907,4,Really love this track.,2024-10-25
7457,764,128,4,Great music.,2024-12-27
7458,671,903,3,Nice track.,2025-06-29
7459,450,12275,5,Worth listening to.,2026-06-08
7460,686,2423,5,Not bad.,2025-04-24
7461,582,14380,4,Perfect!,2025-05-30
7462,599,7379,4,Great music.,2025-05-18
7463,747,3113,1,Worth listening to.,2024-09-29
7464,690,12930,2,Great music.,2026-02-04
7465,221,15606,3,Perfect!,2024-10-25
7466,894,3806,5,Great music.,2025-06-03
7467,173,4009,2,Very catchy.,2025-04-28
7468,85,6111,4,Nice track.,2025-12-13
7469,904,11169,5,Nice track.,2024-10-05
7470,729,14026,4,Amazing song!,2025-10-10
7471,445,10066,4,Really love this track.,2026-04-12
7472,726,6558,4,Perfect!,2026-03-24
7473,750,7669,1,Very catchy.,2024-10-09
7474,829,9948,5,Not bad.,2026-02-10
7475,304,7094,3,Perfect!,2025-11-22
7476,703,9314,5,Great music.,2025-12-10
7477,985,4045,3,Perfect!,2026-08-25
7478,291,14739,5,Good song.,2025-11-12
7479,587,5167,2,One of my favorites.,2026-06-27
7480,115,12527,3,Great music.,2025-02-20
7481,645,8326,5,Worth listening to.,2025-11-26
7482,836,1212,1,Amazing song!,2026-06-30
7483,324,13869,5,One of my favorites.,2025-10-01
7484,236,13985,3,Really love this track.,2025-07-19
7485,855,13734,2,Perfect!,2026-01-14
7486,611,8678,2,Very catchy.,2025-09-01
7487,382,13056,3,Very catchy.,2025-03-14
7488,683,12230,2,Very catchy.,2025-10-20
7489,334,1496,4,Really love this track.,2025-10-12
7490,903,12233,1,Good song.,2025-09-17
7491,770,12872,3,Worth listening to.,2024-12-24
7492,429,6163,2,Great music.,2025-05-09
7493,699,11945,1,Worth listening to.,2025-07-01
7494,398,2383,1,Not bad.,2024-11-25
7495,526,5049,3,Really love this track.,2025-07-12
7496,352,16267,4,Really love this track.,2025-02-24
7497,386,15097,5,Amazing song!,2024-09-21
7498,539,14144,4,Amazing song!,2025-02-15
7499,881,10875,4,Perfect!,2026-05-24
7500,953,5530,4,Nice track.,2026-05-20
7501,29,981,5,One of my favorites.,2026-05-03
7502,965,437,1,One of my favorites.,2025-04-18
7503,152,9453,1,Nice track.,2025-03-23
7504,9,3483,3,Good song.,2025-10-24
7505,761,10729,2,Worth listening to.,2025-02-28
7506,157,3381,2,One of my favorites.,2026-05-03
7507,733,8910,4,Very catchy.,2026-02-14
7508,64,9340,2,Good song.,2024-10-27
7509,784,16311,3,Amazing song!,2024-10-02
7510,985,5455,2,Good song.,2024-10-04
7511,963,1266,2,One of my favorites.,2025-12-05
7512,861,6880,2,Really love this track.,2024-11-11
7513,888,11709,1,Really love this track.,2025-04-25
7514,391,286,2,Good song.,2025-03-03
7515,277,15985,3,Nice track.,2025-05-12
7516,342,16380,4,Good song.,2025-01-11
7517,590,3613,5,Really love this track.,2026-01-01
7518,500,11075,3,Not bad.,2025-05-07
7519,374,12656,5,Not bad.,2026-01-04
7520,424,3846,3,Not bad.,2026-09-08
7521,441,1046,4,Perfect!,2025-03-05
7522,799,525,1,One of my favorites.,2024-09-24
7523,740,7758,1,Perfect!,2025-09-27
7524,399,3264,1,Good song.,2026-03-02
7525,680,13342,4,Worth listening to.,2026-03-19
7526,959,6112,2,Good song.,2025-04-14
7527,102,4734,5,One of my favorites.,2024-12-02
7528,587,8455,2,Amazing song!,2025-08-16
7529,456,9167,1,Very catchy.,2025-11-26
7530,683,12364,2,Good song.,2025-11-24
7531,301,12299,3,Good song.,2026-01-24
7532,640,9742,4,One of my favorites.,2025-07-28
7533,414,10190,4,Perfect!,2025-05-12
7534,20,7590,5,Worth listening to.,2025-04-09
7535,665,15693,5,One of my favorites.,2025-07-29
7536,359,3609,4,Worth listening to.,2026-04-20
7537,885,9546,4,One of my favorites.,2025-07-08
7538,240,7593,4,Very catchy.,2025-01-07
7539,880,2032,3,Very catchy.,2025-10-13
7540,764,15672,5,Worth listening to.,2026-01-04
7541,319,6425,1,Amazing song!,2025-10-01
7542,379,6705,4,One of my favorites.,2026-03-03
7543,962,8746,2,Nice track.,2025-02-09
7544,573,3272,4,One of my favorites.,2025-06-17
7545,139,8938,5,Great music.,2024-11-27
7546,869,16368,1,Nice track.,2025-10-21
7547,438,2855,1,Very catchy.,2025-12-25
7548,608,5481,2,Not bad.,2026-05-24
7549,931,6400,3,Great music.,2025-07-01
7550,464,16319,5,Not bad.,2025-01-10
7551,5,721,2,Really love this track.,2025-01-01
7552,646,9156,1,Not bad.,2025-05-30
7553,814,6754,2,Very catchy.,2025-01-09
7554,181,1886,4,Very catchy.,2025-08-28
7555,162,1644,2,Good song.,2026-05-08
7556,653,15696,1,Nice track.,2025-05-23
7557,138,240,5,Perfect!,2026-01-14
7558,728,1237,5,Great music.,2025-07-21
7559,318,3325,1,Not bad.,2024-10-24
7560,860,1393,5,One of my favorites.,2024-09-14
7561,746,10676,5,Perfect!,2025-01-17
7562,983,16510,2,Really love this track.,2024-12-18
7563,682,4504,1,Great music.,2025-03-24
7564,690,7482,1,One of my favorites.,2024-10-10
7565,915,3436,5,Great music.,2024-12-20
7566,397,4493,5,Not bad.,2025-03-04
7567,870,12553,5,One of my favorites.,2026-08-08
7568,904,12137,5,Not bad.,2025-04-21
7569,266,775,1,Really love this track.,2024-10-11
7570,324,9118,3,Amazing song!,2025-06-27
7571,554,16225,3,Not bad.,2025-07-04
7572,59,1236,3,Very catchy.,2026-04-11
7573,599,6842,4,Nice track.,2025-09-09
7574,198,82,1,Nice track.,2025-08-27
7575,327,1953,5,Amazing song!,2026-07-05
7576,223,16125,4,Worth listening to.,2026-07-01
7577,429,16230,1,One of my favorites.,2024-11-29
7578,157,2939,1,Very catchy.,2025-02-01
7579,580,1352,1,Amazing song!,2025-06-17
7580,361,12568,3,Very catchy.,2024-11-11
7581,156,5454,4,Worth listening to.,2026-02-05
7582,324,837,1,Really love this track.,2025-06-24
7583,232,9650,2,Really love this track.,2025-10-18
7584,259,3108,3,One of my favorites.,2025-11-22
7585,167,12150,2,Nice track.,2026-04-06
7586,203,8131,1,Good song.,2024-10-14
7587,686,142,4,Very catchy.,2026-06-14
7588,947,8585,2,Great music.,2025-04-02
7589,618,11793,1,Really love this track.,2024-11-29
7590,584,2346,1,Good song.,2026-08-28
7591,251,10279,3,Not bad.,2025-10-17
7592,509,8588,3,Not bad.,2026-07-03
7593,41,1838,5,Great music.,2026-01-12
7594,667,9699,5,Really love this track.,2025-01-17
7595,168,12230,4,Not bad.,2026-05-03
7596,926,15292,1,Not bad.,2026-07-12
7597,56,5115,4,Not bad.,2025-10-09
7598,955,13778,1,Not bad.,2026-07-28
7599,453,8198,1,One of my favorites.,2026-08-17
7600,109,2238,4,Very catchy.,2024-09-20
7601,499,13269,1,Perfect!,2025-05-30
7602,349,7323,4,Good song.,2024-11-03
7603,27,13459,5,Great music.,2025-07-28
7604,498,8843,1,Good song.,2025-07-20
7605,880,4744,5,Very catchy.,2025-08-12
7606,62,13911,5,One of my favorites.,2024-10-14
7607,379,12800,4,Amazing song!,2026-03-16
7608,871,13262,5,Amazing song!,2025-11-06
7609,486,6281,1,Nice track.,2026-05-26
7610,166,2893,5,Amazing song!,2024-12-09
7611,871,4631,1,Really love this track.,2026-07-03
7612,745,7673,3,One of my favorites.,2025-01-28
7613,279,555,4,Amazing song!,2025-02-26
7614,884,15187,5,Nice track.,2025-12-04
7615,900,902,3,One of my favorites.,2024-12-18
7616,863,14081,5,Very catchy.,2025-09-24
7617,684,10403,3,One of my favorites.,2025-10-25
7618,741,6507,3,Not bad.,2025-11-14
7619,284,10469,4,One of my favorites.,2025-04-27
7620,853,12575,2,Amazing song!,2026-05-03
7621,51,13119,1,Not bad.,2025-04-12
7622,727,16408,4,Amazing song!,2025-09-23
7623,436,4824,1,Good song.,2026-01-17
7624,554,9246,2,Good song.,2026-01-01
7625,122,14756,2,Amazing song!,2024-10-07
7626,834,11286,3,One of my favorites.,2025-12-08
7627,689,12854,2,Good song.,2025-11-17
7628,322,8896,4,Great music.,2025-07-04
7629,678,9955,3,Worth listening to.,2026-05-25
7630,96,14969,5,Worth listening to.,2025-02-08
7631,695,15557,5,Amazing song!,2025-07-31
7632,698,13842,3,Not bad.,2024-11-14
7633,442,5514,4,Amazing song!,2025-05-22
7634,573,1796,3,Nice track.,2024-12-29
7635,153,1210,3,Worth listening to.,2025-09-13
7636,51,6595,3,Good song.,2025-07-11
7637,426,2308,3,Really love this track.,2025-12-29
7638,479,9782,4,Not bad.,2025-05-19
7639,215,11887,2,Great music.,2026-06-17
7640,473,12182,3,Amazing song!,2025-11-13
7641,767,10185,3,Perfect!,2026-06-02
7642,899,12290,3,Really love this track.,2026-06-03
7643,28,13229,1,Not bad.,2026-07-07
7644,407,7398,2,Good song.,2026-07-09
7645,864,11515,2,Not bad.,2025-04-17
7646,778,7045,1,Amazing song!,2025-05-04
7647,798,8717,2,Worth listening to.,2025-05-04
7648,18,13709,5,Really love this track.,2025-01-09
7649,505,6923,4,Nice track.,2024-09-22
7650,176,5930,4,Perfect!,2025-01-01
7651,290,582,1,Not bad.,2025-01-13
7652,499,13753,3,Great music.,2026-05-24
7653,229,1326,1,Worth listening to.,2025-03-31
7654,437,3490,3,Worth listening to.,2026-03-04
7655,669,15396,4,Worth listening to.,2025-11-16
7656,373,5949,1,Very catchy.,2025-01-04
7657,460,13273,2,Not bad.,2025-03-25
7658,413,14918,3,Great music.,2025-11-01
7659,85,3038,5,Amazing song!,2025-11-07
7660,318,13863,1,Worth listening to.,2026-06-22
7661,332,15747,5,Not bad.,2025-07-13
7662,740,8631,2,Good song.,2025-02-06
7663,262,227,5,Good song.,2026-03-27
7664,91,2035,4,Worth listening to.,2024-11-04
7665,531,14910,2,Not bad.,2025-03-19
7666,364,12252,5,Amazing song!,2026-07-17
7667,362,11654,2,Perfect!,2025-09-04
7668,988,10130,1,One of my favorites.,2025-03-12
7669,103,4260,4,Perfect!,2025-09-04
7670,736,2446,2,Really love this track.,2024-11-09
7671,663,15968,2,Amazing song!,2025-05-02
7672,104,12069,3,Worth listening to.,2025-06-23
7673,689,4586,5,Nice track.,2024-10-13
7674,495,5538,5,Very catchy.,2025-03-05
7675,374,11664,5,Good song.,2024-11-07
7676,1000,1738,2,Amazing song!,2026-06-23
7677,53,14467,4,Very catchy.,2026-06-22
7678,542,2846,5,Perfect!,2026-07-19
7679,483,16266,5,Really love this track.,2024-12-05
7680,443,15147,2,Very catchy.,2026-08-21
7681,159,15159,1,Not bad.,2025-10-30
7682,386,1057,3,Really love this track.,2024-10-05
7683,741,15743,3,Amazing song!,2026-03-05
7684,196,3377,3,Amazing song!,2025-01-07
7685,605,7746,1,Worth listening to.,2025-07-03
7686,504,9680,1,One of my favorites.,2026-02-20
7687,806,9722,4,Really love this track.,2025-07-03
7688,343,14687,4,Amazing song!,2026-01-14
7689,1,10520,1,Amazing song!,2025-12-11
7690,586,822,3,Worth listening to.,2026-06-03
7691,418,15504,3,Very catchy.,2024-12-14
7692,807,6419,1,Great music.,2026-08-26
7693,371,9501,2,Very catchy.,2025-04-03
7694,787,14812,5,Really love this track.,2026-05-16
7695,794,7389,1,Not bad.,2024-12-14
7696,717,1278,3,Good song.,2025-12-24
7697,47,6142,2,Good song.,2026-04-26
7698,716,3268,3,One of my favorites.,2025-03-23
7699,224,3331,5,Nice track.,2026-02-13
7700,193,1012,2,Good song.,2025-11-30
7701,788,5359,3,Nice track.,2025-07-25
7702,886,12081,1,Very catchy.,2024-09-15
7703,589,9616,3,Really love this track.,2025-07-05
7704,78,8646,2,Not bad.,2024-11-16
7705,647,9032,5,Perfect!,2024-09-30
7706,604,10382,1,Really love this track.,2025-04-03
7707,164,5680,1,Not bad.,2025-08-29
7708,615,183,2,Great music.,2026-09-03
7709,346,5428,1,Good song.,2026-05-11
7710,492,7468,2,Not bad.,2026-05-16
7711,476,6706,3,Really love this track.,2024-11-21
7712,665,13775,4,Nice track.,2026-07-21
7713,128,11850,1,Really love this track.,2025-10-05
7714,935,7220,1,Very catchy.,2025-11-26
7715,87,1232,5,One of my favorites.,2026-06-20
7716,185,3753,2,Very catchy.,2026-04-12
7717,870,1641,1,Not bad.,2024-12-16
7718,954,3032,4,Good song.,2026-06-18
7719,558,11434,2,Nice track.,2024-11-29
7720,436,3106,1,Great music.,2026-06-05
7721,391,1643,1,Nice track.,2025-12-05
7722,886,10216,4,Not bad.,2026-05-28
7723,86,2993,3,Worth listening to.,2026-05-25
7724,934,2336,1,Amazing song!,2026-01-02
7725,825,5547,1,Really love this track.,2024-12-17
7726,809,16156,1,Great music.,2026-04-03
7727,262,9342,2,One of my favorites.,2025-05-13
7728,506,14132,1,Really love this track.,2026-06-30
7729,178,13549,4,Perfect!,2025-07-01
7730,75,67,5,Nice track.,2026-02-03
7731,133,7885,3,Good song.,2026-02-18
7732,590,13493,4,Perfect!,2025-12-20
7733,292,7420,2,Great music.,2024-12-31
7734,550,3743,2,Worth listening to.,2026-08-02
7735,992,15230,2,Nice track.,2025-05-04
7736,73,142,5,Very catchy.,2026-03-29
7737,865,14637,1,Very catchy.,2025-09-23
7738,894,13352,2,Very catchy.,2025-07-25
7739,31,145,3,Nice track.,2025-11-20
7740,501,8173,2,Great music.,2025-11-13
7741,353,5794,5,Amazing song!,2026-02-12
7742,399,14312,4,Very catchy.,2026-05-07
7743,855,8930,5,Amazing song!,2025-02-22
7744,201,6191,3,One of my favorites.,2025-04-23
7745,142,10980,5,Not bad.,2024-10-30
7746,980,7649,1,Good song.,2024-10-16
7747,825,7775,5,Good song.,2025-03-01
7748,429,1359,1,Not bad.,2025-04-02
7749,728,16473,3,Great music.,2024-11-10
7750,29,3640,5,Really love this track.,2025-04-17
7751,837,3813,4,Worth listening to.,2024-11-22
7752,14,14851,2,Nice track.,2025-02-11
7753,116,81,2,Good song.,2026-04-20
7754,599,11340,4,Perfect!,2024-11-04
7755,88,4220,2,Really love this track.,2025-10-16
7756,826,10336,1,Worth listening to.,2024-11-30
7757,122,11415,4,Great music.,2024-12-06
7758,516,7370,4,Very catchy.,2026-07-09
7759,96,1829,1,Amazing song!,2026-07-07
7760,612,11050,3,Not bad.,2025-11-21
7761,473,2075,1,Good song.,2026-01-16
7762,598,8900,4,Not bad.,2024-11-30
7763,918,6892,5,Really love this track.,2025-05-11
7764,181,16196,3,Good song.,2024-09-18
7765,627,3976,3,Really love this track.,2025-06-03
7766,458,10583,5,Very catchy.,2026-08-27
7767,915,12485,5,Good song.,2024-11-16
7768,270,13501,3,Great music.,2026-03-06
7769,967,2058,5,Nice track.,2026-03-11
7770,712,12156,3,One of my favorites.,2025-03-09
7771,865,4262,3,Great music.,2025-01-10
7772,727,6772,2,Really love this track.,2025-05-13
7773,510,5791,4,One of my favorites.,2026-01-18
7774,52,9077,2,Worth listening to.,2024-12-09
7775,104,4285,3,Great music.,2025-08-22
7776,821,11281,3,Worth listening to.,2026-07-21
7777,155,6502,4,Great music.,2025-12-11
7778,939,12963,5,Worth listening to.,2026-02-12
7779,270,9192,1,Great music.,2024-09-12
7780,741,15193,1,Great music.,2025-05-09
7781,874,3708,5,Really love this track.,2025-05-11
7782,63,5681,4,Great music.,2025-08-26
7783,679,16301,4,Good song.,2024-10-10
7784,216,12110,1,One of my favorites.,2025-10-06
7785,854,12626,3,Great music.,2025-06-18
7786,30,3023,1,Very catchy.,2025-07-29
7787,219,2959,3,Perfect!,2024-09-12
7788,955,2061,5,Really love this track.,2025-11-29
7789,528,8669,2,Really love this track.,2026-04-12
7790,163,8019,3,Good song.,2025-04-12
7791,292,3703,4,Great music.,2026-05-19
7792,469,4827,3,One of my favorites.,2024-10-18
7793,390,333,1,One of my favorites.,2026-05-30
7794,528,14038,1,Great music.,2026-08-13
7795,593,12447,3,Really love this track.,2025-07-08
7796,461,6629,2,Amazing song!,2025-08-29
7797,194,8500,1,Really love this track.,2024-11-27
7798,937,4114,1,One of my favorites.,2025-04-28
7799,914,15013,1,Very catchy.,2026-02-06
7800,570,4586,4,Very catchy.,2026-06-07
7801,551,2358,3,Great music.,2025-10-06
7802,869,718,1,Very catchy.,2025-09-02
7803,220,272,2,Perfect!,2025-10-24
7804,708,3244,4,Worth listening to.,2025-02-23
7805,456,10082,1,Good song.,2024-11-03
7806,526,15547,3,Not bad.,2024-09-27
7807,263,10478,2,Great music.,2025-02-11
7808,322,9072,4,Perfect!,2024-12-01
7809,140,2908,1,Great music.,2025-04-03
7810,265,14688,4,Amazing song!,2026-06-01
7811,637,5929,3,Not bad.,2026-05-31
7812,465,6640,4,Nice track.,2025-06-12
7813,884,14437,5,Perfect!,2026-04-26
7814,292,16548,5,Not bad.,2026-08-19
7815,638,8554,5,Perfect!,2025-07-10
7816,297,8490,2,Good song.,2025-04-10
7817,123,13292,4,Not bad.,2025-05-13
7818,116,10135,4,Very catchy.,2025-09-14
7819,917,15782,1,Really love this track.,2024-12-17
7820,934,12753,2,Good song.,2026-04-27
7821,736,8796,1,Perfect!,2025-01-07
7822,194,8513,4,Very catchy.,2025-09-01
7823,868,12399,5,Not bad.,2025-05-23
7824,853,7166,4,Perfect!,2026-02-06
7825,336,11077,2,Perfect!,2025-09-12
7826,58,12301,4,One of my favorites.,2025-12-20
7827,134,1265,2,Not bad.,2025-04-07
7828,516,1330,4,Worth listening to.,2026-05-18
7829,44,8690,1,Amazing song!,2024-10-23
7830,156,2744,4,Really love this track.,2025-08-30
7831,68,645,1,Not bad.,2026-03-28
7832,443,16020,3,Perfect!,2025-04-06
7833,352,12189,3,Amazing song!,2024-10-02
7834,346,16087,3,Great music.,2025-03-02
7835,786,1046,2,Amazing song!,2025-02-24
7836,481,13013,1,Really love this track.,2026-07-09
7837,149,4138,2,Perfect!,2026-09-09
7838,38,4307,1,Very catchy.,2025-08-26
7839,114,653,2,Great music.,2025-04-05
7840,604,4718,3,Not bad.,2025-03-30
7841,406,4208,2,One of my favorites.,2026-01-04
7842,328,8755,2,One of my favorites.,2026-01-11
7843,816,9970,5,Really love this track.,2025-12-05
7844,425,7641,3,One of my favorites.,2025-12-31
7845,560,11478,2,Really love this track.,2026-08-27
7846,519,7239,4,Really love this track.,2025-10-23
7847,135,10511,4,Nice track.,2025-08-26
7848,725,11545,5,Perfect!,2024-09-13
7849,469,15231,3,Very catchy.,2025-12-24
7850,462,16275,4,Not bad.,2025-03-08
7851,51,6087,4,Amazing song!,2025-03-21
7852,352,8001,4,Really love this track.,2025-12-27
7853,152,15295,1,Not bad.,2024-12-02
7854,503,5430,5,Not bad.,2026-03-14
7855,289,13085,3,Really love this track.,2025-03-07
7856,177,6428,1,Really love this track.,2025-07-13
7857,667,8278,3,Perfect!,2026-04-14
7858,722,3784,5,Perfect!,2026-01-01
7859,995,7060,2,One of my favorites.,2025-04-23
7860,504,9977,5,Amazing song!,2024-11-19
7861,851,11253,2,Perfect!,2025-02-02
7862,846,8694,1,Good song.,2026-06-06
7863,353,15177,3,Worth listening to.,2026-01-13
7864,661,6662,4,Amazing song!,2025-07-22
7865,43,13968,2,Nice track.,2025-05-02
7866,870,14649,3,Great music.,2024-11-04
7867,72,6038,2,Nice track.,2024-09-14
7868,565,10337,2,Very catchy.,2026-06-20
7869,402,10050,3,Worth listening to.,2025-07-07
7870,527,14660,5,Very catchy.,2024-09-24
7871,345,5086,4,Not bad.,2025-03-04
7872,520,14243,2,Perfect!,2025-01-19
7873,362,6487,1,Very catchy.,2025-08-08
7874,878,7306,4,Worth listening to.,2026-04-23
7875,571,8058,4,Good song.,2026-06-01
7876,853,11154,1,Worth listening to.,2025-08-27
7877,743,7118,1,Good song.,2025-06-10
7878,493,8633,4,Really love this track.,2025-03-11
7879,808,1060,1,Perfect!,2026-09-11
7880,164,13561,5,Very catchy.,2024-10-31
7881,682,6842,3,Very catchy.,2026-03-10
7882,164,9131,1,Amazing song!,2026-01-25
7883,191,16404,2,Perfect!,2025-11-17
7884,942,3800,3,Worth listening to.,2024-10-16
7885,573,16240,5,Very catchy.,2025-06-08
7886,177,9824,2,Very catchy.,2025-09-25
7887,488,15644,3,One of my favorites.,2026-08-30
7888,14,15953,4,Not bad.,2025-07-16
7889,529,2584,2,Nice track.,2025-03-17
7890,124,6965,4,Nice track.,2024-11-18
7891,807,13145,1,Very catchy.,2026-02-25
7892,941,11159,3,Worth listening to.,2026-06-22
7893,729,9519,4,Perfect!,2024-10-09
7894,823,8400,1,Really love this track.,2024-11-13
7895,849,953,5,Worth listening to.,2024-10-01
7896,448,6796,1,Nice track.,2025-10-30
7897,437,12794,1,Worth listening to.,2025-12-23
7898,664,944,2,Perfect!,2025-07-23
7899,507,5390,4,One of my favorites.,2026-01-24
7900,713,16112,3,Perfect!,2025-05-27
7901,49,14900,4,Very catchy.,2025-04-28
7902,432,15833,5,Nice track.,2025-07-24
7903,207,439,4,Worth listening to.,2026-05-15
7904,186,5749,3,Good song.,2024-11-23
7905,977,10974,2,Perfect!,2025-01-17
7906,55,6986,2,One of my favorites.,2025-05-19
7907,977,4558,1,Worth listening to.,2025-03-05
7908,786,12160,5,Really love this track.,2025-07-15
7909,156,7792,3,Nice track.,2024-10-10
7910,352,7438,4,Good song.,2025-07-09
7911,229,10522,3,Really love this track.,2026-09-04
7912,377,4004,2,Good song.,2025-04-23
7913,683,5508,3,Good song.,2024-09-27
7914,256,12345,3,Perfect!,2024-10-28
7915,903,3296,5,Perfect!,2025-04-17
7916,460,7422,1,Perfect!,2025-08-19
7917,410,9779,5,Amazing song!,2025-04-24
7918,885,6662,4,Perfect!,2025-10-20
7919,692,10697,1,Very catchy.,2025-07-18
7920,392,5975,3,Good song.,2025-09-06
7921,701,16115,2,Amazing song!,2025-12-20
7922,832,1780,1,Really love this track.,2025-05-02
7923,785,8121,4,One of my favorites.,2026-07-24
7924,415,13277,1,Very catchy.,2025-11-21
7925,308,13151,1,Great music.,2025-07-02
7926,979,258,4,Great music.,2026-05-05
7927,868,13259,3,Not bad.,2026-01-17
7928,218,9730,2,Really love this track.,2026-01-18
7929,964,15936,2,Not bad.,2025-12-08
7930,240,9489,5,Good song.,2026-06-07
7931,677,1879,4,Perfect!,2025-10-18
7932,835,8652,2,Very catchy.,2025-12-13
7933,296,15019,1,Good song.,2025-04-09
7934,871,11049,3,Good song.,2025-10-11
7935,498,3368,2,Good song.,2025-03-25
7936,953,8607,1,Perfect!,2025-10-17
7937,653,13041,4,Very catchy.,2024-11-03
7938,583,15197,5,Good song.,2025-09-08
7939,951,317,4,Good song.,2024-09-20
7940,145,6340,2,Nice track.,2026-08-09
7941,542,1546,3,Great music.,2026-01-28
7942,56,8742,3,One of my favorites.,2025-03-21
7943,738,2131,4,Very catchy.,2025-07-22
7944,839,8599,2,Worth listening to.,2026-05-31
7945,202,13411,2,Great music.,2024-12-02
7946,412,8791,1,Great music.,2024-09-30
7947,458,2491,2,Amazing song!,2024-10-22
7948,826,9828,3,Really love this track.,2026-08-27
7949,535,4697,1,Nice track.,2026-08-04
7950,600,5055,3,Not bad.,2025-08-31
7951,173,9448,4,Amazing song!,2026-05-23
7952,861,6816,4,Great music.,2025-09-09
7953,783,14561,4,Good song.,2024-09-14
7954,799,3723,2,Amazing song!,2026-04-19
7955,998,9531,1,Very catchy.,2024-11-05
7956,29,16085,5,Perfect!,2025-08-22
7957,748,13557,4,Amazing song!,2025-09-23
7958,531,12805,5,Nice track.,2026-04-28
7959,285,13530,4,One of my favorites.,2026-07-12
7960,758,11764,4,Great music.,2025-03-02
7961,245,12182,3,Amazing song!,2026-01-31
7962,42,14334,1,Not bad.,2025-09-19
7963,396,12351,2,Great music.,2025-05-12
7964,924,14685,1,Not bad.,2025-11-30
7965,810,15603,3,Nice track.,2026-08-16
7966,471,11478,5,One of my favorites.,2025-05-09
7967,350,15618,2,Amazing song!,2025-12-17
7968,543,212,3,Amazing song!,2025-02-11
7969,20,16157,4,Good song.,2026-06-01
7970,285,13422,1,Nice track.,2025-02-14
7971,527,2338,5,Nice track.,2026-06-06
7972,716,7229,1,Good song.,2026-09-06
7973,12,11314,5,Worth listening to.,2024-10-09
7974,712,14923,3,Very catchy.,2025-08-21
7975,136,238,3,Great music.,2025-10-25
7976,994,5453,2,Nice track.,2024-11-30
7977,813,12760,3,Not bad.,2024-12-05
7978,130,7105,3,Really love this track.,2026-09-04
7979,120,2216,1,Amazing song!,2026-07-30
7980,745,15514,1,Great music.,2024-11-07
7981,361,16571,1,Worth listening to.,2025-08-20
7982,81,5671,5,Nice track.,2024-12-02
7983,189,5433,4,Nice track.,2025-11-30
7984,846,5474,1,Very catchy.,2026-03-11
7985,598,7587,1,Nice track.,2026-04-23
7986,940,13740,2,One of my favorites.,2025-08-05
7987,195,10617,2,Really love this track.,2026-06-19
7988,272,10837,3,Really love this track.,2024-10-21
7989,749,1111,4,Good song.,2024-10-09
7990,537,7873,1,Not bad.,2025-04-14
7991,609,7224,4,Perfect!,2026-01-02
7992,784,7979,5,Great music.,2024-09-29
7993,173,14241,5,Nice track.,2025-01-21
7994,524,12778,1,Good song.,2026-08-28
7995,672,5294,5,Nice track.,2024-11-22
7996,398,12144,3,One of my favorites.,2025-04-07
7997,50,6708,1,Very catchy.,2025-04-21
7998,315,1758,2,Very catchy.,2025-04-27
7999,602,7221,2,Great music.,2024-11-16
8000,39,8010,1,Perfect!,2026-06-02
8001,835,15794,1,Very catchy.,2025-06-15
8002,934,1278,2,Really love this track.,2025-05-28
8003,589,10665,1,Perfect!,2026-07-02
8004,34,2684,4,Great music.,2025-12-14
8005,837,13359,2,Great music.,2025-08-05
8006,712,118,5,Perfect!,2025-08-24
8007,288,12888,3,Not bad.,2025-04-15
8008,155,12773,5,Good song.,2025-03-06
8009,386,4792,5,Not bad.,2025-03-10
8010,575,16099,2,Nice track.,2025-03-11
8011,382,7302,4,Very catchy.,2026-02-09
8012,341,885,2,Worth listening to.,2026-02-07
8013,934,5829,4,Amazing song!,2025-10-19
8014,258,1116,1,Perfect!,2025-05-04
8015,763,10148,4,Perfect!,2026-02-08
8016,662,711,5,Perfect!,2025-11-23
8017,539,6993,2,Worth listening to.,2026-04-01
8018,78,5615,5,Amazing song!,2025-07-24
8019,571,15576,1,Really love this track.,2026-03-09
8020,2,4573,1,One of my favorites.,2026-08-30
8021,889,11950,1,Good song.,2025-06-03
8022,340,11213,2,Not bad.,2025-06-28
8023,586,1066,2,One of my favorites.,2026-09-11
8024,606,4953,5,One of my favorites.,2025-01-14
8025,595,10456,3,Great music.,2025-03-07
8026,223,10813,2,One of my favorites.,2025-11-25
8027,739,11898,4,Perfect!,2024-12-04
8028,519,3227,3,Amazing song!,2025-09-18
8029,764,16092,3,Very catchy.,2026-05-06
8030,735,10207,5,Amazing song!,2026-02-20
8031,785,5598,4,One of my favorites.,2024-10-01
8032,413,12371,2,Very catchy.,2026-06-08
8033,403,9468,3,Worth listening to.,2025-02-21
8034,224,5790,5,Nice track.,2026-03-29
8035,473,15125,5,Very catchy.,2025-03-11
8036,564,14526,4,Amazing song!,2025-06-17
8037,459,13012,3,Really love this track.,2025-03-19
8038,366,16231,2,Nice track.,2026-08-16
8039,435,8188,1,Nice track.,2024-09-11
8040,232,7371,3,Good song.,2026-07-23
8041,392,190,3,Great music.,2026-09-08
8042,111,9296,4,Not bad.,2026-04-22
8043,668,14583,2,One of my favorites.,2024-10-24
8044,176,11677,5,Not bad.,2025-05-10
8045,668,1751,4,Amazing song!,2026-01-03
8046,692,2108,2,Really love this track.,2026-03-04
8047,506,7839,3,Nice track.,2026-05-23
8048,936,290,1,Nice track.,2025-12-09
8049,371,11852,5,Amazing song!,2025-12-08
8050,956,4140,3,Perfect!,2025-01-28
8051,374,15304,4,Really love this track.,2025-07-06
8052,71,714,1,Great music.,2026-01-10
8053,637,7541,5,Nice track.,2025-07-21
8054,525,655,3,Very catchy.,2025-06-08
8055,877,4261,3,Really love this track.,2025-02-24
8056,226,773,5,Amazing song!,2026-03-23
8057,105,4913,3,One of my favorites.,2025-07-07
8058,922,13308,4,Perfect!,2026-03-22
8059,936,640,1,Great music.,2024-12-06
8060,719,11222,5,Nice track.,2026-04-08
8061,17,4800,4,Amazing song!,2025-12-31
8062,748,3329,3,Amazing song!,2025-09-16
8063,331,3943,2,Good song.,2026-01-27
8064,874,9295,4,Great music.,2026-06-18
8065,671,4277,2,Perfect!,2025-08-31
8066,867,12325,2,Very catchy.,2025-03-12
8067,115,13215,4,Very catchy.,2024-11-30
8068,676,4392,3,Nice track.,2025-08-29
8069,216,13267,1,Very catchy.,2025-02-26
8070,385,8609,5,Good song.,2025-11-26
8071,32,8491,1,Really love this track.,2026-07-18
8072,37,958,5,Not bad.,2025-05-04
8073,570,14024,1,Nice track.,2026-04-26
8074,36,13565,3,Nice track.,2025-08-09
8075,232,12982,2,Great music.,2026-03-04
8076,545,9241,2,Nice track.,2026-08-21
8077,492,7954,4,Not bad.,2025-01-09
8078,867,661,1,Really love this track.,2025-04-11
8079,130,2354,1,Perfect!,2025-10-09
8080,57,9194,5,Good song.,2025-09-30
8081,339,14276,1,Great music.,2026-03-22
8082,321,12916,3,Not bad.,2026-03-26
8083,688,1598,2,Perfect!,2025-01-07
8084,842,16294,2,Not bad.,2026-09-02
8085,575,7844,1,Nice track.,2026-08-25
8086,794,14304,5,Very catchy.,2025-02-10
8087,390,12228,2,Great music.,2026-05-19
8088,654,7319,2,Not bad.,2026-04-13
8089,281,6579,2,Good song.,2026-06-03
8090,807,8315,2,Worth listening to.,2025-11-20
8091,506,4940,3,Really love this track.,2026-06-11
8092,277,11304,5,Perfect!,2025-06-09
8093,428,13917,3,Perfect!,2026-06-29
8094,203,11355,4,Really love this track.,2025-10-24
8095,908,10124,4,Nice track.,2025-06-30
8096,851,7604,3,Perfect!,2026-07-09
8097,615,9313,2,Great music.,2025-05-24
8098,501,7491,3,Good song.,2026-02-06
8099,901,14551,5,Worth listening to.,2025-03-19
8100,736,12757,2,Nice track.,2026-06-22
8101,155,7793,4,Amazing song!,2026-01-06
8102,301,3417,4,Not bad.,2025-01-08
8103,880,14842,5,One of my favorites.,2026-07-15
8104,944,2291,2,Very catchy.,2025-09-18
8105,97,7522,1,Worth listening to.,2026-02-04
8106,236,13050,2,One of my favorites.,2026-06-03
8107,61,2617,4,Worth listening to.,2025-07-09
8108,310,9737,2,Nice track.,2025-11-14
8109,210,14754,1,Good song.,2025-08-29
8110,530,7791,5,Great music.,2026-02-08
8111,45,9439,4,Nice track.,2024-11-21
8112,319,2094,5,Nice track.,2025-04-01
8113,250,4475,4,Worth listening to.,2026-03-09
8114,759,12229,1,Worth listening to.,2024-11-10
8115,537,7686,1,Perfect!,2026-08-30
8116,846,15086,5,Good song.,2025-03-17
8117,392,2084,4,Good song.,2025-04-11
8118,461,457,2,Amazing song!,2025-12-02
8119,486,14285,1,Amazing song!,2025-02-13
8120,362,10314,2,Great music.,2026-05-18
8121,916,1037,4,Good song.,2024-12-16
8122,590,12127,1,Not bad.,2026-08-06
8123,566,7340,2,Nice track.,2026-04-28
8124,70,10142,1,Very catchy.,2025-09-20
8125,569,8806,4,Amazing song!,2026-08-24
8126,784,4530,5,Great music.,2025-12-27
8127,734,4938,5,Amazing song!,2025-07-11
8128,835,15378,2,One of my favorites.,2025-08-19
8129,173,2161,4,Really love this track.,2026-09-08
8130,761,10962,3,Great music.,2024-10-06
8131,252,4440,1,One of my favorites.,2025-08-11
8132,703,3144,4,Very catchy.,2024-09-15
8133,4,928,4,Great music.,2025-06-21
8134,318,12873,4,Not bad.,2025-06-20
8135,650,514,2,Not bad.,2025-11-19
8136,712,4132,2,Great music.,2026-01-21
8137,990,12219,4,Worth listening to.,2024-11-28
8138,54,10319,5,Very catchy.,2025-09-17
8139,849,5598,5,Good song.,2026-07-20
8140,456,419,3,Great music.,2025-03-07
8141,887,7287,4,Nice track.,2026-06-13
8142,122,13311,2,Not bad.,2025-05-17
8143,644,3853,2,One of my favorites.,2025-09-05
8144,464,15263,4,Not bad.,2025-12-26
8145,967,6987,5,One of my favorites.,2024-12-17
8146,337,8806,2,Very catchy.,2024-12-11
8147,700,6643,1,Perfect!,2026-07-27
8148,225,8336,2,Worth listening to.,2026-03-21
8149,70,4786,1,Not bad.,2024-12-14
8150,749,119,3,Not bad.,2025-07-09
8151,967,3725,5,Really love this track.,2024-12-25
8152,32,9109,4,Really love this track.,2025-06-01
8153,419,12258,5,Amazing song!,2024-09-30
8154,302,73,5,Worth listening to.,2025-07-13
8155,740,16514,1,Not bad.,2026-03-06
8156,993,14745,5,Worth listening to.,2026-06-03
8157,451,3845,1,Very catchy.,2025-12-11
8158,327,8239,1,Not bad.,2025-11-17
8159,748,2082,2,One of my favorites.,2025-12-30
8160,619,9579,4,Great music.,2025-02-04
8161,811,9749,4,Great music.,2026-09-06
8162,217,12245,3,Very catchy.,2026-07-24
8163,63,9563,3,Great music.,2025-06-26
8164,121,4320,2,Perfect!,2026-04-16
8165,534,3735,3,Not bad.,2025-04-03
8166,348,11681,3,Great music.,2025-07-13
8167,22,5509,4,Perfect!,2025-05-03
8168,341,11678,2,Great music.,2025-07-19
8169,315,12672,4,Great music.,2025-02-20
8170,707,11210,2,Great music.,2026-06-09
8171,821,6653,1,Good song.,2025-12-15
8172,533,14063,3,One of my favorites.,2025-10-31
8173,657,4973,2,Good song.,2026-03-04
8174,338,15810,1,Really love this track.,2025-12-17
8175,780,13940,4,Not bad.,2025-08-24
8176,109,13772,5,One of my favorites.,2024-09-23
8177,957,2461,2,Not bad.,2024-11-28
8178,512,7480,4,Very catchy.,2026-09-10
8179,164,8194,3,Really love this track.,2025-04-28
8180,26,10704,1,Nice track.,2026-02-07
8181,200,1472,3,Really love this track.,2026-01-12
8182,231,2771,4,Amazing song!,2026-01-25
8183,313,7765,5,Nice track.,2025-05-23
8184,766,1883,2,Very catchy.,2025-06-18
8185,153,12502,5,Good song.,2025-09-23
8186,757,5032,1,One of my favorites.,2024-09-14
8187,163,6774,2,Not bad.,2026-06-30
8188,686,4334,4,Nice track.,2026-07-21
8189,400,10164,1,Good song.,2025-03-09
8190,770,2756,4,Good song.,2025-12-20
8191,912,13951,2,Not bad.,2026-03-22
8192,587,12205,4,Nice track.,2025-03-14
8193,170,15300,3,Perfect!,2025-03-24
8194,96,3751,1,Really love this track.,2026-02-06
8195,287,1067,5,Really love this track.,2024-12-22
8196,813,10976,2,Great music.,2025-09-15
8197,608,16465,1,Perfect!,2026-03-05
8198,455,422,2,One of my favorites.,2026-06-25
8199,716,6842,5,Really love this track.,2024-11-26
8200,153,14838,5,Really love this track.,2026-03-27
8201,820,13086,5,Very catchy.,2025-11-05
8202,8,376,4,Good song.,2025-07-14
8203,963,828,3,Amazing song!,2025-07-16
8204,642,14477,4,One of my favorites.,2026-04-14
8205,417,9700,4,Not bad.,2025-12-07
8206,275,12734,5,Good song.,2025-01-06
8207,897,12259,1,Nice track.,2025-06-19
8208,702,15696,4,Nice track.,2025-05-19
8209,138,11453,3,Good song.,2024-12-17
8210,601,7242,5,Not bad.,2025-12-24
8211,805,10684,5,Really love this track.,2026-06-20
8212,454,11918,5,Nice track.,2026-07-04
8213,807,9067,4,Not bad.,2026-01-27
8214,321,5158,4,Nice track.,2024-10-23
8215,168,2435,1,Great music.,2025-05-24
8216,179,15362,2,One of my favorites.,2024-09-29
8217,914,8412,4,Very catchy.,2026-01-06
8218,631,16166,3,Not bad.,2026-08-29
8219,974,6440,5,Good song.,2025-01-23
8220,96,8194,1,Very catchy.,2025-07-10
8221,277,4822,2,Perfect!,2024-10-22
8222,399,3765,1,Very catchy.,2024-09-16
8223,434,6203,2,Very catchy.,2024-10-18
8224,512,1198,2,Very catchy.,2026-02-10
8225,373,16544,5,Really love this track.,2024-11-12
8226,198,7912,4,Great music.,2026-05-12
8227,290,14331,4,One of my favorites.,2026-05-22
8228,51,7633,1,Perfect!,2026-06-09
8229,545,557,4,Perfect!,2024-12-06
8230,916,13790,3,Very catchy.,2026-02-11
8231,92,6210,2,Great music.,2026-05-02
8232,324,5284,2,Really love this track.,2026-04-16
8233,888,5097,2,Very catchy.,2024-10-24
8234,335,8560,2,Really love this track.,2024-11-14
8235,724,6157,5,Perfect!,2026-06-08
8236,443,6144,2,Worth listening to.,2025-05-22
8237,221,3062,1,Not bad.,2025-08-06
8238,674,2135,1,One of my favorites.,2024-11-07
8239,500,33,3,Perfect!,2025-07-30
8240,234,5741,2,Really love this track.,2024-11-04
8241,256,7220,4,Good song.,2026-06-30
8242,877,1417,1,Amazing song!,2025-12-09
8243,552,5821,2,Not bad.,2025-09-03
8244,691,4933,3,Worth listening to.,2025-02-07
8245,792,13387,2,Worth listening to.,2025-11-21
8246,24,15730,3,Amazing song!,2025-03-30
8247,665,1268,5,One of my favorites.,2026-05-15
8248,724,10708,2,Great music.,2025-03-26
8249,595,9840,4,Really love this track.,2026-05-03
8250,815,10072,1,Very catchy.,2026-04-14
8251,89,9968,3,One of my favorites.,2026-01-08
8252,975,7846,3,Really love this track.,2026-01-10
8253,687,4410,2,Good song.,2025-10-15
8254,745,10013,4,One of my favorites.,2024-11-13
8255,993,1484,3,One of my favorites.,2024-12-28
8256,795,1728,1,Perfect!,2024-11-18
8257,127,11657,1,Not bad.,2026-07-07
8258,43,3850,1,Nice track.,2025-03-09
8259,445,10246,2,One of my favorites.,2024-09-11
8260,250,13979,3,Very catchy.,2024-10-17
8261,387,5057,4,Really love this track.,2026-02-15
8262,987,7038,3,Very catchy.,2026-04-08
8263,575,1617,2,One of my favorites.,2025-11-16
8264,491,6053,5,Great music.,2025-10-13
8265,85,3150,3,Very catchy.,2024-12-28
8266,817,13393,1,Perfect!,2026-02-01
8267,984,5168,4,Worth listening to.,2026-04-27
8268,829,5819,5,Great music.,2025-02-08
8269,498,8163,2,Amazing song!,2025-10-28
8270,737,12646,4,Worth listening to.,2026-07-06
8271,582,13526,2,Not bad.,2025-05-04
8272,780,2665,5,Very catchy.,2026-02-10
8273,491,2791,3,Worth listening to.,2025-06-29
8274,945,9377,1,Great music.,2026-06-19
8275,103,10788,5,Very catchy.,2025-11-30
8276,544,4374,3,Perfect!,2026-01-09
8277,239,10154,1,Worth listening to.,2024-10-20
8278,116,13467,4,Not bad.,2026-04-27
8279,136,14348,1,Not bad.,2026-02-21
8280,647,6687,5,Really love this track.,2026-02-26
8281,413,8506,4,Great music.,2026-08-03
8282,690,5071,3,Very catchy.,2026-08-21
8283,526,12813,5,Not bad.,2026-03-15
8284,347,5937,2,Really love this track.,2026-06-09
8285,901,5291,3,Good song.,2025-11-20
8286,603,12538,2,Nice track.,2026-07-05
8287,286,10616,3,Really love this track.,2025-07-22
8288,237,16093,2,One of my favorites.,2025-09-17
8289,674,12418,5,Nice track.,2024-12-19
8290,467,16555,1,One of my favorites.,2025-02-10
8291,187,7641,4,Perfect!,2026-02-16
8292,753,6295,3,Nice track.,2026-09-05
8293,505,4244,1,Nice track.,2025-02-27
8294,985,9836,1,Nice track.,2024-11-07
8295,71,11896,1,Good song.,2024-10-28
8296,995,5828,3,One of my favorites.,2025-04-03
8297,449,2622,2,Perfect!,2026-02-09
8298,130,12705,1,Perfect!,2025-04-02
8299,490,2394,2,Nice track.,2025-10-27
8300,225,699,4,Really love this track.,2024-12-16
8301,18,16170,2,Perfect!,2025-09-29
8302,322,12646,3,Perfect!,2026-02-18
8303,766,9388,1,Nice track.,2026-08-02
8304,831,14738,5,Good song.,2025-09-08
8305,876,7570,2,Really love this track.,2026-01-11
8306,590,15578,2,Really love this track.,2025-03-20
8307,335,12319,4,Worth listening to.,2026-01-11
8308,166,13301,5,Very catchy.,2025-07-28
8309,689,8912,1,Nice track.,2026-07-07
8310,672,866,5,Perfect!,2026-08-11
8311,761,7997,2,Not bad.,2026-09-10
8312,360,9639,4,Perfect!,2025-06-19
8313,898,4067,2,Amazing song!,2025-05-15
8314,178,9110,3,Really love this track.,2026-03-27
8315,870,3739,5,Nice track.,2025-08-02
8316,255,9559,2,Not bad.,2024-11-04
8317,417,990,2,Really love this track.,2025-12-25
8318,508,4555,5,Really love this track.,2024-12-27
8319,284,3615,4,Perfect!,2024-12-18
8320,411,6837,5,Perfect!,2024-11-05
8321,77,13902,3,Worth listening to.,2026-05-03
8322,122,547,4,Very catchy.,2025-10-27
8323,810,9323,4,Very catchy.,2025-11-09
8324,691,14061,1,Really love this track.,2024-12-25
8325,674,1814,5,Great music.,2026-07-25
8326,763,2566,3,Good song.,2024-12-28
8327,360,11975,2,Really love this track.,2024-09-27
8328,139,1655,4,Good song.,2025-07-26
8329,622,13180,3,Amazing song!,2025-02-23
8330,462,6775,3,Nice track.,2026-04-17
8331,916,4730,1,Nice track.,2024-11-13
8332,21,2868,1,Very catchy.,2025-10-24
8333,564,14636,2,Worth listening to.,2026-03-29
8334,962,2631,3,Amazing song!,2025-07-16
8335,265,9873,2,Not bad.,2026-06-11
8336,426,14931,4,Great music.,2025-04-22
8337,203,364,4,Perfect!,2024-12-14
8338,765,14131,3,Very catchy.,2025-09-19
8339,832,11152,3,Perfect!,2025-07-06
8340,706,2153,4,Not bad.,2024-10-30
8341,637,10684,1,Not bad.,2026-01-19
8342,320,14949,3,Really love this track.,2026-01-13
8343,578,15473,3,Great music.,2026-01-11
8344,106,16417,3,Amazing song!,2026-03-22
8345,303,6085,5,Good song.,2025-03-03
8346,506,257,4,One of my favorites.,2026-06-16
8347,211,6496,4,Amazing song!,2024-10-03
8348,474,13551,2,Worth listening to.,2025-01-09
8349,755,998,3,Good song.,2025-02-05
8350,699,11683,2,Worth listening to.,2025-07-29
8351,615,6845,5,Great music.,2025-04-02
8352,15,16420,2,Really love this track.,2026-04-27
8353,702,354,2,Great music.,2024-12-10
8354,846,14362,5,Not bad.,2026-03-01
8355,581,8695,4,Perfect!,2026-01-11
8356,27,7089,5,One of my favorites.,2025-08-15
8357,151,7384,3,One of my favorites.,2025-12-26
8358,312,14657,3,Worth listening to.,2025-03-15
8359,766,13844,3,Not bad.,2025-08-05
8360,446,12442,5,Really love this track.,2025-10-09
8361,709,9109,5,Perfect!,2025-02-05
8362,945,3458,4,Nice track.,2025-05-15
8363,862,10105,2,Worth listening to.,2026-08-21
8364,943,2631,3,Worth listening to.,2026-01-09
8365,557,13670,4,Not bad.,2025-12-28
8366,655,16228,2,Great music.,2025-12-14
8367,8,10230,3,Very catchy.,2024-11-01
8368,108,3523,2,Perfect!,2025-07-29
8369,238,4276,4,One of my favorites.,2026-07-01
8370,352,1897,4,Nice track.,2025-09-05
8371,107,11929,2,Worth listening to.,2025-08-14
8372,902,1812,4,Really love this track.,2025-04-11
8373,361,14963,1,Perfect!,2024-09-22
8374,781,3737,1,Nice track.,2026-06-22
8375,344,9132,3,One of my favorites.,2025-03-19
8376,576,70,3,Not bad.,2025-01-03
8377,435,7035,3,Good song.,2025-03-05
8378,2,15784,2,Not bad.,2026-05-11
8379,990,5079,3,Good song.,2025-12-03
8380,172,13980,1,Nice track.,2026-02-10
8381,769,9806,5,Worth listening to.,2024-11-02
8382,239,8557,5,Good song.,2026-03-18
8383,254,5159,5,Great music.,2025-11-28
8384,892,3689,5,Very catchy.,2026-04-04
8385,575,12155,5,Nice track.,2025-03-07
8386,50,7086,2,Amazing song!,2026-02-04
8387,12,12981,5,Not bad.,2025-01-28
8388,693,1530,4,Great music.,2025-06-04
8389,851,4331,5,Good song.,2024-12-28
8390,579,5629,3,Very catchy.,2026-05-16
8391,738,12792,1,Perfect!,2026-08-10
8392,136,1087,5,One of my favorites.,2025-10-30
8393,631,5267,5,Very catchy.,2025-01-04
8394,619,8145,2,Really love this track.,2026-07-30
8395,393,10808,3,Not bad.,2026-07-31
8396,865,1004,1,Very catchy.,2026-01-17
8397,472,6671,2,Really love this track.,2026-05-29
8398,856,1184,3,Very catchy.,2025-07-20
8399,964,9348,3,Amazing song!,2026-05-29
8400,241,15140,5,Nice track.,2025-08-29
8401,317,3121,4,Nice track.,2026-08-19
8402,871,2475,2,Very catchy.,2024-11-28
8403,953,12865,2,Worth listening to.,2025-01-24
8404,912,32,3,Perfect!,2025-07-03
8405,679,12104,3,Amazing song!,2026-08-01
8406,128,14445,3,Amazing song!,2025-12-22
8407,756,7369,3,Great music.,2025-03-16
8408,136,16255,4,Perfect!,2025-09-04
8409,401,9127,1,One of my favorites.,2025-12-07
8410,184,13559,3,Very catchy.,2025-03-31
8411,345,3304,4,Nice track.,2025-12-24
8412,776,12158,4,One of my favorites.,2026-06-29
8413,760,15597,1,Perfect!,2026-01-09
8414,898,2470,4,Not bad.,2025-11-25
8415,621,13681,5,Perfect!,2025-05-18
8416,816,1088,3,Really love this track.,2026-06-29
8417,50,2080,1,Not bad.,2026-07-11
8418,213,9951,1,Nice track.,2025-01-17
8419,288,15723,3,Really love this track.,2026-09-08
8420,414,1081,5,Very catchy.,2025-02-02
8421,398,13114,1,Perfect!,2025-05-12
8422,771,4994,2,One of my favorites.,2025-02-01
8423,855,10586,3,Nice track.,2026-08-16
8424,795,8091,1,Good song.,2026-01-01
8425,690,5823,1,Very catchy.,2025-07-29
8426,211,1624,1,Really love this track.,2026-04-25
8427,355,9482,4,Amazing song!,2025-03-29
8428,782,6580,5,Great music.,2025-03-30
8429,401,13570,5,Great music.,2025-05-03
8430,281,2622,2,Amazing song!,2026-02-24
8431,212,48,5,Great music.,2025-10-20
8432,341,2673,3,Really love this track.,2025-04-15
8433,616,4827,2,Not bad.,2026-04-24
8434,440,9031,1,Amazing song!,2025-03-22
8435,655,5987,2,Not bad.,2026-05-26
8436,43,764,3,Amazing song!,2026-08-27
8437,101,9336,1,Really love this track.,2026-04-14
8438,297,2078,3,Perfect!,2026-01-13
8439,27,6418,3,Perfect!,2025-08-10
8440,35,10968,2,Not bad.,2026-04-29
8441,759,3829,5,Amazing song!,2026-03-11
8442,346,2199,3,Good song.,2026-03-31
8443,418,5522,3,Great music.,2025-11-06
8444,488,15380,2,Perfect!,2025-08-14
8445,62,2211,5,One of my favorites.,2025-10-10
8446,187,5360,5,Amazing song!,2024-12-07
8447,976,12165,3,Not bad.,2026-07-20
8448,651,10419,4,Good song.,2026-07-29
8449,214,11613,4,Very catchy.,2024-12-10
8450,58,8333,3,Nice track.,2024-11-07
8451,485,2250,5,Very catchy.,2025-05-09
8452,431,15748,3,Great music.,2026-05-12
8453,213,1562,4,One of my favorites.,2025-03-02
8454,206,2569,2,One of my favorites.,2025-03-01
8455,627,13216,2,Worth listening to.,2024-10-16
8456,808,4889,5,Very catchy.,2025-08-07
8457,168,2048,4,Good song.,2025-03-30
8458,675,11944,1,Not bad.,2024-09-29
8459,79,8392,1,One of my favorites.,2025-12-24
8460,411,6650,3,Worth listening to.,2026-03-14
8461,564,5697,2,Amazing song!,2025-10-19
8462,495,3611,5,Great music.,2024-09-30
8463,161,59,3,Really love this track.,2025-05-17
8464,993,13687,2,Amazing song!,2025-11-21
8465,274,10324,1,Nice track.,2025-10-04
8466,916,5361,1,Nice track.,2025-09-17
8467,17,4252,3,Very catchy.,2024-11-16
8468,307,3038,5,Amazing song!,2026-06-26
8469,790,940,2,Good song.,2025-05-28
8470,399,1055,5,One of my favorites.,2025-05-15
8471,941,3324,3,Really love this track.,2026-03-10
8472,58,4963,4,Perfect!,2025-06-08
8473,223,9460,2,One of my favorites.,2025-12-16
8474,730,10954,3,One of my favorites.,2026-02-17
8475,591,3211,1,Perfect!,2026-02-05
8476,608,3380,1,Worth listening to.,2026-05-11
8477,529,118,2,Really love this track.,2026-03-04
8478,515,183,5,Great music.,2024-10-24
8479,336,4907,1,Nice track.,2026-05-02
8480,253,9568,1,Nice track.,2026-01-21
8481,365,5608,2,Not bad.,2026-08-18
8482,905,634,2,One of my favorites.,2025-07-09
8483,58,8346,1,Worth listening to.,2026-03-07
8484,186,12961,4,Perfect!,2026-08-02
8485,70,11554,5,Really love this track.,2025-01-18
8486,43,4281,1,Amazing song!,2026-05-09
8487,258,5,5,Amazing song!,2025-09-19
8488,128,6311,2,One of my favorites.,2025-10-28
8489,960,4892,5,Worth listening to.,2025-09-17
8490,550,9158,2,Nice track.,2026-09-02
8491,383,8752,5,Perfect!,2025-12-28
8492,705,6588,1,Great music.,2024-10-21
8493,980,10728,3,Perfect!,2025-01-22
8494,353,16457,5,Good song.,2026-08-28
8495,541,6894,2,Good song.,2025-06-14
8496,949,532,4,Very catchy.,2025-12-03
8497,660,10723,3,Really love this track.,2024-11-26
8498,7,12558,1,Not bad.,2026-02-27
8499,129,7300,2,Good song.,2025-01-07
8500,828,3625,3,Perfect!,2024-09-23
8501,243,4692,2,Worth listening to.,2026-03-18
8502,29,12088,4,One of my favorites.,2026-03-31
8503,137,11850,5,Not bad.,2025-04-05
8504,707,2581,4,Great music.,2025-07-11
8505,252,2711,3,Amazing song!,2025-03-12
8506,752,11665,2,One of my favorites.,2025-09-09
8507,764,7289,5,Very catchy.,2025-01-19
8508,7,7081,5,Great music.,2024-12-10
8509,559,10038,1,One of my favorites.,2025-07-28
8510,526,9861,1,Perfect!,2025-01-27
8511,700,6779,3,Not bad.,2026-07-31
8512,18,13097,1,Very catchy.,2026-03-27
8513,976,14527,3,Amazing song!,2025-07-16
8514,67,14945,5,Amazing song!,2025-07-15
8515,315,14781,5,Amazing song!,2026-03-28
8516,410,789,2,Not bad.,2024-09-28
8517,350,12789,3,Perfect!,2025-02-26
8518,928,14715,2,Worth listening to.,2025-01-02
8519,11,11108,4,Not bad.,2025-02-05
8520,542,8758,2,Not bad.,2025-05-20
8521,10,4467,3,One of my favorites.,2025-10-11
8522,318,10218,5,Really love this track.,2025-04-29
8523,910,7878,1,Nice track.,2024-11-06
8524,503,13381,4,One of my favorites.,2025-10-31
8525,1,5586,2,One of my favorites.,2026-05-22
8526,850,6551,5,Great music.,2024-09-16
8527,440,10817,4,Nice track.,2025-01-25
8528,863,10691,3,One of my favorites.,2026-01-07
8529,923,13711,3,Worth listening to.,2025-05-17
8530,366,3469,1,Great music.,2025-06-05
8531,548,7381,3,Not bad.,2026-02-04
8532,262,16180,4,Nice track.,2026-01-04
8533,190,11874,5,Not bad.,2025-12-12
8534,694,9421,5,Great music.,2025-11-26
8535,140,7852,2,Worth listening to.,2025-09-26
8536,811,10006,3,Worth listening to.,2025-09-09
8537,318,8124,3,Good song.,2026-05-01
8538,215,5222,2,Amazing song!,2025-03-06
8539,980,13427,1,Amazing song!,2026-03-25
8540,700,3759,1,Good song.,2025-08-30
8541,837,10638,3,Very catchy.,2026-08-24
8542,713,13083,3,Worth listening to.,2026-05-22
8543,753,3585,3,Perfect!,2025-11-28
8544,379,9302,5,Great music.,2025-02-09
8545,28,148,1,Perfect!,2025-12-22
8546,731,7475,3,Amazing song!,2026-06-18
8547,101,6813,3,Really love this track.,2025-06-16
8548,584,5735,5,Perfect!,2025-09-25
8549,538,12678,1,One of my favorites.,2026-07-05
8550,748,8058,2,Great music.,2025-12-04
8551,43,1624,1,Perfect!,2025-05-14
8552,430,2824,4,Good song.,2026-04-27
8553,55,2910,5,Not bad.,2025-06-06
8554,49,7791,1,Great music.,2024-11-02
8555,574,3475,3,Very catchy.,2025-11-23
8556,133,14615,5,Worth listening to.,2026-01-23
8557,579,3590,2,Not bad.,2026-06-06
8558,508,7322,1,Amazing song!,2025-01-02
8559,477,7743,2,Great music.,2025-03-27
8560,160,12991,1,Very catchy.,2026-03-24
8561,905,10930,1,Amazing song!,2025-08-27
8562,470,156,2,Perfect!,2025-04-08
8563,667,5625,2,Worth listening to.,2026-02-22
8564,667,7611,1,Amazing song!,2024-11-16
8565,670,4876,2,Not bad.,2024-11-07
8566,494,9080,4,Great music.,2024-10-31
8567,919,1416,5,Good song.,2025-09-18
8568,962,4001,4,Good song.,2026-02-17
8569,989,9059,3,Really love this track.,2025-02-26
8570,856,15360,2,Nice track.,2025-07-12
8571,445,7912,2,Perfect!,2026-08-28
8572,851,4399,1,Amazing song!,2025-08-31
8573,854,10820,4,Not bad.,2024-09-20
8574,978,6160,4,One of my favorites.,2025-02-27
8575,590,3311,2,Amazing song!,2026-03-16
8576,834,1722,2,Great music.,2025-10-25
8577,632,6691,3,Really love this track.,2025-08-07
8578,130,9190,4,Nice track.,2025-01-04
8579,388,13915,4,Nice track.,2025-06-13
8580,517,5169,5,Not bad.,2025-07-13
8581,835,12160,5,Great music.,2026-01-31
8582,355,9308,1,Great music.,2025-09-05
8583,417,7971,4,Very catchy.,2026-07-13
8584,286,9437,4,Great music.,2025-08-11
8585,312,2256,1,One of my favorites.,2024-11-30
8586,296,7910,2,Very catchy.,2024-11-30
8587,513,4232,3,Not bad.,2025-01-13
8588,597,11056,3,Worth listening to.,2025-06-21
8589,654,973,2,Not bad.,2025-11-16
8590,667,14269,3,Nice track.,2025-04-25
8591,562,5585,3,Nice track.,2026-04-01
8592,126,14588,2,Really love this track.,2026-07-03
8593,453,4366,5,Great music.,2025-01-13
8594,456,10262,5,Good song.,2025-02-17
8595,661,7284,5,Amazing song!,2025-02-19
8596,871,678,5,Not bad.,2024-10-04
8597,41,12006,3,Very catchy.,2026-05-22
8598,387,5998,1,Very catchy.,2024-09-22
8599,309,157,4,Good song.,2025-11-06
8600,18,1930,2,Perfect!,2024-10-14
8601,427,8514,4,One of my favorites.,2025-06-18
8602,721,8503,4,Worth listening to.,2025-07-17
8603,222,1171,2,Good song.,2025-03-23
8604,267,12699,4,Very catchy.,2024-10-05
8605,981,11288,5,Good song.,2026-04-11
8606,647,14152,5,Nice track.,2025-10-10
8607,286,8282,3,Perfect!,2026-03-08
8608,77,9569,4,Nice track.,2025-01-02
8609,978,6523,5,Good song.,2025-12-03
8610,697,10482,3,Perfect!,2025-01-18
8611,473,15921,4,Amazing song!,2026-01-11
8612,936,6563,3,Really love this track.,2025-03-26
8613,914,2603,5,Nice track.,2026-01-19
8614,774,8450,3,Amazing song!,2025-11-18
8615,139,10154,4,Perfect!,2024-12-28
8616,309,16264,5,Not bad.,2025-10-13
8617,576,5762,4,Very catchy.,2025-09-08
8618,51,2871,3,Really love this track.,2025-03-03
8619,682,13062,1,Good song.,2026-08-18
8620,648,1400,5,Amazing song!,2026-06-24
8621,64,11737,3,Not bad.,2026-07-14
8622,996,16147,2,Good song.,2025-01-22
8623,480,7451,4,Worth listening to.,2026-05-24
8624,333,9912,4,Amazing song!,2024-12-05
8625,402,5316,3,Great music.,2024-10-11
8626,16,7990,4,Very catchy.,2026-08-01
8627,947,7102,4,Not bad.,2025-09-12
8628,730,4364,4,Not bad.,2026-02-23
8629,207,122,3,Amazing song!,2026-03-21
8630,100,12599,5,Amazing song!,2025-10-21
8631,989,14912,3,Nice track.,2025-10-23
8632,655,14807,4,Amazing song!,2025-02-15
8633,454,2968,4,One of my favorites.,2024-11-14
8634,951,5006,5,Great music.,2025-01-22
8635,890,12166,5,Good song.,2026-01-18
8636,544,15693,1,Very catchy.,2025-08-19
8637,866,7113,1,Nice track.,2025-03-08
8638,234,8334,2,Perfect!,2026-03-21
8639,690,4147,3,Amazing song!,2025-08-08
8640,712,10847,2,Amazing song!,2025-06-12
8641,796,11484,5,Great music.,2026-04-26
8642,853,9803,2,Good song.,2026-08-26
8643,739,14922,2,Really love this track.,2025-04-24
8644,674,3910,2,One of my favorites.,2025-11-08
8645,720,12428,5,Amazing song!,2025-06-09
8646,99,1464,2,Not bad.,2025-01-05
8647,123,6022,3,Very catchy.,2025-01-31
8648,809,5532,4,Great music.,2024-09-13
8649,728,12023,4,Nice track.,2025-09-12
8650,690,9516,2,Good song.,2024-12-23
8651,876,109,1,Very catchy.,2024-09-16
8652,987,16155,5,Perfect!,2024-10-30
8653,271,13770,3,Not bad.,2026-01-03
8654,85,13314,4,Really love this track.,2025-08-25
8655,424,8579,3,Really love this track.,2026-06-29
8656,926,15916,2,Not bad.,2024-09-28
8657,701,751,3,Very catchy.,2025-11-12
8658,892,4254,3,Worth listening to.,2025-04-28
8659,28,14537,5,One of my favorites.,2024-12-26
8660,929,8751,5,Good song.,2025-11-08
8661,467,14584,2,One of my favorites.,2025-09-11
8662,419,772,3,Worth listening to.,2025-03-26
8663,568,13175,3,Not bad.,2026-06-17
8664,21,8347,5,Not bad.,2026-02-16
8665,561,3336,5,Really love this track.,2024-11-03
8666,313,5486,4,Not bad.,2025-08-16
8667,796,14759,3,One of my favorites.,2026-02-22
8668,794,11946,3,Not bad.,2026-03-21
8669,457,15064,3,Great music.,2025-01-13
8670,226,10442,2,Worth listening to.,2025-09-26
8671,238,3097,4,Good song.,2025-12-31
8672,580,6769,1,Great music.,2026-03-07
8673,676,2047,1,Not bad.,2025-08-10
8674,486,4101,1,Really love this track.,2026-04-25
8675,567,828,5,Really love this track.,2026-08-01
8676,776,13999,4,Very catchy.,2025-02-20
8677,663,1290,5,Perfect!,2026-01-12
8678,607,9760,2,Really love this track.,2025-07-15
8679,31,16474,1,Really love this track.,2025-05-22
8680,685,2,3,Not bad.,2024-11-01
8681,270,8125,4,One of my favorites.,2025-01-10
8682,41,10517,2,Nice track.,2026-01-09
8683,148,3998,1,Not bad.,2026-04-02
8684,765,16469,5,Not bad.,2026-04-01
8685,371,10688,1,Amazing song!,2025-05-23
8686,178,6321,3,Amazing song!,2025-06-12
8687,223,3354,3,Good song.,2025-05-26
8688,868,123,5,Nice track.,2024-11-20
8689,262,11684,1,Not bad.,2026-02-24
8690,604,6429,4,Very catchy.,2026-03-15
8691,69,7088,1,Amazing song!,2024-09-26
8692,898,4432,3,Not bad.,2024-09-25
8693,681,5895,4,Good song.,2025-06-20
8694,696,15817,5,One of my favorites.,2026-07-30
8695,842,6486,3,Very catchy.,2024-11-12
8696,332,8895,3,Not bad.,2024-10-06
8697,745,4109,3,Great music.,2025-10-14
8698,283,12386,1,Amazing song!,2024-12-09
8699,4,13496,3,Great music.,2026-01-04
8700,921,4271,1,Worth listening to.,2025-05-04
8701,515,12628,3,Really love this track.,2026-02-27
8702,964,10505,5,Great music.,2025-11-02
8703,713,12909,5,Nice track.,2026-04-30
8704,138,4047,3,Very catchy.,2025-03-28
8705,456,8786,5,Amazing song!,2026-03-16
8706,750,11973,4,Worth listening to.,2024-12-20
8707,871,1417,4,Great music.,2024-12-20
8708,337,7145,3,Good song.,2025-08-10
8709,944,12778,1,Good song.,2026-07-24
8710,177,9896,3,Really love this track.,2025-01-23
8711,708,7546,3,Really love this track.,2025-02-19
8712,739,4681,5,Amazing song!,2026-03-01
8713,489,10168,5,One of my favorites.,2024-10-18
8714,967,8709,4,Good song.,2024-09-20
8715,199,15253,4,Perfect!,2025-02-20
8716,610,14595,1,Perfect!,2025-08-01
8717,565,10880,5,Nice track.,2024-09-19
8718,802,14536,1,Nice track.,2025-08-27
8719,895,3881,1,Nice track.,2024-12-24
8720,311,8260,5,Very catchy.,2024-12-20
8721,337,5051,1,One of my favorites.,2025-03-16
8722,132,4353,3,Really love this track.,2025-05-19
8723,741,9830,2,Worth listening to.,2024-10-10
8724,196,11693,3,Worth listening to.,2025-01-08
8725,352,5524,2,Nice track.,2026-04-13
8726,527,11712,5,Good song.,2026-02-01
8727,469,1679,3,Not bad.,2025-10-26
8728,668,5272,3,Worth listening to.,2025-03-09
8729,762,15487,2,Perfect!,2024-09-13
8730,910,11221,4,Amazing song!,2026-03-12
8731,824,11935,4,Not bad.,2026-08-14
8732,359,16302,5,Great music.,2025-02-05
8733,394,5706,2,Nice track.,2026-02-13
8734,808,11173,5,Really love this track.,2025-04-10
8735,691,6158,3,Nice track.,2026-02-23
8736,601,11634,5,Very catchy.,2024-12-30
8737,445,275,5,Amazing song!,2026-07-24
8738,52,12358,4,Amazing song!,2026-06-09
8739,944,3342,5,Great music.,2026-01-20
8740,333,973,4,Nice track.,2025-04-12
8741,300,796,1,Amazing song!,2025-02-11
8742,456,15336,1,Great music.,2025-08-31
8743,43,3089,2,Good song.,2025-05-26
8744,175,9661,1,Great music.,2026-05-30
8745,994,10518,1,Not bad.,2025-02-17
8746,944,309,3,Good song.,2025-12-01
8747,100,7272,5,Nice track.,2024-12-09
8748,387,12698,5,Really love this track.,2025-08-14
8749,136,6471,3,Perfect!,2026-04-30
8750,218,15629,2,Very catchy.,2025-11-30
8751,390,12474,5,Very catchy.,2024-12-29
8752,605,1028,2,Worth listening to.,2026-07-02
8753,167,15849,3,Nice track.,2025-11-20
8754,711,3898,2,One of my favorites.,2024-10-04
8755,41,13000,4,Good song.,2026-07-14
8756,807,4131,5,Worth listening to.,2025-12-25
8757,706,4988,3,Not bad.,2024-12-06
8758,848,9767,1,One of my favorites.,2026-07-19
8759,512,5122,5,Perfect!,2025-07-30
8760,245,6993,5,Perfect!,2026-03-16
8761,892,9315,1,Really love this track.,2025-07-15
8762,343,6104,5,Worth listening to.,2025-03-01
8763,180,16434,1,Really love this track.,2024-12-16
8764,125,8096,1,One of my favorites.,2025-08-04
8765,158,8044,2,Perfect!,2026-06-25
8766,784,2548,5,Good song.,2026-08-10
8767,975,1850,2,One of my favorites.,2026-05-13
8768,130,1795,2,Really love this track.,2025-08-08
8769,350,8214,3,One of my favorites.,2025-12-30
8770,246,15970,2,Very catchy.,2025-07-07
8771,563,7046,1,Perfect!,2026-06-22
8772,415,1927,1,Perfect!,2025-11-18
8773,979,3726,1,Great music.,2025-09-12
8774,775,16499,4,Worth listening to.,2026-03-29
8775,593,1970,4,Not bad.,2026-02-18
8776,85,9636,4,One of my favorites.,2025-05-06
8777,931,10596,2,Worth listening to.,2024-09-18
8778,41,15457,4,Not bad.,2025-03-23
8779,638,11017,1,Worth listening to.,2025-02-18
8780,595,3965,1,One of my favorites.,2026-07-09
8781,286,10794,2,Great music.,2024-09-12
8782,322,6287,1,Worth listening to.,2025-03-27
8783,170,15049,2,Great music.,2025-06-28
8784,982,4118,1,Very catchy.,2025-04-15
8785,1,8595,3,Worth listening to.,2026-08-18
8786,326,4716,3,One of my favorites.,2025-03-26
8787,682,9976,3,Really love this track.,2024-10-30
8788,780,6347,5,Perfect!,2024-09-25
8789,580,14166,5,Worth listening to.,2025-07-10
8790,781,14156,1,Nice track.,2024-11-27
8791,604,10322,3,Not bad.,2025-08-15
8792,358,6883,3,Perfect!,2025-07-11
8793,413,13006,1,Amazing song!,2025-04-03
8794,187,7001,3,Great music.,2025-12-05
8795,175,7701,3,Not bad.,2025-09-06
8796,703,12250,5,Amazing song!,2024-09-14
8797,992,5708,1,Great music.,2024-10-04
8798,645,13477,5,Very catchy.,2026-02-25
8799,805,13466,2,Great music.,2025-11-09
8800,663,14056,3,Really love this track.,2025-04-22
8801,668,12185,4,Amazing song!,2025-04-24
8802,353,11090,1,Worth listening to.,2026-05-16
8803,578,7007,2,Really love this track.,2026-04-04
8804,46,7412,2,Perfect!,2025-05-26
8805,115,7771,4,Very catchy.,2025-11-13
8806,154,4730,2,Very catchy.,2024-10-02
8807,923,8210,1,One of my favorites.,2024-11-27
8808,701,5128,1,Good song.,2025-05-24
8809,841,1001,4,Not bad.,2026-03-31
8810,62,15758,2,Good song.,2026-02-02
8811,651,5307,1,Perfect!,2024-11-23
8812,19,4047,2,One of my favorites.,2025-09-26
8813,276,15229,2,Good song.,2025-07-24
8814,438,1227,5,Really love this track.,2025-05-01
8815,401,11962,2,Nice track.,2024-12-30
8816,193,4577,5,Great music.,2025-12-05
8817,863,13713,2,Amazing song!,2025-07-28
8818,541,13662,1,Good song.,2026-06-17
8819,937,6014,2,Not bad.,2026-03-03
8820,586,2293,4,Not bad.,2025-01-21
8821,769,16266,4,Worth listening to.,2025-10-16
8822,697,5544,3,Very catchy.,2024-09-13
8823,795,10805,4,Great music.,2025-12-10
8824,69,3760,1,Really love this track.,2024-12-20
8825,738,1869,4,Perfect!,2025-04-28
8826,825,12374,1,Amazing song!,2024-11-24
8827,734,12781,4,Great music.,2024-12-12
8828,128,12971,1,Worth listening to.,2025-06-16
8829,77,13154,2,Really love this track.,2024-09-15
8830,366,4626,2,Very catchy.,2025-05-15
8831,72,1964,1,Perfect!,2026-06-08
8832,195,13146,4,Nice track.,2024-09-25
8833,999,368,3,Good song.,2026-02-01
8834,333,544,2,Nice track.,2025-12-28
8835,678,11573,2,Not bad.,2026-05-30
8836,843,7705,2,Really love this track.,2025-07-24
8837,879,7133,2,Good song.,2026-01-01
8838,792,14304,1,Really love this track.,2025-11-30
8839,128,260,1,One of my favorites.,2026-03-12
8840,303,7431,3,Very catchy.,2025-07-30
8841,678,4339,5,Nice track.,2024-11-26
8842,427,2542,5,Not bad.,2026-04-01
8843,557,14666,3,Amazing song!,2026-03-23
8844,99,2713,5,Great music.,2026-05-04
8845,417,5503,5,Really love this track.,2025-02-09
8846,733,7429,5,Very catchy.,2024-12-14
8847,781,11149,5,Not bad.,2025-05-25
8848,3,5863,5,Very catchy.,2026-06-22
8849,851,11622,3,Very catchy.,2025-01-15
8850,201,1943,5,Very catchy.,2026-03-15
8851,30,8440,5,Perfect!,2025-05-26
8852,392,12505,2,Good song.,2025-06-27
8853,931,2462,3,Perfect!,2025-01-13
8854,179,3352,2,Amazing song!,2026-03-07
8855,294,5288,3,Perfect!,2025-03-19
8856,512,11109,3,Very catchy.,2026-03-05
8857,99,9479,2,Really love this track.,2025-01-15
8858,813,10054,4,Good song.,2024-12-23
8859,257,7850,4,One of my favorites.,2026-02-06
8860,615,6097,5,Very catchy.,2026-05-20
8861,169,16139,5,Amazing song!,2025-11-14
8862,43,7103,3,Nice track.,2026-09-07
8863,870,13971,3,Really love this track.,2024-10-18
8864,851,3341,3,Very catchy.,2025-05-20
8865,255,8945,3,Very catchy.,2025-10-06
8866,157,9605,4,Good song.,2026-06-23
8867,582,9074,4,Very catchy.,2025-11-10
8868,901,1886,5,Really love this track.,2025-02-07
8869,218,4367,3,Good song.,2025-08-31
8870,109,7844,2,Good song.,2026-01-27
8871,933,6793,2,Worth listening to.,2025-08-22
8872,17,12456,5,Worth listening to.,2026-01-17
8873,262,209,4,Very catchy.,2025-05-05
8874,889,10170,4,Good song.,2025-03-12
8875,984,2594,1,Worth listening to.,2025-06-09
8876,435,2086,5,One of my favorites.,2026-08-27
8877,419,7740,1,Very catchy.,2025-04-09
8878,178,215,2,Really love this track.,2026-04-08
8879,790,7158,4,Worth listening to.,2024-10-25
8880,766,2371,3,Great music.,2026-03-08
8881,93,5769,1,One of my favorites.,2026-07-03
8882,580,1952,5,Really love this track.,2026-03-18
8883,996,9249,2,Nice track.,2025-05-06
8884,588,3533,5,Not bad.,2025-10-01
8885,906,2122,4,Good song.,2025-07-22
8886,730,10527,3,Worth listening to.,2025-01-24
8887,92,2134,2,Not bad.,2026-09-09
8888,45,12639,2,Perfect!,2025-06-01
8889,872,10876,4,Perfect!,2026-04-13
8890,15,9498,2,Perfect!,2026-07-19
8891,571,1085,1,Good song.,2026-02-18
8892,873,14484,3,Great music.,2025-02-12
8893,357,13170,2,Very catchy.,2025-12-17
8894,32,2268,1,Great music.,2025-06-20
8895,105,9428,3,Amazing song!,2024-10-17
8896,857,15442,2,Worth listening to.,2026-05-03
8897,623,11074,2,Very catchy.,2024-12-02
8898,898,13265,1,Great music.,2024-11-17
8899,968,12506,3,Perfect!,2024-12-09
8900,416,918,2,Great music.,2026-08-22
8901,920,4127,2,Perfect!,2025-05-25
8902,195,9321,2,Amazing song!,2026-05-06
8903,582,4068,4,Very catchy.,2025-01-12
8904,103,16148,1,Not bad.,2026-06-07
8905,427,4194,4,Good song.,2025-05-21
8906,315,9911,2,Perfect!,2025-05-17
8907,626,1142,1,Amazing song!,2025-10-09
8908,290,15745,4,One of my favorites.,2026-02-25
8909,232,1511,2,One of my favorites.,2025-08-15
8910,987,7042,5,Not bad.,2026-06-21
8911,873,10175,5,Worth listening to.,2025-01-30
8912,446,9842,4,Perfect!,2025-09-05
8913,14,16335,2,One of my favorites.,2025-08-22
8914,811,4076,3,Great music.,2026-03-11
8915,305,2255,1,Amazing song!,2025-11-06
8916,836,14686,5,Good song.,2025-11-13
8917,585,4524,5,One of my favorites.,2025-11-03
8918,889,13795,4,Good song.,2025-01-26
8919,505,12637,3,Worth listening to.,2025-07-20
8920,481,16215,2,Nice track.,2024-10-12
8921,656,13035,2,Great music.,2025-03-01
8922,754,15327,1,Worth listening to.,2024-11-14
8923,936,13089,5,Very catchy.,2025-08-22
8924,331,4607,3,Really love this track.,2025-04-13
8925,711,3845,1,Worth listening to.,2025-10-28
8926,108,8736,5,Good song.,2025-12-11
8927,977,4230,5,Not bad.,2024-09-25
8928,354,9206,5,Worth listening to.,2025-03-14
8929,633,6406,1,Worth listening to.,2024-09-26
8930,459,5058,1,Really love this track.,2025-03-27
8931,502,16274,5,Not bad.,2026-08-17
8932,259,10137,3,Great music.,2025-06-16
8933,785,9429,5,Really love this track.,2026-05-27
8934,162,1802,4,Worth listening to.,2026-08-12
8935,329,518,2,Very catchy.,2025-10-30
8936,254,6760,2,Amazing song!,2026-08-03
8937,149,5246,4,Very catchy.,2026-05-23
8938,44,9919,2,One of my favorites.,2025-10-10
8939,357,6178,5,Good song.,2024-09-16
8940,961,9362,3,One of my favorites.,2026-03-13
8941,620,6817,3,One of my favorites.,2026-04-23
8942,360,3214,2,Very catchy.,2025-12-15
8943,934,16318,5,Perfect!,2025-09-11
8944,891,11481,1,Not bad.,2024-12-11
8945,710,11177,4,Great music.,2026-06-22
8946,122,3342,1,Very catchy.,2025-11-07
8947,586,10387,1,Not bad.,2025-08-12
8948,985,2256,2,Great music.,2024-11-02
8949,981,13397,3,Great music.,2026-05-24
8950,888,4538,3,One of my favorites.,2026-08-02
8951,415,1874,1,Amazing song!,2026-07-02
8952,499,7466,5,Really love this track.,2026-06-28
8953,278,13883,4,One of my favorites.,2025-05-09
8954,757,5775,1,Nice track.,2026-06-15
8955,641,12245,2,One of my favorites.,2026-08-11
8956,722,2785,2,Very catchy.,2024-12-21
8957,646,3958,2,Amazing song!,2025-01-27
8958,331,4849,5,Perfect!,2025-12-28
8959,530,12414,2,Very catchy.,2026-08-05
8960,862,12887,3,Perfect!,2025-03-01
8961,745,7118,5,One of my favorites.,2025-06-23
8962,884,14632,5,Amazing song!,2026-03-10
8963,122,1477,4,Really love this track.,2025-05-24
8964,400,3673,2,Really love this track.,2026-03-02
8965,639,3955,2,Good song.,2026-04-30
8966,787,1867,4,Not bad.,2025-04-28
8967,131,10867,5,Not bad.,2026-02-06
8968,994,10010,4,Not bad.,2026-04-01
8969,134,2507,1,Amazing song!,2025-06-21
8970,808,8342,2,Very catchy.,2025-12-18
8971,323,191,1,Not bad.,2026-07-25
8972,388,1340,5,Great music.,2025-01-29
8973,539,10140,4,Great music.,2024-10-16
8974,322,7402,3,Very catchy.,2025-05-22
8975,479,704,5,Good song.,2026-04-06
8976,182,15464,2,Amazing song!,2026-05-20
8977,624,533,4,Nice track.,2025-06-11
8978,572,9913,5,Not bad.,2025-11-22
8979,168,14024,1,Good song.,2025-07-23
8980,577,14946,2,Worth listening to.,2025-08-21
8981,434,9979,2,Really love this track.,2025-05-18
8982,742,3679,1,Not bad.,2025-08-22
8983,871,4318,4,Perfect!,2025-10-01
8984,210,10988,5,Not bad.,2025-12-20
8985,745,944,3,Really love this track.,2025-12-26
8986,862,297,4,Nice track.,2026-07-05
8987,757,2984,3,Amazing song!,2024-11-18
8988,225,3389,1,Worth listening to.,2024-12-03
8989,484,4323,1,Amazing song!,2026-02-21
8990,408,13309,3,Very catchy.,2025-02-04
8991,83,2932,3,Amazing song!,2026-05-13
8992,406,8015,2,Perfect!,2025-08-25
8993,712,7829,4,Nice track.,2025-12-15
8994,624,9177,1,Really love this track.,2026-05-23
8995,770,5030,2,One of my favorites.,2025-11-10
8996,357,9587,1,Nice track.,2025-03-03
8997,994,16560,2,Good song.,2024-09-25
8998,972,3215,4,Good song.,2026-03-15
8999,443,14471,1,Amazing song!,2025-05-06
9000,244,261,1,Amazing song!,2026-04-23
9001,486,12855,2,Nice track.,2025-05-26
9002,780,8872,4,Worth listening to.,2025-09-09
9003,207,7024,3,Perfect!,2025-07-27
9004,47,9775,3,One of my favorites.,2024-12-30
9005,508,3754,5,Perfect!,2025-08-20
9006,640,1658,2,Worth listening to.,2026-07-21
9007,340,10522,3,Perfect!,2025-03-24
9008,75,6841,1,Worth listening to.,2025-05-21
9009,228,11284,3,Good song.,2026-04-29
9010,653,14954,5,Really love this track.,2026-07-17
9011,474,4106,4,One of my favorites.,2026-02-23
9012,610,1523,1,Great music.,2024-11-30
9013,4,5914,1,Great music.,2024-11-18
9014,501,1765,5,Really love this track.,2025-07-10
9015,203,11227,5,Great music.,2024-09-11
9016,834,10276,2,Nice track.,2025-11-11
9017,171,14133,2,Perfect!,2025-11-27
9018,473,205,2,Good song.,2026-08-04
9019,314,8025,1,Really love this track.,2026-07-02
9020,639,5607,2,Not bad.,2025-06-15
9021,357,6446,5,Amazing song!,2025-10-28
9022,212,11461,2,Really love this track.,2025-11-28
9023,456,16251,1,Great music.,2025-09-06
9024,718,3456,4,Great music.,2026-08-20
9025,68,14156,2,Perfect!,2024-10-11
9026,791,1948,1,Good song.,2026-05-23
9027,741,141,1,Nice track.,2026-04-21
9028,405,8594,4,Very catchy.,2024-12-04
9029,267,8889,5,Great music.,2026-07-25
9030,155,1478,3,Great music.,2025-06-08
9031,944,10794,2,Not bad.,2026-02-05
9032,834,3752,2,Good song.,2026-09-02
9033,166,5279,3,Nice track.,2025-01-19
9034,723,14767,3,Very catchy.,2025-01-30
9035,782,3067,4,Nice track.,2024-12-10
9036,80,3549,2,Really love this track.,2026-05-07
9037,711,6799,4,Not bad.,2025-02-17
9038,615,4876,1,Very catchy.,2025-02-14
9039,169,4301,3,Good song.,2025-07-02
9040,575,1542,5,Amazing song!,2026-03-15
9041,667,15360,2,Nice track.,2025-10-21
9042,316,15840,3,One of my favorites.,2025-12-17
9043,777,12788,3,Very catchy.,2026-05-07
9044,935,3511,2,One of my favorites.,2025-06-30
9045,656,8297,4,Great music.,2024-10-28
9046,926,14308,3,Nice track.,2024-09-17
9047,341,9188,4,Perfect!,2026-08-23
9048,427,10423,4,Great music.,2025-10-15
9049,594,737,2,Nice track.,2025-02-10
9050,502,15966,4,Nice track.,2025-04-10
9051,416,12516,1,Perfect!,2025-09-02
9052,468,12383,3,Perfect!,2025-08-13
9053,549,13274,5,Amazing song!,2026-02-21
9054,177,9201,3,Good song.,2026-04-15
9055,870,15315,3,Great music.,2024-11-04
9056,914,15129,2,Very catchy.,2024-12-20
9057,982,13543,2,Amazing song!,2026-02-14
9058,879,7443,3,Not bad.,2025-10-10
9059,421,10766,4,Very catchy.,2026-01-17
9060,70,5584,2,Good song.,2025-12-03
9061,395,3129,3,Not bad.,2026-08-01
9062,771,13508,4,Worth listening to.,2025-10-16
9063,198,5998,1,Nice track.,2025-12-10
9064,623,6699,3,One of my favorites.,2026-01-03
9065,803,10013,4,Really love this track.,2026-03-25
9066,442,4409,5,Nice track.,2025-03-06
9067,489,13795,1,One of my favorites.,2024-09-16
9068,568,10641,3,Worth listening to.,2026-02-26
9069,461,14450,5,Perfect!,2026-08-27
9070,373,4952,2,Really love this track.,2025-10-01
9071,734,9132,1,Nice track.,2025-04-17
9072,937,13921,1,Really love this track.,2025-07-11
9073,634,9948,3,Nice track.,2026-08-12
9074,706,7084,3,One of my favorites.,2024-12-02
9075,74,14455,5,Not bad.,2026-04-09
9076,408,4946,3,Great music.,2024-12-10
9077,848,3232,1,Really love this track.,2026-04-14
9078,278,5065,3,Very catchy.,2025-03-21
9079,316,3142,2,Very catchy.,2026-04-01
9080,138,13164,1,Really love this track.,2026-06-23
9081,644,13524,3,Amazing song!,2025-11-29
9082,355,5056,3,One of my favorites.,2025-12-24
9083,923,144,4,Not bad.,2026-04-20
9084,976,5632,1,Worth listening to.,2026-01-20
9085,203,14047,4,Worth listening to.,2025-09-18
9086,153,14226,1,Worth listening to.,2025-12-03
9087,354,13462,5,One of my favorites.,2026-07-29
9088,344,171,3,Worth listening to.,2026-07-11
9089,942,10185,3,Good song.,2026-06-29
9090,969,3643,5,One of my favorites.,2025-12-16
9091,12,7053,4,Very catchy.,2024-12-18
9092,573,7349,3,Very catchy.,2025-09-08
9093,779,5239,5,Perfect!,2024-12-01
9094,284,13110,3,Not bad.,2026-01-15
9095,685,5052,4,Not bad.,2026-08-15
9096,446,2555,5,Perfect!,2026-09-02
9097,838,8263,3,Great music.,2025-05-24
9098,915,9944,3,Very catchy.,2026-03-05
9099,470,697,2,Not bad.,2025-07-13
9100,696,13054,1,Very catchy.,2026-09-07
9101,634,3774,2,Nice track.,2024-10-18
9102,299,12829,5,Great music.,2026-08-20
9103,991,9444,4,Good song.,2026-05-12
9104,276,15097,4,Worth listening to.,2026-07-08
9105,342,404,3,Not bad.,2026-07-02
9106,97,13368,4,Worth listening to.,2025-03-01
9107,689,8850,3,Amazing song!,2025-02-22
9108,133,6646,4,Worth listening to.,2025-10-20
9109,90,3795,4,Perfect!,2026-02-18
9110,790,8636,2,Good song.,2025-09-23
9111,664,6282,2,Amazing song!,2026-04-15
9112,578,8982,5,Really love this track.,2025-11-05
9113,462,15223,3,Worth listening to.,2026-07-28
9114,954,7283,1,Worth listening to.,2025-10-19
9115,367,9738,4,Perfect!,2026-02-18
9116,819,9310,5,Not bad.,2025-06-12
9117,248,14476,3,Good song.,2026-07-28
9118,970,15104,1,Really love this track.,2026-06-16
9119,497,11245,5,One of my favorites.,2025-01-02
9120,115,15115,2,Very catchy.,2025-10-14
9121,552,10915,4,Perfect!,2025-06-21
9122,413,1452,1,Not bad.,2026-04-04
9123,54,14876,5,Not bad.,2026-01-23
9124,184,14168,2,Perfect!,2025-11-20
9125,974,9103,3,Great music.,2026-07-11
9126,432,418,2,Perfect!,2026-01-01
9127,851,1799,1,Amazing song!,2025-10-13
9128,3,1998,1,Great music.,2025-07-16
9129,304,5373,5,Good song.,2025-10-14
9130,639,6346,5,Nice track.,2026-01-30
9131,269,15703,2,Good song.,2024-12-01
9132,758,3328,1,Worth listening to.,2025-11-09
9133,350,4257,4,Good song.,2026-05-04
9134,825,349,4,Amazing song!,2026-04-29
9135,699,6131,3,One of my favorites.,2025-03-30
9136,191,9633,2,Amazing song!,2026-05-06
9137,287,7355,5,One of my favorites.,2025-03-12
9138,311,9927,4,Really love this track.,2025-12-01
9139,209,9916,2,Amazing song!,2025-09-09
9140,510,6646,1,Very catchy.,2025-07-15
9141,441,2574,3,Nice track.,2026-03-06
9142,620,2805,3,Really love this track.,2025-03-18
9143,43,14313,5,Perfect!,2024-10-20
9144,862,123,2,Not bad.,2026-03-17
9145,822,5420,3,Really love this track.,2026-08-18
9146,627,11597,1,One of my favorites.,2026-08-08
9147,992,7817,4,Perfect!,2025-11-26
9148,965,13053,3,Worth listening to.,2024-09-17
9149,336,1999,1,Nice track.,2026-01-25
9150,110,8072,5,One of my favorites.,2024-09-14
9151,20,9118,2,Worth listening to.,2025-09-11
9152,223,9706,5,Very catchy.,2025-03-14
9153,792,7648,1,Really love this track.,2025-10-01
9154,819,8505,1,Perfect!,2025-12-11
9155,246,15059,1,One of my favorites.,2025-04-20
9156,783,12783,1,One of my favorites.,2026-01-02
9157,673,3755,4,Amazing song!,2025-12-07
9158,598,14198,5,Perfect!,2025-12-30
9159,801,2220,1,Worth listening to.,2026-07-02
9160,279,14418,3,Nice track.,2026-05-12
9161,190,80,4,Not bad.,2026-03-30
9162,162,4448,1,Worth listening to.,2026-01-31
9163,578,6083,4,Perfect!,2026-06-12
9164,304,15414,2,Perfect!,2025-04-29
9165,98,6678,2,Really love this track.,2026-05-11
9166,409,11266,4,Not bad.,2025-04-13
9167,645,4861,2,Perfect!,2025-05-11
9168,852,8803,3,Not bad.,2025-09-05
9169,306,15194,2,Perfect!,2026-02-24
9170,41,15714,3,Nice track.,2026-08-11
9171,842,4328,1,Really love this track.,2026-01-23
9172,675,5908,1,Amazing song!,2026-02-05
9173,874,13665,4,Not bad.,2025-03-26
9174,728,9181,4,Perfect!,2026-07-18
9175,19,8721,3,Amazing song!,2026-05-25
9176,148,8606,1,Not bad.,2025-05-09
9177,861,16355,4,Amazing song!,2025-04-14
9178,350,5559,1,Worth listening to.,2024-12-05
9179,186,12281,2,Great music.,2026-07-03
9180,714,10451,3,Nice track.,2024-10-14
9181,186,3879,4,Really love this track.,2025-08-28
9182,84,5854,5,Amazing song!,2025-07-21
9183,825,11450,4,Really love this track.,2025-12-06
9184,794,1520,1,Worth listening to.,2026-08-15
9185,324,7492,3,One of my favorites.,2026-06-16
9186,985,593,4,Amazing song!,2025-01-21
9187,668,5087,1,Perfect!,2026-04-11
9188,899,1307,1,Amazing song!,2025-08-07
9189,571,16000,1,Amazing song!,2024-12-25
9190,910,11036,2,Great music.,2025-07-07
9191,158,5739,2,Really love this track.,2026-01-21
9192,170,4581,2,Nice track.,2026-05-02
9193,161,4761,5,One of my favorites.,2026-08-31
9194,451,1073,5,Amazing song!,2025-06-04
9195,139,10600,3,Really love this track.,2025-04-20
9196,156,14216,1,Really love this track.,2026-02-01
9197,154,11632,1,Worth listening to.,2025-03-10
9198,285,5699,1,Nice track.,2025-04-30
9199,407,11812,5,One of my favorites.,2026-04-30
9200,344,8494,3,Not bad.,2025-08-28
9201,506,7095,1,Amazing song!,2026-06-17
9202,970,11171,4,Perfect!,2025-06-13
9203,122,982,4,Not bad.,2025-11-26
9204,166,7441,5,Perfect!,2024-12-04
9205,4,2949,1,Amazing song!,2026-02-28
9206,671,10057,1,Very catchy.,2025-07-11
9207,585,6607,5,Very catchy.,2024-10-05
9208,57,6222,1,Really love this track.,2026-09-08
9209,289,15913,4,One of my favorites.,2026-05-25
9210,826,3286,2,Worth listening to.,2026-04-03
9211,384,201,2,Great music.,2025-03-31
9212,782,13042,3,Really love this track.,2025-03-23
9213,686,8904,5,Nice track.,2025-06-02
9214,458,12164,3,Great music.,2025-12-05
9215,365,13922,5,Good song.,2026-01-30
9216,460,2182,5,Nice track.,2026-08-26
9217,945,8081,1,Nice track.,2025-10-16
9218,964,1944,4,Great music.,2025-02-20
9219,355,2654,1,Really love this track.,2026-08-27
9220,403,10013,4,Amazing song!,2025-12-29
9221,466,10069,2,Good song.,2025-10-16
9222,944,8876,3,Very catchy.,2025-05-24
9223,256,1857,5,Nice track.,2026-01-10
9224,483,3068,3,Good song.,2026-01-18
9225,386,7336,1,Great music.,2026-03-16
9226,667,9012,3,Great music.,2026-07-12
9227,928,15203,1,Worth listening to.,2025-11-25
9228,769,14658,2,Good song.,2026-04-09
9229,458,5640,3,Worth listening to.,2024-10-23
9230,148,15277,1,Good song.,2025-09-04
9231,881,6497,4,Good song.,2026-06-03
9232,363,4585,5,Good song.,2025-12-25
9233,970,4997,1,Great music.,2026-03-11
9234,762,6805,3,Great music.,2026-05-12
9235,321,6803,3,Great music.,2025-11-29
9236,426,2426,4,One of my favorites.,2025-08-10
9237,1000,446,2,Good song.,2025-06-20
9238,990,12267,2,One of my favorites.,2025-10-09
9239,323,2153,1,Perfect!,2026-07-07
9240,493,615,3,Very catchy.,2025-05-13
9241,668,3356,5,Perfect!,2025-08-26
9242,102,464,4,Really love this track.,2025-10-10
9243,559,12754,2,Great music.,2026-04-21
9244,420,1039,1,Great music.,2025-03-03
9245,609,5930,1,Nice track.,2026-08-28
9246,371,11471,1,One of my favorites.,2026-02-14
9247,689,14261,5,Great music.,2025-10-01
9248,655,1845,1,One of my favorites.,2025-05-25
9249,446,12059,1,Worth listening to.,2025-07-31
9250,131,4319,4,Perfect!,2026-02-10
9251,438,13632,4,Perfect!,2026-05-23
9252,858,3601,3,Very catchy.,2025-11-13
9253,663,13979,5,Great music.,2024-11-05
9254,18,10794,2,Worth listening to.,2025-07-01
9255,348,14870,4,Worth listening to.,2025-09-16
9256,444,16564,1,Perfect!,2025-10-24
9257,255,3833,2,Not bad.,2025-05-09
9258,181,878,1,Amazing song!,2026-06-12
9259,79,3082,3,Not bad.,2025-02-27
9260,836,13412,4,One of my favorites.,2025-05-07
9261,227,1519,1,Not bad.,2026-02-18
9262,308,1858,4,Nice track.,2024-10-11
9263,884,7158,4,Perfect!,2025-09-25
9264,421,3721,4,Great music.,2026-06-26
9265,500,6000,5,Nice track.,2026-03-03
9266,792,7569,1,Great music.,2025-02-21
9267,50,10904,5,Nice track.,2024-10-25
9268,331,300,3,Not bad.,2025-08-20
9269,132,15632,5,Really love this track.,2026-01-30
9270,907,13184,1,Very catchy.,2026-02-13
9271,946,10143,4,Really love this track.,2024-11-26
9272,220,3852,4,Very catchy.,2026-05-30
9273,352,8172,5,Good song.,2026-02-26
9274,168,7597,3,Good song.,2026-06-25
9275,283,3383,5,Very catchy.,2025-09-07
9276,900,11424,3,Nice track.,2025-09-07
9277,8,15458,3,Perfect!,2025-07-09
9278,889,12992,4,Really love this track.,2024-11-22
9279,655,6409,2,Perfect!,2026-07-26
9280,808,13821,1,Good song.,2026-08-27
9281,1,9820,2,Very catchy.,2026-02-25
9282,465,3804,2,Perfect!,2026-01-18
9283,432,1641,5,Not bad.,2026-07-10
9284,69,1589,2,Great music.,2025-02-08
9285,109,14988,5,Perfect!,2025-05-14
9286,949,12484,2,Great music.,2026-02-03
9287,214,7834,2,Perfect!,2024-09-30
9288,415,12025,4,Nice track.,2026-01-22
9289,178,5962,3,Very catchy.,2026-01-10
9290,573,13136,5,Very catchy.,2024-09-13
9291,769,8618,2,Perfect!,2025-09-28
9292,922,229,3,Not bad.,2025-10-10
9293,295,10913,3,Nice track.,2025-10-31
9294,959,14111,3,Good song.,2025-02-27
9295,578,14419,3,Amazing song!,2025-07-09
9296,464,4720,2,Amazing song!,2025-12-08
9297,221,13364,1,Great music.,2025-01-10
9298,344,1420,1,Very catchy.,2025-01-04
9299,538,239,2,Nice track.,2025-02-06
9300,751,3501,4,Good song.,2025-02-11
9301,274,8760,5,Very catchy.,2026-03-20
9302,250,1758,3,One of my favorites.,2026-03-17
9303,153,6026,5,Worth listening to.,2025-10-05
9304,629,12371,2,One of my favorites.,2025-05-18
9305,426,3152,2,One of my favorites.,2025-04-18
9306,489,6884,3,Good song.,2024-09-21
9307,749,1590,2,One of my favorites.,2025-03-13
9308,687,712,3,Nice track.,2026-08-14
9309,163,14298,4,Worth listening to.,2025-02-04
9310,853,12264,2,Great music.,2025-07-25
9311,686,9872,5,Not bad.,2025-12-06
9312,313,16457,4,Good song.,2025-12-11
9313,562,14946,4,Good song.,2025-12-24
9314,273,6441,3,Not bad.,2025-06-02
9315,58,137,2,Amazing song!,2024-12-20
9316,696,9284,2,Not bad.,2025-11-15
9317,242,712,5,Amazing song!,2025-05-27
9318,589,5896,1,One of my favorites.,2026-02-22
9319,793,4908,2,Perfect!,2026-04-28
9320,189,5925,4,Really love this track.,2024-10-14
9321,489,9341,5,Really love this track.,2026-03-30
9322,630,11037,3,Perfect!,2025-02-03
9323,117,9469,4,Amazing song!,2025-03-04
9324,366,16589,1,Very catchy.,2024-11-17
9325,101,13396,1,Really love this track.,2026-04-28
9326,211,6623,1,Good song.,2024-12-27
9327,959,9226,5,Really love this track.,2026-09-03
9328,768,9695,4,Great music.,2026-06-10
9329,90,12749,2,Really love this track.,2026-02-23
9330,54,4690,3,One of my favorites.,2026-05-26
9331,948,10794,5,Very catchy.,2025-07-12
9332,884,13253,2,Worth listening to.,2025-05-13
9333,520,3702,1,Really love this track.,2025-02-09
9334,227,14969,3,Worth listening to.,2025-01-12
9335,504,7141,4,Nice track.,2025-09-02
9336,608,15829,3,Amazing song!,2025-03-14
9337,598,1784,5,Really love this track.,2025-05-12
9338,412,5337,4,One of my favorites.,2026-03-04
9339,167,13383,5,Perfect!,2026-02-14
9340,978,1776,3,Amazing song!,2026-03-17
9341,398,1201,3,Perfect!,2025-05-26
9342,74,4524,5,Great music.,2026-06-01
9343,774,12334,1,Good song.,2024-12-12
9344,774,7904,1,Amazing song!,2025-04-20
9345,832,5105,5,Worth listening to.,2026-01-07
9346,25,1895,1,Amazing song!,2025-08-26
9347,11,8147,1,Not bad.,2025-01-10
9348,834,13553,3,Very catchy.,2025-04-02
9349,10,8151,2,Amazing song!,2025-12-16
9350,743,3572,1,Great music.,2026-02-28
9351,330,5160,4,Perfect!,2024-10-22
9352,995,16359,2,Great music.,2025-02-04
9353,866,14259,1,Nice track.,2024-12-28
9354,233,7442,3,Nice track.,2024-12-19
9355,118,1039,5,Very catchy.,2025-03-20
9356,622,7254,2,Perfect!,2025-04-07
9357,925,3468,4,One of my favorites.,2025-09-20
9358,786,2895,5,Amazing song!,2025-09-24
9359,316,4178,5,Great music.,2024-11-08
9360,999,1956,4,One of my favorites.,2025-04-25
9361,21,11171,2,Nice track.,2025-08-06
9362,28,9898,4,Nice track.,2026-05-19
9363,606,7660,2,Really love this track.,2025-12-30
9364,706,4629,1,Very catchy.,2025-05-25
9365,280,16535,2,Really love this track.,2026-07-31
9366,239,10081,1,Perfect!,2024-10-06
9367,483,10707,3,One of my favorites.,2025-12-09
9368,786,6278,5,Worth listening to.,2025-03-18
9369,801,9067,4,Really love this track.,2026-03-16
9370,665,1558,3,Really love this track.,2025-06-15
9371,236,11998,3,Great music.,2025-05-12
9372,499,10422,4,Very catchy.,2025-06-23
9373,581,1601,2,Not bad.,2025-06-05
9374,689,7550,2,Amazing song!,2026-03-04
9375,591,2023,4,Very catchy.,2025-08-27
9376,18,7345,4,Really love this track.,2024-10-13
9377,517,4060,3,One of my favorites.,2026-08-21
9378,635,4281,5,One of my favorites.,2025-01-04
9379,313,14618,5,Really love this track.,2024-10-09
9380,470,1733,4,Perfect!,2024-10-12
9381,865,15360,3,Great music.,2025-07-27
9382,146,7796,5,Not bad.,2024-12-08
9383,323,6409,3,Very catchy.,2025-09-11
9384,880,7495,1,Good song.,2025-03-25
9385,930,11813,5,Very catchy.,2024-11-07
9386,817,15548,4,Very catchy.,2025-02-09
9387,189,11778,2,Worth listening to.,2025-08-01
9388,784,4525,5,Very catchy.,2025-05-09
9389,835,9186,4,Good song.,2025-04-05
9390,742,13159,2,Worth listening to.,2026-09-08
9391,716,13924,5,Perfect!,2026-09-05
9392,9,7683,2,Very catchy.,2026-05-19
9393,389,7150,3,Not bad.,2025-06-17
9394,150,4653,4,Not bad.,2025-11-22
9395,229,7915,5,Not bad.,2025-04-11
9396,578,1158,5,Great music.,2026-05-24
9397,906,4636,2,Very catchy.,2025-09-11
9398,335,5601,3,Good song.,2026-05-24
9399,337,49,3,Amazing song!,2025-07-12
9400,634,8903,3,Great music.,2024-12-06
9401,995,12292,1,Amazing song!,2026-04-28
9402,448,5249,1,Really love this track.,2025-01-13
9403,967,10244,3,Not bad.,2024-12-03
9404,479,398,5,Nice track.,2025-11-12
9405,100,4014,1,Really love this track.,2025-11-22
9406,536,114,4,Perfect!,2025-03-23
9407,341,8506,5,Good song.,2026-09-01
9408,886,14227,3,Good song.,2026-02-07
9409,208,2500,2,Not bad.,2025-12-18
9410,646,12525,1,Good song.,2024-11-22
9411,199,6881,4,Not bad.,2026-01-17
9412,360,3042,5,Nice track.,2025-01-03
9413,966,12880,4,Great music.,2025-09-16
9414,32,473,4,Not bad.,2026-02-18
9415,102,14532,2,One of my favorites.,2026-04-02
9416,835,4998,2,Not bad.,2026-04-21
9417,882,643,3,One of my favorites.,2026-05-14
9418,883,8681,1,Amazing song!,2024-09-22
9419,301,7279,2,Good song.,2026-06-27
9420,91,9684,3,One of my favorites.,2025-08-02
9421,845,1744,5,Good song.,2025-05-21
9422,645,6823,2,Good song.,2024-10-04
9423,848,1261,4,One of my favorites.,2025-08-16
9424,757,3617,4,Perfect!,2026-04-04
9425,169,1875,2,Really love this track.,2025-07-22
9426,346,5480,2,Good song.,2024-11-30
9427,198,5316,2,Very catchy.,2026-08-15
9428,378,14817,3,Worth listening to.,2025-01-08
9429,707,238,4,Amazing song!,2025-01-20
9430,591,8923,1,One of my favorites.,2026-07-18
9431,214,13137,1,Really love this track.,2025-01-05
9432,700,4665,1,Perfect!,2026-08-15
9433,567,5304,3,Really love this track.,2025-11-05
9434,570,5080,4,One of my favorites.,2026-01-28
9435,160,486,2,Good song.,2025-03-13
9436,448,8995,5,One of my favorites.,2026-02-02
9437,23,12266,4,Great music.,2026-03-16
9438,338,4959,3,Not bad.,2026-01-15
9439,957,15288,2,Really love this track.,2024-10-01
9440,749,5725,3,Really love this track.,2025-06-21
9441,938,6415,3,Nice track.,2025-07-07
9442,492,8809,5,Very catchy.,2025-04-28
9443,313,4377,3,One of my favorites.,2025-04-19
9444,738,8047,5,Perfect!,2025-08-02
9445,393,1633,5,Perfect!,2025-11-17
9446,583,13771,1,Perfect!,2026-03-04
9447,430,697,1,One of my favorites.,2025-06-11
9448,545,8820,3,Not bad.,2025-03-22
9449,39,3993,2,Good song.,2026-02-14
9450,598,1476,5,Not bad.,2024-09-14
9451,864,4601,1,Amazing song!,2026-09-08
9452,590,15881,3,Very catchy.,2025-03-29
9453,425,767,5,Great music.,2025-06-26
9454,939,7404,3,Nice track.,2025-06-25
9455,820,5726,2,Perfect!,2025-05-20
9456,814,12593,2,Not bad.,2026-06-03
9457,546,4211,4,Very catchy.,2026-09-10
9458,219,1830,2,One of my favorites.,2025-06-02
9459,623,8595,1,Nice track.,2025-12-05
9460,898,169,1,Great music.,2025-05-27
9461,990,11543,1,Not bad.,2024-10-20
9462,837,8295,5,Great music.,2024-12-17
9463,221,1647,5,Nice track.,2025-07-24
9464,343,1344,5,Perfect!,2025-02-22
9465,980,238,5,Very catchy.,2026-03-13
9466,2,9416,2,Perfect!,2025-05-27
9467,986,7866,4,Good song.,2025-08-09
9468,795,15239,1,Good song.,2024-09-16
9469,721,5905,2,Nice track.,2025-10-04
9470,643,12896,4,Great music.,2025-10-03
9471,394,5510,1,Not bad.,2025-09-24
9472,22,5867,4,Good song.,2026-04-30
9473,779,3631,1,Nice track.,2025-11-03
9474,718,5836,4,Not bad.,2025-12-25
9475,936,13643,5,Really love this track.,2026-05-26
9476,382,7607,2,Worth listening to.,2026-02-15
9477,545,7076,3,Nice track.,2025-05-11
9478,657,7317,5,Good song.,2026-08-28
9479,232,2415,5,Very catchy.,2026-05-20
9480,923,10442,3,Really love this track.,2025-02-26
9481,587,8012,4,Very catchy.,2025-03-10
9482,274,1365,5,One of my favorites.,2026-01-25
9483,884,14126,2,Really love this track.,2024-12-26
9484,937,13723,1,Really love this track.,2025-09-25
9485,266,198,3,Nice track.,2025-07-26
9486,40,8782,5,Good song.,2026-07-09
9487,477,4582,3,Amazing song!,2025-02-06
9488,871,2523,2,Nice track.,2025-12-02
9489,325,11395,2,Really love this track.,2026-03-26
9490,812,5326,5,Amazing song!,2025-12-21
9491,244,10009,4,Amazing song!,2024-10-28
9492,32,11816,2,Nice track.,2025-04-03
9493,4,14723,2,Great music.,2026-02-19
9494,689,4209,2,Good song.,2026-06-12
9495,338,3228,1,Worth listening to.,2025-07-27
9496,308,15363,3,Great music.,2024-10-08
9497,781,13597,2,Not bad.,2024-10-03
9498,570,2302,1,Nice track.,2025-10-19
9499,261,14793,3,Nice track.,2025-01-27
9500,664,1183,1,One of my favorites.,2026-03-04
9501,353,11349,1,Perfect!,2026-04-10
9502,21,4460,2,Not bad.,2026-06-13
9503,742,2005,5,Perfect!,2025-03-19
9504,592,5444,1,Very catchy.,2025-07-18
9505,877,16459,5,Very catchy.,2025-11-24
9506,117,6154,3,Very catchy.,2025-06-30
9507,941,9533,3,One of my favorites.,2026-03-24
9508,268,14917,1,Amazing song!,2026-02-06
9509,822,14537,4,Very catchy.,2026-06-09
9510,636,15084,3,Perfect!,2026-06-21
9511,366,13503,4,Perfect!,2024-12-30
9512,197,16434,3,Really love this track.,2025-08-06
9513,209,13556,3,Nice track.,2026-08-03
9514,837,8658,3,Really love this track.,2026-09-02
9515,456,13167,5,One of my favorites.,2025-11-22
9516,143,8506,1,Nice track.,2024-09-24
9517,934,11745,2,One of my favorites.,2025-01-31
9518,712,11632,2,Good song.,2026-02-25
9519,371,493,2,One of my favorites.,2025-01-31
9520,384,11049,4,One of my favorites.,2025-01-05
9521,86,2724,1,Good song.,2024-10-29
9522,170,6101,4,Good song.,2025-11-23
9523,772,10636,4,Worth listening to.,2025-08-21
9524,681,1887,4,Nice track.,2025-06-28
9525,846,8599,1,Perfect!,2025-05-30
9526,758,10472,1,Great music.,2026-02-18
9527,221,10533,3,Amazing song!,2024-09-29
9528,861,9136,4,Nice track.,2025-07-19
9529,663,7202,4,Nice track.,2024-11-30
9530,542,11342,1,Nice track.,2025-09-01
9531,681,13901,5,Good song.,2026-05-04
9532,688,12628,1,Worth listening to.,2025-12-25
9533,151,15392,3,Great music.,2024-10-09
9534,558,15258,4,Really love this track.,2025-08-12
9535,837,3302,1,Nice track.,2026-01-23
9536,88,14326,5,Not bad.,2026-09-09
9537,539,13030,4,Good song.,2026-08-23
9538,441,7274,3,One of my favorites.,2025-09-05
9539,553,1557,2,Nice track.,2024-09-29
9540,731,6784,3,Perfect!,2026-08-24
9541,266,14332,3,Really love this track.,2026-03-25
9542,75,13569,3,Really love this track.,2024-11-02
9543,564,1194,2,Very catchy.,2025-06-02
9544,89,2850,1,Very catchy.,2026-02-19
9545,777,255,2,Not bad.,2024-12-03
9546,279,15025,4,Worth listening to.,2025-01-23
9547,644,15446,3,Worth listening to.,2024-10-11
9548,146,6804,2,Good song.,2024-10-24
9549,594,12821,5,Nice track.,2025-02-18
9550,945,7157,1,Amazing song!,2025-12-08
9551,602,8252,1,Really love this track.,2026-07-01
9552,631,2537,5,Great music.,2025-02-20
9553,68,8281,1,Worth listening to.,2025-03-26
9554,269,16444,4,Really love this track.,2025-05-09
9555,682,7457,4,One of my favorites.,2025-12-30
9556,954,1500,5,Worth listening to.,2024-10-06
9557,208,7803,1,Not bad.,2025-09-01
9558,669,12362,2,Not bad.,2025-08-15
9559,624,8913,2,Perfect!,2025-12-20
9560,701,9133,1,Not bad.,2025-09-15
9561,625,14507,1,Worth listening to.,2026-08-06
9562,315,15742,5,Not bad.,2025-01-16
9563,52,12659,2,Worth listening to.,2026-08-20
9564,470,6002,1,Not bad.,2024-12-08
9565,62,6702,5,Perfect!,2025-07-05
9566,306,7062,5,Great music.,2025-01-30
9567,211,12423,1,Nice track.,2026-03-30
9568,925,2610,3,Amazing song!,2024-11-07
9569,398,10263,1,Worth listening to.,2025-11-13
9570,581,1790,1,Perfect!,2026-01-28
9571,696,10896,3,Perfect!,2025-02-08
9572,596,9726,4,Amazing song!,2026-02-25
9573,104,633,1,Worth listening to.,2025-03-14
9574,16,4721,1,Worth listening to.,2026-04-20
9575,600,16032,4,Perfect!,2026-02-26
9576,298,1172,3,Great music.,2026-06-08
9577,996,3429,2,Nice track.,2025-03-09
9578,156,12837,2,Very catchy.,2025-12-11
9579,574,3965,5,Really love this track.,2026-04-04
9580,718,5178,3,Great music.,2026-01-17
9581,85,3279,5,Not bad.,2026-07-07
9582,836,15979,2,Great music.,2026-06-24
9583,623,8287,5,Really love this track.,2024-11-06
9584,183,13879,4,Nice track.,2026-04-09
9585,818,9960,3,Really love this track.,2025-12-18
9586,455,9908,4,Perfect!,2025-01-11
9587,296,4896,2,Really love this track.,2025-12-03
9588,714,4655,2,Really love this track.,2026-08-26
9589,139,15529,5,Perfect!,2025-07-01
9590,242,14230,3,Not bad.,2026-05-12
9591,323,4504,2,Really love this track.,2026-01-27
9592,721,15625,2,Good song.,2025-12-28
9593,474,472,2,Perfect!,2025-01-02
9594,124,8990,4,Great music.,2024-12-07
9595,279,8635,3,Good song.,2024-09-12
9596,468,11540,5,One of my favorites.,2026-07-03
9597,5,9527,4,Nice track.,2025-05-30
9598,275,9159,3,Really love this track.,2025-03-04
9599,767,9850,1,Worth listening to.,2024-09-30
9600,626,3724,2,Good song.,2025-09-19
9601,574,11670,4,Nice track.,2024-11-16
9602,844,4886,3,Really love this track.,2025-01-12
9603,761,7066,4,One of my favorites.,2025-01-23
9604,508,4671,5,Really love this track.,2026-08-26
9605,594,4674,4,Great music.,2025-08-01
9606,83,3741,4,Really love this track.,2024-10-13
9607,716,1173,3,Very catchy.,2026-07-15
9608,125,15752,5,One of my favorites.,2024-10-24
9609,227,2702,4,Great music.,2026-08-09
9610,87,6829,5,Really love this track.,2025-11-19
9611,536,14303,2,Very catchy.,2024-12-17
9612,729,1637,1,One of my favorites.,2026-07-29
9613,635,16497,3,Amazing song!,2025-01-01
9614,715,1702,2,One of my favorites.,2025-10-12
9615,272,12244,3,Nice track.,2025-03-11
9616,501,2682,1,Perfect!,2026-01-30
9617,740,7128,3,Not bad.,2025-09-05
9618,432,8998,4,Worth listening to.,2025-08-22
9619,900,11318,4,Good song.,2026-04-15
9620,2,1537,4,Very catchy.,2025-04-16
9621,106,12440,3,Nice track.,2025-01-30
9622,606,12534,3,Very catchy.,2025-08-29
9623,661,14419,3,Worth listening to.,2026-05-09
9624,948,13695,2,Really love this track.,2024-10-23
9625,50,3685,5,Perfect!,2025-05-14
9626,938,175,2,Not bad.,2025-04-21
9627,607,15122,5,Great music.,2026-01-05
9628,27,14547,1,Great music.,2025-11-19
9629,307,6953,3,Good song.,2025-05-20
9630,149,1183,5,Worth listening to.,2025-09-27
9631,832,422,4,Perfect!,2026-04-05
9632,669,15182,3,Amazing song!,2025-11-05
9633,888,1751,3,Amazing song!,2025-10-31
9634,554,8816,2,Really love this track.,2026-08-02
9635,344,4805,3,Really love this track.,2025-08-22
9636,153,4042,2,Very catchy.,2026-05-17
9637,500,11734,4,Good song.,2025-01-18
9638,780,16218,1,Worth listening to.,2026-08-03
9639,555,3039,4,Good song.,2025-11-10
9640,230,1293,4,Not bad.,2026-09-06
9641,878,8876,5,Nice track.,2025-01-01
9642,696,534,2,Worth listening to.,2024-10-29
9643,644,8480,4,Very catchy.,2025-07-18
9644,693,8867,3,Perfect!,2025-02-08
9645,226,770,4,Really love this track.,2025-01-06
9646,527,1893,2,Very catchy.,2025-01-12
9647,430,11611,1,Great music.,2026-03-03
9648,539,1755,3,One of my favorites.,2026-02-05
9649,464,3796,5,One of my favorites.,2025-10-18
9650,732,13144,3,Really love this track.,2026-06-18
9651,591,373,1,Nice track.,2026-03-03
9652,938,417,3,Perfect!,2026-04-14
9653,81,3011,2,Not bad.,2026-04-10
9654,754,14071,5,Perfect!,2024-10-01
9655,462,8072,4,Nice track.,2024-11-11
9656,625,11971,3,Nice track.,2025-01-19
9657,949,17,2,Amazing song!,2025-08-04
9658,529,892,4,Perfect!,2025-12-03
9659,554,13259,1,One of my favorites.,2025-11-14
9660,800,1651,5,One of my favorites.,2024-10-22
9661,813,8006,2,Nice track.,2026-08-12
9662,554,14427,4,Perfect!,2025-04-25
9663,281,4469,4,Very catchy.,2025-03-30
9664,96,6150,3,Really love this track.,2025-07-31
9665,161,11463,1,Worth listening to.,2026-03-11
9666,799,4809,3,One of my favorites.,2025-08-02
9667,513,13608,5,Perfect!,2025-06-22
9668,544,10706,1,Really love this track.,2025-10-06
9669,611,5512,5,Great music.,2025-12-05
9670,788,7131,1,Amazing song!,2025-05-20
9671,7,8552,2,Very catchy.,2024-12-26
9672,566,3820,1,Not bad.,2026-04-09
9673,531,3045,2,Good song.,2026-07-27
9674,670,3877,5,Great music.,2025-04-09
9675,470,6970,4,Really love this track.,2025-09-27
9676,444,16137,4,One of my favorites.,2025-07-25
9677,898,1297,2,Amazing song!,2024-09-21
9678,555,6785,2,Really love this track.,2026-06-29
9679,858,6328,1,Nice track.,2025-11-26
9680,785,11448,4,Nice track.,2025-07-31
9681,609,376,3,Nice track.,2026-06-08
9682,507,2314,3,Really love this track.,2026-03-02
9683,481,3079,5,Very catchy.,2026-06-11
9684,432,14972,4,Worth listening to.,2024-09-26
9685,236,13865,5,Perfect!,2026-01-26
9686,127,14861,5,Perfect!,2025-08-08
9687,65,397,5,Worth listening to.,2026-07-31
9688,786,2897,5,Very catchy.,2026-06-17
9689,404,14846,3,Worth listening to.,2025-04-05
9690,239,14284,4,Not bad.,2025-08-18
9691,466,7093,3,Perfect!,2025-01-09
9692,691,9426,5,Perfect!,2026-03-04
9693,188,8317,1,Really love this track.,2026-01-11
9694,119,14862,3,Not bad.,2025-03-29
9695,927,4455,1,Perfect!,2026-08-24
9696,746,14731,5,Very catchy.,2026-06-07
9697,990,4740,4,Really love this track.,2025-06-04
9698,419,3490,5,Amazing song!,2025-01-26
9699,267,12518,4,Not bad.,2025-06-19
9700,126,4140,2,One of my favorites.,2025-09-04
9701,353,5351,5,Good song.,2025-02-26
9702,828,8384,1,Amazing song!,2025-08-28
9703,846,15083,5,One of my favorites.,2025-11-12
9704,844,5625,2,Perfect!,2025-09-07
9705,410,15684,5,Nice track.,2026-03-04
9706,572,5166,4,Worth listening to.,2025-03-24
9707,606,11166,4,Worth listening to.,2025-09-10
9708,577,12414,5,Not bad.,2025-09-30
9709,749,2318,5,Very catchy.,2025-11-10
9710,943,9539,2,Amazing song!,2026-08-15
9711,659,3364,1,One of my favorites.,2025-11-01
9712,584,14790,2,Nice track.,2025-04-01
9713,469,1217,3,Amazing song!,2024-09-21
9714,921,8962,2,Amazing song!,2025-08-19
9715,616,6111,3,Great music.,2024-09-13
9716,559,7563,3,Really love this track.,2026-06-02
9717,273,11370,1,Very catchy.,2026-03-06
9718,982,3990,2,Amazing song!,2026-03-07
9719,116,2792,4,Nice track.,2025-12-25
9720,723,3470,3,Really love this track.,2025-04-10
9721,537,9201,2,One of my favorites.,2025-07-31
9722,248,7112,3,Great music.,2025-05-16
9723,418,4820,5,Very catchy.,2025-09-17
9724,650,12525,5,Good song.,2025-09-09
9725,499,8451,4,Nice track.,2025-09-01
9726,311,8629,1,One of my favorites.,2026-05-06
9727,829,3896,5,Nice track.,2026-07-16
9728,447,1616,1,Amazing song!,2024-10-22
9729,907,6704,5,Very catchy.,2025-08-14
9730,979,1854,5,Great music.,2024-11-17
9731,896,10487,5,Perfect!,2024-12-30
9732,351,5934,1,Very catchy.,2026-08-14
9733,616,13587,3,One of my favorites.,2026-01-01
9734,649,3147,5,Nice track.,2025-10-15
9735,597,9144,5,Perfect!,2025-10-04
9736,915,11934,4,Really love this track.,2025-12-26
9737,266,5072,2,Not bad.,2025-08-29
9738,701,11416,4,Nice track.,2026-08-27
9739,744,14001,4,Nice track.,2025-01-07
9740,708,5942,2,Really love this track.,2025-11-08
9741,394,16103,2,Good song.,2025-05-06
9742,840,3883,3,Good song.,2025-01-09
9743,1000,5067,4,Really love this track.,2025-07-17
9744,396,1920,3,One of my favorites.,2025-10-21
9745,595,5247,1,Good song.,2024-10-28
9746,648,13246,2,Worth listening to.,2026-05-21
9747,140,14008,2,Very catchy.,2025-12-20
9748,700,7929,5,Not bad.,2024-12-25
9749,726,519,5,Good song.,2025-10-14
9750,662,9394,2,Really love this track.,2026-05-22
9751,71,11370,2,Amazing song!,2025-01-02
9752,82,942,1,Worth listening to.,2026-08-06
9753,374,10913,3,Not bad.,2025-07-19
9754,992,3378,1,Very catchy.,2026-02-26
9755,126,10811,1,Amazing song!,2026-03-23
9756,1000,5188,2,Very catchy.,2024-11-05
9757,7,4969,1,Perfect!,2026-03-14
9758,416,12078,1,One of my favorites.,2026-01-24
9759,361,771,4,Very catchy.,2026-04-21
9760,446,15862,2,One of my favorites.,2025-07-01
9761,753,8465,4,One of my favorites.,2025-03-29
9762,312,9217,2,Really love this track.,2024-12-12
9763,614,15217,2,Very catchy.,2025-08-16
9764,824,12546,2,Very catchy.,2024-10-01
9765,717,14406,1,Very catchy.,2024-09-12
9766,163,234,4,Really love this track.,2025-06-03
9767,982,1091,5,Not bad.,2025-02-10
9768,930,7051,4,Nice track.,2026-07-15
9769,279,12194,2,Really love this track.,2025-09-28
9770,515,3574,4,Perfect!,2024-11-07
9771,542,12833,5,Very catchy.,2026-01-25
9772,91,12143,2,Not bad.,2025-10-16
9773,909,1515,2,Really love this track.,2025-08-06
9774,507,5147,1,Really love this track.,2024-10-06
9775,186,5735,4,Great music.,2025-05-28
9776,492,10208,4,Very catchy.,2025-07-08
9777,927,13583,5,Great music.,2026-03-30
9778,234,3039,1,Good song.,2026-03-22
9779,29,5788,1,Perfect!,2025-07-16
9780,287,2111,3,Amazing song!,2025-11-06
9781,299,1182,4,Not bad.,2025-10-16
9782,839,638,4,One of my favorites.,2024-09-19
9783,123,956,1,One of my favorites.,2026-05-21
9784,79,15408,2,Very catchy.,2025-02-14
9785,470,2232,1,Very catchy.,2024-11-07
9786,670,13368,5,Nice track.,2026-02-28
9787,85,14435,1,Not bad.,2026-06-24
9788,811,14310,4,Good song.,2026-01-22
9789,983,4968,1,Not bad.,2025-07-19
9790,762,16111,4,Nice track.,2025-07-01
9791,273,12914,2,Perfect!,2025-05-06
9792,185,1955,1,Very catchy.,2025-09-12
9793,683,14246,3,Perfect!,2026-07-18
9794,447,14235,1,Nice track.,2025-12-03
9795,652,2101,3,Worth listening to.,2026-06-23
9796,590,957,4,Worth listening to.,2025-06-23
9797,87,2817,4,Great music.,2026-01-17
9798,257,4460,2,Perfect!,2024-10-30
9799,67,10981,5,Good song.,2025-01-01
9800,430,11558,4,Perfect!,2025-09-08
9801,674,13904,1,Perfect!,2025-12-07
9802,865,115,1,Great music.,2025-10-22
9803,92,4100,1,Not bad.,2025-02-06
9804,351,9693,5,Not bad.,2026-08-09
9805,910,15578,2,Not bad.,2024-12-15
9806,24,15485,1,Perfect!,2026-07-26
9807,946,8590,4,Perfect!,2025-01-24
9808,662,6845,1,Perfect!,2026-04-25
9809,673,2833,1,Amazing song!,2026-04-25
9810,899,13433,2,Great music.,2025-04-02
9811,192,22,4,Not bad.,2024-12-23
9812,374,6149,4,Great music.,2025-11-17
9813,561,10176,3,Very catchy.,2026-02-24
9814,910,1699,3,Great music.,2025-06-18
9815,244,12226,4,Worth listening to.,2025-03-15
9816,199,12978,3,One of my favorites.,2025-06-27
9817,770,11747,1,Amazing song!,2026-02-15
9818,176,15475,2,Not bad.,2026-02-25
9819,136,14090,5,Perfect!,2025-04-08
9820,41,4404,5,Amazing song!,2024-11-14
9821,681,2815,4,Very catchy.,2026-06-24
9822,980,14482,4,Good song.,2025-07-17
9823,552,678,5,Very catchy.,2026-05-19
9824,721,13733,5,Really love this track.,2024-09-24
9825,777,6660,5,Nice track.,2024-11-15
9826,507,6799,5,Very catchy.,2025-12-03
9827,522,16004,5,Worth listening to.,2025-12-24
9828,837,10646,4,Very catchy.,2024-11-16
9829,131,9437,5,One of my favorites.,2026-01-03
9830,411,15907,2,Amazing song!,2025-11-17
9831,125,7902,2,Not bad.,2026-02-21
9832,918,13725,2,Great music.,2025-04-02
9833,226,16127,4,Worth listening to.,2025-11-16
9834,968,485,4,Worth listening to.,2024-09-26
9835,931,15879,4,Amazing song!,2025-10-21
9836,303,12109,2,Perfect!,2025-08-18
9837,129,11993,3,Good song.,2024-09-13
9838,952,1709,4,Worth listening to.,2026-09-04
9839,459,12622,3,Very catchy.,2026-03-10
9840,182,16020,3,Perfect!,2024-12-12
9841,635,1773,4,Good song.,2025-09-12
9842,982,4032,2,Amazing song!,2024-09-11
9843,913,13795,5,Great music.,2026-03-02
9844,275,1201,3,Nice track.,2025-10-15
9845,791,4464,3,One of my favorites.,2026-05-09
9846,601,4340,1,Worth listening to.,2026-03-27
9847,224,10769,1,One of my favorites.,2026-02-25
9848,482,1908,2,Great music.,2025-07-18
9849,650,3478,2,Good song.,2025-09-23
9850,779,2131,4,Good song.,2026-07-20
9851,710,2297,1,Very catchy.,2026-08-09
9852,491,7097,1,Great music.,2024-11-29
9853,832,2960,2,Nice track.,2025-06-23
9854,212,7682,4,Very catchy.,2025-01-21
9855,381,3024,2,Good song.,2024-10-11
9856,503,3953,1,Not bad.,2025-09-18
9857,112,12699,3,Good song.,2025-09-08
9858,6,3147,3,Perfect!,2026-01-27
9859,983,3358,2,Really love this track.,2024-11-30
9860,124,5354,3,Not bad.,2026-03-27
9861,812,5462,2,Nice track.,2024-10-23
9862,263,2251,4,Great music.,2025-09-12
9863,953,4418,2,Very catchy.,2026-06-15
9864,338,16425,4,Perfect!,2025-04-20
9865,970,3833,4,Amazing song!,2024-10-26
9866,483,39,2,Worth listening to.,2025-04-20
9867,87,2025,2,Worth listening to.,2025-03-05
9868,196,15029,1,Perfect!,2025-03-04
9869,858,8961,1,Amazing song!,2025-08-06
9870,137,7215,1,Great music.,2025-11-10
9871,711,15852,3,Good song.,2025-12-04
9872,515,3374,5,Worth listening to.,2025-06-27
9873,353,11714,4,Very catchy.,2026-04-02
9874,905,14442,1,Perfect!,2025-08-20
9875,243,3440,5,One of my favorites.,2025-12-18
9876,945,743,5,Not bad.,2025-07-02
9877,807,5468,4,Not bad.,2025-08-28
9878,508,16432,4,Not bad.,2026-03-08
9879,1,4321,2,One of my favorites.,2025-01-06
9880,992,37,5,One of my favorites.,2026-01-27
9881,307,1920,2,Worth listening to.,2026-08-20
9882,145,1104,2,One of my favorites.,2025-04-27
9883,360,2978,5,Perfect!,2025-07-28
9884,343,13857,4,Worth listening to.,2024-11-14
9885,314,15105,5,One of my favorites.,2026-02-13
9886,264,8343,5,Nice track.,2024-10-22
9887,551,12574,5,Not bad.,2025-05-23
9888,83,3609,5,Great music.,2024-11-02
9889,795,12705,3,Worth listening to.,2024-11-21
9890,392,6579,1,Perfect!,2024-10-08
9891,524,15100,2,Worth listening to.,2026-08-31
9892,281,13881,4,Worth listening to.,2026-06-16
9893,522,3656,1,Nice track.,2025-11-28
9894,333,3491,3,Great music.,2026-08-30
9895,795,16088,2,One of my favorites.,2024-09-11
9896,391,2678,3,Amazing song!,2024-10-20
9897,881,6743,4,Not bad.,2026-02-18
9898,103,3443,5,One of my favorites.,2025-09-10
9899,533,3256,4,Worth listening to.,2024-10-20
9900,55,4449,4,One of my favorites.,2026-06-06
9901,414,8031,3,Great music.,2024-12-02
9902,8,6589,1,Not bad.,2025-10-01
9903,660,3068,5,Worth listening to.,2025-11-16
9904,940,13739,1,Nice track.,2026-04-06
9905,536,292,5,Very catchy.,2025-06-19
9906,262,10377,5,Nice track.,2024-10-02
9907,446,3553,1,One of my favorites.,2026-03-29
9908,310,2460,2,Very catchy.,2025-01-26
9909,755,3076,2,Not bad.,2024-09-20
9910,397,7569,5,Good song.,2025-06-27
9911,175,6702,1,Worth listening to.,2024-10-18
9912,908,5304,4,Perfect!,2025-01-04
9913,555,3954,2,Great music.,2025-06-08
9914,742,10196,4,Nice track.,2026-02-09
9915,709,10019,2,Worth listening to.,2025-04-23
9916,162,990,1,Amazing song!,2025-11-24
9917,310,3628,4,Nice track.,2025-09-13
9918,812,6993,4,Perfect!,2025-01-15
9919,686,8574,4,Worth listening to.,2026-02-25
9920,840,14676,4,Perfect!,2026-04-26
9921,374,351,2,Not bad.,2026-09-03
9922,169,3100,4,Really love this track.,2026-01-10
9923,979,12768,5,Really love this track.,2025-03-08
9924,57,8817,5,Amazing song!,2026-03-11
9925,143,3865,3,Not bad.,2026-02-23
9926,831,8440,4,Very catchy.,2026-01-03
9927,771,990,4,Worth listening to.,2025-01-25
9928,278,9688,5,Not bad.,2024-10-06
9929,476,3782,2,One of my favorites.,2024-11-13
9930,820,7756,1,Good song.,2024-09-20
9931,197,10517,2,Perfect!,2026-02-16
9932,119,6662,3,Amazing song!,2025-01-22
9933,181,1124,4,Great music.,2026-01-05
9934,979,9506,3,Great music.,2026-08-11
9935,831,11594,4,Really love this track.,2026-07-30
9936,248,2871,1,One of my favorites.,2025-09-11
9937,235,9991,2,Great music.,2025-06-21
9938,999,8926,3,Worth listening to.,2026-08-14
9939,742,13471,4,Perfect!,2026-01-08
9940,183,9572,2,Nice track.,2026-05-18
9941,614,14225,3,Really love this track.,2025-12-23
9942,382,12670,5,Worth listening to.,2025-09-13
9943,230,11081,3,Not bad.,2025-04-07
9944,400,13707,1,Not bad.,2026-01-27
9945,403,15173,5,Nice track.,2025-09-03
9946,997,636,4,Really love this track.,2026-02-16
9947,322,3207,2,Great music.,2026-03-03
9948,812,11436,5,Very catchy.,2026-01-31
9949,838,6241,1,Nice track.,2026-02-08
9950,187,9398,2,Good song.,2026-07-11
9951,237,10976,4,Great music.,2026-09-08
9952,901,1571,3,Perfect!,2025-05-28
9953,966,11085,4,One of my favorites.,2026-01-21
9954,550,4791,5,Worth listening to.,2025-03-08
9955,364,6321,3,Perfect!,2026-07-17
9956,556,6757,2,Nice track.,2025-12-20
9957,170,11151,5,Good song.,2025-08-04
9958,63,15226,1,Amazing song!,2025-05-18
9959,399,5790,4,Great music.,2025-12-17
9960,536,14655,5,Very catchy.,2026-07-16
9961,749,15702,2,Worth listening to.,2026-04-15
9962,799,8878,3,Worth listening to.,2025-08-27
9963,530,12891,1,Amazing song!,2026-04-15
9964,690,16290,5,Not bad.,2025-05-09
9965,640,16469,5,Worth listening to.,2025-03-27
9966,470,3226,4,Nice track.,2026-06-18
9967,397,6885,5,Great music.,2026-04-24
9968,717,6072,3,Good song.,2025-01-18
9969,934,15869,1,Good song.,2025-06-07
9970,294,13028,1,Very catchy.,2025-01-06
9971,810,7697,5,Amazing song!,2025-07-05
9972,452,14139,3,Worth listening to.,2026-02-08
9973,423,11223,4,One of my favorites.,2026-02-19
9974,465,5447,3,Not bad.,2026-02-21
9975,938,7882,4,Good song.,2026-01-02
9976,970,12264,3,One of my favorites.,2026-04-27
9977,567,11093,3,Good song.,2026-04-10
9978,684,1815,2,Nice track.,2025-03-30
9979,410,15081,3,Not bad.,2026-02-12
9980,169,13972,5,Nice track.,2026-01-27
9981,735,4032,1,Amazing song!,2025-01-17
9982,885,11375,4,Perfect!,2024-10-24
9983,383,3809,5,Not bad.,2025-04-17
9984,384,13079,4,Perfect!,2024-11-14
9985,494,8780,2,Great music.,2025-07-22
9986,58,11108,2,Great music.,2025-04-19
9987,603,11396,4,Very catchy.,2024-12-07
9988,785,14591,4,Really love this track.,2025-06-09
9989,808,3463,3,One of my favorites.,2026-05-08
9990,360,13395,2,Amazing song!,2026-03-23
9991,346,9296,1,Great music.,2025-02-22
9992,506,9019,4,Amazing song!,2025-08-19
9993,777,16164,2,Perfect!,2025-04-25
9994,691,12448,3,Amazing song!,2024-10-11
9995,437,14029,4,Nice track.,2026-05-20
9996,31,13341,5,Perfect!,2026-05-15
9997,492,12504,4,Not bad.,2026-02-21
9998,728,11697,2,Worth listening to.,2026-07-03
9999,981,5498,1,Good song.,2025-06-22
10000,799,15778,1,Very catchy.,2024-11-22
