Song_id,Genre_id
1,5
1,12
1,15
2,8
3,7
3,8
3,10
4,8
4,9
4,13
5,2
5,3
5,9
6,1
7,4
7,19
7,20
8,4
8,20
9,5
10,6
10,9
11,3
12,7
12,12
13,4
13,16
14,14
15,16
16,3
16,7
16,14
17,11
17,15
18,6
19,1
19,6
20,2
20,4
20,19
21,12
21,16
22,1
22,18
22,20
23,17
24,4
24,7
24,9
25,1
25,18
25,20
26,5
26,7
26,17
27,4
27,7
28,11
29,8
30,5
31,9
31,16
32,3
33,10
33,18
34,14
34,16
35,7
35,9
35,13
36,7
37,4
37,9
37,13
38,6
38,10
38,19
39,16
40,14
40,15
41,4
41,9
41,11
42,7
42,13
42,14
43,3
43,12
43,20
44,2
44,6
45,9
45,14
45,19
46,17
46,20
47,1
47,13
48,6
49,6
49,14
50,3
50,8
51,12
52,5
52,11
53,1
54,1
54,11
55,15
56,8
56,11
56,18
57,13
58,7
58,20
59,4
59,7
59,18
60,3
60,20
61,11
61,14
61,20
62,7
62,20
63,16
64,2
64,9
65,4
65,20
66,6
66,11
67,1
67,8
67,13
68,1
68,19
69,15
70,5
70,13
71,18
72,1
72,2
72,11
73,16
74,14
75,9
75,10
75,11
76,3
76,13
77,2
77,11
77,16
78,10
78,15
79,4
79,12
80,1
80,4
80,8
81,1
82,4
83,8
83,14
84,3
85,12
86,1
86,2
86,9
87,4
88,10
89,9
90,13
90,20
91,5
91,6
92,4
92,5
92,15
93,5
93,19
94,4
94,15
95,8
95,16
95,17
96,9
96,11
96,16
97,3
97,8
97,16
98,3
98,10
99,8
99,18
100,3
100,7
100,19
101,2
101,7
102,7
103,7
103,13
104,4
104,11
105,19
106,10
106,11
106,17
107,5
107,15
107,17
108,5
109,12
110,15
110,17
111,13
112,3
113,6
113,14
114,4
114,10
114,19
115,15
116,4
117,1
118,6
118,9
119,16
120,12
120,15
120,17
121,4
121,18
122,12
123,5
123,7
124,14
124,17
125,2
125,11
125,15
126,4
126,12
127,13
128,7
128,10
128,14
129,13
130,20
131,16
131,17
132,2
132,4
132,14
133,4
133,8
133,20
134,2
135,19
136,3
136,8
137,4
137,8
137,9
138,13
138,19
138,20
139,8
140,7
140,9
140,16
141,7
142,10
142,20
143,1
143,4
143,6
144,10
144,16
144,20
145,6
145,8
145,11
146,3
146,6
146,19
147,5
147,15
148,16
149,1
149,11
150,9
151,6
152,1
152,12
152,16
153,1
153,8
153,16
154,2
154,4
155,19
156,8
156,10
156,17
157,4
157,5
157,6
158,10
159,11
159,15
159,16
160,9
160,12
160,18
161,9
161,12
161,16
162,1
162,12
163,11
163,17
164,4
164,16
164,20
165,1
165,17
166,14
167,5
168,1
168,16
169,19
170,7
170,12
170,14
171,3
171,7
171,13
172,4
172,9
172,18
173,6
173,17
174,11
174,12
175,14
175,19
176,7
176,10
177,19
178,4
178,11
178,14
179,12
179,19
180,1
180,4
181,5
181,15
182,5
182,10
182,17
183,6
183,10
183,18
184,3
184,10
185,1
185,15
186,7
187,4
187,19
188,16
189,1
189,14
190,1
190,2
191,5
191,12
192,17
192,18
193,3
194,5
194,7
194,9
195,3
195,19
196,2
196,8
197,8
197,12
198,13
198,14
198,20
199,9
200,10
200,20
201,19
202,11
202,19
203,7
204,5
204,14
205,7
205,10
205,19
206,10
207,6
207,15
207,18
208,4
208,14
209,17
210,11
210,17
211,12
211,15
211,20
212,14
212,15
213,1
213,15
214,1
214,3
214,14
215,20
216,8
216,19
217,5
217,12
217,18
218,2
218,10
218,13
219,13
220,1
220,15
220,17
221,2
221,3
222,9
223,4
223,11
223,20
224,16
224,19
225,2
225,4
225,11
226,2
226,17
226,19
227,5
227,7
227,17
228,5
228,8
228,16
229,5
229,10
229,19
230,1
230,7
230,16
231,3
232,5
233,4
233,17
233,20
234,7
235,16
236,17
237,2
237,13
238,10
239,6
239,16
240,18
241,15
241,20
242,4
242,14
242,20
243,1
244,5
245,6
245,8
245,17
246,7
246,16
246,18
247,10
247,20
248,4
248,16
248,19
249,9
249,13
250,4
250,15
251,5
251,14
252,10
253,4
253,19
254,1
254,19
255,2
255,15
256,12
257,15
258,1
258,9
258,15
259,12
260,7
260,12
260,17
261,13
261,17
261,20
262,6
263,5
263,11
263,12
264,5
264,9
265,3
265,10
265,13
266,13
266,16
266,20
267,6
267,17
267,19
268,5
268,9
268,17
269,11
269,12
269,19
270,3
270,13
270,20
271,1
272,4
272,6
272,8
273,4
273,16
273,19
274,8
274,20
275,6
276,3
276,13
276,14
277,20
278,2
278,4
279,3
279,12
279,15
280,1
280,6
280,11
281,15
282,5
282,19
283,7
283,9
283,20
284,10
284,15
285,7
286,6
286,14
286,17
287,3
288,1
288,4
288,7
289,5
290,12
291,18
291,19
292,11
293,17
294,7
294,20
295,12
295,16
295,17
296,18
296,20
297,3
298,13
298,14
299,19
300,5
301,4
301,10
301,19
302,2
302,8
303,1
303,11
303,18
304,10
305,12
305,13
306,6
307,3
307,18
308,8
308,17
308,19
309,2
309,13
310,4
310,16
310,19
311,1
311,2
312,9
312,14
313,11
314,5
315,18
316,2
316,8
316,11
317,3
317,19
318,2
318,3
318,12
319,3
319,20
320,5
320,9
320,16
321,2
321,4
321,20
322,8
322,17
323,12
323,14
323,16
324,1
324,8
325,1
326,18
327,1
327,13
327,18
328,2
328,13
329,5
329,14
330,5
330,14
330,18
331,15
332,20
333,7
333,12
334,2
334,14
335,8
336,19
337,8
338,18
338,19
339,1
340,2
340,3
340,8
341,5
342,6
342,10
343,11
344,8
344,20
345,5
345,13
346,3
346,4
347,9
348,7
348,12
348,16
349,15
350,10
350,12
350,18
351,8
351,17
352,11
352,18
353,2
353,4
353,12
354,16
354,20
355,3
355,7
356,17
357,10
358,4
358,7
358,18
359,2
359,5
360,15
361,1
361,4
361,15
362,2
362,9
363,13
363,19
364,2
364,3
365,13
365,20
366,1
366,13
367,2
367,15
368,7
369,6
369,14
370,2
370,10
370,20
371,1
371,11
371,12
372,7
372,19
373,11
374,14
374,19
374,20
375,2
375,4
375,18
376,10
376,18
377,14
377,19
378,9
378,17
378,19
379,13
380,5
380,8
381,9
382,3
382,8
382,9
383,10
383,11
383,13
384,20
385,9
385,12
386,1
386,4
386,9
387,11
387,19
388,6
388,15
389,1
389,15
390,15
391,12
392,7
392,18
393,2
393,19
394,9
395,3
395,11
395,18
396,6
396,9
397,9
397,16
398,8
399,2
399,5
399,6
400,4
401,2
401,6
401,17
402,11
402,19
403,18
404,2
404,8
404,9
405,1
405,12
406,2
406,8
406,12
407,3
408,4
408,15
408,17
409,8
410,11
411,3
411,12
411,14
412,5
412,10
412,14
413,11
414,11
414,12
414,14
415,10
415,12
415,16
416,1
416,6
416,12
417,10
418,19
419,4
420,7
420,11
420,17
421,12
421,17
421,19
422,13
423,2
423,5
423,13
424,3
424,8
424,20
425,17
425,18
425,19
426,4
426,14
426,18
427,2
427,16
427,17
428,9
428,11
428,15
429,19
430,8
430,11
431,12
432,15
433,4
433,8
434,12
434,14
435,12
436,3
436,12
436,17
437,8
437,15
437,16
438,8
438,19
439,18
440,14
441,5
441,9
441,19
442,11
442,20
443,3
444,14
444,17
445,19
446,6
446,7
447,1
447,6
448,14
449,16
449,18
450,2
450,4
450,5
451,1
451,6
452,5
453,13
453,14
453,17
454,5
454,13
455,8
455,10
455,18
456,11
457,4
457,19
458,2
458,3
458,12
459,14
459,15
460,10
460,14
460,16
461,5
461,6
461,17
462,5
463,19
464,12
464,13
464,15
465,6
465,15
466,4
466,9
466,19
467,10
468,2
468,11
469,17
469,19
469,20
470,10
470,11
471,6
471,11
472,2
473,7
473,14
473,17
474,11
474,19
475,12
476,4
476,6
477,9
477,16
478,6
478,8
479,4
479,9
480,9
481,4
482,18
483,1
483,2
483,6
484,1
484,7
484,18
485,1
485,12
486,10
487,14
487,15
487,17
488,15
489,4
489,20
490,14
490,16
491,3
491,5
492,4
492,12
493,8
494,3
494,6
494,11
495,9
495,11
495,15
496,3
496,11
496,17
497,14
498,17
499,7
499,18
500,1
500,2
500,8
501,19
502,7
502,8
503,5
503,16
504,6
504,16
505,5
505,7
506,3
506,7
506,17
507,14
508,16
509,6
509,7
509,20
510,14
511,8
511,9
511,13
512,12
512,16
512,17
513,6
513,8
513,10
514,16
514,20
515,12
515,13
515,18
516,4
516,10
517,4
518,14
518,15
519,8
519,14
520,6
521,4
521,11
522,5
522,13
523,14
523,16
524,1
524,8
524,10
525,7
525,17
526,2
526,18
527,9
527,11
528,13
528,15
529,9
529,13
530,9
531,8
531,11
532,2
532,10
532,15
533,8
533,19
534,18
535,4
536,5
536,11
536,20
537,1
537,18
537,19
538,3
538,11
539,3
539,18
540,2
540,7
540,17
541,7
541,18
542,18
543,8
543,10
544,12
545,7
545,14
546,1
546,2
546,8
547,17
548,17
549,2
549,16
550,10
551,1
551,8
552,2
552,8
552,9
553,4
553,13
553,19
554,9
555,3
556,17
557,1
557,14
557,19
558,4
558,5
558,18
559,7
559,13
559,19
560,10
560,11
560,14
561,1
561,9
561,10
562,4
562,7
563,16
563,19
564,10
564,14
565,8
566,9
566,18
567,10
567,18
568,1
568,8
568,13
569,12
569,13
570,4
570,8
570,15
571,1
571,8
571,13
572,12
572,16
573,4
573,10
573,11
574,3
575,18
576,7
577,8
577,19
578,5
579,16
579,20
580,2
580,8
580,19
581,9
581,14
582,5
582,11
583,11
584,1
584,14
584,19
585,7
585,18
586,16
586,18
587,8
587,11
588,16
588,17
589,3
589,4
589,14
590,3
590,5
590,13
591,6
592,4
592,6
592,7
593,2
593,4
594,6
594,16
595,5
595,16
595,17
596,13
596,14
596,18
597,10
598,14
599,9
599,17
600,12
600,20
601,5
601,6
601,10
602,7
602,12
602,17
603,9
603,15
603,16
604,11
605,5
605,6
605,17
606,1
606,11
606,16
607,5
607,6
608,1
608,3
609,7
609,20
610,4
610,15
610,18
611,2
611,4
612,3
612,6
612,15
613,8
613,18
614,1
614,7
615,10
615,14
616,10
616,12
616,13
617,18
617,20
618,3
618,5
618,7
619,7
620,6
620,9
621,4
621,5
621,17
622,9
622,11
622,13
623,7
623,16
623,20
624,1
625,7
626,20
627,5
628,16
629,11
630,2
631,17
632,14
632,16
633,10
633,17
634,8
635,13
635,19
635,20
636,10
636,12
636,16
637,3
637,11
637,17
638,6
638,7
638,9
639,5
639,14
639,18
640,9
640,16
641,4
641,14
641,18
642,1
642,6
642,12
643,12
643,15
644,7
644,14
644,18
645,13
646,1
646,6
647,15
648,7
648,17
649,19
650,4
650,11
651,9
651,17
652,20
653,2
653,9
654,2
654,13
654,16
655,2
655,9
655,20
656,1
656,15
656,16
657,6
657,16
658,2
658,4
658,18
659,1
659,5
660,3
660,5
660,6
661,2
661,4
662,2
662,11
663,18
664,1
664,7
665,6
665,11
666,1
666,12
666,17
667,2
667,13
667,14
668,7
669,3
669,5
669,9
670,15
671,9
672,7
672,14
672,17
673,1
674,9
674,18
675,4
675,11
676,3
676,19
677,3
677,4
677,15
678,6
679,3
679,6
679,11
680,1
680,6
680,20
681,12
682,3
682,8
683,5
683,7
684,2
684,13
685,6
685,9
685,10
686,19
687,8
687,14
688,9
689,6
690,9
690,15
691,3
691,16
692,12
692,19
693,15
693,17
694,2
694,6
694,13
695,18
696,7
696,12
696,14
697,7
697,10
697,11
698,9
698,17
698,18
699,17
700,9
701,15
702,2
702,4
703,5
703,6
703,16
704,11
704,19
705,13
705,19
706,2
706,11
706,19
707,1
707,4
707,12
708,14
709,11
709,20
710,4
710,6
710,12
711,6
711,15
712,1
712,6
712,15
713,14
713,15
713,19
714,8
714,13
714,16
715,11
715,12
716,10
716,13
717,8
718,4
718,14
718,19
719,13
719,19
720,1
720,6
720,17
721,10
722,5
722,7
722,17
723,11
724,3
725,5
725,12
726,6
726,13
727,1
727,5
728,6
729,3
729,10
730,8
731,14
732,8
733,18
734,1
734,16
735,12
736,16
737,7
737,13
737,16
738,8
738,13
738,15
739,13
740,11
741,13
742,10
742,14
743,3
743,13
743,18
744,16
744,19
745,8
746,6
746,8
746,12
747,11
747,17
748,20
749,3
749,8
749,13
750,16
751,2
752,10
753,3
753,11
754,6
754,14
755,10
756,13
756,16
757,9
758,6
758,20
759,4
759,17
760,3
760,12
761,1
761,4
761,13
762,11
763,19
764,1
764,13
764,15
765,13
765,14
766,10
767,4
767,9
768,12
768,15
768,17
769,11
769,18
770,4
770,6
771,13
771,18
772,1
772,3
772,5
773,9
773,19
774,17
775,2
775,14
775,15
776,2
776,10
777,16
778,2
778,12
779,9
779,12
779,14
780,1
780,10
781,6
781,9
781,10
782,1
782,14
783,10
783,11
784,2
784,4
784,12
785,2
785,13
785,18
786,6
787,18
788,5
789,5
789,14
789,16
790,12
790,15
791,8
791,17
791,20
792,2
792,3
792,15
793,2
793,12
794,20
795,4
795,13
795,17
796,3
796,10
796,11
797,1
797,13
798,9
799,3
799,4
799,14
800,19
801,10
801,17
802,2
802,8
802,12
803,7
803,14
803,16
804,6
804,9
805,2
805,6
805,13
806,1
806,9
806,10
807,1
807,7
808,5
808,9
809,11
809,15
810,8
811,1
812,3
812,8
812,11
813,10
813,14
813,15
814,11
814,18
814,20
815,16
815,18
816,11
817,11
817,12
818,5
818,15
819,7
819,16
819,18
820,6
820,9
820,13
821,2
821,19
822,16
823,3
823,7
823,12
824,10
824,12
824,17
825,11
825,15
826,1
826,5
826,15
827,6
827,12
827,19
828,1
828,14
828,20
829,16
829,18
830,13
831,4
831,5
831,13
832,13
833,7
834,19
835,6
835,20
836,13
836,14
836,18
837,7
837,14
838,9
838,11
838,12
839,4
839,11
839,17
840,8
840,13
840,18
841,15
841,16
842,6
842,15
843,13
844,1
844,18
845,6
845,15
846,4
846,13
846,14
847,7
847,14
848,1
848,5
848,8
849,3
849,17
849,20
850,1
850,14
850,19
851,8
851,20
852,19
853,3
853,12
853,16
854,20
855,13
855,17
855,18
856,6
857,8
857,12
858,16
859,5
859,7
859,11
860,1
860,3
861,19
862,8
862,15
863,8
863,15
863,20
864,15
865,4
865,6
865,11
866,15
867,1
867,2
867,3
868,14
868,16
868,17
869,3
869,14
870,4
870,18
871,1
871,18
871,20
872,2
872,16
873,2
873,13
874,13
874,17
875,4
875,14
875,15
876,5
877,4
877,19
878,6
878,12
878,14
879,5
879,8
879,11
880,7
880,9
881,11
882,3
882,15
882,16
883,9
884,10
884,15
885,9
885,15
886,2
886,5
886,9
887,17
888,1
888,8
889,12
889,19
890,6
890,10
890,20
891,10
891,15
891,16
892,5
892,10
892,19
893,20
894,9
894,13
895,1
895,7
895,8
896,1
896,5
896,10
897,12
897,17
898,13
898,16
898,17
899,5
899,6
899,12
900,11
900,17
900,20
901,13
901,16
902,6
902,16
902,17
903,16
904,1
904,3
905,8
905,10
906,8
907,9
908,4
908,7
908,12
909,15
909,19
910,1
910,8
910,17
911,2
911,7
911,12
912,4
912,11
913,3
913,9
913,18
914,2
914,3
914,18
915,17
915,19
916,8
917,6
917,8
918,15
919,2
920,9
920,18
920,20
921,7
922,3
922,5
922,17
923,2
923,7
924,8
925,15
925,16
925,19
926,18
927,11
928,3
928,7
928,16
929,15
930,16
931,4
932,7
932,16
932,19
933,1
933,19
934,4
934,14
934,15
935,7
935,15
935,19
936,9
937,9
937,20
938,6
938,11
939,10
939,16
939,17
940,9
940,10
940,18
941,11
942,17
942,18
943,4
943,15
944,16
945,11
946,6
946,16
946,20
947,3
948,4
948,10
949,11
949,18
950,7
951,8
952,10
953,10
953,11
953,17
954,4
954,10
955,5
955,7
955,19
956,6
956,7
957,6
957,20
958,6
958,11
958,17
959,14
959,20
960,8
960,9
960,20
961,10
961,12
962,10
963,11
963,12
964,10
964,14
965,1
965,13
965,14
966,2
966,14
967,5
967,15
968,1
968,7
969,9
970,1
970,12
971,13
971,14
972,18
972,20
973,7
973,17
973,20
974,4
974,9
975,8
976,11
977,16
977,19
977,20
978,13
979,8
979,9
979,16
980,2
980,13
980,19
981,2
982,9
982,11
982,18
983,10
983,15
984,16
985,3
986,5
986,14
987,19
988,7
988,19
989,3
989,8
989,15
990,18
990,19
991,9
991,17
991,18
992,1
992,5
993,11
994,7
994,15
995,11
996,8
996,15
997,7
997,11
998,1
998,9
998,20
999,4
1000,13
1000,14
1000,20
1001,2
1001,17
1002,17
1003,1
1003,19
1004,2
1004,17
1005,16
1005,18
1006,11
1006,19
1007,3
1007,19
1007,20
1008,4
1008,6
1008,18
1009,3
1009,15
1009,19
1010,3
1010,7
1010,14
1011,15
1011,20
1012,3
1012,5
1012,11
1013,19
1014,15
1014,17
1015,1
1015,13
1015,14
1016,1
1016,10
1016,13
1017,1
1018,11
1019,5
1019,9
1020,19
1021,11
1021,15
1021,18
1022,7
1022,12
1022,19
1023,5
1023,7
1023,19
1024,7
1025,4
1025,6
1026,18
1027,2
1027,5
1027,18
1028,3
1028,11
1029,7
1029,8
1030,10
1031,14
1032,7
1032,8
1033,1
1033,5
1034,4
1034,13
1035,15
1036,2
1036,7
1036,13
1037,13
1037,15
1038,7
1039,4
1039,19
1040,6
1041,4
1041,17
1041,19
1042,7
1043,16
1044,11
1044,12
1044,20
1045,7
1045,20
1046,17
1047,9
1047,16
1048,1
1048,4
1048,15
1049,13
1050,4
1050,13
1051,10
1051,12
1052,14
1053,3
1053,8
1053,10
1054,1
1054,13
1054,16
1055,2
1055,11
1056,8
1057,19
1058,5
1059,5
1059,16
1059,20
1060,2
1061,7
1061,10
1061,12
1062,6
1062,14
1062,20
1063,6
1064,5
1064,6
1064,12
1065,6
1066,16
1067,10
1068,9
1068,12
1069,1
1069,11
1069,19
1070,1
1070,16
1071,5
1072,2
1072,18
1073,17
1073,20
1074,6
1075,1
1076,3
1076,8
1077,3
1077,4
1078,14
1078,15
1079,1
1079,5
1079,15
1080,16
1080,20
1081,5
1081,11
1082,4
1082,12
1082,18
1083,16
1083,19
1084,5
1085,17
1086,5
1087,3
1088,4
1088,10
1088,13
1089,4
1089,8
1089,19
1090,6
1090,10
1091,15
1091,19
1092,9
1092,17
1092,19
1093,11
1094,5
1094,12
1095,2
1095,13
1095,20
1096,6
1097,5
1098,2
1098,6
1098,8
1099,1
1099,11
1100,12
1100,16
1100,20
1101,19
1102,7
1102,15
1103,9
1103,20
1104,4
1104,9
1104,15
1105,11
1105,17
1105,19
1106,9
1107,16
1107,18
1108,4
1108,11
1109,3
1109,9
1109,12
1110,1
1110,18
1111,4
1112,15
1113,4
1114,5
1114,10
1114,12
1115,14
1115,15
1116,3
1116,6
1116,17
1117,7
1117,17
1118,8
1119,7
1120,5
1120,12
1120,17
1121,2
1121,17
1121,20
1122,8
1122,12
1122,18
1123,6
1123,12
1123,17
1124,4
1125,5
1125,6
1125,8
1126,7
1126,14
1126,20
1127,2
1127,13
1128,13
1128,17
1129,15
1129,16
1130,5
1130,10
1131,3
1132,10
1132,18
1133,20
1134,2
1134,3
1134,14
1135,5
1136,6
1136,8
1137,6
1137,14
1138,7
1138,19
1139,12
1140,8
1141,5
1141,13
1142,19
1143,5
1143,7
1143,15
1144,9
1145,1
1145,4
1146,4
1146,10
1146,17
1147,8
1147,16
1147,20
1148,4
1148,10
1148,15
1149,5
1149,15
1149,20
1150,11
1151,2
1151,13
1152,4
1152,15
1153,6
1153,19
1154,8
1154,10
1154,16
1155,3
1155,4
1155,12
1156,16
1157,2
1157,14
1157,20
1158,4
1158,9
1158,19
1159,11
1159,17
1160,9
1160,12
1161,1
1162,16
1163,19
1164,8
1164,19
1165,4
1165,9
1166,13
1166,16
1166,18
1167,2
1167,13
1167,17
1168,4
1168,19
1168,20
1169,4
1169,8
1169,20
1170,14
1170,19
1171,2
1171,12
1172,15
1172,17
1172,20
1173,13
1174,1
1174,7
1174,14
1175,1
1175,6
1175,11
1176,10
1177,1
1177,15
1178,12
1178,20
1179,8
1179,9
1180,2
1180,11
1181,6
1181,9
1182,18
1183,11
1183,12
1183,13
1184,16
1185,11
1186,18
1186,20
1187,8
1187,10
1187,11
1188,3
1189,11
1189,13
1189,16
1190,6
1190,7
1190,13
1191,12
1191,16
1192,12
1192,15
1193,6
1194,1
1194,4
1195,19
1196,17
1196,18
1197,18
1197,20
1198,13
1199,3
1199,7
1199,20
1200,20
1201,5
1201,9
1201,13
1202,11
1202,12
1202,18
1203,5
1203,13
1204,10
1205,3
1205,11
1205,19
1206,15
1207,8
1208,1
1208,5
1208,9
1209,8
1209,20
1210,8
1211,5
1211,7
1212,10
1213,1
1214,14
1214,15
1214,16
1215,7
1215,18
1215,19
1216,6
1216,17
1217,13
1217,19
1217,20
1218,9
1218,12
1218,20
1219,12
1219,20
1220,11
1221,3
1221,5
1221,12
1222,8
1222,18
1223,4
1223,5
1223,17
1224,11
1224,16
1224,18
1225,20
1226,12
1227,8
1227,15
1227,18
1228,2
1228,19
1229,15
1229,20
1230,14
1230,19
1231,6
1232,18
1233,2
1233,18
1234,5
1234,16
1235,12
1236,9
1237,1
1237,9
1237,16
1238,5
1238,13
1239,15
1240,10
1240,18
1241,8
1241,19
1242,5
1242,14
1242,18
1243,1
1243,11
1243,19
1244,2
1244,4
1244,12
1245,20
1246,17
1247,6
1247,7
1248,20
1249,6
1250,16
1251,3
1251,4
1251,11
1252,13
1253,13
1253,14
1253,20
1254,5
1254,11
1254,16
1255,4
1256,6
1256,12
1257,9
1257,14
1257,16
1258,6
1259,7
1259,13
1260,12
1261,3
1261,11
1261,15
1262,17
1263,1
1263,2
1264,2
1264,4
1264,12
1265,1
1266,1
1266,11
1266,20
1267,1
1267,10
1268,3
1268,12
1268,19
1269,7
1270,6
1270,16
1270,20
1271,4
1271,7
1271,12
1272,5
1272,6
1272,12
1273,6
1273,17
1274,15
1275,20
1276,18
1277,10
1278,4
1278,12
1279,6
1279,17
1279,19
1280,4
1281,5
1281,7
1282,11
1282,15
1282,18
1283,4
1283,15
1284,3
1284,11
1284,18
1285,12
1286,8
1287,7
1287,13
1288,12
1289,16
1290,4
1290,17
1290,19
1291,11
1292,18
1292,19
1292,20
1293,7
1293,13
1293,18
1294,5
1294,11
1295,7
1295,10
1296,13
1296,14
1296,20
1297,3
1297,16
1298,16
1299,11
1300,10
1300,13
1300,16
1301,2
1301,10
1302,2
1302,3
1302,7
1303,19
1303,20
1304,2
1304,6
1304,11
1305,1
1305,2
1305,10
1306,7
1306,12
1307,2
1307,14
1307,17
1308,6
1308,12
1308,17
1309,2
1309,4
1309,7
1310,6
1310,8
1311,3
1311,7
1311,11
1312,7
1312,19
1313,1
1313,2
1313,20
1314,4
1314,7
1315,1
1315,8
1316,6
1316,11
1316,13
1317,12
1318,2
1318,5
1319,20
1320,20
1321,9
1321,10
1321,14
1322,9
1323,1
1323,14
1324,9
1324,13
1325,16
1326,1
1326,20
1327,2
1327,13
1327,15
1328,8
1329,4
1330,6
1331,3
1331,6
1332,6
1332,9
1332,11
1333,10
1333,13
1333,18
1334,10
1334,19
1335,4
1335,20
1336,3
1336,7
1337,5
1337,7
1337,16
1338,2
1338,16
1338,19
1339,4
1340,2
1341,3
1341,6
1342,3
1342,8
1342,14
1343,5
1343,12
1343,15
1344,2
1344,20
1345,7
1345,17
1345,19
1346,1
1346,2
1346,11
1347,11
1348,6
1348,12
1349,2
1349,7
1350,5
1350,13
1351,3
1351,17
1352,6
1353,7
1353,11
1353,15
1354,15
1355,8
1356,10
1356,17
1356,18
1357,5
1358,2
1358,4
1358,11
1359,3
1359,14
1359,17
1360,1
1360,6
1360,11
1361,2
1361,5
1362,8
1363,13
1364,19
1365,13
1366,2
1366,4
1366,8
1367,1
1367,3
1367,18
1368,13
1368,16
1368,19
1369,13
1369,20
1370,8
1370,16
1371,9
1371,12
1371,15
1372,5
1372,15
1373,5
1373,8
1373,12
1374,6
1374,13
1375,6
1375,12
1376,1
1376,10
1376,14
1377,2
1378,14
1378,18
1379,13
1380,12
1381,13
1382,14
1382,15
1383,13
1383,15
1383,20
1384,11
1384,12
1385,5
1385,13
1386,7
1386,8
1386,17
1387,7
1388,7
1388,12
1388,15
1389,10
1389,12
1389,14
1390,13
1391,16
1392,18
1393,10
1393,14
1393,15
1394,7
1395,11
1396,6
1396,13
1396,17
1397,6
1397,15
1398,7
1399,6
1399,19
1400,5
1400,19
1401,7
1401,13
1401,19
1402,14
1403,8
1403,15
1404,5
1404,11
1404,16
1405,2
1405,17
1405,20
1406,3
1406,4
1406,19
1407,1
1408,11
1409,11
1410,5
1410,7
1411,10
1412,12
1413,11
1413,15
1413,19
1414,6
1414,11
1415,4
1415,10
1416,5
1416,6
1416,20
1417,4
1417,18
1418,6
1418,14
1418,18
1419,8
1419,9
1419,16
1420,5
1421,2
1421,4
1422,13
1423,13
1423,16
1424,1
1425,6
1425,12
1425,15
1426,1
1426,16
1427,11
1427,12
1427,19
1428,12
1429,6
1430,20
1431,5
1431,13
1432,7
1433,3
1433,10
1433,11
1434,16
1434,20
1435,20
1436,6
1436,12
1436,14
1437,7
1437,17
1438,1
1438,17
1439,6
1439,11
1440,8
1441,9
1441,10
1441,15
1442,2
1442,11
1443,3
1443,15
1444,2
1444,18
1445,20
1446,19
1447,10
1448,7
1448,16
1449,2
1449,13
1450,9
1450,11
1450,13
1451,14
1451,17
1452,5
1452,11
1453,9
1453,18
1454,16
1455,3
1455,9
1456,3
1456,11
1457,1
1457,4
1457,5
1458,8
1459,6
1460,3
1460,5
1461,3
1461,8
1461,19
1462,1
1463,3
1463,5
1463,11
1464,4
1464,11
1464,15
1465,2
1465,4
1465,5
1466,3
1467,3
1468,1
1468,3
1468,14
1469,2
1469,7
1469,8
1470,3
1470,11
1470,13
1471,7
1471,16
1471,17
1472,16
1473,6
1473,10
1473,16
1474,2
1474,15
1474,19
1475,17
1476,3
1477,7
1478,5
1478,18
1479,3
1479,4
1479,7
1480,6
1481,6
1481,8
1482,10
1482,19
1483,10
1483,14
1483,17
1484,14
1485,8
1485,12
1486,1
1486,9
1486,10
1487,3
1488,3
1489,2
1489,12
1490,3
1490,14
1490,15
1491,3
1492,12
1492,19
1493,3
1493,9
1493,20
1494,11
1494,12
1494,15
1495,12
1495,16
1495,20
1496,11
1496,16
1497,6
1497,7
1497,8
1498,12
1499,15
1499,20
1500,13
1500,15
1501,5
1501,15
1502,13
1503,1
1503,5
1504,5
1504,13
1505,1
1505,12
1506,5
1506,6
1507,4
1507,6
1507,7
1508,13
1509,5
1509,9
1510,1
1510,7
1511,6
1511,13
1512,9
1512,18
1513,7
1514,16
1514,20
1515,6
1515,14
1516,2
1516,12
1517,3
1518,10
1518,16
1519,8
1520,7
1520,14
1520,16
1521,1
1521,10
1522,6
1522,10
1522,11
1523,4
1523,14
1523,20
1524,5
1524,10
1524,17
1525,5
1525,12
1526,16
1526,19
1527,1
1528,12
1528,14
1529,7
1530,8
1530,11
1531,9
1531,16
1531,18
1532,11
1532,19
1533,5
1533,7
1533,11
1534,8
1534,19
1534,20
1535,16
1536,1
1536,11
1536,16
1537,4
1537,5
1537,13
1538,3
1538,11
1538,17
1539,9
1539,15
1540,15
1541,7
1541,9
1542,2
1542,5
1542,12
1543,8
1543,20
1544,1
1544,11
1544,12
1545,5
1545,16
1545,18
1546,11
1546,16
1547,18
1547,20
1548,7
1549,4
1549,10
1549,20
1550,2
1550,7
1550,17
1551,8
1551,10
1551,13
1552,1
1552,10
1553,5
1553,7
1554,1
1554,20
1555,3
1555,12
1555,14
1556,5
1556,15
1557,6
1557,13
1557,18
1558,4
1558,11
1558,15
1559,9
1559,15
1560,20
1561,6
1561,10
1562,1
1562,5
1562,11
1563,2
1564,16
1564,18
1565,5
1565,11
1566,1
1566,13
1566,18
1567,11
1567,13
1567,14
1568,11
1569,2
1569,10
1569,11
1570,2
1570,17
1570,19
1571,5
1572,3
1572,20
1573,5
1574,17
1575,8
1576,12
1577,3
1577,11
1578,3
1578,11
1579,13
1579,18
1580,17
1581,5
1581,13
1582,3
1582,7
1582,15
1583,4
1584,8
1584,20
1585,18
1586,2
1587,2
1587,8
1587,16
1588,8
1589,5
1590,17
1591,11
1591,13
1592,1
1592,13
1592,17
1593,1
1593,16
1594,3
1594,14
1594,18
1595,7
1596,2
1596,7
1596,8
1597,1
1597,12
1597,16
1598,3
1598,12
1598,19
1599,6
1599,7
1599,13
1600,18
1601,20
1602,9
1602,18
1603,13
1603,17
1604,7
1605,7
1605,9
1605,11
1606,9
1606,13
1607,10
1608,1
1608,15
1609,7
1609,13
1609,17
1610,4
1611,13
1612,7
1613,19
1614,7
1614,10
1614,20
1615,2
1615,15
1616,8
1616,9
1616,19
1617,17
1618,10
1619,7
1620,11
1621,16
1622,11
1622,13
1622,15
1623,6
1623,20
1624,16
1624,18
1625,3
1625,8
1625,10
1626,1
1626,4
1626,19
1627,1
1627,2
1627,9
1628,10
1629,13
1629,19
1630,4
1631,12
1632,7
1633,3
1633,12
1634,1
1634,14
1635,2
1635,4
1636,5
1636,9
1637,4
1637,7
1638,1
1638,6
1638,16
1639,4
1640,8
1641,18
1641,19
1642,1
1642,9
1643,3
1643,16
1643,19
1644,3
1644,5
1644,7
1645,1
1645,13
1646,16
1647,14
1647,15
1648,1
1649,2
1649,3
1649,9
1650,7
1650,10
1650,16
1651,1
1651,9
1652,8
1653,1
1653,2
1653,15
1654,14
1654,16
1654,18
1655,2
1656,3
1656,12
1657,12
1657,15
1657,16
1658,6
1658,12
1658,19
1659,5
1659,18
1659,20
1660,12
1660,14
1661,19
1662,12
1662,15
1663,5
1663,10
1664,14
1664,16
1664,18
1665,3
1665,14
1666,5
1666,9
1666,11
1667,15
1667,20
1668,2
1668,6
1668,11
1669,5
1669,11
1669,18
1670,5
1670,6
1670,19
1671,13
1672,14
1673,17
1674,2
1674,4
1674,17
1675,1
1675,9
1675,18
1676,6
1676,8
1676,11
1677,4
1677,11
1678,12
1678,13
1678,18
1679,8
1679,12
1679,13
1680,4
1680,8
1680,14
1681,5
1681,7
1681,15
1682,1
1682,4
1682,17
1683,3
1683,5
1684,8
1684,10
1684,13
1685,7
1685,18
1686,1
1686,4
1686,7
1687,1
1688,4
1688,7
1689,3
1690,9
1691,4
1691,14
1692,1
1692,13
1693,10
1693,11
1693,20
1694,7
1694,12
1695,14
1695,19
1696,19
1696,20
1697,16
1698,16
1699,1
1699,12
1700,13
1700,16
1701,4
1701,12
1701,14
1702,1
1702,13
1702,16
1703,16
1704,16
1705,3
1705,18
1706,8
1707,4
1707,13
1707,15
1708,8
1708,11
1708,16
1709,11
1710,15
1710,18
1711,20
1712,1
1712,4
1713,1
1713,5
1713,19
1714,3
1714,15
1714,17
1715,15
1716,13
1716,19
1717,2
1717,4
1717,9
1718,6
1718,16
1718,17
1719,6
1719,10
1720,10
1721,4
1721,11
1721,14
1722,3
1722,5
1722,7
1723,8
1723,16
1724,13
1725,2
1725,6
1725,13
1726,6
1726,8
1727,16
1727,19
1728,15
1729,4
1729,6
1729,20
1730,5
1731,1
1731,19
1731,20
1732,12
1732,16
1733,1
1733,14
1733,17
1734,4
1734,12
1734,18
1735,2
1735,16
1736,14
1736,18
1737,3
1737,14
1737,19
1738,9
1739,12
1739,13
1739,16
1740,4
1740,5
1740,8
1741,6
1742,19
1743,7
1744,12
1744,18
1745,3
1745,9
1745,16
1746,6
1746,14
1746,19
1747,18
1748,8
1749,5
1750,5
1750,13
1751,12
1752,17
1753,4
1754,9
1754,17
1754,19
1755,10
1756,11
1757,16
1758,7
1759,16
1759,19
1759,20
1760,4
1761,13
1762,3
1762,5
1762,18
1763,5
1763,17
1763,20
1764,16
1765,3
1765,6
1765,19
1766,14
1767,8
1767,9
1767,12
1768,2
1768,14
1769,11
1770,1
1770,7
1771,12
1771,13
1771,15
1772,5
1772,8
1772,16
1773,6
1773,14
1773,17
1774,20
1775,3
1775,10
1775,16
1776,1
1776,20
1777,3
1777,18
1778,5
1779,2
1779,9
1779,12
1780,9
1780,15
1781,10
1781,11
1781,18
1782,10
1782,11
1782,16
1783,13
1783,16
1783,18
1784,5
1784,19
1784,20
1785,3
1785,11
1786,11
1786,16
1786,18
1787,3
1787,9
1787,20
1788,9
1788,10
1788,20
1789,8
1789,11
1789,17
1790,8
1790,19
1791,12
1792,7
1792,11
1793,9
1793,14
1793,19
1794,5
1794,7
1794,14
1795,7
1795,10
1795,12
1796,11
1796,18
1796,20
1797,15
1798,4
1798,6
1798,17
1799,7
1799,8
1799,10
1800,6
1800,11
1800,16
1801,8
1801,13
1802,9
1802,19
1803,11
1803,18
1804,9
1805,3
1805,4
1805,9
1806,13
1806,18
1807,3
1808,9
1809,15
1809,18
1810,9
1810,14
1810,17
1811,9
1812,14
1813,4
1813,16
1813,20
1814,11
1814,13
1815,5
1816,4
1817,2
1817,20
1818,9
1819,18
1820,4
1820,5
1820,9
1821,2
1821,7
1821,14
1822,1
1822,2
1822,19
1823,11
1824,9
1824,10
1824,14
1825,8
1826,20
1827,9
1827,18
1827,19
1828,5
1828,8
1829,18
1830,6
1830,8
1830,11
1831,7
1831,18
1832,1
1832,3
1832,6
1833,9
1833,16
1833,20
1834,4
1835,14
1836,8
1837,6
1837,20
1838,8
1839,1
1839,4
1840,10
1841,13
1841,19
1842,7
1842,8
1843,3
1844,15
1844,20
1845,13
1846,1
1846,13
1846,18
1847,7
1847,16
1848,11
1848,17
1849,1
1849,16
1850,13
1850,15
1850,20
1851,5
1851,7
1851,12
1852,3
1852,6
1852,13
1853,7
1853,20
1854,12
1854,13
1855,8
1855,10
1856,13
1857,1
1857,8
1857,16
1858,1
1858,3
1858,15
1859,12
1859,19
1860,1
1860,13
1861,14
1861,15
1862,3
1862,14
1863,8
1863,12
1864,9
1864,12
1865,6
1865,20
1866,19
1867,7
1867,17
1867,20
1868,13
1869,2
1869,8
1870,6
1871,20
1872,2
1872,9
1872,18
1873,17
1874,5
1874,15
1875,5
1875,14
1876,6
1876,8
1877,6
1877,10
1878,3
1878,8
1878,20
1879,2
1879,6
1879,19
1880,16
1880,18
1881,6
1881,8
1882,7
1883,3
1883,4
1883,20
1884,6
1884,18
1885,15
1886,5
1886,6
1886,12
1887,1
1887,6
1887,8
1888,6
1888,9
1889,1
1889,17
1889,19
1890,13
1891,6
1892,16
1893,5
1894,20
1895,9
1895,19
1896,8
1896,15
1897,4
1898,2
1898,6
1898,8
1899,13
1900,1
1901,15
1901,17
1902,13
1902,18
1903,13
1903,15
1903,17
1904,12
1904,13
1904,17
1905,14
1905,17
1906,17
1907,2
1907,5
1908,3
1909,4
1909,10
1909,12
1910,13
1910,14
1910,19
1911,1
1911,12
1912,7
1912,16
1913,7
1914,5
1914,15
1915,5
1915,10
1915,13
1916,5
1917,8
1918,9
1918,16
1919,15
1919,20
1920,7
1920,15
1921,14
1922,8
1923,4
1924,2
1924,12
1925,13
1925,15
1926,3
1926,10
1926,14
1927,17
1927,18
1928,2
1928,16
1929,12
1930,7
1930,10
1931,1
1931,4
1931,6
1932,18
1933,1
1933,2
1934,7
1934,12
1934,17
1935,15
1936,11
1936,15
1937,11
1937,20
1938,2
1938,12
1939,4
1939,15
1939,19
1940,14
1940,17
1941,18
1942,3
1942,17
1942,19
1943,13
1944,9
1944,15
1945,5
1946,3
1947,9
1947,13
1947,20
1948,2
1949,10
1950,5
1951,14
1952,5
1952,7
1952,14
1953,18
1953,19
1954,1
1954,7
1955,6
1956,9
1957,3
1957,8
1957,16
1958,6
1958,16
1959,3
1960,11
1960,12
1960,15
1961,9
1961,19
1962,11
1962,18
1962,19
1963,5
1963,17
1963,19
1964,8
1964,9
1964,19
1965,14
1966,9
1966,11
1967,10
1967,13
1967,16
1968,19
1969,4
1969,9
1970,18
1971,8
1972,15
1973,4
1974,12
1974,17
1974,18
1975,13
1975,14
1976,3
1976,10
1976,11
1977,6
1978,3
1978,11
1978,16
1979,14
1980,5
1980,14
1981,1
1981,16
1982,4
1982,12
1983,8
1983,16
1984,13
1984,19
1985,13
1986,8
1986,10
1987,20
1988,11
1989,20
1990,13
1990,19
1991,4
1992,3
1993,1
1993,5
1993,18
1994,3
1994,16
1995,1
1995,2
1995,5
1996,2
1996,6
1997,10
1998,12
1998,19
1999,2
2000,10
2001,2
2001,4
2002,1
2002,2
2002,3
2003,6
2004,4
2004,16
2005,10
2005,19
2006,3
2006,10
2006,17
2007,3
2008,9
2008,20
2009,17
2010,16
2011,2
2011,8
2011,10
2012,6
2012,11
2013,12
2013,15
2013,16
2014,10
2014,13
2014,20
2015,8
2015,10
2016,7
2016,8
2016,11
2017,5
2017,20
2018,3
2019,19
2020,5
2021,15
2022,5
2023,3
2023,10
2023,11
2024,8
2024,11
2024,19
2025,14
2025,16
2025,19
2026,18
2027,7
2027,10
2027,19
2028,2
2028,12
2029,13
2030,12
2031,2
2032,9
2033,6
2033,16
2034,11
2034,13
2035,5
2035,11
2036,6
2036,11
2036,14
2037,6
2038,3
2038,14
2039,5
2039,11
2040,5
2041,17
2042,7
2042,9
2042,16
2043,2
2043,6
2043,14
2044,12
2045,11
2045,12
2045,20
2046,4
2047,7
2047,17
2048,5
2049,9
2049,17
2050,7
2050,13
2050,17
2051,2
2051,15
2052,10
2052,18
2052,19
2053,2
2053,10
2053,15
2054,1
2054,14
2055,3
2055,14
2055,16
2056,19
2056,20
2057,11
2058,8
2058,9
2058,15
2059,2
2059,8
2060,9
2060,13
2060,19
2061,1
2061,17
2062,2
2063,15
2064,13
2065,14
2066,3
2067,18
2067,20
2068,1
2068,17
2069,2
2069,10
2069,16
2070,7
2070,18
2070,19
2071,4
2071,8
2072,11
2072,18
2073,18
2074,1
2074,7
2074,14
2075,11
2076,1
2076,8
2076,16
2077,5
2078,6
2078,9
2078,10
2079,6
2079,9
2079,14
2080,6
2080,7
2081,4
2081,10
2082,18
2082,20
2083,3
2083,5
2083,20
2084,1
2085,3
2086,4
2086,6
2087,4
2087,11
2088,15
2088,17
2088,18
2089,16
2090,3
2090,9
2090,20
2091,3
2091,12
2092,13
2093,18
2094,1
2094,3
2095,6
2096,11
2097,17
2098,7
2098,16
2098,18
2099,1
2099,11
2099,12
2100,4
2100,14
2101,6
2101,7
2101,13
2102,20
2103,3
2103,16
2103,19
2104,8
2104,16
2104,18
2105,11
2105,13
2106,2
2106,7
2106,12
2107,15
2108,1
2109,1
2109,12
2109,20
2110,1
2110,11
2110,14
2111,3
2111,15
2112,4
2113,4
2113,17
2113,18
2114,5
2114,16
2114,19
2115,4
2115,11
2115,18
2116,2
2116,8
2116,11
2117,14
2117,18
2118,2
2118,4
2119,10
2120,5
2120,9
2120,13
2121,9
2122,3
2122,14
2123,3
2123,12
2123,16
2124,10
2124,14
2125,1
2126,6
2126,11
2127,3
2127,5
2127,17
2128,4
2128,12
2128,20
2129,4
2130,11
2130,20
2131,6
2132,3
2132,7
2132,19
2133,2
2134,10
2134,18
2135,3
2135,18
2135,19
2136,10
2136,18
2137,13
2138,10
2139,3
2139,11
2140,2
2140,5
2141,4
2142,1
2142,4
2142,16
2143,16
2144,13
2144,18
2145,9
2146,19
2147,3
2147,8
2147,11
2148,6
2149,1
2149,4
2149,19
2150,5
2150,7
2151,17
2152,14
2153,17
2154,7
2154,19
2155,8
2155,18
2156,14
2157,20
2158,7
2158,13
2158,17
2159,5
2159,12
2160,14
2160,19
2161,8
2161,9
2161,10
2162,4
2162,9
2162,14
2163,1
2163,16
2163,20
2164,13
2165,5
2165,7
2165,9
2166,4
2166,6
2166,19
2167,2
2167,5
2167,8
2168,8
2169,2
2169,3
2169,13
2170,7
2171,4
2171,19
2172,7
2173,1
2173,4
2173,14
2174,11
2175,15
2176,5
2177,4
2177,11
2177,12
2178,13
2178,17
2179,7
2179,9
2179,15
2180,5
2180,7
2180,13
2181,7
2181,8
2182,9
2182,16
2183,2
2183,9
2184,14
2185,2
2185,6
2186,15
2187,7
2187,10
2187,14
2188,10
2189,10
2190,6
2190,14
2191,16
2192,3
2192,15
2192,19
2193,8
2193,10
2194,7
2194,9
2195,9
2195,13
2196,16
2197,15
2198,1
2199,16
2200,8
2200,18
2201,4
2201,5
2201,9
2202,9
2202,12
2202,17
2203,4
2203,9
2203,17
2204,1
2204,13
2205,19
2206,8
2207,8
2207,9
2208,17
2208,18
2208,19
2209,16
2210,1
2210,5
2210,20
2211,14
2211,18
2212,1
2212,11
2212,16
2213,6
2214,10
2215,9
2215,14
2215,19
2216,7
2216,12
2216,13
2217,13
2218,7
2218,20
2219,11
2220,11
2221,8
2221,16
2222,8
2222,11
2222,16
2223,1
2223,18
2224,3
2224,4
2224,5
2225,14
2226,7
2227,14
2227,18
2228,3
2228,4
2228,18
2229,5
2229,8
2230,7
2230,12
2230,20
2231,2
2232,1
2232,19
2233,4
2233,9
2234,7
2234,15
2234,19
2235,11
2236,20
2237,3
2238,18
2238,20
2239,2
2239,8
2239,16
2240,6
2240,9
2240,18
2241,1
2241,7
2241,16
2242,4
2242,11
2243,17
2244,8
2244,9
2244,19
2245,14
2246,12
2246,15
2246,20
2247,1
2247,4
2247,6
2248,1
2248,9
2248,19
2249,6
2250,8
2251,2
2251,6
2251,7
2252,7
2253,10
2254,2
2254,15
2255,20
2256,2
2257,7
2258,10
2258,14
2259,3
2260,16
2261,1
2261,6
2262,2
2262,18
2263,14
2264,3
2265,7
2266,5
2267,4
2267,14
2268,6
2269,17
2269,18
2270,11
2270,17
2270,19
2271,6
2271,18
2272,7
2272,15
2272,19
2273,6
2273,15
2274,9
2274,11
2275,1
2275,7
2275,20
2276,10
2276,13
2277,3
2277,4
2277,15
2278,2
2278,5
2278,8
2279,4
2279,18
2279,20
2280,13
2280,19
2281,2
2281,5
2281,17
2282,18
2283,5
2284,2
2285,3
2285,18
2285,20
2286,18
2287,3
2287,11
2287,17
2288,3
2288,9
2288,19
2289,5
2289,18
2290,2
2291,7
2291,16
2292,8
2293,3
2293,5
2293,17
2294,3
2294,14
2294,15
2295,3
2295,11
2295,18
2296,6
2296,9
2297,1
2297,2
2298,1
2299,1
2299,3
2299,20
2300,6
2300,19
2301,3
2302,4
2302,7
2302,16
2303,12
2303,18
2304,20
2305,5
2306,11
2306,13
2307,4
2307,10
2307,17
2308,6
2308,9
2309,18
2310,20
2311,16
2311,18
2311,19
2312,16
2312,17
2313,5
2314,10
2315,2
2315,11
2315,20
2316,2
2316,16
2317,1
2317,14
2317,15
2318,20
2319,1
2320,8
2320,9
2320,13
2321,3
2321,11
2322,9
2322,17
2323,5
2323,13
2323,19
2324,4
2324,8
2324,14
2325,9
2326,8
2326,11
2326,12
2327,2
2327,10
2327,12
2328,19
2329,2
2329,18
2330,2
2330,16
2330,20
2331,7
2331,8
2332,18
2332,20
2333,12
2333,20
2334,20
2335,5
2335,6
2335,17
2336,2
2337,2
2337,4
2338,9
2338,17
2339,18
2340,1
2340,9
2340,19
2341,6
2341,16
2341,18
2342,8
2342,17
2343,13
2344,3
2344,7
2344,17
2345,8
2345,9
2346,3
2347,13
2348,6
2348,10
2348,17
2349,10
2349,14
2349,20
2350,1
2351,14
2352,5
2352,12
2352,17
2353,4
2353,7
2354,3
2354,9
2355,2
2355,13
2356,6
2356,13
2357,10
2357,12
2358,6
2359,8
2359,12
2360,6
2360,18
2361,1
2361,7
2362,3
2362,13
2362,16
2363,9
2363,14
2364,17
2364,19
2365,1
2365,8
2365,17
2366,4
2366,8
2366,12
2367,6
2367,17
2367,20
2368,5
2368,11
2369,2
2369,20
2370,2
2370,10
2370,11
2371,2
2371,8
2371,10
2372,7
2373,12
2374,17
2375,11
2375,19
2376,4
2376,8
2376,13
2377,4
2378,4
2379,15
2379,17
2379,20
2380,4
2380,18
2381,20
2382,8
2383,3
2383,7
2383,16
2384,5
2385,8
2385,11
2386,14
2387,3
2388,20
2389,11
2389,13
2389,16
2390,15
2391,14
2391,17
2391,18
2392,1
2393,7
2394,1
2395,4
2395,11
2395,14
2396,18
2397,20
2398,1
2398,8
2398,13
2399,16
2399,20
2400,4
2400,10
2401,1
2401,7
2401,14
2402,12
2402,20
2403,2
2404,10
2405,3
2405,4
2405,17
2406,4
2406,10
2406,19
2407,8
2407,10
2407,19
2408,16
2408,17
2409,1
2409,19
2410,14
2411,6
2412,6
2412,7
2412,17
2413,3
2414,15
2415,11
2415,20
2416,3
2416,20
2417,2
2417,10
2418,17
2419,2
2419,12
2419,14
2420,1
2420,8
2420,11
2421,13
2421,14
2422,2
2422,17
2423,4
2423,5
2423,20
2424,1
2424,2
2425,2
2426,7
2426,12
2426,13
2427,3
2427,20
2428,13
2429,15
2430,11
2431,4
2431,6
2431,7
2432,9
2433,2
2433,12
2434,17
2434,18
2435,14
2436,4
2436,16
2436,19
2437,5
2437,18
2438,7
2438,9
2438,17
2439,2
2439,4
2440,10
2441,1
2441,15
2441,17
2442,11
2443,8
2443,16
2444,5
2444,17
2444,18
2445,2
2445,7
2446,12
2447,2
2447,4
2447,20
2448,1
2448,12
2448,15
2449,2
2449,12
2449,17
2450,3
2450,10
2450,19
2451,6
2451,19
2452,15
2453,6
2453,19
2454,19
2454,20
2455,13
2455,14
2455,19
2456,10
2456,15
2456,18
2457,17
2458,5
2458,18
2459,13
2459,19
2460,5
2460,8
2460,19
2461,4
2461,19
2462,1
2462,17
2463,7
2463,19
2464,7
2465,6
2466,10
2467,14
2468,18
2468,19
2469,14
2470,1
2470,16
2470,18
2471,13
2472,4
2472,14
2472,15
2473,15
2474,7
2475,8
2475,18
2476,8
2476,11
2476,20
2477,8
2477,12
2477,20
2478,1
2478,5
2478,18
2479,1
2479,12
2480,4
2480,5
2481,11
2481,14
2481,19
2482,18
2483,13
2484,5
2484,12
2484,18
2485,3
2485,9
2486,13
2486,19
2486,20
2487,3
2487,14
2488,1
2489,4
2489,14
2489,16
2490,5
2490,7
2490,17
2491,11
2491,19
2492,9
2493,9
2494,5
2494,18
2495,19
2496,9
2496,17
2497,1
2497,2
2497,6
2498,1
2498,8
2499,17
2500,13
2500,20
2501,2
2501,3
2502,13
2503,3
2503,7
2503,19
2504,1
2504,7
2504,11
2505,3
2506,2
2506,17
2507,3
2507,9
2507,10
2508,3
2508,11
2508,20
2509,15
2510,6
2510,17
2511,19
2512,5
2512,14
2513,12
2514,9
2515,1
2515,16
2516,10
2516,15
2517,2
2517,6
2518,5
2518,13
2518,15
2519,5
2519,20
2520,1
2520,18
2521,16
2522,2
2522,13
2522,16
2523,19
2524,3
2524,9
2524,20
2525,13
2526,3
2526,9
2526,18
2527,7
2528,15
2529,3
2530,11
2531,6
2531,7
2532,4
2532,13
2533,3
2533,18
2534,1
2534,7
2535,4
2536,20
2537,1
2538,4
2538,8
2539,8
2539,17
2540,5
2540,11
2540,15
2541,18
2541,19
2542,4
2542,13
2543,7
2544,3
2544,18
2545,9
2545,10
2546,2
2546,6
2546,11
2547,5
2548,10
2548,17
2549,4
2550,9
2550,10
2551,8
2552,7
2552,9
2553,13
2554,4
2554,18
2555,15
2556,6
2556,16
2556,17
2557,3
2558,6
2559,3
2559,16
2559,18
2560,4
2561,7
2561,9
2561,17
2562,6
2562,19
2563,11
2563,15
2563,16
2564,14
2565,18
2566,4
2567,6
2567,11
2567,18
2568,1
2568,11
2569,19
2570,1
2570,16
2571,14
2571,18
2571,19
2572,4
2572,15
2573,2
2573,13
2574,8
2574,13
2575,1
2575,5
2575,12
2576,13
2577,3
2577,5
2577,6
2578,8
2579,6
2579,11
2579,12
2580,13
2581,1
2581,11
2581,12
2582,4
2582,9
2582,15
2583,5
2583,19
2584,3
2584,6
2584,17
2585,19
2586,11
2587,2
2587,13
2587,15
2588,9
2588,18
2588,19
2589,14
2590,10
2590,18
2590,20
2591,1
2591,5
2591,6
2592,11
2593,20
2594,8
2594,14
2594,18
2595,9
2595,17
2595,20
2596,5
2596,10
2597,11
2597,17
2597,18
2598,3
2598,10
2598,20
2599,15
2599,18
2600,2
2600,15
2600,20
2601,12
2602,8
2603,13
2603,15
2603,20
2604,7
2604,18
2605,1
2605,6
2605,15
2606,3
2606,13
2607,3
2607,15
2607,16
2608,13
2608,16
2608,18
2609,5
2609,14
2609,19
2610,5
2610,16
2610,19
2611,17
2611,19
2612,16
2613,2
2613,11
2613,18
2614,1
2614,13
2614,17
2615,6
2615,8
2615,12
2616,9
2617,12
2618,11
2618,13
2619,2
2619,15
2619,19
2620,4
2621,9
2622,6
2622,11
2622,12
2623,6
2623,9
2624,13
2624,15
2624,20
2625,5
2626,10
2626,20
2627,8
2628,5
2628,9
2628,18
2629,7
2629,8
2630,4
2630,11
2630,19
2631,6
2631,9
2632,11
2633,18
2634,6
2634,16
2635,6
2635,13
2636,6
2636,8
2636,13
2637,8
2637,11
2637,17
2638,4
2638,8
2638,12
2639,4
2639,13
2639,18
2640,1
2640,12
2641,9
2641,16
2641,17
2642,11
2642,18
2643,20
2644,10
2644,16
2645,1
2645,8
2646,10
2647,4
2647,17
2647,20
2648,3
2648,4
2648,16
2649,2
2649,6
2649,16
2650,17
2651,8
2651,11
2651,19
2652,2
2652,3
2653,7
2653,13
2654,3
2654,11
2655,4
2655,15
2656,7
2656,11
2657,7
2658,6
2658,7
2658,12
2659,16
2659,17
2660,8
2661,11
2661,15
2662,1
2663,4
2663,5
2663,9
2664,2
2664,3
2665,6
2665,15
2666,17
2666,20
2667,19
2668,2
2668,16
2668,18
2669,1
2669,5
2669,16
2670,5
2670,12
2671,17
2672,12
2672,13
2672,18
2673,5
2674,14
2674,18
2675,2
2675,11
2676,14
2676,15
2676,17
2677,9
2677,10
2677,15
2678,5
2679,11
2679,17
2680,9
2680,18
2681,11
2681,14
2681,19
2682,10
2682,11
2683,17
2684,10
2685,3
2685,4
2685,14
2686,1
2686,5
2687,2
2688,5
2689,8
2689,12
2690,3
2690,8
2690,20
2691,4
2692,3
2692,11
2693,1
2694,11
2694,16
2695,17
2696,14
2697,4
2697,6
2697,10
2698,10
2698,17
2699,13
2699,19
2699,20
2700,5
2700,16
2700,20
2701,8
2701,14
2702,10
2702,15
2703,1
2703,5
2703,14
2704,12
2705,6
2705,10
2705,12
2706,3
2707,6
2707,7
2707,18
2708,5
2709,3
2710,7
2711,1
2711,5
2711,10
2712,2
2712,3
2712,13
2713,1
2713,3
2713,17
2714,14
2715,6
2715,16
2716,18
2717,1
2717,12
2718,6
2718,13
2718,16
2719,3
2719,6
2719,15
2720,12
2721,11
2721,15
2722,12
2722,18
2723,5
2723,9
2723,16
2724,5
2724,19
2725,11
2726,20
2727,17
2728,13
2728,15
2728,18
2729,4
2730,2
2730,18
2731,15
2732,16
2733,3
2734,7
2734,20
2735,7
2735,19
2736,1
2736,6
2736,19
2737,6
2737,20
2738,19
2739,7
2739,14
2739,20
2740,4
2741,3
2741,11
2741,14
2742,8
2742,10
2742,18
2743,5
2743,6
2743,8
2744,8
2744,12
2745,7
2745,11
2745,18
2746,9
2746,10
2746,14
2747,16
2748,8
2748,15
2748,16
2749,13
2750,1
2750,8
2751,9
2751,11
2751,19
2752,4
2752,6
2752,16
2753,19
2753,20
2754,1
2754,6
2755,3
2755,6
2755,15
2756,2
2757,8
2757,15
2758,4
2758,7
2758,16
2759,5
2759,11
2760,8
2760,17
2760,18
2761,5
2762,4
2763,12
2764,2
2764,18
2765,6
2766,2
2767,16
2767,18
2768,15
2768,17
2768,19
2769,12
2769,15
2769,19
2770,7
2770,12
2770,17
2771,6
2771,8
2772,2
2772,13
2772,18
2773,7
2774,9
2775,8
2775,13
2776,3
2776,11
2776,19
2777,15
2778,12
2779,7
2780,1
2780,3
2780,19
2781,19
2782,19
2783,1
2783,3
2783,12
2784,7
2784,16
2785,7
2785,17
2786,20
2787,1
2788,3
2788,14
2788,16
2789,19
2790,3
2790,4
2791,13
2792,5
2793,4
2793,5
2793,7
2794,4
2795,14
2795,15
2795,20
2796,2
2796,4
2796,5
2797,3
2797,4
2797,19
2798,4
2798,13
2799,6
2800,4
2801,2
2801,5
2801,15
2802,11
2802,15
2802,17
2803,7
2804,2
2804,7
2804,10
2805,7
2805,13
2805,14
2806,7
2806,18
2807,6
2808,10
2808,17
2809,5
2810,4
2810,6
2811,10
2812,18
2813,5
2813,13
2813,17
2814,1
2814,19
2815,5
2815,11
2815,19
2816,5
2816,10
2816,13
2817,19
2818,12
2819,3
2819,13
2820,1
2820,7
2820,12
2821,19
2822,1
2822,4
2823,15
2824,5
2825,7
2825,14
2826,11
2826,18
2827,10
2827,12
2827,13
2828,7
2829,9
2830,5
2831,5
2832,2
2832,14
2833,12
2834,6
2834,8
2834,16
2835,2
2835,9
2835,16
2836,20
2837,2
2837,3
2837,15
2838,14
2838,19
2839,14
2840,5
2841,10
2842,4
2842,11
2842,19
2843,1
2843,6
2844,10
2845,8
2846,4
2847,20
2848,13
2848,16
2849,12
2849,14
2849,15
2850,3
2850,20
2851,15
2851,19
2852,10
2852,12
2852,20
2853,6
2853,8
2854,4
2854,16
2855,9
2856,1
2856,14
2857,2
2858,2
2858,4
2858,17
2859,2
2860,1
2861,8
2861,14
2861,18
2862,15
2863,3
2863,9
2864,6
2864,14
2865,1
2865,2
2865,18
2866,4
2866,12
2866,15
2867,5
2868,1
2868,4
2868,11
2869,2
2869,3
2869,15
2870,17
2871,14
2872,4
2872,8
2873,15
2874,3
2874,8
2874,11
2875,10
2876,9
2876,17
2877,7
2877,10
2878,4
2878,6
2879,1
2879,7
2879,19
2880,6
2880,12
2880,14
2881,12
2881,15
2881,17
2882,9
2882,14
2883,1
2883,7
2884,18
2885,11
2886,7
2887,6
2887,13
2887,15
2888,13
2888,14
2889,3
2889,5
2890,3
2890,19
2891,5
2891,8
2891,16
2892,2
2893,9
2894,14
2894,20
2895,10
2896,1
2896,19
2897,4
2898,15
2899,4
2899,15
2899,16
2900,1
2900,2
2901,8
2901,9
2901,19
2902,3
2902,9
2902,18
2903,1
2903,8
2903,11
2904,3
2904,6
2904,11
2905,9
2906,2
2906,17
2906,20
2907,10
2907,13
2907,16
2908,8
2908,16
2908,17
2909,3
2909,7
2909,15
2910,4
2910,14
2910,15
2911,18
2911,20
2912,4
2912,10
2912,14
2913,4
2913,5
2914,16
2915,2
2915,16
2916,9
2916,19
2917,8
2918,11
2919,6
2919,7
2920,10
2920,17
2920,19
2921,4
2921,15
2921,19
2922,3
2923,6
2923,9
2923,14
2924,1
2924,5
2924,7
2925,2
2925,17
2926,6
2926,18
2927,3
2928,2
2928,6
2929,1
2929,4
2929,9
2930,3
2930,8
2930,12
2931,17
2931,19
2931,20
2932,15
2932,17
2932,19
2933,4
2934,15
2935,18
2936,10
2936,17
2936,19
2937,3
2938,9
2938,10
2938,13
2939,4
2939,5
2939,6
2940,12
2940,17
2941,8
2941,15
2941,19
2942,1
2942,12
2942,15
2943,1
2943,2
2943,6
2944,2
2944,18
2945,11
2945,16
2946,3
2946,6
2947,13
2948,3
2948,10
2948,13
2949,3
2950,17
2951,9
2951,19
2952,20
2953,14
2953,17
2953,18
2954,15
2955,13
2955,16
2955,19
2956,2
2956,9
2956,20
2957,4
2957,8
2957,12
2958,3
2958,19
2959,4
2959,12
2960,2
2960,16
2961,6
2961,8
2961,16
2962,18
2962,20
2963,11
2964,4
2964,12
2964,13
2965,13
2965,19
2966,10
2967,2
2967,10
2967,14
2968,13
2968,18
2968,20
2969,9
2970,1
2970,9
2970,14
2971,10
2971,17
2972,3
2973,1
2973,5
2974,4
2974,11
2974,13
2975,6
2976,8
2976,19
2977,9
2977,14
2977,18
2978,1
2978,5
2978,17
2979,8
2979,9
2979,18
2980,17
2980,18
2981,20
2982,14
2983,9
2984,5
2984,16
2985,3
2985,15
2985,19
2986,1
2986,3
2987,10
2988,7
2989,19
2990,6
2990,8
2990,12
2991,14
2992,8
2993,16
2994,1
2994,11
2994,14
2995,8
2996,9
2997,17
2997,18
2998,13
2999,1
2999,6
3000,9
3000,10
3001,5
3001,9
3002,20
3003,14
3004,2
3004,7
3005,1
3005,9
3005,10
3006,3
3006,13
3006,14
3007,3
3007,16
3008,5
3008,9
3008,18
3009,2
3009,18
3009,20
3010,1
3010,13
3010,15
3011,4
3011,5
3011,9
3012,15
3013,14
3013,17
3014,8
3015,6
3015,20
3016,9
3016,13
3017,8
3017,14
3017,18
3018,13
3018,18
3018,19
3019,10
3019,17
3020,10
3020,19
3021,3
3021,11
3021,19
3022,2
3022,9
3022,11
3023,4
3024,2
3024,5
3024,6
3025,8
3025,12
3025,16
3026,2
3026,12
3026,13
3027,3
3028,3
3028,14
3029,2
3029,8
3029,18
3030,7
3030,13
3030,14
3031,8
3031,14
3032,4
3032,5
3032,17
3033,9
3033,11
3033,12
3034,2
3034,13
3034,16
3035,2
3036,20
3037,5
3037,10
3037,19
3038,17
3038,19
3039,2
3039,6
3040,13
3040,20
3041,9
3041,14
3041,18
3042,14
3042,16
3043,11
3044,6
3044,9
3045,10
3046,12
3046,14
3047,11
3047,15
3048,1
3048,15
3048,19
3049,8
3049,11
3050,17
3051,1
3051,5
3051,14
3052,12
3053,13
3053,20
3054,6
3055,10
3055,11
3056,4
3057,11
3057,12
3058,2
3059,14
3060,6
3061,6
3062,10
3063,15
3064,16
3064,20
3065,5
3065,13
3066,3
3066,20
3067,1
3067,4
3068,6
3069,3
3069,4
3070,9
3070,17
3071,2
3071,13
3071,17
3072,18
3073,4
3074,17
3074,19
3075,16
3075,20
3076,3
3076,5
3076,7
3077,19
3078,1
3078,12
3078,15
3079,5
3079,15
3080,6
3080,9
3080,14
3081,3
3081,5
3081,14
3082,2
3082,4
3082,6
3083,17
3084,8
3084,16
3085,8
3085,14
3086,13
3086,19
3087,2
3087,15
3087,18
3088,6
3088,12
3089,6
3089,17
3090,4
3090,5
3091,8
3091,17
3091,18
3092,9
3092,12
3093,2
3093,20
3094,9
3094,10
3094,14
3095,10
3095,12
3095,15
3096,5
3096,7
3097,4
3098,7
3099,15
3100,16
3100,18
3101,3
3101,15
3101,20
3102,7
3102,13
3103,10
3104,6
3104,16
3104,20
3105,7
3106,6
3106,13
3106,18
3107,16
3108,1
3108,18
3109,3
3110,2
3110,8
3110,13
3111,7
3111,11
3112,13
3113,8
3113,11
3113,18
3114,5
3114,8
3114,9
3115,8
3115,10
3116,2
3117,3
3117,4
3117,17
3118,13
3118,15
3118,16
3119,3
3119,10
3119,17
3120,6
3120,12
3121,9
3121,20
3122,9
3122,12
3122,19
3123,2
3123,18
3124,18
3125,3
3125,16
3126,7
3126,15
3126,20
3127,1
3127,4
3127,18
3128,4
3128,8
3128,11
3129,18
3130,17
3130,20
3131,9
3131,13
3131,18
3132,14
3132,19
3132,20
3133,5
3133,17
3133,20
3134,2
3134,10
3134,20
3135,16
3135,19
3136,4
3136,5
3136,16
3137,5
3137,15
3138,8
3138,13
3139,3
3140,13
3140,18
3140,20
3141,6
3141,9
3141,20
3142,7
3143,8
3143,15
3143,19
3144,17
3145,8
3146,4
3146,5
3146,20
3147,1
3147,16
3147,18
3148,6
3148,19
3149,6
3150,2
3150,17
3150,18
3151,6
3152,4
3153,4
3154,6
3155,6
3156,1
3157,17
3158,14
3158,15
3159,2
3159,4
3160,17
3161,16
3161,18
3161,20
3162,1
3162,4
3162,13
3163,3
3163,7
3163,10
3164,3
3164,13
3165,2
3165,8
3166,8
3166,10
3166,11
3167,3
3167,17
3167,19
3168,16
3169,14
3169,18
3170,5
3170,7
3170,11
3171,14
3171,19
3172,2
3172,4
3173,7
3174,1
3174,13
3174,15
3175,1
3176,9
3176,11
3177,13
3177,15
3177,19
3178,11
3179,2
3180,13
3180,14
3181,3
3181,9
3182,1
3183,10
3183,12
3183,13
3184,3
3185,1
3185,8
3185,10
3186,11
3186,18
3187,13
3188,9
3188,16
3188,19
3189,17
3190,1
3190,12
3190,18
3191,14
3192,7
3192,18
3193,5
3193,18
3194,18
3194,19
3195,6
3195,13
3195,20
3196,15
3196,20
3197,17
3198,18
3199,18
3199,20
3200,4
3200,16
3200,19
3201,3
3201,12
3201,16
3202,12
3203,6
3203,12
3203,14
3204,3
3204,19
3205,1
3205,13
3206,5
3206,8
3206,20
3207,3
3208,14
3209,12
3209,15
3209,17
3210,6
3210,13
3210,18
3211,10
3212,18
3213,19
3214,3
3214,5
3215,11
3215,12
3216,4
3216,11
3216,15
3217,10
3217,15
3218,3
3218,5
3218,16
3219,6
3219,13
3220,4
3221,5
3221,9
3221,18
3222,20
3223,5
3223,13
3223,19
3224,6
3224,9
3225,5
3226,11
3226,16
3226,17
3227,2
3227,3
3227,15
3228,9
3228,12
3228,20
3229,4
3230,10
3230,12
3230,20
3231,2
3231,11
3232,5
3232,17
3233,19
3234,5
3235,1
3235,16
3236,1
3236,2
3236,19
3237,13
3238,11
3239,2
3239,9
3240,6
3240,7
3241,9
3242,6
3242,17
3243,18
3244,1
3244,9
3244,11
3245,3
3246,17
3246,20
3247,6
3248,8
3248,9
3248,15
3249,5
3250,3
3250,13
3251,1
3251,12
3251,16
3252,2
3253,2
3253,18
3254,4
3255,1
3255,6
3255,12
3256,3
3256,4
3257,6
3257,14
3258,2
3259,8
3259,12
3259,15
3260,19
3261,7
3262,2
3263,3
3263,14
3264,1
3264,11
3264,19
3265,3
3265,9
3266,10
3266,18
3266,19
3267,8
3267,10
3267,11
3268,5
3268,17
3268,19
3269,14
3269,19
3270,7
3270,14
3270,19
3271,5
3271,9
3272,4
3272,16
3273,3
3273,17
3274,16
3275,10
3276,3
3276,7
3276,20
3277,9
3278,2
3278,5
3279,13
3279,18
3280,6
3281,15
3282,7
3282,12
3283,9
3283,17
3284,11
3285,14
3286,2
3286,9
3286,13
3287,2
3287,14
3287,20
3288,7
3288,19
3289,8
3289,9
3289,10
3290,7
3290,17
3290,18
3291,6
3291,11
3292,13
3293,5
3293,10
3293,13
3294,2
3294,11
3294,19
3295,15
3296,2
3296,9
3297,12
3297,15
3298,3
3298,11
3298,12
3299,6
3299,13
3300,19
3301,1
3302,2
3302,11
3302,18
3303,2
3303,4
3304,1
3304,10
3305,4
3305,8
3305,20
3306,3
3307,15
3308,1
3308,4
3308,13
3309,11
3310,13
3310,15
3311,6
3312,1
3313,12
3313,20
3314,11
3315,3
3315,6
3316,3
3317,5
3317,6
3317,15
3318,12
3318,19
3319,1
3320,14
3321,2
3321,3
3321,11
3322,11
3323,6
3324,9
3324,19
3325,11
3325,20
3326,15
3327,2
3327,16
3328,15
3329,5
3329,7
3329,15
3330,2
3330,12
3330,18
3331,1
3331,12
3331,19
3332,3
3333,1
3334,7
3334,10
3335,1
3335,7
3336,1
3336,4
3336,19
3337,5
3337,12
3338,7
3339,2
3339,17
3340,3
3340,10
3340,19
3341,4
3341,8
3341,10
3342,6
3342,11
3342,18
3343,8
3343,12
3344,11
3344,19
3345,2
3346,3
3346,13
3347,2
3348,16
3348,19
3349,1
3349,13
3349,20
3350,2
3350,14
3350,18
3351,18
3352,15
3352,16
3353,2
3353,8
3354,9
3354,17
3355,5
3355,7
3355,19
3356,10
3356,12
3356,20
3357,1
3358,13
3359,13
3359,15
3360,11
3361,1
3361,7
3362,12
3363,3
3364,7
3364,13
3365,5
3365,9
3366,6
3366,10
3367,15
3368,2
3368,6
3368,9
3369,5
3369,6
3369,19
3370,8
3371,4
3371,11
3372,1
3373,2
3373,19
3373,20
3374,2
3374,12
3374,14
3375,1
3376,14
3376,18
3376,20
3377,1
3377,8
3377,9
3378,4
3379,13
3380,8
3380,15
3381,20
3382,10
3383,11
3383,15
3383,20
3384,15
3384,18
3384,20
3385,6
3385,19
3386,6
3387,10
3387,14
3387,19
3388,13
3389,8
3390,14
3391,1
3391,5
3391,6
3392,12
3392,20
3393,3
3393,6
3393,9
3394,1
3394,15
3395,1
3395,5
3395,20
3396,3
3396,4
3397,6
3397,8
3398,1
3398,6
3398,18
3399,14
3400,4
3400,6
3400,20
3401,12
3402,4
3402,16
3402,17
3403,1
3403,4
3403,12
3404,4
3404,20
3405,7
3405,14
3405,18
3406,11
3406,18
3407,3
3407,11
3407,19
3408,6
3408,15
3408,16
3409,4
3409,13
3409,18
3410,2
3410,11
3410,20
3411,16
3412,3
3412,7
3412,20
3413,5
3413,13
3413,17
3414,6
3414,16
3414,17
3415,10
3415,11
3416,4
3417,5
3417,6
3417,16
3418,1
3419,6
3420,7
3420,10
3420,18
3421,8
3422,5
3423,9
3424,9
3425,9
3425,16
3426,5
3426,7
3426,17
3427,3
3427,4
3427,14
3428,7
3428,19
3429,1
3429,5
3429,20
3430,2
3431,2
3431,7
3431,9
3432,5
3432,8
3432,20
3433,15
3434,5
3434,12
3435,4
3435,8
3435,12
3436,2
3436,5
3436,7
3437,3
3437,11
3437,14
3438,14
3439,7
3439,13
3440,2
3441,8
3441,20
3442,15
3442,20
3443,13
3443,19
3444,20
3445,3
3445,5
3445,8
3446,1
3446,3
3446,6
3447,3
3447,16
3448,2
3448,13
3449,19
3450,4
3450,7
3450,17
3451,9
3452,18
3453,3
3453,13
3454,5
3454,6
3455,3
3455,4
3455,7
3456,1
3456,16
3457,2
3457,12
3457,13
3458,12
3458,13
3458,14
3459,2
3459,13
3460,13
3461,3
3462,12
3462,13
3462,17
3463,2
3463,10
3464,9
3464,10
3464,20
3465,2
3465,14
3465,15
3466,7
3466,10
3467,7
3467,8
3467,14
3468,1
3468,10
3469,6
3469,13
3469,20
3470,5
3470,7
3471,13
3472,14
3473,3
3474,5
3474,9
3475,14
3476,5
3476,11
3476,18
3477,5
3477,9
3477,11
3478,17
3479,2
3479,16
3479,18
3480,4
3480,14
3480,20
3481,8
3482,3
3482,10
3482,13
3483,7
3483,8
3484,5
3484,8
3484,11
3485,6
3485,10
3485,15
3486,2
3486,12
3487,8
3487,19
3487,20
3488,2
3488,7
3489,3
3489,8
3489,19
3490,12
3490,16
3490,17
3491,1
3491,12
3492,9
3492,12
3492,15
3493,9
3493,13
3493,19
3494,11
3494,15
3495,9
3495,19
3496,7
3496,11
3496,12
3497,14
3498,16
3498,19
3499,13
3499,20
3500,13
3500,17
3500,20
3501,14
3502,9
3503,3
3504,11
3505,1
3505,12
3506,1
3506,11
3506,19
3507,3
3507,10
3507,17
3508,6
3508,13
3509,5
3509,11
3509,12
3510,10
3510,13
3510,20
3511,4
3511,6
3512,1
3513,5
3513,9
3514,12
3515,4
3515,9
3515,19
3516,13
3517,10
3518,9
3519,7
3519,18
3519,19
3520,6
3521,4
3521,10
3522,7
3522,10
3523,2
3523,14
3523,15
3524,15
3525,4
3526,1
3526,18
3526,20
3527,4
3527,16
3527,17
3528,5
3528,6
3529,3
3530,15
3530,18
3531,18
3532,6
3532,11
3533,12
3534,6
3534,9
3534,14
3535,9
3535,15
3535,19
3536,2
3536,4
3536,16
3537,6
3537,7
3538,1
3538,14
3538,17
3539,5
3539,8
3540,15
3540,20
3541,19
3542,11
3542,13
3543,7
3543,20
3544,1
3544,4
3545,2
3545,20
3546,5
3546,12
3546,15
3547,1
3547,3
3547,12
3548,2
3548,17
3549,1
3550,16
3551,3
3551,5
3551,6
3552,6
3552,11
3553,4
3553,7
3554,1
3554,10
3555,19
3556,4
3556,7
3556,13
3557,3
3557,6
3557,16
3558,7
3559,7
3560,12
3560,20
3561,5
3561,17
3562,1
3562,6
3563,6
3563,16
3563,19
3564,12
3565,12
3566,7
3566,8
3566,12
3567,6
3568,15
3569,20
3570,17
3571,1
3571,6
3571,20
3572,12
3572,16
3573,8
3573,12
3573,20
3574,8
3575,3
3575,14
3576,2
3576,12
3576,16
3577,2
3577,3
3578,2
3578,15
3578,17
3579,13
3580,4
3580,16
3580,17
3581,7
3582,2
3582,4
3583,16
3584,5
3585,4
3585,12
3586,8
3586,18
3586,20
3587,3
3587,6
3587,18
3588,9
3588,14
3589,9
3589,13
3589,16
3590,11
3591,5
3591,9
3592,7
3593,5
3594,6
3595,1
3595,4
3595,17
3596,5
3596,9
3596,10
3597,18
3597,19
3598,6
3599,12
3600,2
3600,13
3601,20
3602,7
3602,12
3603,2
3603,8
3603,13
3604,3
3604,8
3604,16
3605,2
3605,4
3605,18
3606,13
3606,16
3607,4
3607,8
3608,16
3609,8
3609,11
3609,18
3610,4
3610,18
3611,1
3611,5
3612,3
3612,8
3612,13
3613,13
3614,2
3614,10
3614,17
3615,8
3615,13
3615,16
3616,3
3616,12
3616,13
3617,9
3617,16
3618,12
3619,9
3619,19
3620,6
3621,3
3621,12
3621,20
3622,3
3622,9
3623,19
3624,11
3624,14
3624,20
3625,1
3625,19
3626,3
3626,13
3626,19
3627,7
3627,11
3627,19
3628,16
3628,18
3629,2
3629,6
3630,1
3630,5
3631,9
3632,14
3633,1
3634,20
3635,4
3635,5
3635,16
3636,3
3636,5
3636,10
3637,7
3638,8
3638,13
3638,14
3639,18
3639,19
3640,2
3640,13
3640,15
3641,7
3641,16
3641,17
3642,6
3643,16
3643,20
3644,3
3645,5
3645,6
3645,15
3646,1
3646,13
3646,15
3647,17
3647,19
3648,16
3648,18
3648,20
3649,8
3649,12
3650,7
3650,10
3650,19
3651,4
3652,3
3652,11
3652,13
3653,1
3653,7
3654,6
3654,11
3654,19
3655,4
3656,2
3657,4
3658,1
3658,3
3658,12
3659,13
3659,16
3660,10
3660,19
3661,10
3661,15
3661,16
3662,2
3663,5
3664,15
3664,18
3665,10
3665,20
3666,13
3666,14
3666,16
3667,15
3667,19
3668,3
3668,10
3668,15
3669,7
3669,13
3670,2
3670,14
3671,2
3671,11
3672,14
3673,12
3674,8
3674,16
3675,2
3676,9
3676,13
3676,14
3677,6
3677,15
3677,19
3678,4
3679,5
3679,12
3679,19
3680,8
3680,11
3680,13
3681,2
3682,12
3682,15
3682,19
3683,1
3683,6
3683,12
3684,4
3684,6
3685,6
3685,14
3685,15
3686,7
3686,10
3686,14
3687,3
3688,10
3688,20
3689,11
3689,18
3689,20
3690,10
3690,12
3690,13
3691,8
3691,14
3692,9
3692,11
3693,8
3693,10
3694,3
3694,9
3694,10
3695,4
3695,8
3695,13
3696,8
3696,9
3696,19
3697,8
3697,10
3697,15
3698,9
3698,14
3698,20
3699,17
3700,5
3700,6
3700,18
3701,2
3702,11
3702,14
3702,17
3703,20
3704,7
3704,16
3704,18
3705,9
3705,17
3705,19
3706,8
3707,4
3708,19
3709,2
3709,5
3710,4
3710,6
3710,16
3711,16
3712,10
3712,17
3713,7
3713,10
3714,11
3714,12
3714,14
3715,5
3715,19
3716,2
3717,1
3718,10
3719,14
3719,19
3720,3
3720,13
3721,20
3722,19
3723,1
3724,12
3725,5
3726,7
3727,11
3727,13
3727,15
3728,13
3728,17
3729,11
3730,1
3730,11
3730,16
3731,3
3731,7
3731,14
3732,9
3733,10
3733,12
3733,18
3734,9
3735,11
3735,13
3735,19
3736,3
3737,8
3738,2
3738,12
3738,18
3739,10
3740,7
3741,5
3741,6
3742,8
3743,10
3744,6
3744,10
3745,7
3745,14
3746,1
3746,4
3746,10
3747,15
3748,14
3748,17
3748,19
3749,1
3749,13
3749,18
3750,18
3751,5
3751,9
3751,11
3752,2
3752,19
3753,3
3754,10
3754,15
3754,16
3755,15
3756,2
3756,7
3757,7
3757,11
3758,5
3759,18
3760,2
3760,6
3761,18
3762,9
3762,13
3762,14
3763,6
3763,15
3764,6
3764,7
3765,5
3766,1
3766,5
3766,8
3767,1
3768,11
3769,4
3769,19
3770,7
3771,8
3772,8
3773,9
3774,15
3774,20
3775,4
3776,12
3776,14
3776,15
3777,15
3778,5
3778,16
3779,11
3779,12
3779,20
3780,2
3781,9
3782,2
3782,7
3782,12
3783,6
3784,19
3785,6
3785,9
3785,16
3786,1
3787,9
3788,2
3788,5
3788,20
3789,3
3789,10
3789,15
3790,1
3790,3
3790,15
3791,5
3791,6
3791,20
3792,2
3792,12
3793,15
3794,9
3794,14
3794,18
3795,4
3795,16
3796,9
3796,11
3796,16
3797,4
3797,6
3798,2
3798,13
3799,8
3799,18
3800,5
3800,15
3800,16
3801,5
3801,11
3801,17
3802,6
3803,11
3804,2
3804,11
3804,19
3805,13
3805,18
3806,9
3806,17
3807,5
3807,8
3807,16
3808,7
3809,3
3809,19
3810,4
3811,3
3812,2
3813,17
3814,2
3814,17
3815,12
3816,2
3816,14
3816,18
3817,2
3817,3
3817,15
3818,2
3818,10
3819,5
3819,8
3819,12
3820,19
3821,9
3821,12
3821,20
3822,20
3823,4
3823,16
3824,6
3825,5
3826,9
3826,13
3827,8
3828,6
3828,15
3828,19
3829,12
3830,5
3830,20
3831,13
3832,13
3833,9
3833,11
3833,13
3834,7
3835,1
3835,7
3835,18
3836,10
3837,10
3837,15
3838,10
3839,16
3839,17
3839,20
3840,1
3840,11
3840,19
3841,1
3841,15
3842,1
3843,13
3843,20
3844,3
3844,11
3844,12
3845,15
3846,6
3846,9
3847,7
3847,14
3848,20
3849,8
3849,11
3849,14
3850,6
3850,15
3851,11
3851,16
3852,6
3853,5
3853,19
3854,14
3855,13
3856,3
3856,18
3857,20
3858,1
3859,6
3859,12
3859,19
3860,19
3861,3
3861,4
3862,7
3862,14
3863,5
3864,11
3864,13
3864,20
3865,14
3866,15
3867,5
3867,6
3867,14
3868,2
3868,6
3868,10
3869,3
3869,13
3870,9
3870,17
3871,18
3872,4
3872,7
3873,4
3874,18
3875,2
3876,18
3876,19
3877,6
3878,3
3879,5
3880,6
3881,12
3882,4
3882,10
3882,17
3883,5
3883,12
3883,18
3884,14
3884,18
3885,10
3885,13
3885,16
3886,4
3887,4
3887,11
3887,17
3888,18
3888,20
3889,13
3890,5
3890,10
3891,1
3891,2
3891,13
3892,19
3893,15
3893,16
3893,17
3894,8
3894,11
3895,11
3895,13
3895,19
3896,10
3896,13
3897,4
3897,5
3897,14
3898,10
3899,4
3899,5
3899,6
3900,5
3900,6
3900,14
3901,7
3902,1
3903,2
3903,3
3904,6
3904,9
3905,4
3905,7
3905,10
3906,4
3906,16
3906,17
3907,16
3908,5
3908,14
3908,15
3909,9
3909,17
3909,20
3910,6
3911,4
3911,7
3911,18
3912,2
3913,14
3914,1
3914,14
3915,1
3915,2
3915,6
3916,12
3917,6
3918,7
3918,11
3918,18
3919,4
3919,7
3920,11
3921,2
3921,6
3921,11
3922,8
3922,17
3923,18
3924,1
3924,12
3924,18
3925,6
3925,14
3925,20
3926,2
3926,19
3926,20
3927,13
3927,18
3928,6
3928,14
3928,15
3929,8
3929,20
3930,18
3931,17
3932,7
3932,13
3932,19
3933,3
3933,14
3934,4
3934,11
3934,18
3935,6
3935,13
3936,4
3936,8
3937,10
3937,18
3938,1
3939,7
3940,17
3941,7
3942,20
3943,4
3944,8
3944,17
3944,18
3945,6
3945,15
3946,3
3946,17
3946,20
3947,1
3947,11
3948,16
3948,20
3949,2
3949,4
3950,12
3950,19
3951,1
3952,4
3952,17
3952,18
3953,3
3953,8
3953,9
3954,5
3954,15
3954,19
3955,4
3955,15
3956,4
3956,12
3956,14
3957,8
3957,18
3957,20
3958,10
3958,12
3958,16
3959,1
3960,5
3960,13
3960,19
3961,13
3961,18
3962,6
3962,12
3963,4
3963,5
3963,11
3964,7
3964,10
3965,6
3965,17
3965,19
3966,8
3966,11
3967,1
3967,9
3967,14
3968,5
3968,10
3969,1
3969,15
3969,20
3970,5
3970,16
3971,10
3971,14
3971,20
3972,15
3973,13
3973,16
3973,20
3974,18
3975,18
3976,10
3976,15
3976,16
3977,12
3977,18
3978,10
3978,19
3978,20
3979,3
3979,9
3980,7
3980,10
3980,17
3981,14
3982,8
3982,10
3983,11
3983,17
3984,13
3985,18
3985,19
3985,20
3986,13
3987,18
3987,19
3988,9
3989,1
3989,11
3990,6
3990,13
3990,17
3991,11
3992,4
3993,6
3994,5
3994,15
3995,13
3996,10
3996,18
3997,1
3997,2
3997,18
3998,9
3999,9
3999,12
3999,17
4000,8
4001,18
4002,7
4002,18
4002,19
4003,2
4003,11
4003,16
4004,18
4004,20
4005,20
4006,4
4006,9
4006,16
4007,8
4007,12
4007,14
4008,5
4009,1
4009,12
4010,1
4011,2
4012,12
4012,13
4012,19
4013,19
4014,1
4014,7
4014,12
4015,10
4015,13
4016,18
4017,7
4017,19
4018,10
4018,18
4019,15
4019,19
4020,17
4021,1
4021,4
4022,6
4022,14
4022,16
4023,1
4023,2
4023,4
4024,7
4024,12
4024,14
4025,2
4025,4
4025,8
4026,10
4026,20
4027,2
4027,5
4028,9
4028,16
4029,11
4029,14
4029,18
4030,6
4030,12
4031,2
4031,13
4032,5
4033,11
4034,14
4034,20
4035,5
4035,11
4036,6
4036,20
4037,4
4038,1
4038,8
4038,11
4039,10
4040,1
4040,9
4041,10
4041,16
4042,10
4042,18
4043,11
4043,12
4044,8
4044,11
4044,14
4045,4
4046,18
4047,11
4048,16
4049,5
4050,11
4050,12
4051,4
4052,20
4053,1
4054,5
4054,8
4054,13
4055,3
4055,6
4055,19
4056,5
4056,8
4056,16
4057,6
4057,15
4057,16
4058,9
4058,18
4059,8
4059,12
4059,18
4060,11
4060,18
4060,20
4061,6
4061,20
4062,6
4062,10
4062,12
4063,11
4064,13
4065,17
4066,12
4066,16
4067,3
4067,15
4067,20
4068,11
4069,17
4070,2
4070,10
4070,12
4071,3
4071,9
4071,15
4072,9
4072,10
4073,8
4073,12
4074,5
4074,7
4074,12
4075,15
4075,17
4076,4
4076,10
4076,15
4077,12
4078,10
4078,15
4078,19
4079,9
4080,7
4080,20
4081,11
4082,16
4083,1
4083,8
4083,18
4084,4
4085,3
4085,7
4085,14
4086,7
4087,17
4088,2
4088,6
4088,14
4089,16
4089,17
4089,18
4090,18
4091,12
4092,16
4093,1
4093,7
4093,16
4094,14
4094,18
4095,11
4096,3
4096,6
4096,11
4097,15
4098,10
4098,11
4098,14
4099,7
4099,8
4099,11
4100,2
4100,17
4101,17
4102,4
4102,12
4102,14
4103,7
4103,10
4103,16
4104,13
4104,16
4105,16
4106,6
4106,13
4107,3
4107,13
4107,19
4108,7
4108,8
4109,5
4109,19
4110,9
4110,13
4110,19
4111,9
4111,11
4111,14
4112,20
4113,1
4113,19
4113,20
4114,2
4114,4
4114,20
4115,11
4115,18
4115,20
4116,8
4116,19
4117,18
4118,11
4119,4
4120,3
4120,14
4120,18
4121,10
4121,17
4121,19
4122,10
4123,9
4123,17
4124,10
4124,12
4124,15
4125,6
4125,18
4126,11
4126,16
4127,12
4127,17
4127,19
4128,17
4129,2
4129,4
4129,19
4130,5
4131,15
4132,15
4132,18
4132,19
4133,3
4133,5
4133,10
4134,7
4134,15
4134,18
4135,15
4136,11
4137,9
4137,10
4137,17
4138,4
4138,9
4139,14
4140,6
4140,17
4141,4
4141,17
4142,6
4143,1
4143,7
4143,20
4144,11
4144,14
4144,17
4145,3
4145,4
4145,8
4146,3
4146,16
4146,18
4147,11
4147,19
4148,1
4149,6
4149,19
4149,20
4150,15
4151,2
4151,19
4152,5
4152,11
4153,7
4153,14
4153,20
4154,12
4155,11
4156,1
4156,17
4156,18
4157,1
4157,11
4157,15
4158,5
4159,1
4159,4
4159,13
4160,19
4161,19
4162,1
4163,18
4164,19
4165,5
4165,10
4166,4
4166,11
4166,12
4167,14
4168,19
4169,17
4170,4
4170,18
4171,2
4171,4
4171,10
4172,2
4172,5
4173,7
4173,15
4174,13
4175,11
4176,7
4176,16
4176,17
4177,5
4177,13
4178,3
4178,7
4179,12
4179,13
4179,17
4180,7
4180,8
4180,12
4181,20
4182,1
4183,11
4183,18
4183,20
4184,3
4184,12
4185,8
4185,10
4185,15
4186,11
4187,8
4187,13
4188,6
4188,16
4188,19
4189,4
4189,12
4190,13
4191,8
4191,13
4192,2
4192,5
4192,20
4193,8
4193,16
4193,19
4194,15
4195,6
4196,13
4196,14
4196,20
4197,1
4197,11
4198,10
4199,17
4200,13
4201,3
4201,9
4202,2
4202,3
4202,14
4203,20
4204,7
4204,11
4204,15
4205,10
4205,18
4206,2
4206,9
4207,2
4207,4
4208,18
4209,1
4209,5
4209,16
4210,1
4211,5
4211,16
4212,7
4212,14
4213,17
4214,9
4215,9
4215,15
4215,20
4216,17
4217,8
4217,11
4217,19
4218,1
4219,2
4219,14
4219,19
4220,13
4220,16
4221,1
4221,20
4222,6
4222,17
4222,20
4223,9
4223,15
4223,17
4224,11
4224,12
4225,8
4226,15
4226,18
4227,16
4228,15
4229,1
4229,7
4230,14
4230,18
4230,19
4231,4
4232,2
4232,9
4233,10
4234,19
4235,3
4235,17
4235,20
4236,7
4236,18
4237,12
4237,15
4238,7
4238,8
4238,20
4239,10
4239,16
4240,1
4240,9
4241,8
4242,1
4242,4
4242,20
4243,7
4243,17
4244,1
4244,6
4244,14
4245,5
4245,13
4245,20
4246,6
4246,9
4247,9
4248,6
4249,3
4250,2
4250,12
4250,15
4251,1
4251,5
4252,3
4252,9
4253,2
4254,9
4254,16
4254,19
4255,19
4256,6
4257,8
4257,12
4258,2
4258,3
4258,16
4259,4
4259,10
4259,20
4260,5
4260,9
4260,20
4261,1
4261,15
4261,18
4262,5
4262,13
4263,14
4263,19
4264,6
4265,12
4266,16
4267,5
4267,6
4268,1
4268,9
4269,6
4269,7
4269,14
4270,4
4271,2
4271,19
4271,20
4272,10
4273,14
4273,17
4274,13
4275,2
4276,1
4276,5
4277,6
4277,13
4277,15
4278,5
4279,2
4280,8
4280,11
4280,13
4281,3
4281,5
4282,7
4282,12
4282,14
4283,1
4283,19
4283,20
4284,15
4284,16
4285,1
4285,2
4285,11
4286,16
4287,5
4288,1
4288,19
4289,15
4290,20
4291,3
4291,7
4292,15
4293,6
4294,4
4295,18
4296,2
4296,19
4297,3
4297,16
4297,17
4298,5
4298,13
4298,16
4299,4
4300,9
4301,9
4301,14
4302,16
4303,19
4304,18
4305,16
4306,15
4307,8
4307,10
4308,2
4308,5
4309,10
4310,5
4310,6
4311,3
4311,5
4312,1
4312,5
4312,13
4313,6
4313,7
4314,3
4314,5
4314,9
4315,1
4315,9
4315,19
4316,15
4316,16
4317,13
4318,1
4318,6
4318,7
4319,11
4319,12
4320,8
4321,16
4322,3
4322,15
4323,1
4323,10
4323,18
4324,5
4324,9
4324,12
4325,12
4325,18
4325,19
4326,4
4326,13
4327,5
4328,4
4329,4
4329,11
4329,18
4330,3
4330,6
4330,14
4331,10
4331,13
4331,18
4332,9
4332,16
4333,14
4333,17
4333,20
4334,7
4335,2
4335,13
4336,17
4337,9
4337,10
4337,15
4338,1
4338,17
4339,8
4339,15
4339,18
4340,19
4341,19
4342,16
4343,19
4343,20
4344,3
4345,2
4345,10
4346,13
4347,7
4347,13
4347,17
4348,5
4348,7
4348,11
4349,9
4350,9
4350,14
4350,17
4351,2
4351,15
4352,4
4352,6
4352,8
4353,11
4353,14
4353,17
4354,6
4354,14
4355,1
4356,3
4357,7
4358,1
4358,5
4358,16
4359,1
4359,11
4360,7
4361,2
4362,1
4363,8
4363,13
4363,17
4364,13
4364,15
4365,19
4366,20
4367,1
4368,3
4368,17
4368,19
4369,9
4370,13
4371,1
4372,3
4372,5
4372,13
4373,5
4374,7
4374,15
4374,16
4375,15
4375,18
4375,19
4376,2
4376,13
4376,20
4377,18
4378,10
4378,11
4378,18
4379,18
4380,9
4380,16
4381,2
4381,8
4382,1
4383,9
4383,17
4383,19
4384,8
4384,14
4384,20
4385,4
4386,3
4386,8
4386,15
4387,17
4388,11
4389,20
4390,9
4390,11
4390,12
4391,5
4391,10
4391,19
4392,1
4393,9
4394,1
4394,3
4394,12
4395,11
4396,9
4397,1
4397,14
4398,11
4398,13
4399,9
4399,10
4399,20
4400,9
4400,13
4400,14
4401,2
4401,5
4402,2
4403,1
4403,5
4403,9
4404,18
4405,17
4406,5
4407,8
4407,15
4407,17
4408,1
4408,5
4408,10
4409,2
4409,5
4410,3
4410,12
4410,17
4411,9
4411,11
4412,15
4413,12
4414,7
4414,10
4414,14
4415,8
4416,1
4416,15
4417,10
4418,6
4419,4
4419,5
4419,18
4420,4
4420,11
4420,18
4421,14
4422,6
4423,1
4423,11
4423,12
4424,4
4424,13
4425,2
4426,6
4426,20
4427,2
4428,14
4428,20
4429,2
4430,5
4431,5
4431,8
4431,17
4432,1
4432,3
4433,6
4434,5
4435,3
4435,12
4435,14
4436,5
4437,9
4438,1
4438,12
4438,16
4439,11
4439,14
4439,20
4440,9
4441,2
4441,13
4442,5
4442,6
4443,8
4443,14
4444,1
4444,10
4444,13
4445,20
4446,11
4447,1
4448,7
4448,16
4449,5
4449,10
4449,16
4450,8
4450,12
4451,3
4451,14
4451,16
4452,6
4452,18
4453,11
4454,5
4455,6
4455,13
4456,1
4456,17
4457,13
4457,14
4458,5
4458,13
4459,9
4460,20
4461,14
4461,18
4462,9
4462,17
4463,10
4463,15
4463,16
4464,6
4465,2
4465,7
4465,12
4466,2
4467,4
4467,17
4468,17
4468,19
4469,5
4469,10
4470,8
4471,7
4471,9
4472,2
4472,10
4473,13
4473,14
4473,18
4474,4
4475,3
4476,9
4476,14
4477,6
4477,12
4477,20
4478,6
4478,19
4479,13
4480,3
4480,9
4480,10
4481,4
4482,7
4482,16
4482,20
4483,3
4483,17
4483,18
4484,15
4485,1
4486,8
4486,10
4486,14
4487,11
4488,10
4488,17
4488,19
4489,3
4489,6
4489,17
4490,9
4490,14
4490,19
4491,1
4491,13
4491,19
4492,1
4492,12
4493,4
4494,6
4495,6
4496,7
4496,10
4497,3
4497,6
4497,9
4498,1
4499,13
4500,10
4501,1
4501,14
4501,17
4502,16
4503,4
4504,2
4504,13
4504,17
4505,7
4506,2
4507,4
4507,7
4507,15
4508,2
4508,3
4508,19
4509,9
4510,1
4511,10
4512,4
4512,8
4513,16
4514,4
4514,15
4514,19
4515,2
4515,14
4515,18
4516,4
4516,5
4516,13
4517,2
4517,20
4518,4
4518,9
4518,17
4519,10
4519,15
4519,17
4520,1
4520,12
4521,3
4521,4
4521,7
4522,8
4522,11
4523,6
4523,17
4524,1
4524,4
4524,16
4525,18
4526,1
4526,15
4526,17
4527,5
4527,15
4528,2
4528,8
4528,15
4529,14
4530,14
4531,18
4532,4
4532,16
4532,17
4533,5
4534,20
4535,9
4535,13
4535,16
4536,4
4536,18
4537,16
4538,2
4538,8
4539,14
4539,18
4540,1
4541,10
4542,1
4542,12
4542,18
4543,15
4543,17
4544,1
4545,9
4546,5
4546,7
4546,10
4547,13
4548,6
4549,13
4550,2
4550,13
4550,19
4551,9
4551,12
4551,15
4552,1
4552,16
4553,12
4553,15
4554,14
4555,4
4555,8
4555,12
4556,3
4556,5
4556,11
4557,4
4558,5
4558,10
4559,1
4559,3
4560,1
4560,7
4561,12
4562,17
4563,6
4563,10
4564,4
4565,5
4565,8
4565,18
4566,10
4566,18
4567,1
4567,3
4567,8
4568,10
4569,14
4570,1
4570,3
4570,11
4571,2
4572,4
4573,3
4573,13
4574,12
4574,18
4575,10
4575,13
4576,8
4576,11
4576,20
4577,10
4578,1
4578,3
4578,20
4579,1
4579,4
4580,14
4580,16
4581,5
4581,16
4582,4
4582,14
4582,19
4583,8
4583,16
4584,4
4584,11
4584,20
4585,18
4586,15
4587,4
4587,11
4588,8
4589,12
4589,16
4589,19
4590,4
4590,11
4590,12
4591,5
4591,13
4592,2
4592,6
4592,15
4593,13
4594,5
4595,10
4595,14
4596,9
4596,12
4596,14
4597,5
4597,15
4598,12
4599,15
4600,1
4601,2
4601,7
4602,4
4602,12
4602,15
4603,9
4603,16
4604,2
4604,8
4604,16
4605,4
4606,10
4606,11
4607,17
4608,6
4609,3
4609,10
4610,11
4610,17
4611,6
4611,13
4611,15
4612,6
4613,6
4613,9
4613,11
4614,13
4614,17
4615,15
4616,18
4617,2
4617,10
4617,15
4618,9
4618,14
4619,1
4620,7
4620,13
4621,16
4622,7
4623,7
4623,18
4624,14
4624,16
4625,5
4625,12
4625,20
4626,17
4627,16
4627,17
4628,1
4628,2
4628,14
4629,17
4629,20
4630,8
4630,19
4631,2
4632,8
4632,11
4632,12
4633,1
4633,12
4634,17
4635,5
4635,7
4635,16
4636,3
4636,11
4636,14
4637,9
4637,14
4637,15
4638,11
4639,11
4640,2
4640,15
4641,15
4641,16
4641,17
4642,11
4642,12
4643,6
4643,14
4644,19
4645,1
4645,8
4645,17
4646,5
4646,6
4647,7
4647,13
4648,5
4648,7
4648,15
4649,2
4650,5
4650,6
4650,20
4651,4
4651,20
4652,15
4653,14
4653,16
4654,4
4654,16
4654,20
4655,2
4655,6
4656,6
4656,18
4657,4
4657,10
4658,13
4658,18
4659,2
4659,8
4659,18
4660,4
4660,6
4661,1
4661,19
4662,19
4663,6
4664,6
4665,14
4665,18
4665,19
4666,4
4667,6
4667,13
4668,3
4668,16
4669,14
4670,1
4670,3
4670,15
4671,1
4671,7
4672,13
4673,15
4674,11
4675,1
4675,2
4675,10
4676,6
4676,7
4676,20
4677,6
4677,15
4678,9
4678,13
4679,4
4679,8
4679,15
4680,19
4681,14
4681,15
4682,18
4683,18
4684,19
4685,13
4686,2
4686,9
4687,12
4688,11
4688,18
4688,20
4689,20
4690,20
4691,5
4692,6
4692,16
4693,18
4694,6
4695,4
4695,8
4695,13
4696,2
4696,10
4697,2
4697,5
4697,14
4698,14
4698,15
4699,6
4699,11
4700,6
4700,18
4701,7
4701,10
4701,12
4702,9
4702,12
4702,16
4703,15
4704,1
4704,17
4704,18
4705,1
4705,10
4706,12
4706,16
4707,1
4707,6
4708,18
4709,4
4710,2
4710,6
4710,20
4711,3
4712,8
4712,10
4713,2
4713,9
4713,19
4714,2
4714,8
4714,19
4715,6
4716,7
4716,8
4717,6
4718,6
4719,12
4720,2
4721,12
4722,2
4722,11
4722,12
4723,20
4724,8
4724,10
4724,11
4725,2
4725,8
4726,17
4726,19
4727,7
4727,10
4727,18
4728,7
4728,8
4728,20
4729,10
4730,13
4731,19
4732,1
4732,5
4733,1
4733,12
4733,18
4734,4
4734,5
4734,8
4735,3
4735,9
4736,19
4737,15
4738,13
4738,20
4739,5
4739,20
4740,4
4741,8
4742,7
4742,13
4743,16
4744,10
4744,19
4745,6
4745,9
4746,1
4747,6
4747,9
4748,3
4748,7
4748,19
4749,4
4749,11
4750,5
4750,6
4750,13
4751,3
4751,8
4752,16
4753,8
4753,13
4754,14
4755,11
4755,16
4756,17
4757,9
4757,13
4757,20
4758,5
4759,1
4759,4
4759,14
4760,1
4760,8
4761,19
4762,6
4762,9
4762,18
4763,5
4763,9
4764,7
4765,4
4766,12
4767,8
4767,11
4767,12
4768,11
4769,9
4770,5
4771,19
4772,4
4772,8
4772,10
4773,2
4773,15
4773,17
4774,15
4774,19
4775,5
4775,9
4775,15
4776,5
4776,9
4776,12
4777,5
4778,17
4779,8
4779,9
4779,11
4780,4
4780,6
4780,18
4781,1
4781,10
4781,18
4782,2
4782,16
4783,13
4783,16
4784,7
4784,8
4784,20
4785,19
4786,12
4786,14
4786,18
4787,12
4788,2
4788,6
4788,11
4789,10
4789,18
4790,2
4790,9
4791,11
4791,12
4791,17
4792,7
4792,17
4792,20
4793,6
4793,11
4793,18
4794,5
4794,14
4794,16
4795,1
4795,6
4796,9
4796,13
4796,17
4797,5
4797,19
4798,12
4799,7
4799,11
4800,3
4800,12
4800,13
4801,18
4802,6
4803,12
4804,4
4805,6
4805,12
4805,13
4806,10
4807,6
4807,18
4808,7
4808,19
4809,1
4809,6
4810,6
4811,8
4812,3
4812,10
4813,1
4813,6
4813,19
4814,20
4815,6
4815,13
4815,14
4816,2
4816,5
4816,15
4817,1
4817,13
4818,2
4818,11
4819,7
4819,12
4819,14
4820,3
4821,2
4821,10
4822,8
4823,2
4823,3
4823,20
4824,8
4824,12
4824,20
4825,18
4826,5
4826,6
4826,20
4827,3
4827,15
4828,19
4829,13
4830,2
4831,1
4831,17
4832,15
4833,2
4833,11
4834,9
4834,13
4835,14
4836,16
4837,5
4837,13
4838,7
4838,17
4839,1
4839,12
4839,19
4840,8
4840,11
4840,15
4841,7
4842,3
4842,14
4843,5
4843,14
4844,4
4845,7
4846,1
4846,4
4847,9
4847,10
4847,20
4848,3
4848,10
4848,14
4849,7
4850,4
4850,12
4850,13
4851,4
4851,10
4852,6
4852,7
4852,15
4853,13
4853,16
4854,12
4854,14
4854,16
4855,14
4856,7
4856,9
4856,10
4857,20
4858,9
4859,3
4859,16
4860,4
4860,11
4861,1
4861,15
4861,18
4862,16
4863,7
4863,19
4863,20
4864,10
4865,2
4865,6
4865,20
4866,8
4866,18
4867,9
4867,10
4868,3
4868,16
4869,8
4870,12
4870,14
4871,7
4871,17
4872,9
4872,19
4873,1
4873,19
4874,12
4875,12
4875,18
4876,5
4876,8
4876,13
4877,18
4877,19
4878,9
4879,6
4879,7
4879,15
4880,3
4880,9
4880,14
4881,1
4881,11
4881,20
4882,17
4883,11
4883,16
4884,3
4884,6
4884,9
4885,8
4885,9
4886,1
4886,19
4887,19
4888,16
4889,3
4889,9
4889,14
4890,10
4891,4
4891,14
4892,8
4892,15
4893,9
4893,17
4893,19
4894,15
4895,13
4896,3
4896,13
4896,18
4897,12
4897,14
4898,14
4898,15
4899,13
4900,13
4901,3
4901,10
4901,12
4902,3
4902,12
4902,17
4903,2
4903,19
4903,20
4904,5
4905,6
4905,16
4906,1
4906,4
4906,17
4907,2
4907,11
4908,13
4908,15
4908,18
4909,10
4910,12
4911,2
4911,14
4912,2
4912,8
4913,8
4913,9
4913,15
4914,17
4914,19
4915,7
4916,13
4917,7
4917,15
4918,13
4919,4
4919,18
4920,6
4921,6
4921,14
4921,19
4922,9
4922,19
4923,20
4924,17
4925,17
4925,20
4926,7
4926,11
4927,2
4927,11
4927,13
4928,7
4928,19
4929,7
4929,10
4930,6
4930,17
4930,19
4931,1
4931,13
4932,1
4932,11
4932,20
4933,5
4933,10
4933,19
4934,4
4935,2
4935,9
4935,15
4936,3
4936,14
4936,18
4937,1
4937,13
4937,15
4938,7
4938,13
4939,2
4940,13
4941,19
4942,1
4942,7
4942,16
4943,6
4943,17
4943,19
4944,3
4944,18
4944,19
4945,16
4946,18
4947,14
4948,7
4948,8
4948,11
4949,3
4949,15
4950,1
4950,14
4950,18
4951,9
4951,20
4952,13
4953,1
4953,6
4953,10
4954,19
4955,3
4955,8
4955,20
4956,1
4956,10
4957,10
4958,14
4958,19
4959,1
4959,13
4960,3
4960,6
4960,11
4961,1
4961,7
4961,15
4962,9
4962,17
4963,9
4964,18
4965,2
4965,8
4965,9
4966,3
4966,5
4966,15
4967,4
4967,14
4967,18
4968,1
4968,17
4969,9
4969,13
4970,4
4970,8
4970,11
4971,2
4971,17
4971,19
4972,13
4973,5
4973,9
4973,19
4974,3
4974,11
4974,17
4975,7
4976,2
4976,4
4977,2
4977,5
4978,2
4978,10
4979,2
4979,7
4980,17
4981,2
4981,17
4981,18
4982,3
4982,6
4982,15
4983,5
4983,17
4984,20
4985,6
4985,18
4986,10
4986,17
4986,20
4987,1
4987,20
4988,5
4988,17
4989,6
4989,11
4989,19
4990,3
4990,9
4990,15
4991,14
4992,1
4992,4
4992,14
4993,4
4993,13
4993,20
4994,16
4995,5
4995,13
4996,18
4997,17
4998,1
4999,20
5000,15
5001,6
5002,7
5002,9
5003,7
5003,9
5004,13
5004,20
5005,6
5005,9
5005,11
5006,1
5006,3
5006,16
5007,1
5008,5
5008,10
5008,20
5009,12
5010,14
5011,1
5011,3
5011,19
5012,8
5013,8
5013,12
5014,6
5015,9
5015,15
5015,19
5016,2
5016,8
5017,1
5017,13
5017,15
5018,10
5019,13
5020,5
5020,10
5021,12
5022,8
5022,14
5023,3
5023,17
5024,12
5024,15
5024,18
5025,1
5025,8
5026,9
5026,17
5027,4
5027,5
5027,12
5028,15
5028,16
5028,19
5029,17
5030,9
5030,13
5031,5
5031,7
5032,8
5033,2
5033,13
5034,15
5034,17
5035,10
5035,19
5036,5
5037,10
5037,19
5038,5
5038,6
5038,16
5039,2
5039,6
5039,9
5040,6
5040,13
5040,17
5041,14
5042,1
5042,5
5042,20
5043,13
5043,14
5044,15
5045,6
5045,14
5045,19
5046,12
5047,19
5047,20
5048,5
5048,18
5048,19
5049,7
5050,16
5050,18
5051,17
5051,18
5052,15
5052,16
5053,6
5053,12
5053,14
5054,10
5055,8
5056,6
5056,17
5057,17
5058,8
5058,20
5059,11
5060,20
5061,3
5061,5
5061,7
5062,13
5063,1
5064,3
5065,2
5065,10
5066,5
5066,13
5066,15
5067,3
5067,8
5067,10
5068,10
5069,3
5069,7
5069,19
5070,1
5070,4
5071,17
5072,5
5072,11
5072,16
5073,5
5073,16
5073,18
5074,19
5075,11
5075,14
5075,18
5076,6
5076,10
5076,13
5077,1
5077,5
5077,10
5078,5
5078,20
5079,17
5080,8
5081,1
5081,8
5082,14
5082,16
5082,19
5083,4
5083,9
5083,18
5084,5
5084,13
5084,18
5085,12
5086,5
5086,18
5087,3
5088,8
5088,12
5089,1
5089,14
5089,15
5090,4
5090,17
5091,11
5091,19
5092,5
5092,10
5093,10
5094,10
5095,4
5095,9
5096,6
5096,8
5096,11
5097,7
5098,11
5098,20
5099,1
5099,4
5100,16
5101,7
5101,16
5102,3
5102,6
5102,16
5103,2
5103,8
5104,3
5104,19
5105,2
5105,5
5105,6
5106,3
5106,11
5106,19
5107,7
5107,16
5107,17
5108,7
5109,2
5109,7
5110,6
5110,10
5111,9
5111,15
5112,1
5112,18
5113,14
5113,16
5114,15
5115,5
5115,14
5115,18
5116,11
5117,1
5118,11
5118,14
5118,16
5119,20
5120,16
5121,2
5121,12
5121,18
5122,16
5123,6
5123,8
5123,18
5124,3
5124,9
5124,12
5125,7
5125,13
5126,2
5126,3
5127,1
5127,12
5127,17
5128,12
5128,18
5129,3
5129,4
5129,11
5130,9
5130,20
5131,12
5131,13
5131,20
5132,20
5133,2
5133,4
5133,13
5134,1
5134,16
5134,20
5135,10
5136,19
5137,1
5138,10
5138,11
5138,20
5139,18
5140,1
5140,8
5141,5
5141,6
5141,18
5142,18
5143,7
5144,6
5144,13
5144,20
5145,2
5145,8
5145,17
5146,18
5146,20
5147,1
5147,9
5148,15
5148,18
5148,19
5149,5
5150,6
5150,11
5151,3
5151,11
5151,13
5152,7
5152,14
5153,8
5154,5
5154,14
5155,2
5156,20
5157,9
5157,10
5158,17
5159,2
5159,14
5159,16
5160,17
5161,16
5161,18
5161,20
5162,20
5163,2
5164,3
5164,4
5164,18
5165,3
5165,8
5165,10
5166,7
5167,5
5167,13
5167,19
5168,4
5169,9
5169,18
5170,2
5170,11
5170,18
5171,6
5171,13
5172,6
5173,4
5173,13
5173,20
5174,10
5175,5
5175,6
5176,11
5177,20
5178,1
5178,16
5179,9
5179,12
5180,9
5180,10
5180,16
5181,2
5181,5
5181,18
5182,3
5182,7
5182,15
5183,10
5184,3
5184,19
5185,8
5185,19
5186,14
5186,16
5187,5
5187,14
5188,6
5188,8
5189,13
5189,19
5190,12
5191,1
5192,13
5193,18
5194,1
5194,5
5195,16
5195,18
5196,1
5196,7
5197,13
5197,17
5198,11
5199,13
5200,2
5201,8
5201,13
5202,1
5202,12
5203,5
5204,3
5204,14
5204,17
5205,1
5205,18
5206,1
5206,4
5206,7
5207,2
5207,4
5207,19
5208,2
5209,1
5209,5
5209,8
5210,1
5210,5
5211,6
5211,9
5211,11
5212,7
5212,12
5212,15
5213,8
5213,12
5213,15
5214,19
5215,2
5215,6
5215,13
5216,20
5217,2
5217,14
5217,18
5218,15
5219,10
5219,16
5220,9
5220,11
5220,19
5221,2
5221,5
5221,19
5222,10
5222,18
5223,10
5223,11
5223,20
5224,17
5225,4
5226,1
5226,4
5226,18
5227,12
5227,13
5227,18
5228,7
5228,12
5228,17
5229,10
5229,11
5230,6
5230,13
5231,20
5232,4
5232,5
5232,12
5233,16
5233,20
5234,11
5235,1
5235,13
5235,14
5236,14
5237,14
5238,10
5239,1
5239,14
5239,15
5240,10
5241,5
5241,14
5242,1
5242,5
5243,12
5244,12
5245,1
5245,3
5245,12
5246,1
5246,7
5247,15
5248,3
5249,4
5249,16
5250,2
5250,14
5251,15
5251,17
5252,2
5252,5
5252,12
5253,9
5254,3
5254,7
5255,19
5256,10
5256,15
5257,2
5257,9
5257,13
5258,7
5258,12
5259,11
5260,2
5260,15
5260,19
5261,4
5261,15
5262,3
5262,17
5262,18
5263,10
5263,14
5264,7
5264,13
5264,19
5265,11
5265,13
5266,18
5267,7
5268,16
5268,20
5269,15
5269,18
5270,1
5270,18
5271,2
5271,15
5272,8
5273,3
5273,16
5273,20
5274,1
5274,8
5274,9
5275,4
5275,6
5275,19
5276,1
5277,12
5277,14
5277,16
5278,7
5279,5
5280,7
5280,16
5280,20
5281,5
5281,7
5281,13
5282,2
5282,9
5283,18
5284,11
5285,6
5286,13
5286,15
5287,6
5287,9
5287,19
5288,15
5289,6
5289,8
5290,18
5291,2
5291,5
5292,8
5293,1
5293,4
5293,6
5294,1
5294,3
5295,7
5295,20
5296,6
5297,5
5297,9
5297,10
5298,10
5299,3
5299,19
5300,1
5300,5
5300,16
5301,3
5301,11
5302,9
5302,11
5303,13
5304,15
5305,14
5305,19
5306,3
5306,7
5306,20
5307,1
5307,4
5307,8
5308,13
5309,7
5309,8
5310,5
5310,6
5310,14
5311,5
5311,16
5311,20
5312,15
5312,20
5313,7
5314,14
5315,2
5315,13
5315,17
5316,10
5316,16
5317,15
5318,7
5319,2
5319,8
5319,12
5320,2
5320,11
5321,6
5321,11
5321,17
5322,5
5322,10
5323,2
5324,2
5324,10
5324,16
5325,16
5326,1
5326,14
5327,12
5327,17
5328,14
5329,5
5329,14
5330,1
5330,19
5331,1
5331,6
5332,8
5333,7
5333,13
5333,17
5334,9
5334,12
5334,13
5335,3
5335,10
5336,9
5336,11
5336,15
5337,7
5337,16
5337,19
5338,17
5339,19
5340,16
5340,18
5340,19
5341,3
5341,9
5341,20
5342,2
5342,14
5342,17
5343,11
5343,19
5343,20
5344,10
5345,5
5345,7
5345,14
5346,7
5346,10
5347,5
5348,8
5348,9
5348,19
5349,4
5349,5
5350,6
5351,18
5351,19
5351,20
5352,3
5352,4
5352,11
5353,10
5353,11
5353,18
5354,9
5355,1
5356,3
5356,6
5356,15
5357,5
5357,6
5358,19
5359,10
5359,16
5359,20
5360,6
5361,13
5361,15
5362,3
5362,16
5362,17
5363,5
5363,17
5363,20
5364,7
5365,17
5365,18
5366,2
5366,11
5366,16
5367,3
5367,10
5367,18
5368,2
5368,17
5369,3
5369,7
5370,9
5370,12
5370,19
5371,10
5371,15
5372,9
5372,18
5372,19
5373,1
5373,11
5374,9
5374,14
5374,15
5375,7
5375,13
5375,18
5376,1
5377,5
5377,7
5377,15
5378,2
5378,4
5379,2
5379,5
5379,19
5380,3
5380,13
5381,1
5381,5
5382,14
5383,11
5383,12
5384,14
5384,15
5384,17
5385,11
5385,16
5386,11
5386,13
5386,17
5387,12
5387,16
5388,4
5388,6
5389,14
5389,16
5390,1
5390,20
5391,13
5392,11
5392,15
5392,17
5393,5
5393,17
5394,2
5394,12
5395,14
5396,9
5396,12
5397,4
5397,5
5398,9
5399,3
5399,9
5400,10
5400,16
5400,19
5401,5
5402,7
5403,14
5403,18
5403,20
5404,17
5405,11
5406,2
5406,3
5407,1
5407,8
5408,2
5408,7
5409,5
5409,9
5409,10
5410,17
5411,2
5411,6
5411,14
5412,11
5413,2
5413,18
5413,19
5414,1
5415,3
5415,7
5415,9
5416,1
5416,19
5417,3
5417,14
5417,16
5418,16
5418,19
5418,20
5419,9
5420,5
5420,18
5421,4
5421,7
5422,9
5422,13
5423,1
5423,10
5423,11
5424,15
5425,12
5426,10
5426,16
5427,1
5427,11
5427,19
5428,8
5428,19
5429,1
5429,11
5430,2
5430,5
5430,18
5431,1
5431,6
5431,14
5432,9
5432,19
5432,20
5433,2
5434,3
5435,5
5435,17
5436,9
5436,17
5437,1
5437,7
5437,15
5438,2
5438,5
5439,4
5440,15
5440,16
5440,20
5441,14
5441,18
5442,12
5442,20
5443,10
5444,17
5445,9
5445,17
5446,1
5446,6
5446,7
5447,5
5447,11
5447,17
5448,13
5448,17
5448,20
5449,4
5449,19
5450,6
5450,8
5451,6
5451,8
5451,14
5452,12
5453,9
5453,13
5453,18
5454,15
5455,10
5455,16
5456,4
5456,7
5456,15
5457,1
5458,6
5458,13
5459,3
5459,7
5459,12
5460,17
5461,15
5462,5
5462,10
5462,17
5463,13
5464,11
5464,19
5465,14
5465,18
5466,1
5466,5
5466,14
5467,5
5468,5
5468,8
5469,4
5469,15
5469,16
5470,1
5470,17
5470,19
5471,6
5472,16
5473,2
5473,19
5473,20
5474,9
5474,11
5474,14
5475,2
5475,15
5475,18
5476,9
5476,15
5476,18
5477,11
5477,19
5478,3
5478,9
5478,15
5479,11
5479,16
5480,7
5480,19
5481,3
5481,18
5481,19
5482,2
5482,7
5482,15
5483,3
5483,17
5484,3
5484,19
5485,2
5485,16
5486,10
5486,12
5486,19
5487,6
5487,13
5487,20
5488,7
5488,18
5489,9
5489,17
5489,18
5490,7
5490,14
5491,1
5491,5
5491,20
5492,3
5492,13
5492,16
5493,8
5494,4
5494,6
5494,13
5495,20
5496,11
5497,3
5497,18
5497,19
5498,5
5499,13
5499,17
5499,18
5500,4
5500,5
5500,17
5501,16
5502,13
5503,2
5503,20
5504,2
5505,5
5505,19
5506,16
5507,19
5508,5
5508,13
5508,18
5509,8
5509,9
5509,20
5510,10
5510,14
5510,17
5511,2
5511,8
5511,15
5512,2
5512,11
5512,14
5513,11
5513,15
5514,14
5514,17
5514,20
5515,7
5515,8
5515,11
5516,1
5516,15
5517,8
5517,15
5518,4
5518,6
5518,7
5519,11
5520,2
5520,11
5521,2
5521,11
5521,15
5522,3
5522,5
5523,8
5523,16
5523,17
5524,9
5524,20
5525,10
5526,17
5526,18
5527,4
5528,10
5529,10
5530,2
5530,4
5531,8
5532,2
5532,7
5532,11
5533,15
5533,18
5534,11
5535,3
5535,13
5535,18
5536,2
5536,15
5536,19
5537,15
5537,20
5538,2
5538,5
5538,8
5539,9
5539,10
5539,12
5540,10
5540,17
5541,14
5541,16
5542,1
5542,8
5542,10
5543,10
5543,14
5544,3
5545,5
5545,7
5546,7
5546,11
5546,16
5547,7
5547,17
5548,12
5549,12
5549,15
5549,16
5550,5
5550,6
5550,15
5551,4
5552,7
5552,13
5552,18
5553,2
5553,3
5553,5
5554,12
5554,18
5555,6
5555,8
5555,10
5556,6
5557,3
5557,13
5558,3
5558,12
5558,18
5559,9
5559,18
5560,19
5561,1
5561,13
5562,7
5562,10
5563,13
5563,16
5564,6
5564,9
5564,13
5565,4
5565,12
5565,19
5566,3
5566,10
5566,16
5567,4
5567,20
5568,3
5568,15
5569,11
5570,6
5571,3
5572,4
5572,13
5572,18
5573,10
5574,8
5575,9
5575,16
5576,2
5576,19
5577,7
5577,18
5578,10
5578,15
5578,16
5579,5
5580,5
5580,13
5580,18
5581,7
5581,8
5582,5
5583,1
5583,12
5584,6
5584,13
5584,19
5585,18
5586,14
5587,15
5587,20
5588,20
5589,13
5589,14
5589,19
5590,1
5590,3
5591,11
5592,8
5592,9
5592,13
5593,2
5594,5
5595,8
5596,19
5596,20
5597,2
5597,3
5597,7
5598,14
5598,15
5598,18
5599,14
5600,1
5600,12
5601,16
5602,3
5602,20
5603,5
5603,10
5604,4
5604,13
5605,1
5605,10
5606,6
5606,7
5606,8
5607,3
5607,15
5608,12
5608,13
5609,5
5609,10
5610,2
5610,4
5611,8
5611,13
5611,16
5612,13
5613,3
5614,12
5614,13
5614,19
5615,6
5615,11
5615,12
5616,6
5616,15
5616,16
5617,3
5617,9
5618,2
5618,20
5619,7
5620,1
5620,6
5620,11
5621,3
5621,11
5621,20
5622,7
5622,9
5622,10
5623,9
5623,13
5623,18
5624,5
5624,6
5625,1
5625,8
5625,18
5626,8
5626,16
5627,3
5628,9
5628,12
5629,3
5629,12
5630,7
5630,10
5630,16
5631,12
5632,4
5633,15
5633,19
5634,11
5634,15
5634,17
5635,3
5636,1
5637,1
5637,19
5638,8
5638,10
5639,14
5639,16
5640,4
5640,17
5641,2
5642,12
5642,17
5642,20
5643,2
5644,18
5645,3
5645,8
5646,7
5646,19
5647,11
5648,3
5649,8
5649,14
5650,14
5650,18
5651,4
5652,16
5653,3
5653,15
5653,18
5654,2
5655,11
5655,13
5655,17
5656,5
5656,10
5657,2
5657,15
5658,1
5658,18
5659,14
5660,3
5660,7
5660,8
5661,6
5661,9
5662,1
5662,7
5662,13
5663,2
5664,7
5665,6
5666,11
5666,14
5666,19
5667,1
5667,5
5667,11
5668,10
5669,4
5669,10
5669,20
5670,1
5671,14
5671,16
5672,4
5673,3
5673,9
5674,19
5674,20
5675,1
5676,13
5677,7
5677,8
5678,5
5678,17
5678,19
5679,5
5680,2
5680,20
5681,8
5681,19
5682,6
5683,2
5683,6
5683,12
5684,1
5684,5
5685,20
5686,3
5687,7
5688,10
5688,18
5689,8
5690,4
5690,7
5690,8
5691,6
5691,12
5691,20
5692,4
5692,7
5692,13
5693,8
5694,9
5694,11
5694,20
5695,10
5695,11
5696,7
5697,6
5697,17
5698,10
5698,20
5699,1
5699,14
5699,15
5700,9
5701,14
5701,17
5701,19
5702,9
5703,2
5704,8
5704,12
5704,19
5705,15
5705,16
5706,8
5706,9
5706,18
5707,6
5707,12
5707,16
5708,12
5709,3
5709,11
5710,6
5710,13
5710,19
5711,11
5711,19
5712,9
5713,6
5713,13
5714,8
5714,17
5715,20
5716,10
5716,14
5717,9
5718,8
5718,12
5719,13
5720,6
5720,10
5720,12
5721,9
5721,13
5722,8
5722,11
5723,7
5723,18
5724,5
5724,14
5724,18
5725,5
5725,8
5726,7
5726,13
5727,5
5727,19
5728,4
5728,11
5729,3
5729,6
5730,7
5730,14
5730,15
5731,8
5731,11
5731,18
5732,7
5732,10
5733,11
5733,18
5734,1
5734,8
5734,14
5735,4
5735,13
5736,5
5736,10
5736,18
5737,8
5737,16
5737,19
5738,3
5738,18
5738,20
5739,4
5739,12
5740,17
5741,4
5742,7
5742,17
5743,1
5743,3
5743,15
5744,1
5745,7
5745,16
5746,13
5747,16
5748,1
5748,4
5748,6
5749,14
5749,18
5750,1
5750,18
5751,5
5751,9
5751,13
5752,4
5752,5
5752,7
5753,10
5754,7
5754,19
5755,13
5755,15
5756,11
5757,5
5757,6
5757,9
5758,10
5758,12
5759,7
5759,20
5760,4
5760,5
5760,15
5761,10
5761,19
5761,20
5762,7
5763,9
5763,19
5764,3
5764,4
5764,6
5765,10
5765,13
5765,14
5766,3
5766,14
5766,15
5767,1
5767,14
5768,7
5768,8
5768,18
5769,4
5769,8
5770,4
5771,4
5771,6
5772,1
5772,19
5773,13
5774,8
5774,9
5774,19
5775,2
5775,3
5775,19
5776,8
5777,9
5778,7
5778,16
5779,7
5779,14
5779,16
5780,4
5780,9
5780,18
5781,2
5781,19
5782,2
5782,3
5782,9
5783,14
5784,7
5784,20
5785,3
5786,3
5786,18
5787,13
5788,10
5789,1
5789,3
5789,19
5790,10
5791,2
5791,5
5791,6
5792,14
5792,18
5792,19
5793,13
5794,2
5794,3
5794,20
5795,10
5796,4
5797,9
5798,10
5798,11
5798,18
5799,2
5799,5
5800,11
5801,3
5802,2
5802,16
5803,4
5803,16
5803,20
5804,18
5805,2
5805,3
5806,4
5806,16
5807,3
5807,4
5807,16
5808,5
5809,4
5809,10
5809,19
5810,5
5811,1
5811,15
5812,17
5813,3
5813,10
5813,20
5814,5
5815,10
5815,11
5815,15
5816,16
5817,3
5817,7
5817,14
5818,12
5818,17
5819,10
5819,13
5820,3
5820,7
5821,18
5822,2
5823,4
5823,10
5823,16
5824,4
5824,10
5824,13
5825,8
5826,4
5826,5
5826,12
5827,2
5827,3
5828,3
5828,8
5828,11
5829,11
5830,14
5831,6
5831,13
5831,14
5832,14
5833,9
5833,11
5833,12
5834,11
5835,16
5836,1
5836,3
5836,10
5837,12
5838,3
5838,16
5839,15
5839,18
5839,19
5840,9
5840,17
5840,20
5841,12
5841,13
5841,14
5842,8
5842,10
5842,17
5843,1
5844,4
5844,19
5845,11
5845,14
5845,15
5846,7
5846,13
5847,12
5847,17
5848,5
5848,6
5849,3
5849,15
5850,13
5851,5
5851,12
5852,1
5852,12
5853,1
5853,13
5854,1
5854,2
5855,10
5856,4
5856,8
5856,9
5857,13
5858,6
5858,9
5858,14
5859,17
5860,1
5860,4
5861,14
5862,2
5862,18
5863,4
5863,9
5863,16
5864,18
5865,1
5866,6
5866,14
5867,17
5868,4
5868,12
5868,20
5869,5
5869,6
5869,8
5870,18
5871,6
5872,18
5873,10
5874,18
5875,11
5875,16
5876,17
5877,12
5878,2
5878,10
5878,19
5879,9
5880,2
5881,9
5881,15
5881,18
5882,4
5882,8
5882,12
5883,4
5884,12
5885,1
5885,7
5885,11
5886,5
5886,15
5887,17
5888,1
5888,5
5888,14
5889,4
5889,12
5890,2
5890,18
5891,8
5891,15
5891,17
5892,5
5893,1
5893,3
5893,20
5894,4
5894,10
5895,8
5895,10
5895,11
5896,20
5897,5
5897,17
5898,9
5899,16
5899,18
5900,10
5900,15
5901,2
5901,5
5901,18
5902,3
5903,8
5903,17
5903,18
5904,13
5905,12
5906,1
5906,18
5907,8
5907,15
5907,18
5908,4
5908,5
5908,20
5909,20
5910,8
5910,9
5910,15
5911,1
5911,13
5911,19
5912,11
5912,18
5913,12
5913,16
5914,19
5914,20
5915,1
5915,18
5916,6
5916,19
5917,1
5917,14
5917,19
5918,2
5918,10
5918,12
5919,17
5920,1
5920,14
5920,18
5921,2
5921,3
5922,11
5922,14
5923,8
5923,20
5924,9
5924,12
5925,2
5925,3
5926,5
5926,11
5927,3
5927,14
5928,14
5929,3
5929,10
5929,18
5930,2
5930,5
5930,18
5931,1
5931,8
5932,7
5932,9
5932,16
5933,6
5933,13
5933,20
5934,9
5934,10
5935,6
5935,16
5936,1
5936,18
5937,6
5937,8
5938,5
5938,6
5938,9
5939,10
5940,1
5940,2
5940,9
5941,15
5942,4
5942,5
5942,10
5943,8
5943,11
5943,20
5944,4
5944,20
5945,11
5945,18
5946,10
5946,15
5947,1
5947,6
5947,13
5948,13
5948,19
5949,6
5950,6
5950,12
5951,2
5951,8
5952,8
5953,5
5953,10
5953,11
5954,6
5954,8
5955,11
5956,5
5956,17
5956,18
5957,2
5957,8
5958,1
5958,5
5959,6
5959,13
5959,14
5960,3
5960,15
5960,20
5961,4
5962,6
5962,10
5963,1
5963,5
5963,20
5964,3
5964,14
5965,6
5965,18
5966,12
5967,6
5967,8
5967,19
5968,7
5968,13
5969,1
5969,13
5970,5
5971,2
5971,7
5972,8
5973,2
5973,6
5973,17
5974,12
5974,18
5975,6
5976,2
5977,4
5977,19
5978,4
5979,7
5979,8
5979,20
5980,8
5980,20
5981,16
5981,20
5982,20
5983,1
5984,1
5985,19
5986,4
5986,11
5986,14
5987,5
5987,6
5988,9
5988,13
5989,3
5989,16
5989,17
5990,10
5990,12
5990,20
5991,15
5992,5
5992,8
5992,20
5993,10
5994,5
5994,7
5995,3
5995,8
5995,13
5996,15
5996,18
5996,20
5997,10
5998,10
5998,13
5999,8
5999,10
6000,1
6000,4
6001,7
6001,10
6001,12
6002,3
6002,4
6002,20
6003,14
6003,15
6003,16
6004,11
6004,14
6005,12
6006,16
6007,3
6007,5
6007,14
6008,19
6009,18
6010,11
6011,2
6011,18
6012,2
6012,3
6013,5
6014,3
6015,4
6015,13
6015,16
6016,1
6016,15
6016,18
6017,14
6017,16
6018,11
6019,5
6020,7
6021,4
6021,16
6021,18
6022,5
6022,19
6023,5
6024,10
6024,17
6025,12
6025,14
6025,17
6026,16
6027,3
6028,5
6028,10
6029,1
6030,1
6031,8
6031,11
6031,15
6032,19
6033,5
6033,8
6033,19
6034,3
6034,5
6034,7
6035,12
6035,14
6036,13
6036,17
6036,19
6037,5
6037,7
6037,16
6038,4
6038,9
6038,16
6039,7
6039,16
6039,18
6040,11
6040,19
6041,11
6042,17
6043,2
6044,4
6045,1
6045,13
6046,6
6046,14
6047,6
6047,10
6048,8
6048,15
6049,3
6049,5
6050,6
6050,9
6051,8
6051,12
6052,16
6053,11
6053,13
6054,16
6054,20
6055,9
6055,17
6056,10
6056,17
6057,6
6057,14
6057,19
6058,10
6058,19
6059,1
6059,4
6059,12
6060,5
6060,14
6061,1
6061,14
6062,5
6062,14
6062,19
6063,13
6063,18
6064,4
6064,5
6065,2
6065,5
6065,14
6066,14
6066,16
6067,20
6068,11
6069,1
6069,7
6069,15
6070,5
6070,9
6071,5
6072,4
6072,10
6072,14
6073,1
6073,6
6073,12
6074,7
6075,15
6075,16
6076,1
6076,10
6076,12
6077,15
6077,19
6078,12
6079,17
6080,2
6080,15
6081,7
6082,20
6083,3
6083,5
6083,10
6084,5
6084,18
6085,7
6086,2
6086,5
6087,3
6087,9
6087,11
6088,13
6088,16
6088,20
6089,1
6089,13
6089,15
6090,14
6091,5
6091,8
6091,17
6092,1
6092,7
6093,3
6094,5
6095,2
6096,10
6096,17
6096,20
6097,5
6097,13
6098,7
6098,18
6099,7
6100,15
6100,19
6101,1
6101,17
6102,18
6103,3
6103,13
6103,16
6104,1
6104,7
6104,13
6105,9
6105,10
6106,5
6106,20
6107,18
6108,9
6108,14
6109,2
6109,4
6109,7
6110,9
6111,3
6111,7
6111,12
6112,1
6112,2
6113,4
6114,10
6114,13
6115,16
6116,2
6116,17
6117,2
6117,7
6117,17
6118,2
6118,17
6118,19
6119,3
6119,9
6120,10
6121,9
6122,3
6123,13
6123,20
6124,3
6124,7
6124,11
6125,7
6125,17
6126,4
6126,9
6126,17
6127,7
6127,10
6127,16
6128,11
6128,12
6129,2
6129,7
6129,20
6130,1
6130,4
6130,13
6131,10
6131,11
6131,13
6132,4
6132,16
6133,9
6133,18
6134,3
6135,2
6135,5
6135,15
6136,4
6136,13
6136,17
6137,7
6137,16
6137,18
6138,3
6138,4
6138,14
6139,12
6140,13
6140,14
6140,17
6141,3
6141,4
6142,13
6142,16
6142,19
6143,12
6143,19
6144,7
6144,17
6144,19
6145,14
6146,16
6147,11
6148,11
6149,7
6149,12
6149,20
6150,12
6150,18
6151,19
6152,11
6152,14
6153,5
6153,18
6154,8
6154,12
6155,8
6156,6
6156,17
6156,19
6157,6
6157,13
6158,4
6158,5
6159,11
6159,16
6160,2
6160,3
6160,11
6161,9
6161,14
6161,19
6162,1
6162,7
6162,16
6163,1
6164,17
6165,6
6165,7
6166,6
6166,16
6167,14
6167,19
6168,8
6168,9
6168,11
6169,12
6170,2
6170,6
6170,11
6171,17
6172,10
6172,14
6173,8
6174,18
6175,1
6175,7
6176,5
6176,16
6176,19
6177,1
6177,8
6177,15
6178,6
6178,16
6178,19
6179,4
6179,15
6180,17
6181,5
6181,11
6182,16
6183,7
6183,13
6183,17
6184,20
6185,1
6186,3
6186,5
6187,2
6188,9
6189,7
6190,10
6190,16
6191,2
6192,15
6192,16
6193,4
6193,14
6194,19
6195,4
6195,13
6195,16
6196,14
6196,20
6197,13
6197,20
6198,10
6198,14
6199,20
6200,8
6200,13
6200,17
6201,10
6202,1
6202,20
6203,5
6203,6
6203,12
6204,5
6204,13
6205,7
6205,12
6205,15
6206,5
6206,6
6206,7
6207,19
6208,9
6209,20
6210,1
6210,15
6210,20
6211,10
6211,16
6212,2
6212,8
6212,14
6213,11
6214,4
6214,19
6215,11
6216,4
6217,3
6218,5
6218,14
6219,1
6220,2
6220,5
6220,13
6221,18
6221,19
6222,7
6222,9
6222,15
6223,15
6223,20
6224,7
6224,8
6224,11
6225,17
6225,20
6226,7
6226,12
6226,16
6227,20
6228,4
6229,13
6229,19
6230,3
6230,19
6231,8
6231,13
6232,13
6232,14
6232,17
6233,5
6233,8
6234,7
6235,16
6236,5
6236,14
6236,19
6237,5
6237,17
6238,10
6239,11
6239,18
6240,6
6240,19
6241,5
6241,10
6241,16
6242,2
6243,5
6244,18
6245,2
6245,3
6246,1
6246,13
6247,3
6247,19
6248,18
6249,7
6249,9
6250,16
6251,13
6252,2
6252,7
6252,20
6253,11
6254,7
6254,13
6255,1
6255,3
6255,7
6256,2
6257,2
6257,19
6257,20
6258,8
6258,19
6258,20
6259,18
6260,4
6260,17
6261,1
6261,10
6261,18
6262,6
6263,8
6263,9
6263,11
6264,11
6265,2
6265,6
6265,20
6266,2
6266,8
6266,9
6267,8
6267,14
6267,15
6268,3
6268,8
6269,6
6269,13
6270,1
6270,3
6270,17
6271,5
6272,3
6272,14
6272,17
6273,10
6273,19
6274,9
6274,15
6275,12
6276,3
6276,8
6276,19
6277,12
6278,7
6278,8
6278,18
6279,20
6280,7
6280,16
6281,10
6281,15
6281,17
6282,4
6283,4
6283,10
6283,19
6284,14
6285,8
6285,14
6285,16
6286,1
6286,4
6286,12
6287,14
6287,16
6288,4
6288,17
6289,13
6289,16
6290,17
6291,7
6291,8
6291,14
6292,17
6292,18
6293,1
6293,3
6293,12
6294,6
6294,13
6294,15
6295,6
6295,19
6296,6
6297,14
6297,20
6298,17
6298,20
6299,19
6300,7
6300,13
6300,15
6301,13
6302,6
6302,20
6303,1
6303,18
6303,20
6304,10
6304,19
6305,8
6305,11
6305,18
6306,5
6307,11
6307,16
6308,5
6308,15
6309,11
6309,16
6310,1
6310,10
6311,7
6311,12
6311,18
6312,1
6312,11
6312,18
6313,3
6314,4
6314,10
6314,15
6315,13
6316,16
6316,18
6317,3
6317,7
6317,19
6318,19
6319,12
6319,13
6320,18
6321,3
6321,4
6321,15
6322,14
6322,17
6323,2
6324,1
6324,2
6324,12
6325,6
6325,9
6325,20
6326,6
6326,20
6327,15
6327,16
6327,18
6328,2
6328,15
6329,1
6329,5
6329,8
6330,1
6330,4
6330,7
6331,5
6332,1
6332,3
6333,2
6333,13
6333,17
6334,6
6334,9
6335,1
6335,12
6335,13
6336,6
6337,8
6338,14
6339,4
6339,7
6339,18
6340,13
6341,2
6342,16
6343,1
6343,5
6343,7
6344,6
6344,13
6345,5
6345,9
6345,14
6346,12
6346,15
6346,19
6347,16
6348,1
6348,10
6348,11
6349,3
6349,9
6350,12
6350,13
6351,9
6351,16
6352,13
6353,7
6353,12
6353,16
6354,9
6354,10
6354,12
6355,9
6356,3
6356,9
6357,14
6357,18
6358,12
6358,14
6358,17
6359,9
6360,7
6360,10
6360,18
6361,8
6361,12
6361,18
6362,6
6362,14
6363,7
6363,14
6364,10
6364,17
6365,5
6365,8
6366,15
6367,12
6367,17
6368,1
6368,17
6369,6
6369,8
6369,10
6370,7
6370,14
6370,18
6371,8
6371,9
6371,10
6372,11
6372,14
6372,18
6373,12
6374,10
6375,2
6375,12
6376,2
6376,6
6376,18
6377,13
6377,15
6378,1
6379,15
6380,9
6381,20
6382,19
6383,15
6384,8
6384,16
6385,19
6386,9
6386,12
6387,1
6387,8
6387,18
6388,3
6389,5
6389,11
6390,4
6390,12
6390,20
6391,5
6392,1
6392,10
6392,11
6393,6
6394,4
6394,7
6394,10
6395,3
6395,8
6396,15
6397,8
6397,9
6397,19
6398,11
6398,20
6399,3
6400,4
6400,5
6400,20
6401,12
6402,1
6402,6
6402,9
6403,6
6403,12
6404,5
6404,9
6405,6
6405,13
6405,14
6406,2
6406,4
6406,12
6407,8
6407,12
6407,16
6408,7
6408,12
6408,18
6409,10
6409,11
6410,9
6411,2
6411,3
6411,14
6412,4
6412,8
6412,11
6413,16
6414,10
6414,12
6414,19
6415,8
6415,15
6416,2
6416,5
6416,14
6417,6
6417,18
6418,14
6419,7
6419,8
6420,9
6420,13
6421,5
6422,11
6423,12
6423,14
6424,6
6424,9
6424,14
6425,6
6426,1
6426,17
6427,4
6427,17
6428,6
6428,13
6428,15
6429,19
6430,2
6430,8
6430,14
6431,20
6432,1
6432,8
6433,20
6434,3
6434,11
6434,14
6435,2
6435,10
6435,16
6436,2
6436,11
6437,18
6437,19
6437,20
6438,5
6439,8
6439,14
6439,15
6440,4
6440,6
6440,7
6441,8
6441,17
6442,2
6442,10
6442,17
6443,3
6443,10
6443,12
6444,2
6444,5
6444,20
6445,8
6445,20
6446,10
6446,12
6447,5
6448,4
6448,6
6448,8
6449,9
6450,16
6451,12
6451,15
6452,6
6452,15
6453,3
6453,4
6453,20
6454,1
6454,10
6454,11
6455,7
6455,9
6455,10
6456,17
6457,7
6457,8
6457,10
6458,12
6458,20
6459,3
6460,6
6461,16
6461,19
6461,20
6462,4
6463,1
6463,14
6464,19
6465,15
6466,5
6466,11
6466,13
6467,15
6468,6
6469,4
6469,5
6469,14
6470,2
6470,3
6470,20
6471,8
6471,16
6471,17
6472,4
6472,5
6472,6
6473,8
6473,13
6473,18
6474,3
6474,11
6474,15
6475,15
6476,4
6476,16
6477,12
6478,19
6479,1
6479,15
6479,16
6480,10
6480,12
6481,3
6481,12
6481,20
6482,2
6483,9
6483,11
6484,1
6485,1
6486,13
6487,8
6487,17
6487,18
6488,2
6488,18
6489,10
6490,2
6490,6
6490,12
6491,11
6491,13
6491,17
6492,2
6492,13
6493,2
6494,1
6494,7
6495,14
6495,15
6496,3
6496,10
6496,12
6497,5
6497,8
6497,14
6498,2
6498,4
6498,17
6499,8
6500,5
6500,6
6500,15
6501,2
6502,4
6502,8
6503,9
6504,2
6504,4
6505,5
6505,6
6505,10
6506,4
6507,18
6508,6
6508,12
6508,18
6509,6
6510,18
6511,3
6511,7
6511,13
6512,4
6512,8
6512,14
6513,1
6513,8
6514,3
6514,16
6514,19
6515,13
6516,1
6516,15
6516,17
6517,10
6517,14
6517,16
6518,2
6518,6
6519,1
6520,3
6520,5
6521,2
6521,4
6522,1
6522,15
6523,14
6524,9
6525,1
6525,12
6525,18
6526,4
6526,6
6526,11
6527,15
6528,17
6529,3
6529,4
6530,3
6530,9
6530,10
6531,9
6531,12
6532,16
6532,20
6533,20
6534,11
6534,12
6535,4
6535,6
6536,14
6536,16
6537,8
6538,4
6538,15
6539,14
6539,17
6539,20
6540,14
6541,19
6542,4
6542,13
6543,13
6544,15
6544,18
6545,1
6546,12
6546,16
6547,15
6548,7
6549,10
6549,16
6549,17
6550,6
6551,5
6551,7
6551,10
6552,3
6552,10
6552,13
6553,13
6553,20
6554,16
6555,7
6555,20
6556,10
6557,3
6557,4
6557,15
6558,4
6558,10
6559,4
6560,6
6560,10
6561,4
6561,8
6561,13
6562,7
6562,14
6562,20
6563,1
6563,16
6564,11
6564,13
6565,18
6565,19
6566,17
6566,19
6567,1
6567,7
6568,18
6568,20
6569,1
6570,9
6571,8
6571,16
6571,20
6572,3
6572,8
6573,6
6573,19
6574,4
6574,5
6574,6
6575,2
6575,13
6576,8
6576,20
6577,2
6577,3
6578,2
6578,13
6579,4
6579,5
6579,19
6580,18
6581,5
6581,6
6582,6
6582,9
6582,16
6583,17
6584,1
6585,18
6586,15
6587,2
6587,13
6587,19
6588,11
6588,15
6589,9
6589,17
6589,20
6590,10
6590,15
6590,16
6591,2
6591,11
6591,20
6592,5
6593,16
6594,4
6595,14
6595,18
6596,12
6596,14
6597,4
6597,18
6597,19
6598,1
6598,4
6598,14
6599,16
6600,11
6601,4
6601,8
6602,4
6602,7
6603,20
6604,12
6604,20
6605,6
6605,14
6606,14
6607,7
6607,10
6607,14
6608,17
6608,18
6609,3
6610,2
6610,7
6610,17
6611,6
6611,17
6612,2
6612,4
6612,7
6613,1
6613,3
6613,16
6614,12
6614,16
6615,6
6616,13
6617,7
6618,4
6618,8
6619,16
6620,9
6620,11
6620,17
6621,2
6621,10
6621,20
6622,2
6622,8
6622,20
6623,6
6623,12
6624,10
6624,12
6624,17
6625,8
6625,17
6626,8
6626,14
6627,18
6627,19
6627,20
6628,5
6629,7
6629,9
6630,5
6630,11
6630,20
6631,4
6631,15
6632,3
6632,6
6633,3
6633,18
6634,9
6634,14
6634,16
6635,4
6636,6
6636,7
6636,13
6637,4
6638,8
6638,13
6638,18
6639,9
6639,12
6639,20
6640,4
6640,7
6641,9
6641,11
6641,18
6642,4
6643,7
6643,13
6644,20
6645,1
6646,13
6646,20
6647,2
6647,11
6647,14
6648,10
6648,12
6648,18
6649,5
6649,9
6650,2
6650,6
6650,18
6651,4
6651,15
6651,16
6652,3
6652,7
6652,11
6653,13
6653,17
6654,3
6655,7
6656,7
6656,14
6656,16
6657,1
6657,16
6658,4
6658,5
6658,16
6659,1
6659,8
6659,10
6660,5
6660,6
6660,10
6661,6
6661,9
6661,20
6662,20
6663,2
6663,8
6663,14
6664,6
6664,8
6664,20
6665,10
6665,11
6666,4
6667,4
6667,10
6667,19
6668,6
6668,10
6669,1
6669,5
6669,9
6670,9
6671,12
6672,20
6673,14
6673,15
6674,3
6674,4
6675,3
6675,14
6675,17
6676,9
6676,14
6677,20
6678,4
6678,10
6678,20
6679,7
6679,12
6680,3
6680,7
6680,18
6681,2
6681,11
6682,5
6682,10
6683,2
6683,3
6684,3
6684,6
6684,13
6685,1
6685,3
6685,7
6686,11
6686,13
6687,6
6687,9
6687,19
6688,6
6689,16
6690,13
6690,14
6691,6
6691,14
6691,19
6692,8
6692,12
6692,19
6693,3
6693,9
6693,13
6694,3
6695,1
6695,7
6695,18
6696,5
6696,8
6696,10
6697,5
6697,10
6698,13
6699,6
6699,17
6700,7
6700,9
6700,14
6701,7
6702,17
6702,18
6703,8
6703,9
6703,20
6704,16
6705,4
6705,17
6706,9
6706,14
6707,2
6707,14
6707,17
6708,6
6708,10
6709,8
6709,18
6710,13
6711,5
6711,11
6711,18
6712,1
6712,15
6713,7
6713,11
6714,19
6715,6
6715,18
6716,9
6716,12
6716,17
6717,1
6717,8
6718,10
6718,14
6718,20
6719,7
6719,11
6720,4
6720,13
6720,16
6721,2
6721,9
6722,4
6722,18
6723,1
6723,2
6723,7
6724,9
6724,11
6724,19
6725,18
6726,7
6726,9
6726,15
6727,13
6727,20
6728,13
6728,14
6728,17
6729,15
6729,19
6730,9
6730,19
6730,20
6731,1
6731,14
6732,1
6732,4
6732,15
6733,2
6733,19
6734,9
6735,3
6735,15
6735,19
6736,7
6737,4
6737,9
6737,15
6738,13
6738,16
6739,14
6739,20
6740,1
6740,11
6740,20
6741,18
6742,1
6742,14
6742,17
6743,4
6743,13
6743,16
6744,6
6744,9
6744,10
6745,10
6746,7
6746,12
6746,14
6747,1
6747,11
6747,17
6748,1
6748,11
6749,11
6749,14
6749,19
6750,8
6750,16
6750,19
6751,2
6751,10
6752,9
6753,18
6754,3
6754,16
6755,6
6755,18
6755,19
6756,4
6756,15
6757,2
6757,5
6758,2
6758,8
6759,11
6759,14
6759,16
6760,6
6760,10
6760,13
6761,3
6761,8
6761,14
6762,8
6762,10
6762,19
6763,2
6763,14
6763,18
6764,7
6764,11
6764,13
6765,1
6765,8
6765,12
6766,1
6766,3
6766,20
6767,15
6768,11
6768,13
6768,19
6769,20
6770,1
6770,7
6770,10
6771,5
6771,12
6771,17
6772,12
6772,15
6772,16
6773,2
6773,13
6773,16
6774,13
6775,5
6775,14
6776,7
6777,7
6777,9
6777,14
6778,7
6778,10
6779,9
6779,13
6779,20
6780,8
6780,13
6780,20
6781,4
6782,3
6782,5
6782,7
6783,12
6784,3
6784,14
6785,2
6785,15
6786,4
6787,9
6787,10
6788,15
6788,20
6789,6
6789,14
6790,13
6791,13
6792,11
6792,18
6793,2
6793,17
6793,18
6794,9
6794,16
6794,20
6795,9
6795,12
6796,8
6796,10
6796,20
6797,5
6797,11
6797,12
6798,15
6799,1
6799,9
6799,15
6800,16
6801,14
6801,15
6802,1
6802,10
6802,16
6803,1
6803,5
6804,14
6804,15
6805,3
6805,10
6806,7
6806,12
6806,15
6807,3
6807,20
6808,7
6808,16
6809,2
6809,7
6809,19
6810,2
6811,2
6811,9
6811,14
6812,12
6812,13
6813,5
6813,8
6813,17
6814,9
6814,10
6814,11
6815,17
6816,12
6816,14
6817,11
6818,7
6819,5
6819,14
6819,19
6820,1
6821,9
6822,1
6822,19
6823,2
6823,3
6823,20
6824,8
6824,10
6824,12
6825,3
6825,20
6826,13
6826,17
6826,20
6827,3
6827,20
6828,4
6828,11
6828,17
6829,15
6830,13
6830,14
6831,10
6832,10
6832,15
6832,16
6833,3
6833,17
6834,14
6834,16
6834,17
6835,1
6835,9
6835,15
6836,13
6836,14
6836,19
6837,5
6837,13
6837,18
6838,1
6838,12
6838,20
6839,5
6839,12
6839,13
6840,19
6840,20
6841,1
6841,17
6842,3
6842,9
6842,20
6843,6
6843,8
6843,19
6844,6
6845,6
6845,14
6845,16
6846,1
6846,11
6847,8
6847,16
6848,6
6848,14
6848,18
6849,3
6850,2
6850,12
6851,7
6852,18
6853,2
6853,13
6854,10
6854,16
6855,7
6855,8
6856,3
6856,9
6856,19
6857,11
6857,17
6858,9
6859,10
6859,20
6860,1
6861,11
6862,4
6862,9
6862,10
6863,6
6864,8
6864,16
6864,17
6865,3
6865,8
6865,12
6866,10
6866,14
6866,20
6867,10
6867,16
6868,7
6869,7
6870,3
6870,17
6871,1
6871,5
6871,7
6872,12
6872,17
6873,9
6874,11
6874,18
6875,12
6876,20
6877,6
6877,12
6877,18
6878,4
6878,16
6878,18
6879,2
6879,11
6879,20
6880,3
6880,10
6880,17
6881,18
6882,11
6882,12
6883,4
6883,13
6883,15
6884,6
6884,20
6885,18
6886,4
6887,8
6887,10
6887,18
6888,2
6888,3
6888,18
6889,2
6889,7
6889,18
6890,9
6891,7
6891,9
6892,20
6893,10
6894,4
6895,12
6895,15
6895,20
6896,2
6896,4
6896,8
6897,3
6898,5
6898,11
6898,16
6899,10
6900,3
6901,3
6901,13
6902,8
6903,11
6904,7
6904,12
6904,20
6905,3
6906,2
6906,8
6907,2
6908,1
6908,10
6909,15
6909,18
6910,4
6911,20
6912,12
6912,14
6912,18
6913,11
6913,20
6914,14
6914,20
6915,10
6916,4
6916,10
6917,4
6917,6
6917,19
6918,14
6919,9
6919,11
6919,20
6920,2
6921,3
6921,10
6922,1
6922,4
6922,14
6923,13
6924,1
6924,3
6924,13
6925,17
6926,5
6926,6
6926,9
6927,4
6928,5
6928,18
6929,5
6929,17
6930,3
6931,12
6931,13
6931,16
6932,13
6933,5
6933,13
6933,19
6934,17
6935,9
6936,3
6936,19
6937,1
6937,12
6937,20
6938,5
6938,8
6938,12
6939,5
6939,20
6940,2
6940,7
6940,15
6941,5
6942,2
6943,9
6943,15
6943,18
6944,16
6944,20
6945,5
6945,7
6945,9
6946,4
6946,5
6946,15
6947,3
6947,10
6947,12
6948,2
6948,6
6949,1
6949,17
6950,5
6950,13
6950,17
6951,13
6952,10
6953,1
6953,6
6953,19
6954,1
6954,14
6955,10
6955,16
6956,13
6956,15
6957,2
6957,11
6957,20
6958,1
6958,9
6958,19
6959,17
6960,11
6960,17
6960,19
6961,9
6961,13
6962,2
6963,13
6964,12
6964,14
6965,8
6966,16
6966,17
6966,18
6967,13
6967,15
6967,17
6968,8
6968,14
6969,7
6970,2
6970,14
6971,1
6971,5
6971,20
6972,4
6973,7
6973,13
6973,18
6974,9
6975,9
6975,19
6976,1
6976,3
6976,15
6977,17
6978,7
6979,4
6979,9
6980,8
6980,11
6980,19
6981,6
6981,10
6981,19
6982,3
6982,19
6983,4
6983,9
6983,15
6984,2
6984,8
6984,12
6985,5
6985,15
6986,8
6986,12
6986,19
6987,14
6988,2
6988,7
6989,5
6989,8
6989,11
6990,1
6990,13
6990,16
6991,9
6991,17
6991,19
6992,14
6992,17
6993,5
6993,13
6994,6
6994,12
6994,18
6995,6
6995,17
6995,20
6996,18
6997,4
6998,5
6998,7
6998,8
6999,2
6999,7
7000,17
7000,20
7001,14
7001,18
7002,10
7002,14
7002,16
7003,16
7003,17
7004,20
7005,9
7005,11
7006,8
7006,9
7006,16
7007,9
7007,11
7007,19
7008,5
7008,11
7008,16
7009,8
7010,3
7010,7
7011,11
7011,12
7012,6
7012,11
7012,17
7013,9
7013,16
7013,20
7014,3
7014,9
7014,15
7015,3
7015,10
7015,17
7016,6
7016,14
7017,4
7017,11
7018,4
7018,14
7018,16
7019,8
7019,11
7020,14
7020,20
7021,3
7021,11
7022,10
7022,14
7023,20
7024,15
7024,17
7025,1
7025,8
7025,14
7026,19
7027,12
7028,2
7028,6
7028,17
7029,13
7030,2
7031,11
7032,5
7032,6
7032,16
7033,5
7033,20
7034,7
7034,9
7034,18
7035,6
7035,20
7036,13
7036,14
7037,2
7037,17
7037,19
7038,2
7038,14
7039,17
7040,9
7041,7
7042,10
7043,1
7043,3
7043,11
7044,15
7045,8
7045,12
7045,17
7046,13
7046,16
7047,12
7048,9
7048,20
7049,1
7049,12
7050,19
7051,13
7052,20
7053,9
7053,16
7054,5
7054,13
7054,16
7055,2
7056,7
7056,11
7056,13
7057,3
7057,10
7057,19
7058,20
7059,5
7059,12
7059,17
7060,5
7060,15
7061,2
7061,6
7061,12
7062,12
7063,7
7063,18
7064,1
7065,11
7065,15
7065,16
7066,5
7066,18
7067,6
7068,6
7068,14
7069,7
7069,12
7070,16
7070,17
7071,10
7071,13
7072,15
7073,1
7073,16
7073,20
7074,3
7074,19
7075,4
7075,17
7075,19
7076,15
7077,12
7077,20
7078,5
7079,4
7079,9
7079,10
7080,6
7080,20
7081,4
7081,7
7082,9
7082,18
7083,17
7084,8
7084,11
7084,17
7085,9
7085,16
7085,19
7086,14
7086,15
7087,11
7087,13
7088,1
7088,2
7088,16
7089,10
7089,11
7090,7
7090,9
7090,20
7091,8
7091,10
7091,14
7092,4
7092,16
7092,20
7093,14
7093,19
7094,5
7095,1
7095,9
7095,19
7096,2
7096,13
7096,16
7097,4
7097,8
7097,10
7098,7
7098,12
7099,4
7099,15
7099,20
7100,2
7101,4
7102,9
7102,15
7103,8
7103,10
7104,3
7104,8
7104,9
7105,9
7105,16
7105,18
7106,6
7107,12
7107,15
7108,9
7108,11
7108,13
7109,8
7110,9
7110,16
7111,4
7111,13
7112,11
7112,12
7112,15
7113,20
7114,5
7114,8
7114,11
7115,18
7116,12
7116,20
7117,1
7117,12
7117,19
7118,10
7118,20
7119,12
7119,17
7120,14
7121,2
7121,5
7122,4
7122,7
7122,9
7123,6
7123,8
7124,10
7125,1
7125,10
7126,15
7127,9
7128,15
7128,19
7129,4
7129,9
7129,16
7130,8
7130,16
7130,19
7131,4
7131,18
7132,11
7132,19
7133,2
7133,17
7134,7
7134,10
7134,16
7135,2
7135,13
7136,15
7137,7
7138,1
7138,4
7138,13
7139,15
7140,1
7140,20
7141,2
7141,4
7141,15
7142,2
7142,13
7142,15
7143,2
7143,9
7143,19
7144,14
7144,18
7145,6
7145,17
7145,20
7146,4
7146,11
7147,4
7147,5
7148,8
7148,12
7148,19
7149,14
7149,18
7149,19
7150,8
7150,13
7151,7
7151,14
7152,8
7152,12
7153,12
7153,14
7153,17
7154,16
7155,15
7156,5
7157,7
7157,9
7157,18
7158,7
7159,12
7160,7
7161,1
7161,3
7161,9
7162,2
7163,6
7163,10
7163,15
7164,8
7164,10
7165,8
7165,13
7166,16
7166,19
7167,3
7167,15
7168,1
7168,9
7168,17
7169,1
7170,2
7170,8
7170,15
7171,12
7171,14
7172,1
7172,5
7172,13
7173,6
7173,11
7173,20
7174,8
7174,14
7174,16
7175,3
7175,5
7175,9
7176,13
7176,14
7176,17
7177,3
7177,4
7177,5
7178,5
7178,6
7178,7
7179,9
7180,6
7180,11
7180,20
7181,3
7181,4
7182,5
7182,16
7182,18
7183,10
7183,20
7184,11
7184,15
7185,9
7185,13
7186,6
7186,7
7187,9
7187,11
7188,3
7188,4
7189,4
7189,11
7189,18
7190,7
7191,7
7191,15
7192,1
7192,5
7192,11
7193,7
7194,4
7194,7
7194,18
7195,14
7195,17
7196,4
7196,18
7197,3
7197,16
7198,5
7198,13
7199,1
7200,9
7201,7
7201,8
7201,17
7202,11
7203,2
7203,4
7204,6
7205,6
7205,18
7206,13
7207,7
7208,17
7209,10
7209,13
7210,2
7210,16
7211,1
7211,14
7211,19
7212,4
7212,14
7212,16
7213,8
7213,13
7213,15
7214,20
7215,1
7215,16
7216,3
7216,16
7217,4
7217,6
7217,14
7218,2
7218,5
7219,17
7219,18
7220,2
7220,13
7220,18
7221,4
7221,10
7221,17
7222,8
7222,19
7223,8
7224,6
7224,10
7224,13
7225,9
7225,11
7225,13
7226,10
7226,14
7226,15
7227,19
7228,2
7228,3
7228,13
7229,1
7229,8
7230,9
7230,19
7231,19
7232,1
7232,8
7232,16
7233,5
7233,11
7234,2
7234,4
7234,15
7235,18
7236,12
7237,4
7237,7
7237,19
7238,5
7238,18
7239,1
7239,13
7239,15
7240,6
7240,9
7241,11
7242,3
7243,5
7243,8
7243,13
7244,6
7244,13
7245,5
7246,4
7247,1
7247,19
7248,12
7248,15
7248,17
7249,1
7249,17
7250,20
7251,7
7252,8
7252,18
7253,3
7253,7
7253,10
7254,14
7255,8
7255,15
7256,3
7256,16
7257,9
7257,11
7258,7
7258,19
7259,1
7259,4
7259,12
7260,3
7261,2
7261,3
7262,18
7263,7
7264,19
7265,12
7265,17
7266,1
7266,16
7266,19
7267,11
7268,4
7268,15
7268,16
7269,3
7269,16
7270,1
7270,2
7270,7
7271,14
7271,17
7272,2
7272,19
7273,3
7273,5
7274,1
7274,13
7275,3
7275,13
7276,8
7276,18
7277,11
7277,18
7277,19
7278,8
7279,13
7279,18
7280,4
7280,18
7281,13
7281,15
7282,2
7282,14
7283,13
7284,8
7284,10
7285,15
7285,19
7286,3
7286,8
7286,16
7287,2
7288,8
7289,9
7290,11
7290,14
7290,15
7291,9
7291,11
7292,1
7293,9
7293,18
7294,2
7294,10
7294,19
7295,4
7295,7
7295,15
7296,3
7296,12
7296,13
7297,11
7298,6
7298,16
7299,15
7300,10
7300,12
7300,19
7301,4
7301,14
7302,4
7303,16
7304,10
7304,13
7304,16
7305,10
7305,12
7306,11
7306,12
7306,14
7307,5
7307,17
7308,5
7308,6
7308,15
7309,7
7309,19
7310,11
7310,17
7311,1
7311,7
7312,1
7312,9
7312,17
7313,12
7313,13
7313,17
7314,1
7314,14
7314,20
7315,6
7315,19
7316,3
7316,7
7316,14
7317,5
7317,14
7317,18
7318,2
7318,15
7319,15
7319,20
7320,2
7320,12
7320,15
7321,7
7321,14
7321,19
7322,13
7323,16
7324,6
7324,19
7325,3
7325,15
7325,19
7326,15
7327,12
7328,5
7329,6
7329,14
7329,20
7330,2
7331,6
7331,18
7332,6
7332,7
7333,7
7334,2
7334,5
7334,8
7335,20
7336,8
7336,9
7336,19
7337,1
7337,13
7338,1
7338,9
7338,13
7339,1
7339,8
7339,13
7340,5
7340,7
7340,12
7341,15
7341,18
7342,5
7342,11
7343,3
7343,5
7343,10
7344,8
7344,11
7344,16
7345,2
7345,13
7345,20
7346,9
7346,17
7347,10
7347,11
7347,18
7348,8
7348,11
7349,4
7350,1
7350,9
7350,17
7351,12
7352,5
7352,10
7353,1
7353,8
7353,11
7354,10
7354,14
7355,12
7356,1
7356,16
7357,14
7357,17
7357,18
7358,13
7358,15
7358,18
7359,6
7360,8
7361,5
7361,6
7361,19
7362,8
7363,16
7364,3
7365,11
7365,13
7365,18
7366,7
7366,19
7367,5
7367,16
7367,18
7368,6
7368,16
7368,17
7369,3
7369,7
7369,16
7370,6
7370,10
7371,6
7371,12
7371,14
7372,4
7372,13
7372,16
7373,4
7373,10
7374,1
7374,8
7375,6
7376,1
7376,17
7376,18
7377,1
7377,20
7378,2
7378,3
7379,17
7380,10
7380,11
7381,1
7381,3
7381,5
7382,6
7383,1
7383,3
7383,16
7384,10
7384,12
7385,3
7385,13
7386,16
7386,17
7387,2
7387,3
7387,5
7388,13
7388,14
7389,15
7390,1
7390,4
7391,6
7391,13
7392,9
7392,15
7392,19
7393,2
7393,6
7394,13
7395,16
7396,10
7396,11
7396,18
7397,7
7398,19
7399,16
7399,17
7400,8
7401,7
7401,13
7401,18
7402,1
7402,2
7402,14
7403,9
7404,5
7404,15
7405,5
7406,3
7406,16
7407,11
7407,18
7408,1
7408,4
7408,15
7409,12
7410,4
7411,14
7411,16
7411,19
7412,1
7412,5
7412,20
7413,3
7413,19
7414,2
7415,18
7416,18
7417,5
7417,8
7417,12
7418,5
7419,1
7419,9
7419,15
7420,7
7420,11
7420,16
7421,4
7421,6
7421,19
7422,12
7422,18
7423,3
7423,4
7424,7
7424,15
7425,10
7426,1
7426,6
7426,15
7427,10
7427,15
7428,4
7428,6
7428,10
7429,15
7429,18
7430,19
7431,6
7431,13
7432,12
7433,3
7433,17
7433,18
7434,3
7435,10
7436,15
7436,16
7436,19
7437,14
7438,6
7438,15
7438,16
7439,7
7439,10
7440,7
7440,10
7440,11
7441,15
7441,20
7442,6
7442,13
7442,16
7443,4
7443,16
7444,10
7444,13
7445,17
7446,2
7446,6
7446,20
7447,9
7448,1
7448,5
7448,10
7449,16
7449,19
7450,1
7450,2
7451,2
7451,10
7451,19
7452,20
7453,14
7454,8
7454,12
7454,16
7455,5
7455,14
7456,6
7456,13
7457,5
7457,20
7458,5
7458,9
7459,8
7460,8
7460,20
7461,20
7462,9
7463,2
7463,4
7463,11
7464,15
7465,4
7466,4
7466,6
7466,15
7467,13
7468,3
7468,9
7469,11
7469,14
7470,1
7470,3
7470,20
7471,5
7471,8
7471,9
7472,11
7473,9
7473,15
7473,17
7474,6
7474,20
7475,8
7475,11
7475,18
7476,14
7476,16
7476,20
7477,3
7477,12
7478,20
7479,6
7480,14
7481,10
7482,8
7482,13
7483,1
7483,2
7484,1
7484,5
7484,7
7485,2
7485,14
7485,20
7486,14
7486,15
7487,10
7488,5
7488,15
7489,8
7489,11
7489,16
7490,2
7490,9
7491,6
7491,8
7491,10
7492,13
7493,2
7493,5
7493,16
7494,12
7494,14
7494,15
7495,8
7495,19
7496,7
7496,8
7496,10
7497,1
7497,13
7497,19
7498,7
7498,11
7499,6
7499,12
7499,19
7500,17
7501,8
7501,18
7502,7
7502,15
7503,17
7504,8
7505,1
7506,8
7506,9
7507,7
7507,8
7508,6
7509,14
7510,4
7510,6
7511,10
7512,1
7512,9
7513,12
7513,18
7513,19
7514,15
7515,2
7516,8
7517,2
7517,11
7518,13
7519,5
7520,5
7521,1
7521,4
7522,3
7522,12
7523,11
7523,18
7524,2
7524,19
7525,2
7525,9
7526,5
7527,10
7527,11
7527,13
7528,3
7528,20
7529,6
7529,12
7529,20
7530,3
7530,5
7531,8
7531,17
7532,16
7533,3
7533,19
7533,20
7534,12
7535,12
7536,8
7536,9
7536,10
7537,20
7538,4
7538,11
7538,16
7539,11
7539,12
7539,16
7540,4
7540,13
7541,6
7541,8
7542,5
7542,9
7542,14
7543,1
7544,4
7544,14
7545,3
7546,12
7546,14
7546,18
7547,11
7548,1
7549,15
7550,3
7550,11
7551,10
7552,2
7553,18
7553,20
7554,12
7554,13
7554,17
7555,14
7555,15
7555,19
7556,10
7557,7
7558,1
7558,14
7558,17
7559,19
7560,4
7561,3
7562,4
7562,14
7563,7
7564,5
7564,16
7564,17
7565,4
7565,17
7565,18
7566,2
7566,7
7566,20
7567,4
7567,13
7568,8
7568,18
7569,4
7569,14
7569,17
7570,12
7570,18
7571,17
7572,2
7572,12
7572,14
7573,2
7573,19
7574,11
7574,13
7575,6
7575,13
7575,18
7576,6
7576,17
7577,1
7578,5
7578,16
7579,1
7580,4
7580,10
7580,18
7581,5
7581,7
7582,7
7582,12
7583,1
7583,10
7584,8
7584,17
7585,1
7585,8
7585,18
7586,13
7587,12
7587,15
7587,17
7588,9
7589,10
7589,18
7590,14
7591,3
7591,9
7592,9
7592,16
7593,2
7593,13
7593,14
7594,14
7594,15
7594,17
7595,3
7595,18
7596,4
7596,16
7597,14
7598,12
7598,14
7599,12
7600,12
7600,13
7600,20
7601,10
7602,3
7603,2
7603,7
7603,15
7604,1
7604,2
7604,5
7605,12
7606,11
7606,12
7606,14
7607,8
7608,16
7608,20
7609,1
7610,4
7610,7
7610,13
7611,16
7611,18
7612,19
7613,14
7614,12
7615,16
7615,18
7616,1
7616,4
7616,5
7617,9
7618,2
7618,5
7618,12
7619,11
7619,20
7620,2
7621,10
7621,19
7622,17
7623,2
7623,18
7623,19
7624,19
7625,13
7625,15
7626,17
7627,5
7627,10
7627,16
7628,4
7628,13
7629,1
7630,10
7631,17
7632,2
7633,1
7634,3
7634,8
7634,10
7635,6
7635,10
7636,1
7636,8
7636,16
7637,4
7637,9
7637,15
7638,11
7638,14
7638,19
7639,13
7639,14
7640,17
7641,7
7641,12
7641,16
7642,17
7643,5
7643,6
7643,13
7644,5
7644,15
7645,2
7645,13
7646,6
7647,8
7648,5
7649,10
7650,12
7651,15
7651,20
7652,6
7653,3
7653,12
7654,2
7654,9
7654,19
7655,17
7656,1
7656,6
7656,17
7657,3
7657,14
7658,2
7658,14
7659,4
7659,6
7659,18
7660,19
7661,16
7662,9
7662,10
7662,18
7663,2
7663,20
7664,7
7664,13
7664,18
7665,3
7665,11
7666,16
7667,11
7667,20
7668,10
7668,19
7668,20
7669,1
7670,6
7671,5
7671,18
7672,18
7672,20
7673,3
7673,7
7674,15
7675,15
7676,10
7677,2
7677,8
7678,4
7679,2
7679,5
7679,13
7680,4
7680,13
7680,19
7681,4
7681,8
7682,1
7682,14
7682,19
7683,1
7683,3
7684,3
7684,15
7685,4
7685,19
7685,20
7686,5
7686,11
7686,20
7687,5
7687,20
7688,14
7688,16
7689,7
7689,10
7689,18
7690,2
7691,9
7692,9
7693,7
7694,17
7695,4
7696,1
7696,4
7696,10
7697,3
7697,8
7698,11
7699,1
7699,4
7699,15
7700,10
7700,15
7701,17
7702,1
7702,14
7703,2
7703,9
7703,13
7704,4
7704,10
7705,15
7705,17
7705,20
7706,3
7707,7
7708,9
7709,9
7709,13
7710,5
7710,16
7711,15
7712,9
7712,16
7713,15
7714,1
7714,8
7714,9
7715,15
7716,9
7716,19
7717,1
7717,15
7717,17
7718,4
7718,8
7718,20
7719,8
7719,10
7719,13
7720,6
7721,3
7721,10
7721,13
7722,13
7723,8
7724,14
7725,8
7725,12
7726,18
7727,12
7728,8
7728,13
7729,2
7730,1
7731,11
7731,13
7731,20
7732,4
7732,14
7733,11
7734,13
7735,13
7736,1
7736,2
7737,10
7737,15
7738,10
7738,13
7738,15
7739,13
7739,17
7739,19
7740,9
7740,17
7740,20
7741,1
7741,3
7741,15
7742,4
7742,8
7742,13
7743,2
7744,1
7744,15
7745,15
7746,8
7746,16
7747,10
7747,19
7748,2
7748,7
7748,20
7749,4
7749,17
7750,3
7751,4
7751,19
7752,2
7752,14
7752,19
7753,1
7753,20
7754,3
7755,10
7755,20
7756,12
7757,14
7757,19
7758,8
7758,9
7759,8
7760,10
7760,14
7760,17
7761,6
7761,11
7761,12
7762,19
7763,16
7764,1
7764,7
7764,8
7765,1
7765,8
7766,10
7767,6
7767,19
7767,20
7768,12
7768,13
7769,13
7770,4
7770,15
7770,16
7771,4
7772,7
7772,19
7773,5
7773,14
7774,16
7774,17
7775,5
7775,7
7775,18
7776,13
7776,17
7777,5
7777,8
7778,13
7778,18
7779,3
7779,9
7780,3
7780,8
7780,9
7781,4
7781,7
7781,16
7782,2
7782,13
7782,15
7783,1
7783,12
7784,4
7784,18
7785,8
7785,11
7786,5
7786,20
7787,4
7788,5
7788,11
7789,13
7790,7
7790,18
7790,19
7791,9
7791,13
7792,7
7792,13
7793,1
7793,15
7793,18
7794,10
7795,11
7795,12
7795,16
7796,8
7797,5
7797,8
7797,9
7798,4
7798,18
7799,13
7799,19
7800,12
7801,2
7801,5
7802,1
7802,6
7803,1
7803,2
7804,3
7805,2
7806,11
7807,3
7807,14
7808,19
7809,7
7809,18
7810,9
7810,17
7811,5
7812,8
7813,2
7814,5
7814,17
7814,18
7815,7
7815,10
7815,17
7816,2
7816,13
7816,19
7817,13
7817,16
7817,18
7818,7
7819,2
7819,3
7819,7
7820,9
7820,17
7821,16
7822,8
7822,14
7822,15
7823,11
7823,14
7824,20
7825,5
7826,17
7827,1
7827,5
7827,20
7828,3
7828,7
7829,4
7829,10
7829,13
7830,3
7830,13
7831,1
7831,5
7831,8
7832,14
7833,4
7833,14
7834,8
7834,14
7834,17
7835,11
7836,3
7836,19
7836,20
7837,14
7837,15
7838,1
7838,8
7839,8
7840,3
7840,8
7840,19
7841,5
7841,6
7841,11
7842,5
7842,13
7842,15
7843,6
7844,8
7844,20
7845,9
7845,19
7846,11
7846,19
7846,20
7847,6
7848,6
7848,14
7849,9
7849,10
7850,8
7850,9
7850,17
7851,14
7851,18
7851,20
7852,3
7852,4
7852,20
7853,8
7853,20
7854,14
7855,1
7855,17
7856,11
7857,3
7857,16
7857,20
7858,11
7858,12
7859,2
7859,6
7859,13
7860,16
7860,17
7861,2
7861,6
7861,12
7862,1
7862,4
7862,5
7863,8
7863,9
7863,13
7864,4
7864,6
7865,6
7865,13
7866,1
7866,7
7867,7
7868,10
7868,17
7869,18
7870,6
7871,11
7871,12
7871,16
7872,8
7872,15
7873,7
7873,12
7873,16
7874,3
7874,11
7874,12
7875,5
7875,9
7875,15
7876,3
7876,20
7877,16
7878,7
7878,13
7878,15
7879,7
7880,5
7880,14
7880,17
7881,13
7881,15
7882,4
7882,20
7883,12
7884,6
7884,7
7884,10
7885,1
7886,18
7887,12
7888,2
7888,8
7889,5
7889,6
7889,17
7890,5
7890,9
7890,18
7891,6
7891,8
7891,15
7892,2
7893,17
7893,20
7894,3
7895,15
7896,14
7897,10
7897,18
7898,5
7898,6
7899,16
7900,1
7901,20
7902,1
7902,18
7903,5
7903,18
7904,3
7904,9
7905,6
7905,16
7906,7
7906,13
7906,14
7907,3
7907,6
7908,11
7908,12
7908,20
7909,1
7910,12
7911,2
7912,4
7912,10
7912,18
7913,5
7913,20
7914,6
7914,7
7915,1
7915,2
7915,7
7916,1
7916,15
7917,5
7918,11
7919,5
7920,1
7920,8
7920,17
7921,5
7921,7
7921,9
7922,7
7922,9
7922,15
7923,7
7923,19
7924,14
7925,1
7925,5
7925,18
7926,4
7926,13
7926,14
7927,4
7928,13
7928,14
7929,1
7929,10
7929,16
7930,7
7931,9
7932,9
7932,20
7933,1
7934,4
7934,14
7935,9
7935,19
7936,1
7936,20
7937,10
7937,18
7937,19
7938,1
7938,11
7938,18
7939,11
7940,4
7940,14
7940,16
7941,5
7941,19
7942,6
7942,17
7943,19
7944,10
7945,4
7946,1
7946,11
7947,20
7948,19
7948,20
7949,4
7949,7
7949,14
7950,11
7951,11
7952,6
7952,8
7953,5
7953,6
7953,18
7954,11
7955,7
7955,15
7955,18
7956,8
7956,10
7956,15
7957,2
7957,9
7958,10
7958,13
7958,16
7959,11
7960,2
7960,7
7960,12
7961,3
7962,11
7963,11
7964,14
7964,17
7965,15
7966,18
7966,20
7967,2
7967,6
7967,13
7968,3
7969,9
7969,18
7970,1
7970,8
7970,20
7971,12
7971,18
7972,1
7972,16
7972,19
7973,18
7974,3
7974,10
7975,6
7976,8
7976,11
7976,12
7977,6
7977,10
7977,12
7978,11
7979,12
7979,14
7979,19
7980,11
7980,15
7981,3
7981,20
7982,7
7983,18
7983,19
7984,1
7985,10
7985,11
7985,15
7986,5
7986,15
7987,4
7987,11
7988,13
7989,18
7990,12
7990,15
7990,17
7991,4
7992,6
7992,20
7993,7
7994,13
7995,2
7995,13
7995,17
7996,17
7997,9
7998,3
7998,14
7999,17
8000,8
8000,17
8000,19
8001,16
8002,4
8002,13
8003,4
8003,8
8003,16
8004,5
8004,15
8004,20
8005,11
8006,2
8006,8
8006,13
8007,17
8008,16
8008,17
8008,18
8009,5
8009,12
8009,17
8010,17
8010,18
8011,4
8011,17
8012,8
8012,9
8012,15
8013,2
8013,8
8014,1
8014,19
8014,20
8015,8
8015,16
8016,10
8016,19
8016,20
8017,11
8017,15
8018,9
8018,10
8018,20
8019,2
8020,13
8020,19
8021,14
8022,13
8023,8
8023,10
8023,11
8024,12
8024,15
8025,1
8025,4
8025,13
8026,8
8026,9
8026,11
8027,7
8027,17
8027,20
8028,2
8028,19
8029,19
8029,20
8030,12
8030,17
8031,15
8031,17
8032,16
8033,14
8033,18
8034,13
8035,10
8035,17
8036,10
8037,2
8037,7
8037,16
8038,15
8039,4
8039,15
8039,19
8040,4
8040,7
8041,1
8041,20
8042,17
8042,18
8043,13
8044,5
8044,6
8044,7
8045,17
8046,1
8046,10
8047,7
8048,19
8048,20
8049,5
8049,11
8049,18
8050,2
8050,6
8051,3
8052,13
8053,6
8053,7
8054,8
8054,11
8055,4
8055,10
8055,11
8056,5
8056,9
8056,15
8057,2
8057,5
8057,7
8058,8
8059,16
8059,20
8060,10
8061,11
8061,20
8062,19
8063,12
8064,12
8064,20
8065,2
8065,5
8065,15
8066,2
8067,4
8067,16
8068,3
8068,7
8069,9
8069,10
8070,9
8070,19
8071,4
8071,13
8072,4
8073,3
8073,8
8073,19
8074,1
8074,5
8074,16
8075,1
8075,11
8076,4
8076,13
8077,6
8078,18
8079,1
8079,8
8079,12
8080,10
8080,20
8081,12
8081,18
8082,1
8083,12
8083,20
8084,11
8084,19
8085,2
8085,5
8086,7
8086,11
8087,1
8087,16
8088,16
8088,18
8089,7
8089,8
8089,10
8090,5
8090,14
8090,16
8091,19
8092,2
8092,9
8092,20
8093,1
8093,2
8093,14
8094,6
8094,8
8094,13
8095,5
8095,13
8095,14
8096,1
8096,6
8096,19
8097,2
8098,11
8098,12
8098,15
8099,1
8099,4
8099,13
8100,2
8100,20
8101,1
8101,15
8102,3
8102,4
8102,11
8103,2
8104,7
8105,7
8105,9
8105,10
8106,2
8106,14
8106,15
8107,4
8107,6
8107,16
8108,3
8108,6
8109,7
8109,8
8109,19
8110,3
8110,6
8110,13
8111,4
8111,5
8111,20
8112,11
8113,1
8114,3
8114,6
8115,14
8116,2
8117,5
8117,17
8117,20
8118,15
8119,6
8119,9
8120,2
8120,11
8121,18
8121,20
8122,16
8122,18
8123,6
8123,15
8123,18
8124,2
8125,5
8125,7
8126,17
8127,1
8127,3
8127,6
8128,18
8128,19
8129,10
8130,14
8130,20
8131,17
8131,19
8132,5
8132,9
8133,1
8133,14
8134,1
8134,14
8134,20
8135,5
8135,15
8136,6
8136,9
8136,11
8137,7
8137,15
8138,15
8138,18
8139,9
8139,16
8139,19
8140,1
8140,9
8140,18
8141,1
8141,9
8142,11
8142,16
8143,2
8143,15
8144,3
8144,5
8145,15
8145,17
8145,20
8146,18
8147,5
8147,13
8148,2
8148,5
8148,17
8149,13
8150,3
8150,9
8150,13
8151,15
8152,1
8153,7
8153,16
8154,17
8155,2
8155,11
8156,13
8156,18
8157,1
8157,3
8157,7
8158,10
8158,13
8158,20
8159,12
8159,19
8160,3
8160,5
8160,15
8161,4
8161,7
8161,17
8162,9
8163,18
8164,8
8164,12
8164,20
8165,3
8165,9
8165,13
8166,3
8167,3
8167,18
8167,20
8168,1
8168,9
8168,18
8169,1
8169,4
8169,15
8170,1
8170,17
8171,4
8171,13
8171,16
8172,2
8172,6
8173,4
8173,15
8174,2
8174,10
8174,16
8175,10
8176,8
8177,18
8177,19
8178,13
8178,15
8179,5
8179,10
8180,2
8180,3
8181,3
8181,20
8182,19
8183,2
8184,2
8184,4
8184,16
8185,12
8185,18
8186,6
8187,12
8188,5
8189,10
8189,19
8190,6
8190,8
8191,2
8191,6
8191,20
8192,1
8193,6
8193,12
8193,16
8194,9
8194,16
8194,20
8195,8
8195,11
8195,15
8196,11
8196,14
8196,15
8197,6
8197,9
8197,10
8198,5
8198,13
8199,6
8199,9
8199,20
8200,10
8201,13
8202,4
8202,12
8203,7
8203,10
8203,15
8204,12
8205,7
8206,15
8207,8
8207,14
8207,15
8208,15
8208,19
8209,4
8209,18
8210,1
8210,13
8210,17
8211,11
8211,16
8212,15
8213,2
8213,20
8214,10
8214,17
8215,13
8215,17
8215,19
8216,9
8217,2
8217,19
8218,2
8218,7
8218,11
8219,6
8219,10
8219,13
8220,2
8220,12
8220,15
8221,9
8221,11
8222,19
8223,14
8223,18
8223,19
8224,6
8225,8
8225,12
8226,5
8226,15
8227,4
8227,19
8227,20
8228,3
8229,2
8229,12
8229,17
8230,3
8230,9
8230,18
8231,14
8231,17
8232,8
8232,11
8232,18
8233,3
8234,12
8235,4
8235,14
8235,17
8236,2
8236,7
8236,15
8237,7
8237,9
8237,18
8238,2
8239,5
8240,5
8240,9
8240,14
8241,16
8241,20
8242,1
8242,5
8242,11
8243,10
8243,18
8244,19
8245,4
8245,16
8245,18
8246,3
8246,5
8246,20
8247,9
8247,16
8248,9
8248,15
8248,18
8249,1
8249,13
8250,6
8250,19
8251,15
8252,16
8253,9
8253,16
8253,18
8254,3
8255,3
8255,14
8256,6
8256,16
8257,2
8257,18
8258,5
8258,12
8259,6
8259,14
8259,15
8260,17
8260,20
8261,15
8261,18
8261,20
8262,11
8262,15
8262,16
8263,9
8263,11
8264,9
8264,10
8264,15
8265,8
8266,1
8266,4
8267,5
8267,7
8267,19
8268,1
8268,11
8269,6
8269,14
8269,15
8270,3
8270,19
8271,9
8272,8
8272,17
8273,1
8273,4
8273,5
8274,10
8274,17
8275,8
8275,16
8276,12
8276,14
8277,3
8278,14
8278,18
8279,5
8279,20
8280,2
8280,8
8280,15
8281,14
8282,9
8282,20
8283,1
8283,8
8283,11
8284,13
8285,5
8286,5
8286,10
8286,15
8287,8
8288,7
8289,6
8289,16
8290,18
8291,6
8291,10
8292,12
8292,15
8293,3
8293,7
8294,5
8295,3
8295,7
8295,18
8296,1
8296,16
8296,18
8297,18
8298,2
8298,18
8299,3
8299,14
8300,10
8300,12
8301,11
8301,17
8301,20
8302,8
8302,13
8303,11
8303,14
8304,3
8304,10
8304,17
8305,6
8306,6
8306,17
8306,18
8307,3
8307,5
8308,17
8309,13
8309,14
8309,18
8310,2
8310,9
8310,11
8311,17
8311,19
8312,6
8312,18
8313,6
8313,10
8313,18
8314,2
8314,11
8315,2
8316,3
8317,6
8317,8
8317,18
8318,3
8318,6
8318,15
8319,6
8320,7
8321,13
8321,17
8322,5
8322,10
8323,16
8323,18
8324,5
8324,14
8325,6
8325,11
8325,16
8326,17
8327,1
8327,13
8328,1
8328,5
8328,8
8329,15
8329,16
8329,18
8330,9
8331,1
8331,3
8332,6
8332,18
8333,8
8334,12
8334,20
8335,8
8335,11
8336,6
8336,7
8337,5
8337,15
8337,16
8338,2
8338,9
8338,20
8339,7
8339,11
8340,12
8340,16
8340,19
8341,2
8342,15
8343,5
8344,18
8345,1
8345,15
8346,6
8346,9
8347,5
8348,11
8348,20
8349,14
8349,17
8350,8
8350,15
8350,19
8351,2
8351,10
8352,4
8353,16
8353,18
8354,3
8354,12
8354,14
8355,10
8355,13
8355,15
8356,17
8357,11
8357,13
8358,1
8358,9
8358,10
8359,9
8359,14
8359,16
8360,6
8360,7
8360,8
8361,3
8361,6
8361,20
8362,11
8362,18
8363,15
8363,18
8364,1
8364,15
8364,19
8365,6
8365,8
8365,14
8366,9
8366,11
8366,20
8367,6
8367,9
8367,19
8368,2
8368,9
8369,1
8369,14
8370,7
8370,11
8370,18
8371,3
8372,2
8373,8
8374,1
8374,4
8374,17
8375,17
8376,3
8376,13
8377,18
8378,8
8379,14
8379,18
8380,2
8380,11
8380,18
8381,2
8382,1
8382,4
8382,12
8383,7
8384,7
8384,9
8385,13
8385,15
8386,5
8387,6
8387,15
8387,16
8388,3
8388,11
8388,15
8389,12
8389,14
8390,12
8390,15
8390,20
8391,10
8391,12
8391,19
8392,11
8392,19
8393,19
8393,20
8394,1
8394,12
8395,8
8395,11
8396,3
8396,5
8396,13
8397,4
8397,10
8398,3
8398,10
8398,12
8399,6
8399,8
8399,12
8400,5
8400,11
8400,12
8401,2
8402,17
8402,20
8403,3
8404,4
8404,11
8405,20
8406,3
8406,6
8406,10
8407,10
8407,16
8408,5
8408,10
8408,11
8409,7
8410,5
8411,9
8411,13
8412,1
8412,7
8413,5
8413,10
8413,18
8414,7
8415,6
8415,8
8415,12
8416,3
8416,6
8416,10
8417,1
8417,6
8418,7
8418,8
8418,14
8419,1
8419,19
8420,3
8420,6
8421,2
8421,3
8421,18
8422,6
8422,12
8423,11
8423,19
8424,1
8424,2
8424,19
8425,9
8425,16
8426,5
8427,5
8427,8
8427,11
8428,1
8428,14
8429,18
8430,3
8430,4
8430,7
8431,8
8431,9
8432,3
8432,12
8432,16
8433,7
8434,6
8434,14
8434,20
8435,14
8435,18
8436,3
8436,6
8437,8
8437,10
8438,4
8439,5
8440,6
8441,3
8441,7
8441,17
8442,8
8443,3
8444,10
8444,19
8445,2
8445,6
8445,17
8446,2
8446,18
8446,19
8447,3
8447,13
8447,17
8448,10
8448,12
8448,14
8449,7
8450,19
8451,19
8452,2
8452,5
8452,17
8453,7
8454,11
8455,7
8455,18
8456,15
8457,8
8458,13
8458,16
8459,10
8460,3
8460,16
8460,20
8461,7
8462,3
8462,18
8462,19
8463,4
8463,16
8463,17
8464,2
8464,11
8465,4
8466,7
8467,1
8468,9
8469,12
8469,19
8470,1
8470,16
8471,9
8472,12
8472,13
8472,16
8473,16
8474,5
8474,12
8475,5
8475,15
8476,3
8477,4
8477,7
8478,1
8478,7
8479,3
8479,16
8479,17
8480,2
8481,1
8481,15
8482,19
8483,2
8483,7
8483,13
8484,13
8484,15
8485,1
8486,9
8486,20
8487,13
8487,20
8488,8
8488,20
8489,5
8489,7
8489,8
8490,1
8490,2
8490,15
8491,4
8491,11
8492,1
8492,16
8492,20
8493,9
8494,2
8494,14
8494,18
8495,8
8496,7
8497,1
8497,7
8498,11
8498,18
8499,10
8499,20
8500,17
8500,18
8500,20
8501,20
8502,6
8502,8
8502,15
8503,1
8503,20
8504,5
8504,6
8504,16
8505,5
8505,11
8505,18
8506,11
8506,12
8506,18
8507,9
8507,11
8507,12
8508,7
8509,4
8509,14
8509,19
8510,7
8511,6
8511,17
8512,14
8513,18
8513,20
8514,18
8515,7
8515,13
8515,16
8516,5
8516,7
8516,8
8517,1
8517,2
8517,9
8518,8
8518,9
8518,14
8519,12
8519,17
8520,14
8520,20
8521,14
8521,17
8522,4
8522,9
8522,16
8523,8
8523,16
8524,5
8525,13
8526,4
8527,11
8527,12
8528,19
8529,13
8529,16
8530,4
8531,12
8531,17
8532,1
8532,17
8533,4
8534,3
8534,9
8534,20
8535,6
8535,15
8536,4
8536,7
8536,10
8537,3
8537,13
8537,19
8538,13
8538,18
8539,4
8540,1
8540,13
8541,13
8542,3
8543,6
8543,13
8543,20
8544,1
8544,11
8544,19
8545,9
8545,13
8546,6
8546,9
8547,8
8547,13
8547,17
8548,9
8548,17
8549,16
8550,3
8550,9
8551,7
8552,9
8552,11
8553,11
8553,19
8554,14
8554,20
8555,1
8556,1
8557,3
8558,5
8558,14
8558,19
8559,5
8559,8
8560,13
8560,16
8560,19
8561,4
8561,5
8562,7
8562,13
8562,15
8563,8
8563,12
8563,18
8564,2
8564,11
8564,19
8565,1
8565,7
8565,15
8566,1
8566,19
8567,14
8568,2
8568,12
8568,18
8569,3
8570,14
8571,1
8571,8
8571,9
8572,9
8572,17
8573,7
8573,9
8573,16
8574,1
8574,2
8575,6
8575,14
8575,16
8576,11
8576,19
8576,20
8577,4
8577,6
8577,10
8578,9
8578,10
8578,12
8579,11
8579,13
8579,14
8580,3
8580,5
8581,12
8581,14
8581,16
8582,16
8583,6
8583,17
8584,1
8585,14
8586,3
8586,7
8586,15
8587,10
8587,15
8588,6
8588,10
8588,11
8589,11
8590,4
8590,7
8590,14
8591,6
8591,8
8591,14
8592,16
8592,17
8593,2
8593,3
8593,19
8594,15
8595,15
8596,4
8596,5
8596,10
8597,11
8597,13
8597,15
8598,8
8599,9
8600,10
8600,18
8600,20
8601,10
8602,8
8603,5
8603,12
8604,7
8604,16
8604,20
8605,18
8606,12
8606,13
8607,16
8607,18
8607,19
8608,7
8609,5
8610,11
8610,13
8611,15
8611,16
8612,3
8613,17
8613,18
8614,3
8615,2
8615,15
8615,17
8616,1
8616,3
8616,9
8617,4
8617,19
8618,14
8619,3
8620,9
8620,13
8621,3
8621,13
8622,19
8623,2
8623,8
8623,15
8624,6
8624,10
8625,7
8625,10
8625,16
8626,11
8626,17
8626,18
8627,6
8627,8
8627,16
8628,10
8628,16
8628,18
8629,1
8629,15
8629,16
8630,16
8631,4
8631,5
8631,18
8632,6
8632,8
8633,4
8633,6
8634,18
8635,18
8636,6
8637,16
8637,19
8638,2
8638,13
8638,14
8639,1
8639,5
8640,7
8640,12
8640,14
8641,7
8641,12
8641,19
8642,3
8642,14
8643,13
8643,17
8644,4
8645,1
8645,7
8645,20
8646,1
8646,16
8646,19
8647,2
8647,8
8648,2
8648,17
8649,14
8649,17
8649,19
8650,2
8650,6
8650,8
8651,2
8651,19
8652,8
8652,9
8652,17
8653,5
8653,20
8654,10
8654,14
8654,16
8655,6
8655,14
8655,15
8656,2
8656,12
8656,14
8657,9
8657,10
8658,11
8658,13
8659,5
8659,14
8660,12
8660,13
8661,3
8661,9
8661,17
8662,17
8663,15
8664,9
8664,16
8664,19
8665,1
8665,2
8665,12
8666,10
8667,5
8667,20
8668,6
8669,6
8669,13
8670,2
8670,7
8670,8
8671,13
8672,6
8672,9
8672,12
8673,8
8673,15
8674,1
8675,2
8675,9
8675,15
8676,13
8677,11
8678,14
8679,5
8679,11
8679,19
8680,13
8680,15
8681,4
8681,12
8681,16
8682,11
8683,7
8683,16
8683,18
8684,1
8684,19
8684,20
8685,12
8686,13
8687,7
8687,14
8687,19
8688,16
8689,7
8689,8
8690,5
8690,20
8691,6
8691,12
8691,13
8692,5
8692,8
8692,15
8693,16
8694,6
8694,11
8694,20
8695,2
8695,4
8695,7
8696,8
8697,1
8697,2
8697,16
8698,5
8698,10
8698,19
8699,2
8699,7
8699,9
8700,15
8701,9
8702,7
8703,7
8704,4
8704,17
8704,18
8705,18
8706,12
8706,13
8707,3
8707,5
8707,12
8708,1
8708,16
8708,18
8709,8
8709,15
8710,4
8710,19
8711,4
8711,12
8711,16
8712,13
8712,19
8713,1
8713,10
8713,13
8714,10
8714,12
8715,4
8715,5
8716,16
8716,18
8717,15
8718,6
8718,10
8718,14
8719,11
8720,5
8721,7
8721,14
8721,15
8722,7
8722,12
8722,17
8723,5
8723,17
8724,2
8724,7
8724,19
8725,20
8726,15
8726,20
8727,7
8727,17
8727,19
8728,12
8729,8
8730,4
8731,12
8731,14
8731,17
8732,3
8732,12
8733,1
8733,5
8733,11
8734,13
8735,14
8735,17
8736,2
8736,13
8737,8
8737,10
8737,15
8738,14
8738,16
8739,10
8740,14
8740,18
8740,19
8741,5
8742,3
8742,12
8742,19
8743,1
8743,8
8743,17
8744,6
8744,10
8745,16
8746,5
8746,6
8747,11
8748,13
8748,19
8749,15
8750,7
8750,19
8751,8
8751,9
8751,14
8752,1
8752,10
8752,11
8753,18
8754,10
8754,11
8754,12
8755,12
8755,14
8756,3
8756,7
8756,12
8757,2
8757,17
8758,2
8758,7
8759,5
8760,1
8760,3
8760,5
8761,7
8761,13
8761,15
8762,6
8762,8
8762,13
8763,13
8763,15
8764,6
8765,7
8766,15
8766,17
8767,7
8767,19
8768,3
8768,13
8768,14
8769,4
8770,1
8770,2
8770,4
8771,17
8771,18
8772,1
8772,13
8773,5
8773,7
8773,15
8774,10
8774,20
8775,18
8775,19
8776,7
8776,16
8776,17
8777,12
8777,20
8778,3
8778,9
8778,16
8779,1
8779,2
8780,4
8780,7
8780,16
8781,10
8781,12
8782,1
8782,4
8782,18
8783,12
8783,16
8784,9
8785,14
8785,19
8786,9
8786,16
8787,8
8788,2
8788,15
8788,18
8789,5
8789,11
8789,17
8790,1
8790,11
8790,13
8791,3
8791,12
8792,7
8792,15
8792,18
8793,15
8793,20
8794,19
8795,8
8795,17
8795,18
8796,8
8796,9
8797,2
8797,12
8798,11
8798,13
8798,17
8799,2
8799,7
8799,17
8800,6
8800,11
8801,5
8802,2
8803,13
8803,19
8803,20
8804,6
8804,13
8805,8
8805,10
8806,12
8807,13
8807,17
8808,4
8808,6
8808,11
8809,4
8810,2
8810,12
8810,13
8811,17
8812,1
8812,3
8813,2
8813,7
8813,18
8814,10
8814,14
8815,10
8815,13
8815,14
8816,10
8817,2
8817,7
8817,16
8818,9
8818,15
8819,14
8819,15
8820,3
8820,4
8820,19
8821,3
8821,6
8822,4
8823,2
8823,8
8824,11
8824,13
8824,19
8825,14
8825,18
8826,2
8826,3
8826,17
8827,10
8828,11
8829,7
8829,8
8829,20
8830,12
8831,18
8832,1
8832,13
8833,8
8834,1
8834,11
8834,20
8835,6
8836,7
8836,11
8836,16
8837,1
8837,4
8837,20
8838,6
8839,12
8839,15
8840,18
8841,12
8842,2
8842,3
8842,13
8843,4
8843,10
8843,19
8844,13
8845,2
8845,12
8845,20
8846,4
8846,19
8847,19
8848,19
8849,15
8849,18
8850,17
8851,3
8851,16
8852,1
8852,18
8853,10
8854,5
8854,6
8854,7
8855,1
8855,12
8855,16
8856,3
8856,4
8856,14
8857,19
8858,7
8859,3
8860,9
8861,5
8861,6
8861,12
8862,19
8863,2
8863,20
8864,16
8865,3
8865,16
8865,19
8866,17
8866,18
8867,5
8867,13
8868,9
8868,15
8868,18
8869,13
8870,3
8870,4
8871,5
8871,6
8871,14
8872,2
8872,8
8872,20
8873,12
8873,19
8874,14
8875,3
8875,16
8876,4
8877,18
8878,2
8878,3
8879,3
8879,4
8879,5
8880,7
8880,8
8880,20
8881,6
8882,12
8882,19
8883,5
8883,16
8883,17
8884,14
8885,8
8886,10
8887,11
8887,14
8887,18
8888,1
8888,4
8888,17
8889,4
8889,13
8889,20
8890,2
8890,10
8890,12
8891,12
8892,3
8893,5
8894,7
8895,1
8895,17
8896,13
8897,4
8897,18
8898,9
8899,2
8899,14
8900,3
8900,4
8900,16
8901,2
8901,18
8902,9
8903,11
8903,19
8904,9
8904,19
8905,1
8905,13
8906,19
8907,2
8907,11
8907,17
8908,5
8908,15
8909,11
8909,13
8910,18
8910,20
8911,20
8912,2
8912,12
8912,18
8913,5
8913,9
8914,3
8914,9
8914,10
8915,20
8916,1
8916,10
8916,12
8917,14
8917,15
8918,11
8919,18
8920,13
8920,15
8921,3
8921,20
8922,2
8922,7
8922,12
8923,13
8924,5
8924,16
8925,4
8925,13
8925,16
8926,13
8926,17
8927,1
8927,19
8928,13
8929,20
8930,3
8930,13
8931,13
8932,5
8932,18
8933,1
8933,14
8934,10
8935,5
8935,9
8935,17
8936,14
8936,18
8937,2
8937,4
8938,12
8938,13
8939,16
8940,2
8940,10
8940,16
8941,3
8942,5
8942,16
8943,3
8944,5
8944,11
8944,20
8945,6
8945,7
8946,5
8946,11
8947,1
8947,2
8947,13
8948,10
8948,11
8948,17
8949,3
8949,13
8949,15
8950,4
8951,2
8951,11
8952,1
8953,8
8953,11
8953,12
8954,3
8955,4
8956,9
8956,12
8956,14
8957,11
8958,8
8958,10
8958,20
8959,5
8959,8
8959,20
8960,4
8961,20
8962,5
8963,8
8963,9
8963,20
8964,3
8964,4
8964,9
8965,1
8965,18
8966,8
8966,17
8967,7
8967,15
8968,18
8968,19
8969,10
8970,5
8971,4
8972,5
8972,17
8973,3
8974,16
8975,3
8975,17
8975,19
8976,1
8976,2
8976,4
8977,5
8977,13
8977,19
8978,6
8978,14
8979,15
8979,17
8980,7
8980,11
8980,14
8981,16
8981,17
8982,10
8982,12
8983,14
8984,10
8985,5
8985,17
8985,18
8986,16
8987,5
8987,10
8987,11
8988,5
8988,6
8989,7
8989,11
8989,20
8990,3
8991,17
8991,18
8992,18
8993,11
8994,8
8995,11
8995,12
8996,18
8997,6
8997,17
8997,20
8998,1
8998,6
8999,13
8999,15
9000,13
9000,14
9001,2
9001,18
9002,18
9003,10
9003,11
9003,16
9004,3
9004,15
9004,17
9005,2
9005,5
9005,16
9006,3
9006,7
9007,7
9007,13
9007,18
9008,7
9008,20
9009,12
9010,5
9010,13
9010,20
9011,2
9012,3
9012,10
9013,8
9013,9
9014,4
9015,13
9016,9
9017,5
9017,12
9018,10
9018,13
9018,20
9019,10
9019,15
9020,7
9020,20
9021,20
9022,4
9022,16
9022,19
9023,8
9023,12
9023,19
9024,9
9025,6
9025,14
9025,15
9026,1
9026,3
9026,15
9027,2
9028,7
9028,8
9028,10
9029,10
9029,16
9030,12
9030,18
9031,3
9031,14
9031,17
9032,3
9032,16
9032,17
9033,2
9033,5
9033,13
9034,12
9035,5
9035,16
9035,19
9036,7
9036,9
9036,15
9037,8
9037,17
9038,16
9039,2
9039,19
9040,7
9041,6
9042,6
9043,20
9044,9
9044,18
9045,15
9046,10
9047,4
9047,7
9048,7
9048,17
9049,15
9049,18
9050,15
9050,16
9051,1
9051,9
9051,16
9052,1
9052,8
9053,13
9053,14
9054,1
9054,13
9055,15
9056,5
9056,6
9057,4
9057,5
9057,6
9058,4
9058,5
9058,18
9059,7
9059,14
9059,17
9060,6
9060,16
9060,18
9061,5
9061,15
9062,7
9062,9
9063,1
9063,7
9063,20
9064,12
9064,19
9065,6
9065,19
9066,2
9066,13
9066,19
9067,2
9067,9
9067,13
9068,4
9068,8
9068,12
9069,7
9070,7
9070,9
9071,9
9071,17
9072,3
9072,4
9072,18
9073,10
9073,12
9073,14
9074,5
9075,4
9075,6
9076,13
9077,8
9077,15
9077,18
9078,1
9078,3
9078,16
9079,8
9079,18
9080,9
9080,17
9081,3
9082,11
9082,12
9082,14
9083,12
9083,18
9084,3
9084,6
9084,9
9085,7
9085,8
9085,16
9086,7
9087,7
9087,13
9088,16
9088,19
9089,16
9090,14
9090,15
9091,16
9091,19
9091,20
9092,7
9092,19
9093,14
9093,18
9094,7
9095,3
9095,16
9096,3
9096,20
9097,8
9097,12
9097,18
9098,18
9099,6
9099,10
9099,18
9100,5
9100,16
9101,7
9102,1
9102,16
9102,20
9103,4
9103,12
9104,2
9105,3
9106,8
9107,4
9107,10
9107,11
9108,1
9108,10
9108,19
9109,7
9110,9
9110,16
9111,3
9111,6
9111,9
9112,1
9112,3
9112,20
9113,17
9114,4
9114,13
9115,1
9115,15
9116,19
9116,20
9117,11
9118,8
9118,17
9119,1
9119,13
9119,15
9120,13
9120,15
9120,19
9121,8
9121,13
9121,15
9122,2
9123,2
9123,4
9123,13
9124,7
9125,6
9125,14
9126,6
9126,8
9127,12
9128,13
9128,15
9128,19
9129,9
9130,16
9130,20
9131,12
9132,7
9132,15
9133,16
9134,1
9134,4
9135,11
9136,4
9136,20
9137,7
9137,16
9138,1
9138,6
9138,14
9139,11
9139,14
9139,17
9140,17
9140,18
9141,14
9141,18
9141,20
9142,2
9143,7
9143,11
9143,16
9144,13
9144,17
9145,10
9145,19
9146,7
9147,9
9147,20
9148,2
9148,6
9149,5
9149,7
9150,13
9150,16
9151,12
9151,13
9151,14
9152,11
9152,17
9153,13
9153,20
9154,9
9154,19
9154,20
9155,3
9155,12
9156,8
9156,9
9157,9
9157,11
9158,2
9158,5
9158,9
9159,12
9160,15
9161,1
9161,6
9162,9
9162,13
9162,17
9163,8
9163,9
9164,1
9164,8
9165,9
9165,12
9166,2
9166,16
9166,17
9167,12
9168,18
9169,7
9170,12
9170,13
9170,18
9171,4
9171,6
9171,7
9172,14
9173,10
9173,13
9173,17
9174,9
9175,16
9176,15
9177,2
9178,3
9178,12
9179,13
9180,6
9181,1
9181,9
9181,11
9182,2
9183,5
9183,12
9183,14
9184,8
9184,15
9184,18
9185,7
9185,14
9185,19
9186,10
9187,9
9187,15
9188,9
9188,13
9188,14
9189,2
9189,8
9190,5
9191,7
9191,19
9192,4
9192,9
9192,16
9193,5
9193,20
9194,19
9195,2
9195,3
9196,1
9197,16
9198,2
9198,16
9199,4
9199,11
9199,20
9200,10
9200,17
9201,15
9201,19
9202,16
9202,19
9203,17
9204,8
9205,14
9206,9
9207,7
9207,11
9208,9
9208,12
9209,7
9209,16
9209,17
9210,1
9210,12
9211,2
9211,6
9211,14
9212,15
9213,13
9214,11
9214,14
9214,16
9215,2
9215,16
9216,18
9217,4
9217,6
9217,19
9218,13
9219,7
9220,4
9220,5
9220,7
9221,9
9221,15
9222,19
9222,20
9223,4
9223,7
9223,10
9224,16
9225,15
9225,17
9226,11
9227,1
9227,16
9227,17
9228,2
9228,3
9228,13
9229,1
9229,4
9229,12
9230,2
9230,9
9231,2
9231,15
9232,7
9232,10
9232,18
9233,9
9233,17
9234,1
9234,7
9234,8
9235,12
9235,17
9236,7
9236,14
9237,1
9237,10
9238,5
9238,9
9239,6
9239,17
9240,20
9241,7
9242,15
9243,8
9243,13
9243,17
9244,3
9244,8
9245,16
9245,17
9246,17
9246,20
9247,9
9247,20
9248,18
9249,7
9249,11
9249,19
9250,7
9251,2
9252,12
9252,14
9253,11
9254,14
9255,2
9255,4
9255,20
9256,6
9256,7
9256,12
9257,2
9257,5
9257,13
9258,7
9258,8
9259,20
9260,8
9261,12
9261,13
9262,1
9262,8
9263,15
9264,4
9264,12
9264,19
9265,2
9265,6
9266,6
9266,7
9266,15
9267,4
9268,20
9269,3
9269,7
9270,1
9270,11
9270,19
9271,5
9271,7
9272,18
9273,2
9274,5
9274,13
9274,17
9275,10
9276,2
9276,4
9276,8
9277,12
9278,10
9278,17
9279,7
9279,15
9279,17
9280,15
9280,16
9281,7
9281,15
9281,17
9282,5
9282,9
9282,11
9283,8
9283,11
9283,17
9284,12
9285,18
9286,16
9287,7
9288,5
9288,9
9288,14
9289,19
9290,4
9290,17
9291,6
9291,12
9292,14
9292,15
9293,3
9293,11
9293,17
9294,2
9294,19
9295,2
9296,4
9296,14
9296,19
9297,10
9297,11
9297,20
9298,15
9298,17
9299,4
9299,11
9300,10
9301,4
9301,10
9301,18
9302,1
9302,11
9302,17
9303,5
9303,9
9303,10
9304,2
9304,10
9305,11
9306,15
9307,12
9307,20
9308,7
9308,12
9309,11
9309,17
9310,2
9310,3
9310,17
9311,5
9311,15
9311,20
9312,10
9312,11
9313,15
9313,16
9314,9
9314,12
9315,6
9315,10
9315,12
9316,4
9316,5
9316,7
9317,5
9317,10
9317,15
9318,8
9318,16
9318,19
9319,1
9319,2
9319,16
9320,2
9320,10
9321,10
9321,12
9322,10
9322,14
9322,19
9323,4
9323,9
9324,5
9324,14
9325,19
9326,14
9326,16
9327,5
9328,12
9328,19
9329,11
9330,6
9331,14
9331,15
9332,1
9332,20
9333,4
9333,10
9334,5
9335,5
9335,16
9336,7
9336,12
9337,10
9338,4
9338,7
9339,4
9339,16
9340,2
9340,11
9340,20
9341,11
9341,12
9342,8
9342,10
9342,12
9343,11
9343,20
9344,6
9344,14
9345,14
9346,7
9346,12
9346,20
9347,14
9347,16
9347,19
9348,2
9348,12
9348,18
9349,10
9350,1
9350,3
9350,19
9351,2
9351,10
9351,14
9352,3
9353,3
9353,12
9354,16
9354,18
9355,3
9355,6
9356,8
9356,15
9356,19
9357,13
9358,2
9358,8
9358,13
9359,14
9360,17
9361,17
9361,18
9361,20
9362,1
9362,3
9363,12
9364,7
9364,18
9365,3
9365,4
9365,20
9366,6
9366,7
9367,6
9368,2
9368,10
9369,20
9370,7
9370,8
9370,20
9371,8
9371,14
9371,16
9372,1
9372,2
9372,6
9373,8
9373,18
9373,19
9374,6
9374,15
9374,17
9375,3
9375,18
9375,19
9376,7
9376,10
9376,17
9377,15
9377,17
9378,14
9379,13
9379,14
9380,9
9381,1
9382,8
9382,10
9382,17
9383,3
9383,6
9383,10
9384,13
9385,10
9385,16
9386,5
9386,14
9387,1
9387,9
9388,15
9388,18
9389,6
9390,14
9390,20
9391,8
9391,15
9392,3
9392,11
9392,17
9393,15
9393,16
9393,18
9394,9
9394,19
9395,10
9396,15
9396,17
9397,3
9397,9
9397,10
9398,7
9398,20
9399,8
9399,11
9399,20
9400,11
9401,13
9401,14
9402,5
9402,7
9403,1
9403,5
9403,9
9404,1
9404,13
9404,19
9405,9
9405,13
9405,19
9406,13
9406,14
9406,20
9407,3
9407,4
9407,17
9408,5
9408,6
9408,18
9409,5
9409,8
9409,20
9410,13
9410,18
9411,5
9411,6
9412,8
9413,7
9413,8
9414,9
9414,18
9415,13
9416,3
9416,7
9416,17
9417,10
9417,16
9418,11
9418,16
9418,17
9419,2
9419,8
9419,9
9420,11
9420,19
9421,11
9421,15
9422,12
9422,13
9422,15
9423,1
9423,13
9423,18
9424,12
9425,3
9425,5
9426,14
9426,16
9427,9
9427,20
9428,14
9429,6
9430,2
9430,12
9431,4
9431,9
9432,7
9432,12
9433,6
9433,9
9434,2
9435,3
9435,5
9436,14
9436,15
9436,17
9437,4
9437,15
9438,2
9438,5
9439,11
9440,19
9441,19
9442,1
9442,11
9442,12
9443,4
9443,12
9444,8
9445,11
9445,18
9446,18
9447,9
9448,6
9449,19
9450,14
9450,16
9450,19
9451,6
9451,7
9451,16
9452,2
9452,9
9452,19
9453,7
9454,18
9455,1
9456,2
9456,17
9457,2
9457,3
9457,16
9458,12
9459,5
9460,3
9460,9
9460,17
9461,10
9461,15
9462,1
9462,12
9462,14
9463,5
9463,16
9464,6
9465,14
9465,20
9466,4
9467,7
9467,11
9468,2
9468,7
9468,10
9469,16
9470,4
9470,12
9471,2
9472,1
9472,3
9473,4
9473,5
9473,20
9474,18
9474,19
9475,10
9475,11
9476,15
9477,10
9478,5
9478,8
9479,10
9480,3
9481,5
9481,10
9481,15
9482,3
9483,14
9484,12
9484,14
9485,2
9485,6
9486,7
9487,3
9487,14
9488,11
9488,17
9489,14
9490,9
9491,11
9491,20
9492,5
9492,14
9493,2
9493,5
9494,8
9494,13
9494,16
9495,2
9495,5
9495,15
9496,1
9496,4
9496,11
9497,12
9498,14
9498,16
9498,18
9499,14
9500,1
9500,11
9500,15
9501,3
9502,3
9503,3
9503,13
9503,17
9504,7
9504,20
9505,8
9506,7
9506,19
9507,8
9508,12
9509,10
9509,17
9510,3
9510,11
9510,19
9511,11
9511,16
9512,15
9513,5
9513,7
9513,10
9514,17
9515,2
9516,9
9517,13
9518,9
9518,14
9518,17
9519,4
9519,11
9520,1
9520,2
9520,5
9521,3
9521,20
9522,10
9522,18
9523,2
9523,4
9523,11
9524,20
9525,7
9526,12
9526,13
9527,8
9527,14
9527,20
9528,8
9529,11
9530,10
9530,12
9531,15
9532,1
9532,2
9532,18
9533,4
9533,13
9534,8
9534,15
9535,2
9535,5
9536,15
9537,9
9538,2
9538,4
9539,11
9540,6
9540,18
9540,20
9541,7
9541,8
9541,16
9542,15
9543,12
9543,13
9543,18
9544,4
9544,13
9544,15
9545,2
9545,12
9545,15
9546,4
9546,20
9547,8
9547,19
9548,1
9549,2
9549,3
9549,12
9550,3
9550,12
9550,19
9551,18
9551,20
9552,8
9553,3
9553,7
9553,16
9554,10
9554,16
9555,17
9556,2
9556,9
9556,10
9557,10
9557,12
9558,5
9558,11
9559,7
9559,12
9559,15
9560,16
9561,1
9561,12
9562,6
9562,9
9562,13
9563,16
9564,5
9564,11
9564,14
9565,4
9565,6
9565,15
9566,1
9566,6
9566,14
9567,13
9568,3
9568,4
9568,18
9569,1
9569,17
9570,1
9570,4
9570,8
9571,1
9571,19
9572,3
9572,9
9572,19
9573,1
9573,3
9573,18
9574,2
9574,15
9574,19
9575,5
9576,6
9576,13
9577,1
9577,12
9577,17
9578,15
9578,16
9579,2
9579,3
9580,15
9580,19
9581,13
9582,4
9582,5
9582,19
9583,11
9583,13
9583,14
9584,1
9584,14
9585,7
9585,15
9586,11
9586,12
9586,13
9587,4
9587,6
9587,19
9588,2
9589,4
9589,7
9590,8
9590,13
9591,10
9591,15
9591,19
9592,6
9592,12
9592,17
9593,2
9594,4
9594,12
9595,9
9595,15
9596,14
9596,16
9596,17
9597,12
9598,4
9598,5
9598,18
9599,4
9599,16
9599,19
9600,15
9600,17
9601,15
9601,16
9602,8
9602,11
9602,12
9603,7
9603,10
9603,18
9604,8
9604,12
9604,13
9605,16
9605,19
9605,20
9606,6
9607,2
9607,5
9608,20
9609,2
9610,9
9610,13
9610,14
9611,4
9611,5
9611,19
9612,4
9612,16
9613,3
9613,14
9613,19
9614,7
9614,19
9614,20
9615,2
9615,8
9616,3
9617,18
9618,7
9618,18
9619,11
9620,5
9620,13
9620,17
9621,8
9621,12
9621,16
9622,11
9623,6
9623,14
9624,2
9624,5
9624,6
9625,9
9625,16
9625,18
9626,16
9626,17
9627,4
9628,18
9629,13
9630,7
9630,10
9630,19
9631,4
9631,12
9631,15
9632,19
9633,5
9634,19
9635,3
9636,15
9636,17
9637,1
9637,11
9638,19
9639,9
9639,12
9639,15
9640,2
9640,11
9640,19
9641,16
9641,20
9642,3
9642,10
9642,15
9643,3
9644,10
9645,10
9646,7
9646,11
9646,12
9647,17
9648,3
9648,11
9648,20
9649,2
9649,12
9650,5
9650,6
9650,15
9651,20
9652,2
9652,17
9653,7
9653,12
9653,13
9654,12
9654,14
9655,20
9656,7
9656,20
9657,4
9657,14
9657,18
9658,1
9658,15
9659,11
9659,18
9659,19
9660,13
9661,8
9661,9
9661,20
9662,2
9662,4
9663,1
9663,3
9663,10
9664,16
9665,9
9665,16
9665,19
9666,7
9666,9
9666,12
9667,1
9667,4
9667,5
9668,17
9669,17
9670,4
9670,14
9670,20
9671,5
9672,8
9672,12
9672,19
9673,7
9673,11
9674,3
9674,10
9674,17
9675,3
9676,2
9676,16
9677,10
9678,12
9678,13
9679,3
9680,6
9680,10
9681,6
9681,10
9682,10
9682,11
9683,1
9683,6
9684,4
9685,11
9686,6
9686,9
9686,13
9687,8
9688,1
9688,10
9688,16
9689,15
9690,10
9691,9
9692,2
9692,13
9693,9
9693,11
9693,16
9694,2
9694,14
9694,20
9695,8
9696,2
9696,3
9696,17
9697,12
9697,19
9698,13
9699,11
9700,3
9701,3
9701,6
9702,6
9703,10
9704,4
9704,11
9704,16
9705,3
9705,13
9706,2
9706,11
9706,14
9707,3
9707,17
9708,4
9708,9
9708,11
9709,7
9710,7
9710,13
9710,14
9711,1
9711,5
9712,3
9712,11
9712,20
9713,11
9713,18
9714,15
9715,4
9715,12
9715,20
9716,6
9716,16
9716,18
9717,2
9717,6
9717,11
9718,6
9718,10
9718,19
9719,3
9720,4
9720,10
9720,20
9721,19
9722,9
9722,17
9722,20
9723,10
9724,10
9725,3
9726,17
9727,13
9727,19
9728,4
9728,7
9728,19
9729,6
9729,14
9730,1
9730,5
9731,6
9732,1
9732,4
9732,15
9733,2
9733,5
9734,20
9735,10
9735,14
9735,20
9736,17
9736,19
9736,20
9737,12
9737,13
9738,3
9738,10
9738,18
9739,5
9739,15
9739,18
9740,20
9741,8
9742,11
9742,13
9742,15
9743,4
9743,10
9743,14
9744,4
9744,19
9745,5
9745,7
9746,1
9746,4
9746,18
9747,4
9748,2
9749,5
9749,7
9749,11
9750,12
9751,6
9751,18
9752,10
9753,18
9754,1
9754,5
9755,9
9756,6
9756,13
9757,3
9757,8
9758,1
9759,11
9760,9
9761,8
9762,2
9762,14
9762,15
9763,13
9763,16
9764,10
9765,20
9766,7
9766,18
9766,19
9767,13
9767,14
9768,2
9768,10
9769,5
9769,16
9769,20
9770,2
9771,6
9771,11
9772,1
9772,2
9773,7
9774,2
9774,3
9774,12
9775,20
9776,5
9776,10
9776,16
9777,5
9777,12
9778,6
9778,14
9779,3
9779,10
9780,18
9780,19
9781,6
9781,7
9781,19
9782,8
9782,14
9783,6
9783,11
9783,18
9784,18
9785,4
9785,6
9785,18
9786,7
9786,13
9786,19
9787,6
9787,7
9787,15
9788,1
9788,14
9788,17
9789,2
9789,9
9790,8
9791,8
9791,15
9792,17
9793,8
9793,12
9793,20
9794,3
9795,6
9795,14
9795,19
9796,3
9796,7
9796,11
9797,10
9798,2
9798,12
9798,15
9799,16
9800,1
9800,16
9800,19
9801,1
9801,18
9802,10
9802,19
9802,20
9803,7
9803,13
9803,19
9804,13
9804,15
9805,5
9805,14
9805,20
9806,8
9807,1
9807,11
9807,12
9808,20
9809,9
9809,18
9810,6
9810,9
9810,12
9811,12
9812,4
9812,11
9812,20
9813,7
9814,2
9814,3
9814,11
9815,4
9815,10
9816,7
9816,12
9816,14
9817,4
9818,20
9819,10
9819,16
9820,4
9820,8
9821,8
9821,13
9822,1
9822,20
9823,1
9823,9
9824,16
9825,16
9826,5
9827,9
9828,14
9829,15
9829,16
9829,17
9830,7
9831,6
9831,7
9831,18
9832,5
9833,3
9833,15
9833,20
9834,8
9834,19
9834,20
9835,10
9835,15
9836,4
9836,5
9836,11
9837,6
9838,11
9838,19
9839,8
9839,16
9840,3
9841,10
9842,4
9842,7
9842,8
9843,18
9844,6
9844,8
9844,13
9845,14
9846,9
9846,11
9846,19
9847,1
9847,8
9847,20
9848,1
9848,4
9848,17
9849,14
9850,12
9850,18
9851,2
9851,3
9851,19
9852,3
9853,3
9853,5
9853,10
9854,1
9854,9
9854,18
9855,15
9856,5
9857,3
9857,9
9857,14
9858,16
9858,18
9859,6
9859,7
9859,15
9860,10
9861,16
9861,19
9861,20
9862,7
9863,1
9863,5
9863,9
9864,10
9865,7
9865,9
9865,16
9866,7
9866,10
9866,19
9867,4
9868,14
9869,2
9869,3
9870,10
9871,1
9871,3
9872,10
9873,7
9874,8
9875,11
9875,12
9876,10
9876,15
9876,19
9877,2
9878,5
9878,16
9878,19
9879,8
9879,12
9879,14
9880,3
9880,5
9880,15
9881,3
9881,13
9882,17
9882,18
9882,19
9883,15
9883,18
9884,14
9884,16
9885,3
9885,12
9885,15
9886,17
9887,3
9887,15
9888,7
9889,3
9889,18
9889,20
9890,6
9890,8
9890,15
9891,9
9892,2
9892,8
9892,16
9893,4
9893,12
9894,9
9894,11
9894,19
9895,14
9895,17
9895,20
9896,15
9897,4
9897,8
9897,9
9898,1
9898,16
9898,18
9899,2
9899,10
9899,13
9900,4
9901,11
9901,16
9902,4
9902,7
9902,11
9903,8
9903,11
9903,13
9904,2
9904,5
9904,12
9905,7
9905,10
9906,19
9907,15
9908,19
9909,1
9909,9
9910,8
9910,17
9911,14
9911,15
9912,5
9913,15
9914,3
9914,7
9914,12
9915,9
9915,18
9916,2
9917,12
9917,19
9917,20
9918,8
9918,11
9918,20
9919,2
9919,10
9920,17
9920,19
9921,14
9921,15
9921,19
9922,17
9922,18
9922,20
9923,4
9923,5
9923,6
9924,2
9925,1
9925,5
9926,1
9926,10
9927,3
9927,4
9928,10
9929,4
9929,15
9930,16
9930,18
9931,1
9931,4
9931,9
9932,10
9933,14
9933,16
9933,20
9934,17
9935,9
9935,20
9936,14
9937,10
9938,2
9938,16
9939,9
9939,18
9939,19
9940,3
9940,16
9941,1
9942,17
9943,1
9943,15
9944,8
9945,11
9946,2
9946,10
9947,1
9947,8
9947,10
9948,5
9948,8
9949,13
9949,14
9950,9
9950,16
9950,19
9951,2
9951,7
9951,20
9952,8
9952,17
9953,15
9954,17
9954,20
9955,5
9955,9
9955,19
9956,6
9956,19
9957,1
9957,15
9958,4
9958,17
9959,7
9960,3
9961,8
9961,10
9961,14
9962,8
9963,9
9964,12
9964,13
9965,17
9966,6
9967,3
9967,12
9968,1
9968,2
9969,9
9970,15
9971,5
9971,7
9972,13
9972,16
9973,1
9973,11
9974,13
9975,11
9976,5
9977,4
9978,11
9979,3
9979,4
9980,19
9981,5
9982,13
9983,16
9984,8
9985,7
9985,13
9985,19
9986,2
9987,5
9987,6
9988,10
9989,6
9989,14
9990,8
9990,12
9991,18
9992,5
9992,11
9993,4
9993,20
9994,4
9994,11
9995,10
9995,19
9995,20
9996,5
9996,14
9997,3
9997,9
9997,18
9998,7
9998,11
9999,11
9999,18
10000,13
10001,2
10001,5
10001,12
10002,4
10002,9
10002,10
10003,6
10004,5
10005,12
10006,8
10006,12
10006,19
10007,2
10007,17
10008,6
10008,7
10008,11
10009,1
10009,11
10009,17
10010,16
10011,2
10011,16
10012,3
10012,15
10012,17
10013,12
10014,5
10014,10
10015,6
10015,9
10016,16
10016,19
10016,20
10017,9
10017,10
10018,13
10018,19
10019,8
10019,19
10020,10
10021,2
10021,10
10022,14
10023,13
10024,5
10024,17
10024,18
10025,10
10025,18
10026,5
10026,15
10027,7
10027,12
10028,15
10028,19
10029,18
10030,10
10030,13
10031,19
10032,5
10033,1
10034,1
10034,15
10035,12
10036,7
10036,12
10037,2
10037,3
10037,14
10038,2
10038,19
10039,5
10039,8
10039,9
10040,1
10040,15
10041,5
10041,13
10041,20
10042,4
10042,16
10043,4
10043,7
10044,2
10044,7
10044,13
10045,12
10046,8
10047,8
10047,10
10047,19
10048,17
10048,19
10048,20
10049,5
10049,9
10050,18
10050,19
10051,5
10051,8
10052,3
10052,16
10053,9
10053,14
10053,19
10054,9
10054,10
10054,11
10055,12
10055,15
10055,20
10056,4
10056,6
10056,17
10057,4
10057,7
10058,5
10058,10
10059,4
10059,17
10060,5
10061,9
10062,6
10063,20
10064,13
10065,5
10065,13
10065,16
10066,15
10067,1
10067,9
10068,2
10068,9
10068,20
10069,11
10069,12
10069,13
10070,3
10071,18
10072,8
10072,17
10073,4
10074,12
10075,5
10076,5
10076,6
10076,18
10077,16
10078,10
10078,11
10078,12
10079,17
10080,5
10080,14
10080,15
10081,9
10081,16
10082,7
10083,7
10083,9
10083,11
10084,8
10085,5
10085,7
10085,15
10086,7
10086,15
10086,17
10087,6
10087,14
10087,19
10088,12
10089,2
10090,5
10091,1
10091,16
10092,3
10092,6
10093,7
10093,9
10094,13
10094,17
10094,19
10095,7
10095,16
10096,12
10097,8
10097,16
10098,1
10099,1
10099,6
10100,7
10100,18
10100,19
10101,18
10102,1
10102,8
10103,2
10103,12
10103,19
10104,7
10104,20
10105,15
10106,4
10106,8
10107,20
10108,7
10108,9
10109,10
10110,2
10110,6
10110,11
10111,1
10111,12
10111,15
10112,5
10112,14
10112,18
10113,1
10113,2
10113,20
10114,5
10114,6
10115,18
10116,3
10116,6
10116,16
10117,17
10118,6
10118,9
10118,12
10119,20
10120,11
10120,14
10120,19
10121,5
10122,7
10123,11
10124,15
10124,17
10124,20
10125,4
10125,15
10126,1
10126,15
10127,6
10128,1
10129,2
10129,17
10129,18
10130,1
10130,10
10131,15
10132,1
10132,6
10133,4
10133,8
10133,9
10134,2
10135,17
10135,18
10136,12
10136,16
10137,11
10137,16
10137,19
10138,1
10138,11
10138,18
10139,4
10139,11
10139,19
10140,2
10140,11
10141,15
10141,20
10142,8
10143,10
10143,14
10144,5
10144,13
10144,15
10145,17
10146,4
10146,11
10147,4
10147,5
10147,10
10148,10
10149,18
10150,2
10150,11
10151,5
10151,9
10151,13
10152,16
10153,7
10153,9
10154,7
10154,20
10155,4
10155,10
10155,14
10156,9
10156,13
10156,15
10157,15
10158,14
10158,17
10158,18
10159,11
10159,12
10159,18
10160,3
10160,9
10161,2
10162,14
10162,15
10163,5
10163,10
10163,14
10164,17
10165,8
10165,20
10166,15
10166,18
10166,19
10167,7
10167,11
10167,15
10168,2
10168,3
10169,9
10170,4
10170,7
10170,14
10171,9
10171,12
10171,17
10172,9
10173,15
10174,1
10174,9
10174,15
10175,10
10176,16
10177,7
10177,13
10177,19
10178,3
10178,17
10179,12
10179,13
10180,5
10180,6
10180,14
10181,8
10182,6
10182,7
10182,16
10183,4
10183,16
10184,12
10185,6
10185,16
10186,5
10187,1
10188,18
10189,15
10189,17
10190,4
10190,12
10190,19
10191,5
10191,8
10192,6
10192,10
10192,11
10193,1
10193,13
10194,19
10195,1
10195,11
10195,16
10196,2
10196,7
10196,14
10197,1
10197,7
10197,20
10198,3
10198,8
10199,7
10199,11
10199,13
10200,19
10201,11
10201,14
10201,18
10202,15
10202,20
10203,1
10203,15
10203,16
10204,14
10205,1
10206,9
10206,13
10207,9
10208,8
10209,2
10209,20
10210,3
10210,19
10211,10
10211,16
10211,19
10212,13
10213,3
10213,13
10213,15
10214,17
10215,6
10215,14
10215,15
10216,12
10217,10
10217,16
10218,11
10219,12
10219,17
10220,4
10220,14
10221,5
10221,10
10221,18
10222,3
10222,10
10222,16
10223,6
10223,16
10224,3
10224,8
10224,12
10225,4
10225,17
10226,6
10226,14
10226,16
10227,9
10228,3
10228,6
10228,19
10229,5
10229,6
10229,7
10230,8
10230,17
10230,19
10231,4
10232,1
10232,19
10233,15
10234,4
10234,5
10234,7
10235,1
10235,9
10235,10
10236,9
10236,12
10236,14
10237,3
10237,16
10238,4
10238,9
10239,13
10239,15
10239,19
10240,10
10241,14
10241,18
10242,3
10242,8
10242,19
10243,13
10244,10
10244,12
10244,15
10245,13
10245,15
10245,16
10246,12
10246,16
10247,13
10247,14
10247,19
10248,13
10248,16
10249,18
10250,1
10250,5
10251,5
10251,11
10251,14
10252,11
10252,20
10253,3
10254,2
10254,12
10255,18
10255,19
10256,5
10256,16
10256,17
10257,16
10257,17
10257,18
10258,15
10259,9
10259,10
10260,6
10261,14
10262,18
10263,2
10263,14
10264,6
10264,15
10264,18
10265,8
10265,14
10265,17
10266,2
10266,9
10266,19
10267,5
10267,16
10268,14
10268,20
10269,19
10270,8
10271,3
10272,2
10272,8
10273,3
10274,7
10274,8
10274,19
10275,1
10276,4
10277,17
10278,1
10278,13
10279,9
10279,17
10280,11
10280,17
10280,20
10281,11
10281,12
10282,10
10283,5
10283,19
10284,4
10284,11
10285,9
10286,14
10287,9
10287,12
10287,15
10288,7
10288,17
10289,3
10289,15
10290,7
10290,17
10290,18
10291,3
10291,8
10292,12
10292,13
10293,14
10293,20
10294,7
10295,12
10295,18
10295,19
10296,3
10296,9
10297,5
10297,18
10298,2
10298,13
10299,4
10299,19
10299,20
10300,5
10300,9
10300,14
10301,10
10301,20
10302,6
10302,14
10302,16
10303,7
10303,13
10303,18
10304,5
10304,14
10305,4
10305,12
10305,16
10306,7
10306,14
10306,15
10307,2
10307,19
10308,1
10309,16
10310,20
10311,20
10312,1
10312,5
10313,18
10314,4
10314,6
10314,15
10315,4
10316,3
10316,19
10317,9
10318,6
10318,13
10319,9
10319,14
10320,2
10320,5
10320,6
10321,13
10322,14
10322,20
10323,8
10324,2
10324,7
10324,12
10325,5
10325,7
10325,10
10326,5
10326,13
10326,20
10327,8
10327,18
10328,9
10329,8
10330,16
10331,11
10331,17
10332,3
10332,9
10333,2
10334,10
10335,7
10335,10
10335,12
10336,16
10337,1
10337,12
10338,7
10338,8
10338,20
10339,17
10340,19
10341,1
10341,15
10341,19
10342,9
10343,1
10343,10
10344,3
10345,20
10346,15
10347,4
10347,18
10348,8
10349,5
10349,8
10349,11
10350,8
10350,16
10351,12
10351,14
10352,9
10352,15
10353,3
10353,15
10354,15
10355,8
10355,16
10356,10
10356,11
10357,4
10357,10
10357,15
10358,6
10359,14
10359,20
10360,11
10361,7
10361,8
10361,19
10362,5
10362,6
10362,9
10363,2
10363,5
10364,12
10365,4
10366,9
10367,8
10368,2
10368,6
10368,14
10369,18
10369,20
10370,6
10370,11
10370,17
10371,15
10371,16
10372,7
10373,3
10373,5
10373,19
10374,2
10374,8
10374,20
10375,4
10375,20
10376,15
10377,8
10377,20
10378,11
10378,12
10378,15
10379,3
10379,6
10379,10
10380,3
10381,6
10381,20
10382,13
10383,2
10383,3
10383,11
10384,9
10385,7
10385,13
10386,7
10386,13
10387,9
10387,10
10388,6
10389,3
10389,14
10389,19
10390,5
10390,6
10391,1
10391,2
10391,15
10392,5
10392,6
10392,15
10393,8
10393,17
10394,6
10394,15
10395,2
10395,15
10395,17
10396,4
10396,11
10396,16
10397,20
10398,7
10399,2
10399,7
10399,12
10400,2
10401,2
10401,14
10401,20
10402,5
10403,14
10403,17
10404,11
10404,15
10404,16
10405,12
10405,13
10406,4
10406,14
10406,16
10407,18
10408,1
10408,10
10408,15
10409,10
10410,7
10410,14
10411,6
10412,10
10412,12
10412,13
10413,10
10413,14
10413,17
10414,11
10415,7
10415,14
10416,4
10416,15
10417,7
10417,16
10418,3
10418,17
10419,4
10419,16
10420,13
10420,19
10421,12
10421,19
10422,11
10422,14
10422,20
10423,2
10424,8
10424,15
10424,20
10425,5
10425,6
10425,11
10426,9
10426,13
10426,17
10427,3
10427,5
10428,19
10429,6
10430,11
10431,9
10432,12
10432,16
10433,7
10433,12
10433,15
10434,5
10434,8
10434,16
10435,2
10435,14
10436,3
10436,10
10437,14
10438,2
10438,7
10439,20
10440,2
10440,18
10441,8
10442,5
10442,6
10443,4
10443,5
10443,18
10444,20
10445,12
10446,5
10446,7
10446,10
10447,5
10447,6
10447,12
10448,3
10449,10
10449,13
10449,19
10450,18
10451,1
10451,15
10452,11
10452,19
10453,20
10454,18
10455,7
10455,18
10456,10
10456,13
10456,16
10457,1
10457,20
10458,15
10459,5
10459,10
10459,19
10460,13
10460,14
10461,10
10461,20
10462,8
10462,14
10462,18
10463,1
10463,10
10463,19
10464,17
10465,6
10465,17
10466,1
10466,12
10466,17
10467,11
10467,19
10468,11
10469,6
10469,14
10469,16
10470,13
10471,5
10471,19
10472,5
10473,6
10473,15
10474,8
10474,10
10475,6
10475,14
10475,18
10476,2
10476,9
10477,6
10477,7
10478,8
10478,9
10478,19
10479,13
10479,14
10480,2
10481,4
10481,10
10482,3
10482,13
10482,18
10483,13
10484,6
10484,13
10484,17
10485,13
10485,17
10485,19
10486,6
10486,20
10487,9
10487,20
10488,8
10489,3
10489,12
10489,20
10490,11
10490,14
10490,20
10491,8
10492,2
10492,9
10492,10
10493,8
10493,18
10493,19
10494,18
10495,18
10496,4
10497,7
10497,19
10498,14
10498,16
10499,3
10499,5
10499,7
10500,8
10500,16
10501,1
10501,18
10501,20
10502,6
10503,1
10504,13
10505,4
10506,1
10506,6
10506,12
10507,5
10508,19
10509,12
10510,7
10511,7
10512,13
10513,3
10513,7
10513,10
10514,19
10515,3
10515,6
10515,20
10516,2
10516,6
10517,4
10518,14
10518,16
10518,20
10519,2
10520,6
10521,1
10521,8
10521,12
10522,15
10523,11
10523,13
10524,1
10524,19
10524,20
10525,3
10525,4
10525,19
10526,11
10526,13
10527,6
10528,10
10528,17
10529,9
10530,17
10531,4
10531,12
10532,11
10533,10
10533,16
10534,4
10534,20
10535,15
10536,2
10536,15
10536,18
10537,5
10538,5
10538,18
10539,2
10540,2
10540,20
10541,1
10541,8
10541,17
10542,4
10542,7
10542,10
10543,7
10544,4
10545,1
10545,20
10546,7
10546,20
10547,9
10548,3
10548,8
10548,18
10549,12
10550,15
10551,6
10551,12
10552,2
10553,3
10554,4
10555,14
10556,12
10556,19
10557,6
10557,10
10557,17
10558,6
10558,7
10558,13
10559,1
10559,4
10560,3
10560,13
10560,15
10561,4
10561,14
10561,20
10562,14
10562,18
10563,1
10563,5
10563,6
10564,4
10564,11
10565,17
10566,6
10566,9
10567,8
10567,15
10568,6
10569,2
10570,3
10570,10
10570,19
10571,7
10571,11
10572,1
10572,10
10572,20
10573,3
10573,7
10574,3
10574,9
10574,17
10575,11
10576,15
10577,1
10577,11
10578,9
10578,11
10578,17
10579,18
10580,14
10580,16
10581,2
10581,8
10582,9
10582,17
10583,15
10583,16
10584,1
10585,1
10585,8
10585,15
10586,9
10586,10
10587,11
10588,8
10588,11
10588,19
10589,1
10589,3
10589,16
10590,15
10591,15
10592,8
10592,15
10592,20
10593,5
10593,6
10593,18
10594,1
10594,4
10594,18
10595,5
10596,12
10597,3
10598,3
10599,9
10600,14
10601,13
10602,1
10602,2
10602,3
10603,1
10603,6
10604,2
10604,13
10605,3
10605,20
10606,9
10606,16
10606,20
10607,3
10608,2
10608,13
10609,12
10609,18
10610,14
10610,19
10611,7
10611,13
10611,18
10612,3
10612,6
10612,9
10613,15
10614,1
10614,10
10614,20
10615,3
10615,10
10615,18
10616,18
10617,2
10617,4
10617,17
10618,4
10619,11
10619,14
10620,13
10620,15
10621,3
10621,14
10622,5
10622,9
10622,11
10623,1
10623,4
10623,13
10624,2
10624,19
10625,4
10626,10
10626,14
10627,3
10627,16
10628,2
10628,5
10629,7
10630,1
10630,9
10630,12
10631,10
10632,6
10632,17
10633,5
10633,15
10634,5
10634,7
10635,20
10636,6
10636,19
10637,9
10637,17
10637,18
10638,8
10638,12
10639,6
10639,16
10639,17
10640,6
10640,7
10641,11
10642,1
10642,6
10642,16
10643,1
10643,8
10643,9
10644,13
10644,14
10644,17
10645,20
10646,10
10646,13
10646,20
10647,5
10647,9
10647,10
10648,8
10648,15
10648,18
10649,11
10650,5
10650,12
10650,13
10651,3
10651,8
10651,18
10652,14
10652,15
10652,18
10653,5
10653,6
10654,8
10654,11
10655,8
10656,1
10656,13
10657,2
10657,4
10657,6
10658,7
10658,14
10659,9
10660,4
10661,3
10661,5
10662,7
10662,13
10663,6
10663,11
10664,7
10664,13
10665,17
10666,6
10666,7
10666,14
10667,12
10668,2
10668,10
10669,9
10669,12
10670,4
10670,10
10671,9
10672,3
10672,5
10673,4
10674,9
10674,11
10675,9
10675,10
10675,11
10676,6
10676,10
10677,18
10678,6
10678,10
10678,20
10679,8
10679,17
10680,12
10681,6
10682,4
10682,14
10682,20
10683,6
10683,16
10684,10
10684,13
10685,19
10686,6
10686,15
10686,17
10687,7
10687,15
10688,7
10688,17
10689,12
10689,19
10690,12
10691,1
10692,15
10693,4
10693,9
10694,3
10694,17
10695,9
10696,6
10696,19
10697,2
10697,8
10697,11
10698,6
10698,18
10699,7
10699,11
10700,1
10701,3
10701,5
10701,17
10702,10
10702,13
10703,16
10704,6
10704,10
10704,13
10705,2
10706,3
10706,9
10706,14
10707,14
10708,13
10708,19
10709,1
10710,14
10710,20
10711,15
10712,4
10712,20
10713,3
10714,2
10714,13
10714,16
10715,1
10715,14
10716,9
10717,3
10717,12
10718,1
10718,4
10718,19
10719,11
10720,5
10721,3
10721,7
10721,14
10722,1
10723,2
10723,6
10724,6
10724,18
10725,14
10725,17
10725,18
10726,5
10727,6
10728,18
10729,3
10729,9
10730,10
10730,18
10730,20
10731,12
10732,15
10733,13
10733,15
10733,20
10734,2
10734,6
10734,9
10735,3
10736,3
10736,9
10737,5
10737,9
10738,1
10738,16
10739,16
10740,8
10741,3
10741,14
10741,18
10742,12
10742,19
10742,20
10743,17
10744,9
10744,11
10744,15
10745,14
10745,16
10746,16
10747,6
10747,17
10747,20
10748,1
10748,8
10748,11
10749,16
10749,20
10750,7
10750,16
10750,18
10751,14
10751,15
10752,16
10753,2
10753,4
10754,7
10754,19
10755,4
10755,9
10755,18
10756,1
10756,9
10757,19
10758,8
10759,1
10759,14
10760,17
10761,14
10761,18
10762,1
10762,13
10762,14
10763,7
10763,12
10763,14
10764,13
10764,15
10765,16
10766,3
10766,6
10767,2
10768,17
10769,5
10769,13
10770,5
10771,10
10771,20
10772,17
10773,5
10774,12
10774,19
10775,2
10775,17
10776,8
10776,20
10777,12
10777,13
10778,11
10779,9
10780,8
10780,15
10780,16
10781,2
10781,11
10781,19
10782,12
10782,14
10783,8
10783,15
10784,9
10784,18
10785,5
10785,11
10785,12
10786,6
10787,11
10788,10
10788,14
10788,18
10789,2
10789,19
10790,16
10791,6
10791,20
10792,6
10792,19
10793,9
10793,14
10793,19
10794,6
10794,7
10795,9
10795,13
10795,16
10796,2
10796,19
10796,20
10797,2
10798,17
10799,2
10799,9
10800,1
10800,2
10801,3
10801,9
10801,11
10802,3
10802,5
10802,10
10803,14
10804,11
10804,16
10804,20
10805,18
10806,3
10806,7
10807,13
10807,16
10807,20
10808,6
10808,8
10808,11
10809,3
10809,10
10809,14
10810,5
10810,14
10811,1
10811,6
10811,9
10812,17
10813,1
10813,5
10814,7
10814,8
10815,3
10815,14
10816,17
10817,16
10817,17
10817,20
10818,15
10819,17
10820,13
10821,7
10821,20
10822,2
10822,7
10822,17
10823,3
10823,4
10824,3
10824,13
10825,8
10826,8
10827,17
10828,10
10828,20
10829,17
10830,8
10830,10
10830,14
10831,2
10831,6
10831,14
10832,1
10832,3
10832,7
10833,16
10834,2
10834,6
10834,18
10835,2
10835,3
10835,8
10836,14
10836,16
10837,15
10837,20
10838,8
10838,14
10839,13
10839,15
10840,12
10840,20
10841,2
10841,11
10842,9
10843,4
10843,9
10843,11
10844,12
10845,2
10845,4
10845,20
10846,13
10847,7
10847,11
10847,19
10848,7
10848,8
10849,18
10850,5
10850,7
10850,8
10851,3
10852,12
10853,3
10853,10
10853,17
10854,1
10854,11
10855,1
10855,5
10856,1
10856,9
10857,5
10857,14
10858,13
10859,4
10859,10
10860,4
10860,10
10861,16
10861,17
10862,4
10862,6
10863,10
10863,18
10864,9
10865,5
10865,15
10865,19
10866,2
10867,19
10868,2
10868,14
10869,6
10869,11
10869,16
10870,2
10870,6
10871,8
10872,7
10872,12
10872,17
10873,4
10873,15
10874,12
10875,6
10875,9
10875,18
10876,3
10876,10
10876,18
10877,3
10877,12
10877,13
10878,3
10878,11
10878,19
10879,9
10879,11
10879,19
10880,10
10880,20
10881,9
10881,11
10882,8
10883,1
10883,9
10883,20
10884,12
10885,10
10886,17
10887,16
10887,18
10888,9
10888,11
10889,1
10889,3
10890,16
10890,19
10890,20
10891,2
10891,4
10891,12
10892,10
10892,13
10892,15
10893,20
10894,8
10894,14
10894,16
10895,11
10896,5
10897,1
10897,2
10897,10
10898,3
10898,15
10898,16
10899,2
10899,8
10899,16
10900,2
10900,14
10901,4
10901,8
10901,14
10902,8
10903,1
10903,10
10903,16
10904,3
10904,5
10904,20
10905,9
10905,12
10906,6
10906,11
10907,10
10907,12
10908,6
10908,7
10908,17
10909,18
10910,16
10910,17
10911,3
10911,12
10912,2
10912,13
10912,14
10913,3
10913,12
10913,17
10914,4
10914,15
10915,11
10915,12
10915,14
10916,3
10916,14
10916,20
10917,18
10917,19
10918,2
10918,19
10919,14
10920,8
10920,9
10920,13
10921,1
10921,11
10922,4
10922,11
10922,12
10923,3
10923,4
10923,14
10924,7
10925,7
10925,11
10925,14
10926,5
10927,3
10927,12
10928,5
10928,12
10928,13
10929,3
10929,5
10929,13
10930,5
10931,14
10931,15
10931,19
10932,10
10932,13
10932,18
10933,10
10933,16
10933,18
10934,16
10934,17
10934,19
10935,7
10935,14
10935,20
10936,19
10937,2
10937,8
10938,6
10938,16
10939,2
10939,7
10939,9
10940,6
10940,19
10941,12
10942,3
10942,9
10942,14
10943,8
10944,4
10945,16
10946,13
10946,19
10947,1
10947,4
10947,16
10948,4
10948,7
10949,3
10949,17
10949,19
10950,8
10950,15
10951,1
10951,12
10951,17
10952,8
10952,12
10952,13
10953,14
10954,6
10955,1
10956,7
10956,12
10957,7
10957,16
10958,12
10958,15
10958,16
10959,10
10959,13
10960,20
10961,1
10961,3
10961,10
10962,1
10962,2
10963,6
10964,1
10964,7
10965,5
10966,6
10966,17
10967,10
10967,13
10967,15
10968,11
10969,8
10970,3
10970,14
10971,18
10972,1
10972,5
10972,8
10973,1
10973,11
10973,14
10974,3
10974,5
10974,14
10975,3
10975,7
10975,11
10976,4
10976,6
10976,20
10977,3
10977,15
10977,16
10978,1
10978,7
10978,13
10979,13
10979,20
10980,13
10981,10
10981,16
10981,20
10982,17
10983,8
10984,14
10985,17
10985,19
10986,1
10986,11
10987,7
10988,2
10988,6
10988,16
10989,1
10989,9
10989,20
10990,16
10991,7
10991,12
10992,4
10992,7
10992,20
10993,9
10994,5
10994,11
10994,15
10995,11
10995,14
10995,15
10996,19
10997,2
10997,8
10997,11
10998,12
10999,15
10999,17
11000,2
11000,3
11000,15
11001,13
11002,5
11002,10
11003,3
11003,10
11003,18
11004,6
11004,12
11004,17
11005,17
11006,1
11006,3
11006,6
11007,4
11007,9
11008,15
11008,16
11008,20
11009,9
11009,19
11010,8
11011,3
11011,14
11012,14
11012,15
11013,5
11013,17
11014,5
11015,4
11015,11
11015,13
11016,1
11016,9
11016,19
11017,19
11018,9
11018,18
11019,7
11019,9
11019,10
11020,11
11020,15
11020,16
11021,3
11021,13
11022,8
11022,18
11022,19
11023,11
11023,20
11024,2
11025,3
11025,12
11025,19
11026,12
11026,13
11026,15
11027,5
11027,7
11027,20
11028,7
11028,12
11028,19
11029,1
11029,4
11030,3
11030,5
11030,10
11031,1
11031,14
11031,15
11032,4
11032,18
11033,8
11033,14
11034,17
11035,2
11035,18
11036,1
11036,5
11037,1
11037,5
11037,8
11038,7
11038,18
11038,19
11039,3
11040,1
11041,13
11041,14
11041,20
11042,8
11042,14
11043,1
11043,6
11044,15
11045,10
11046,8
11046,17
11047,12
11047,14
11048,1
11048,15
11049,1
11049,4
11049,19
11050,11
11050,13
11051,7
11051,10
11052,14
11052,16
11052,19
11053,11
11054,13
11054,15
11055,20
11056,3
11057,1
11057,9
11058,9
11058,11
11058,14
11059,8
11059,16
11059,18
11060,2
11060,12
11060,17
11061,4
11061,14
11061,18
11062,6
11063,4
11063,7
11064,19
11065,14
11066,5
11066,11
11067,16
11067,17
11068,2
11069,2
11069,11
11069,17
11070,1
11070,3
11071,4
11071,13
11072,15
11072,20
11073,1
11073,2
11073,20
11074,19
11075,2
11075,15
11075,20
11076,17
11077,9
11077,11
11077,13
11078,8
11078,10
11079,8
11079,10
11079,16
11080,8
11080,19
11081,2
11081,9
11081,18
11082,7
11083,19
11084,11
11084,13
11084,19
11085,3
11085,17
11086,5
11087,7
11088,12
11089,5
11089,18
11090,6
11090,9
11090,12
11091,3
11091,4
11091,20
11092,2
11092,7
11092,12
11093,1
11093,10
11093,20
11094,19
11095,3
11095,6
11096,15
11096,19
11097,2
11097,19
11097,20
11098,5
11098,8
11098,20
11099,14
11099,15
11099,18
11100,13
11100,14
11101,13
11102,17
11103,3
11103,7
11103,11
11104,1
11104,7
11105,16
11105,18
11105,20
11106,18
11107,10
11107,20
11108,1
11108,7
11108,17
11109,17
11110,14
11111,6
11112,7
11112,15
11112,19
11113,1
11113,6
11113,13
11114,8
11114,17
11115,1
11116,4
11116,12
11117,3
11117,18
11118,4
11118,8
11118,11
11119,4
11120,16
11121,2
11121,11
11121,14
11122,13
11122,15
11123,3
11123,16
11124,5
11124,18
11124,19
11125,2
11125,5
11125,8
11126,5
11127,11
11127,15
11127,20
11128,2
11128,12
11129,6
11129,8
11129,20
11130,1
11130,7
11130,14
11131,13
11132,16
11132,17
11133,4
11133,6
11134,16
11134,20
11135,6
11135,11
11135,13
11136,3
11136,15
11137,13
11138,14
11138,19
11139,9
11139,12
11140,10
11141,8
11141,15
11142,6
11142,12
11143,10
11143,20
11144,5
11144,17
11144,18
11145,5
11145,14
11146,2
11146,19
11146,20
11147,4
11147,12
11147,17
11148,4
11149,11
11150,8
11150,14
11150,16
11151,18
11152,3
11152,11
11153,10
11153,14
11154,2
11154,14
11154,16
11155,2
11155,12
11155,14
11156,1
11156,7
11156,18
11157,3
11157,7
11157,8
11158,11
11158,14
11159,2
11159,6
11159,16
11160,14
11160,17
11161,8
11162,10
11162,12
11162,13
11163,8
11164,18
11165,5
11165,8
11165,10
11166,5
11166,9
11166,12
11167,2
11167,15
11168,3
11168,11
11169,16
11169,17
11170,5
11170,7
11170,13
11171,1
11171,7
11171,18
11172,9
11173,3
11173,5
11173,15
11174,4
11174,17
11175,6
11175,13
11175,17
11176,13
11176,15
11176,19
11177,9
11177,14
11177,16
11178,6
11178,7
11178,16
11179,7
11180,9
11180,12
11180,18
11181,15
11181,18
11182,6
11182,14
11182,17
11183,19
11184,4
11185,5
11185,6
11185,9
11186,6
11187,5
11187,8
11187,17
11188,1
11188,6
11188,13
11189,8
11189,19
11190,4
11190,17
11191,9
11191,11
11192,3
11192,9
11193,6
11193,11
11193,20
11194,3
11194,8
11194,17
11195,1
11195,2
11196,12
11197,1
11197,8
11198,6
11199,5
11199,14
11199,16
11200,11
11201,1
11201,10
11201,20
11202,18
11202,19
11203,12
11203,15
11204,14
11205,5
11205,14
11205,19
11206,7
11207,12
11208,17
11209,6
11209,18
11210,11
11210,18
11211,7
11211,10
11212,13
11212,15
11213,17
11214,1
11214,6
11214,7
11215,6
11215,12
11215,18
11216,6
11216,17
11217,10
11217,13
11217,15
11218,7
11218,13
11218,20
11219,13
11220,8
11221,18
11222,2
11222,13
11223,16
11224,13
11225,17
11226,8
11227,13
11228,2
11228,20
11229,10
11229,16
11229,20
11230,3
11230,14
11230,20
11231,9
11232,2
11232,8
11232,20
11233,2
11234,4
11234,13
11234,14
11235,13
11236,5
11236,6
11237,9
11237,11
11237,12
11238,3
11238,10
11239,18
11240,11
11240,13
11240,15
11241,6
11242,3
11242,4
11242,12
11243,1
11243,10
11243,17
11244,2
11244,3
11244,14
11245,2
11245,14
11246,2
11246,6
11246,13
11247,10
11248,1
11248,19
11249,4
11249,9
11249,15
11250,7
11250,11
11250,17
11251,4
11251,13
11251,20
11252,10
11253,1
11253,3
11254,13
11254,16
11255,10
11255,11
11255,18
11256,5
11256,8
11257,14
11258,2
11258,6
11259,5
11259,7
11259,9
11260,7
11260,12
11260,19
11261,1
11261,9
11262,3
11262,20
11263,1
11263,6
11263,15
11264,1
11264,12
11264,17
11265,8
11266,1
11266,12
11266,20
11267,14
11267,15
11268,9
11269,8
11269,11
11269,19
11270,4
11270,7
11270,16
11271,9
11272,11
11272,19
11273,3
11273,9
11274,19
11275,6
11275,10
11275,20
11276,1
11277,17
11278,3
11278,12
11278,18
11279,2
11279,6
11279,17
11280,4
11280,5
11280,12
11281,13
11281,18
11282,4
11283,14
11284,6
11284,11
11284,14
11285,11
11286,16
11287,5
11287,8
11287,9
11288,3
11288,8
11288,20
11289,2
11289,8
11289,10
11290,6
11291,2
11291,6
11292,9
11292,13
11293,8
11294,8
11294,10
11294,17
11295,2
11295,8
11296,12
11296,13
11297,7
11297,19
11298,5
11298,9
11298,18
11299,1
11299,17
11300,8
11301,17
11302,4
11302,9
11303,14
11303,18
11304,2
11304,5
11304,8
11305,1
11305,11
11305,20
11306,9
11307,4
11307,16
11307,17
11308,1
11308,19
11309,4
11309,18
11310,7
11311,6
11311,16
11312,2
11313,2
11313,9
11313,16
11314,9
11314,16
11315,4
11315,8
11315,19
11316,3
11316,4
11316,16
11317,1
11317,9
11318,7
11319,9
11319,12
11319,13
11320,9
11320,17
11320,20
11321,11
11321,16
11322,16
11323,9
11323,13
11324,1
11324,13
11325,5
11325,8
11326,2
11326,13
11327,9
11327,16
11328,5
11329,18
11330,18
11331,7
11332,7
11332,17
11333,5
11333,12
11333,20
11334,1
11334,10
11334,19
11335,7
11335,19
11336,12
11337,13
11338,5
11339,11
11339,20
11340,12
11340,15
11341,14
11342,10
11342,18
11343,2
11343,4
11343,7
11344,7
11344,13
11345,3
11345,17
11346,5
11346,11
11347,3
11347,18
11348,11
11349,16
11350,6
11350,9
11351,8
11351,17
11351,19
11352,7
11353,8
11353,12
11353,20
11354,13
11355,17
11356,7
11356,12
11356,18
11357,20
11358,8
11358,10
11358,15
11359,1
11359,3
11359,19
11360,16
11360,20
11361,10
11361,11
11361,15
11362,7
11362,16
11363,2
11363,15
11363,20
11364,2
11364,19
11365,14
11365,15
11365,18
11366,20
11367,12
11367,13
11368,16
11368,19
11369,8
11369,13
11370,2
11371,1
11371,7
11371,9
11372,7
11372,16
11373,18
11373,19
11374,2
11375,1
11375,4
11375,10
11376,11
11376,14
11376,16
11377,2
11377,7
11377,9
11378,4
11378,6
11379,15
11379,17
11379,20
11380,3
11380,14
11380,15
11381,4
11381,13
11381,19
11382,15
11382,17
11383,8
11384,8
11384,10
11385,4
11386,9
11387,11
11387,15
11387,18
11388,4
11388,14
11388,15
11389,13
11390,6
11390,16
11391,3
11391,5
11391,18
11392,4
11392,6
11392,16
11393,17
11393,18
11393,20
11394,6
11394,9
11395,3
11395,13
11395,19
11396,17
11397,4
11397,12
11398,11
11398,12
11398,18
11399,15
11400,2
11400,8
11400,9
11401,15
11402,4
11402,7
11403,11
11403,12
11403,13
11404,1
11404,16
11405,14
11406,9
11406,18
11406,20
11407,4
11407,9
11407,10
11408,1
11409,9
11410,15
11411,2
11411,14
11412,8
11413,2
11414,2
11414,10
11414,14
11415,16
11415,20
11416,19
11417,6
11417,17
11418,18
11419,5
11419,10
11419,11
11420,7
11420,9
11421,16
11421,19
11422,5
11422,12
11422,20
11423,20
11424,7
11424,14
11425,9
11425,11
11426,12
11426,17
11427,8
11427,18
11428,2
11428,3
11428,16
11429,5
11429,7
11429,11
11430,2
11430,19
11431,15
11431,16
11432,18
11433,7
11433,13
11434,4
11435,8
11435,10
11436,1
11436,2
11436,9
11437,12
11438,2
11438,20
11439,4
11439,7
11440,14
11441,13
11441,15
11441,16
11442,5
11442,16
11443,15
11444,5
11445,15
11445,19
11446,15
11447,7
11447,11
11448,14
11449,6
11449,15
11450,19
11451,1
11451,10
11451,20
11452,17
11453,4
11453,14
11453,16
11454,5
11454,13
11455,15
11456,5
11457,8
11457,10
11457,12
11458,13
11459,3
11459,8
11459,19
11460,10
11460,17
11461,9
11461,16
11462,11
11463,2
11463,10
11464,15
11464,17
11465,2
11466,1
11466,7
11466,14
11467,4
11467,11
11468,2
11468,6
11468,12
11469,3
11469,8
11470,1
11470,16
11471,3
11472,5
11473,2
11473,13
11473,14
11474,13
11474,14
11475,1
11475,10
11476,6
11476,8
11477,4
11477,6
11478,9
11478,14
11478,19
11479,11
11480,6
11481,3
11481,14
11481,15
11482,1
11482,12
11482,18
11483,8
11484,2
11484,11
11484,15
11485,6
11486,8
11487,15
11487,18
11488,10
11488,13
11488,18
11489,11
11489,12
11490,14
11491,11
11492,1
11493,1
11493,12
11494,1
11494,12
11494,16
11495,6
11495,12
11496,18
11497,16
11497,18
11498,3
11498,10
11499,7
11500,19
11500,20
11501,14
11501,18
11501,19
11502,6
11502,11
11502,18
11503,5
11503,20
11504,8
11504,11
11505,1
11505,2
11506,6
11506,11
11507,3
11507,12
11507,20
11508,16
11509,3
11509,12
11509,15
11510,7
11510,16
11510,17
11511,11
11511,19
11512,3
11513,15
11514,9
11515,11
11515,17
11516,1
11516,3
11516,16
11517,4
11517,6
11518,9
11519,3
11519,13
11520,3
11520,13
11521,5
11521,14
11522,5
11522,8
11523,5
11524,2
11524,9
11524,15
11525,1
11525,4
11525,17
11526,9
11527,4
11527,6
11527,15
11528,20
11529,2
11529,9
11529,18
11530,8
11530,9
11530,20
11531,10
11531,18
11532,4
11532,5
11532,13
11533,4
11533,8
11533,16
11534,1
11535,1
11535,11
11535,17
11536,1
11536,11
11536,19
11537,2
11537,17
11537,18
11538,9
11539,7
11540,10
11541,1
11541,2
11541,11
11542,2
11542,4
11542,11
11543,8
11543,11
11544,2
11544,14
11544,17
11545,4
11545,6
11545,8
11546,4
11547,14
11547,19
11548,1
11548,14
11549,3
11550,10
11551,14
11551,15
11552,5
11552,17
11553,5
11554,12
11554,17
11554,19
11555,13
11556,2
11557,9
11557,17
11558,9
11558,11
11558,19
11559,3
11559,6
11559,13
11560,19
11561,1
11562,8
11563,9
11564,12
11564,14
11564,20
11565,4
11565,12
11565,16
11566,12
11566,13
11567,4
11567,17
11568,1
11569,12
11569,19
11570,10
11571,17
11572,4
11572,10
11572,13
11573,9
11573,12
11574,17
11575,5
11575,19
11576,5
11576,7
11577,8
11578,16
11579,9
11580,13
11580,16
11580,18
11581,4
11581,6
11582,4
11582,7
11583,12
11583,19
11583,20
11584,9
11584,11
11585,4
11585,13
11585,17
11586,1
11586,11
11586,17
11587,19
11588,10
11589,17
11590,12
11591,5
11591,9
11592,16
11592,17
11592,19
11593,18
11593,19
11594,4
11594,6
11594,19
11595,14
11596,12
11596,13
11596,20
11597,6
11597,7
11597,12
11598,5
11598,14
11598,20
11599,6
11599,14
11600,8
11601,8
11601,18
11602,6
11603,8
11603,11
11604,4
11604,18
11605,20
11606,11
11606,12
11606,20
11607,2
11607,16
11607,18
11608,5
11609,1
11609,3
11609,15
11610,1
11610,3
11611,5
11611,19
11612,1
11612,12
11613,13
11614,9
11614,10
11614,19
11615,8
11615,12
11616,4
11616,7
11616,9
11617,3
11617,8
11617,10
11618,7
11619,8
11620,4
11620,14
11620,17
11621,2
11621,14
11621,15
11622,14
11622,16
11623,9
11623,16
11623,19
11624,2
11624,4
11624,5
11625,2
11626,1
11626,18
11627,17
11628,8
11628,15
11629,1
11629,6
11629,13
11630,18
11631,16
11631,20
11632,7
11632,8
11632,12
11633,5
11633,10
11633,19
11634,7
11634,19
11635,20
11636,5
11637,5
11637,12
11638,15
11638,16
11639,15
11640,9
11640,12
11641,2
11641,11
11642,4
11643,12
11643,17
11643,20
11644,3
11645,10
11646,2
11646,10
11646,14
11647,13
11648,17
11649,19
11650,16
11650,18
11651,6
11651,10
11651,17
11652,10
11653,11
11653,19
11654,8
11654,12
11654,17
11655,10
11655,15
11655,16
11656,13
11657,6
11657,8
11657,19
11658,5
11658,8
11658,11
11659,2
11659,5
11659,11
11660,3
11660,14
11661,16
11661,19
11662,14
11662,15
11663,3
11663,15
11663,17
11664,14
11664,17
11664,19
11665,14
11666,3
11666,8
11666,11
11667,5
11667,10
11667,11
11668,3
11668,4
11668,18
11669,6
11669,15
11670,11
11671,2
11671,3
11671,9
11672,7
11672,16
11673,14
11673,19
11674,13
11675,7
11675,13
11675,17
11676,10
11676,19
11677,3
11677,15
11677,16
11678,5
11678,16
11678,18
11679,1
11680,18
11681,1
11681,4
11681,19
11682,9
11683,17
11684,2
11684,14
11685,6
11685,11
11686,11
11687,11
11687,19
11688,4
11688,9
11689,2
11689,13
11689,19
11690,1
11690,4
11691,1
11691,17
11691,19
11692,9
11692,12
11692,17
11693,6
11693,9
11693,16
11694,6
11695,10
11695,19
11696,12
11696,14
11697,5
11697,10
11697,17
11698,2
11699,4
11699,15
11700,19
11701,5
11701,11
11702,6
11703,7
11703,9
11703,20
11704,11
11705,14
11706,12
11706,15
11707,15
11707,16
11707,20
11708,9
11709,5
11709,11
11709,13
11710,2
11710,11
11710,16
11711,3
11712,10
11713,3
11713,15
11713,19
11714,1
11714,16
11715,3
11715,6
11716,1
11716,3
11716,14
11717,2
11717,16
11717,19
11718,13
11718,20
11719,9
11719,14
11719,16
11720,3
11720,5
11721,4
11721,6
11722,8
11722,12
11723,14
11723,17
11724,2
11724,7
11724,8
11725,12
11726,13
11727,5
11727,12
11727,20
11728,15
11728,18
11729,7
11729,13
11729,16
11730,1
11730,16
11731,2
11731,3
11731,16
11732,17
11733,8
11733,10
11733,15
11734,9
11734,14
11735,3
11735,6
11735,13
11736,9
11737,7
11737,13
11737,20
11738,4
11738,8
11738,13
11739,15
11740,10
11740,13
11741,8
11741,19
11742,19
11743,3
11743,11
11744,7
11744,13
11745,2
11746,7
11746,13
11746,20
11747,4
11748,12
11749,3
11749,9
11749,13
11750,15
11751,2
11751,10
11751,15
11752,3
11752,4
11752,7
11753,7
11753,12
11753,16
11754,8
11754,12
11754,14
11755,16
11756,6
11756,11
11756,18
11757,15
11757,20
11758,2
11758,11
11759,10
11759,17
11760,2
11760,16
11760,19
11761,6
11762,4
11762,13
11762,19
11763,10
11763,18
11764,16
11765,2
11766,5
11766,8
11766,19
11767,4
11768,5
11769,17
11769,19
11770,16
11771,1
11771,14
11772,3
11773,14
11774,3
11774,10
11774,18
11775,16
11775,20
11776,5
11777,3
11777,17
11777,20
11778,6
11778,12
11779,19
11780,3
11780,14
11781,12
11781,14
11782,6
11782,18
11783,8
11784,5
11784,12
11784,20
11785,11
11785,18
11785,20
11786,1
11786,14
11787,1
11788,5
11788,18
11788,20
11789,6
11789,8
11789,19
11790,5
11790,18
11791,16
11791,17
11792,12
11793,7
11793,12
11793,14
11794,6
11794,16
11795,10
11795,17
11796,9
11796,14
11796,16
11797,11
11797,12
11798,15
11799,5
11799,8
11799,17
11800,1
11801,18
11802,2
11802,17
11803,2
11803,16
11803,18
11804,10
11804,13
11805,1
11805,11
11806,1
11806,4
11806,11
11807,1
11807,4
11807,20
11808,14
11808,16
11808,18
11809,9
11809,16
11809,19
11810,3
11810,14
11811,7
11811,15
11811,18
11812,13
11812,14
11812,18
11813,13
11814,10
11814,11
11814,13
11815,8
11816,10
11817,9
11817,15
11818,8
11818,14
11818,19
11819,16
11820,5
11820,14
11820,20
11821,17
11822,20
11823,12
11824,6
11825,16
11826,7
11826,18
11827,8
11827,10
11827,16
11828,2
11828,11
11829,4
11830,1
11830,10
11830,11
11831,1
11831,9
11831,16
11832,14
11833,20
11834,14
11834,19
11835,20
11836,9
11837,16
11837,19
11838,8
11838,14
11839,1
11839,19
11840,4
11840,11
11840,19
11841,3
11841,15
11841,18
11842,8
11842,16
11843,12
11843,14
11844,20
11845,17
11845,20
11846,15
11846,17
11847,12
11847,17
11848,4
11848,12
11848,15
11849,4
11850,9
11850,18
11850,20
11851,9
11851,13
11852,14
11853,19
11854,6
11854,11
11855,9
11855,16
11856,9
11856,16
11857,15
11858,3
11858,5
11858,6
11859,17
11860,15
11860,17
11861,12
11861,13
11862,20
11863,18
11864,11
11864,16
11864,17
11865,16
11865,19
11866,5
11866,8
11866,18
11867,1
11867,2
11867,6
11868,11
11869,1
11869,10
11869,11
11870,4
11870,15
11871,13
11872,12
11872,18
11873,2
11873,11
11874,3
11874,8
11874,19
11875,6
11875,10
11876,5
11876,14
11877,4
11877,5
11877,16
11878,20
11879,8
11880,14
11881,7
11881,8
11882,7
11882,12
11883,11
11883,16
11883,18
11884,19
11885,6
11885,17
11886,4
11887,1
11887,13
11887,17
11888,16
11888,18
11889,11
11889,16
11889,17
11890,5
11890,16
11890,18
11891,15
11892,2
11892,8
11893,8
11893,15
11893,16
11894,8
11894,14
11894,17
11895,1
11895,14
11896,16
11896,19
11896,20
11897,1
11897,11
11897,20
11898,10
11899,2
11899,12
11900,5
11900,13
11901,20
11902,1
11902,3
11902,20
11903,8
11903,20
11904,5
11904,6
11904,13
11905,5
11905,15
11906,6
11906,10
11906,12
11907,1
11907,8
11908,10
11908,20
11909,3
11909,12
11909,14
11910,3
11910,4
11911,11
11911,15
11912,19
11913,6
11913,9
11913,15
11914,3
11914,11
11914,18
11915,15
11915,18
11915,19
11916,2
11916,17
11916,19
11917,1
11917,16
11918,7
11918,11
11919,1
11919,12
11919,18
11920,13
11921,16
11921,20
11922,14
11923,2
11923,7
11923,12
11924,1
11924,12
11925,7
11926,14
11927,6
11927,14
11927,15
11928,5
11929,4
11929,11
11929,13
11930,8
11930,15
11930,18
11931,6
11932,11
11932,17
11933,15
11934,4
11934,5
11934,18
11935,6
11935,19
11936,3
11936,8
11937,4
11937,16
11938,1
11939,7
11939,19
11940,17
11941,7
11941,17
11942,14
11943,7
11943,9
11943,17
11944,4
11944,17
11945,6
11945,15
11946,18
11947,11
11947,14
11948,2
11948,13
11948,14
11949,12
11949,16
11950,12
11950,19
11951,8
11951,11
11952,1
11952,4
11953,15
11953,16
11954,1
11954,5
11954,12
11955,2
11955,6
11956,17
11956,18
11957,1
11957,3
11957,18
11958,11
11958,17
11959,5
11959,7
11960,16
11960,17
11961,12
11961,16
11962,2
11962,5
11962,17
11963,5
11964,1
11964,4
11965,3
11965,12
11966,15
11967,8
11967,10
11967,19
11968,13
11969,1
11969,17
11970,4
11970,14
11970,20
11971,11
11972,12
11972,13
11972,14
11973,8
11974,1
11974,9
11974,10
11975,2
11975,12
11976,2
11977,11
11977,18
11978,2
11978,18
11979,5
11979,16
11979,20
11980,13
11981,2
11981,13
11981,20
11982,10
11982,20
11983,8
11983,11
11983,14
11984,2
11984,12
11984,17
11985,7
11985,8
11985,13
11986,7
11986,10
11986,13
11987,5
11987,6
11988,11
11988,12
11989,2
11989,4
11989,16
11990,8
11990,12
11990,20
11991,10
11992,6
11992,9
11992,19
11993,13
11993,14
11993,20
11994,2
11994,8
11994,19
11995,2
11995,9
11995,12
11996,19
11997,1
11997,9
11997,18
11998,14
11998,18
11998,20
11999,6
11999,11
12000,10
12001,19
12002,4
12002,15
12003,19
12004,7
12004,15
12004,17
12005,16
12006,19
12007,4
12007,13
12007,14
12008,4
12008,8
12008,18
12009,8
12010,10
12010,13
12010,18
12011,4
12011,6
12011,18
12012,12
12013,4
12014,9
12014,11
12015,13
12015,14
12016,12
12017,4
12017,8
12018,12
12019,14
12020,5
12021,13
12021,19
12022,6
12022,13
12022,15
12023,19
12024,16
12024,19
12025,9
12025,16
12026,2
12026,18
12027,19
12028,4
12028,15
12028,17
12029,8
12029,20
12030,11
12031,4
12031,14
12032,9
12033,13
12034,9
12035,3
12035,15
12036,2
12036,11
12037,4
12037,9
12038,6
12038,14
12039,10
12039,12
12040,5
12040,14
12040,17
12041,10
12041,12
12041,20
12042,3
12042,19
12043,8
12044,2
12044,15
12044,18
12045,17
12045,20
12046,5
12046,14
12047,20
12048,18
12049,15
12050,20
12051,6
12051,11
12052,6
12052,16
12053,1
12053,14
12053,16
12054,4
12054,10
12055,9
12055,20
12056,6
12057,4
12057,7
12058,7
12058,10
12059,11
12060,11
12060,13
12061,18
12062,5
12063,3
12063,5
12064,18
12065,4
12065,12
12066,1
12066,3
12067,5
12067,9
12067,12
12068,5
12068,12
12068,16
12069,1
12069,12
12070,17
12070,18
12071,2
12071,9
12071,17
12072,1
12072,6
12072,17
12073,6
12073,16
12074,5
12075,7
12075,20
12076,2
12076,6
12077,7
12077,16
12077,20
12078,4
12078,5
12078,8
12079,6
12079,16
12080,8
12080,20
12081,14
12082,15
12083,14
12083,15
12084,11
12084,14
12085,4
12085,10
12085,17
12086,15
12086,18
12087,5
12087,10
12087,15
12088,7
12088,9
12088,10
12089,7
12090,12
12090,16
12091,6
12091,13
12091,16
12092,9
12092,17
12093,1
12093,11
12093,20
12094,13
12095,14
12095,15
12095,17
12096,6
12097,7
12098,13
12099,7
12100,16
12101,1
12101,20
12102,8
12102,10
12103,7
12104,7
12104,8
12104,18
12105,4
12106,4
12106,11
12106,17
12107,4
12108,9
12108,13
12109,1
12109,6
12109,8
12110,5
12110,18
12111,4
12112,8
12112,17
12112,19
12113,7
12113,12
12113,20
12114,4
12115,8
12115,9
12116,4
12116,16
12116,18
12117,8
12117,16
12118,3
12118,11
12119,1
12119,3
12119,13
12120,1
12120,17
12121,6
12121,8
12122,2
12122,12
12122,13
12123,2
12123,13
12124,14
12125,5
12125,6
12125,10
12126,5
12126,18
12127,11
12128,18
12129,4
12129,5
12129,14
12130,11
12131,14
12132,3
12133,17
12134,2
12134,3
12135,16
12135,19
12136,1
12136,13
12137,20
12138,2
12138,3
12138,16
12139,6
12139,12
12139,14
12140,12
12140,13
12140,14
12141,18
12142,14
12143,3
12143,13
12143,18
12144,4
12144,6
12144,10
12145,15
12146,16
12147,2
12148,3
12148,9
12148,15
12149,19
12150,7
12151,1
12151,5
12151,20
12152,11
12153,6
12153,13
12153,20
12154,16
12155,6
12156,10
12156,16
12156,20
12157,11
12157,15
12157,17
12158,6
12158,17
12158,18
12159,8
12160,15
12161,18
12162,11
12163,5
12164,5
12164,6
12164,7
12165,6
12165,11
12165,15
12166,2
12166,4
12167,8
12167,19
12168,10
12168,12
12168,16
12169,3
12169,8
12170,10
12170,13
12170,18
12171,9
12171,20
12172,2
12172,18
12173,16
12174,6
12174,9
12174,19
12175,7
12175,13
12176,17
12176,20
12177,16
12178,12
12178,20
12179,1
12179,9
12179,11
12180,8
12180,16
12180,18
12181,1
12181,2
12182,2
12182,15
12182,16
12183,2
12183,7
12183,19
12184,15
12185,4
12186,3
12186,8
12186,12
12187,1
12187,10
12187,17
12188,7
12189,4
12190,14
12190,19
12191,1
12191,9
12192,2
12193,10
12194,1
12194,3
12195,7
12195,11
12195,20
12196,1
12197,6
12197,20
12198,2
12198,19
12199,3
12200,5
12200,9
12201,8
12201,13
12202,4
12203,4
12203,10
12204,18
12205,7
12206,1
12207,16
12208,15
12209,20
12210,10
12210,11
12210,15
12211,2
12211,9
12211,11
12212,20
12213,1
12213,12
12213,19
12214,1
12214,3
12214,19
12215,14
12215,15
12216,12
12217,14
12218,12
12219,3
12219,12
12219,16
12220,8
12220,12
12221,9
12222,8
12223,1
12223,5
12223,6
12224,4
12224,13
12224,16
12225,13
12226,11
12226,14
12227,6
12228,6
12228,19
12229,12
12230,15
12230,20
12231,3
12231,10
12232,2
12232,12
12232,16
12233,16
12234,5
12234,7
12235,16
12236,12
12236,16
12236,20
12237,13
12238,11
12239,15
12239,17
12239,19
12240,4
12240,13
12240,18
12241,4
12242,4
12242,11
12243,3
12244,9
12245,9
12246,6
12247,10
12247,17
12248,10
12248,14
12249,3
12249,7
12250,3
12250,7
12250,15
12251,3
12251,9
12251,16
12252,1
12252,13
12252,14
12253,10
12253,11
12253,20
12254,2
12254,12
12254,18
12255,1
12255,7
12256,1
12256,4
12257,3
12257,13
12257,16
12258,15
12259,13
12260,7
12261,2
12261,4
12261,19
12262,5
12262,7
12262,15
12263,3
12263,8
12263,17
12264,3
12264,6
12264,15
12265,8
12266,16
12266,19
12267,12
12267,14
12268,1
12268,20
12269,19
12270,11
12271,5
12271,13
12272,2
12272,15
12272,18
12273,10
12274,4
12275,7
12275,9
12276,6
12276,10
12277,3
12277,4
12277,9
12278,10
12278,11
12279,5
12279,13
12279,14
12280,5
12280,17
12281,8
12282,14
12283,3
12283,5
12284,14
12285,2
12285,9
12285,13
12286,17
12287,4
12287,11
12287,12
12288,5
12288,8
12288,9
12289,11
12289,13
12289,14
12290,3
12291,10
12291,14
12292,7
12292,11
12293,4
12294,9
12294,19
12295,1
12295,14
12296,11
12297,4
12297,10
12297,19
12298,4
12298,7
12298,16
12299,10
12300,4
12300,8
12300,14
12301,1
12301,16
12301,18
12302,2
12302,16
12302,18
12303,11
12303,19
12304,2
12304,13
12305,18
12306,1
12306,8
12306,9
12307,11
12308,9
12308,10
12308,16
12309,8
12309,16
12310,9
12311,8
12311,12
12311,16
12312,14
12313,2
12313,4
12313,16
12314,12
12314,14
12314,17
12315,12
12316,3
12317,2
12317,11
12317,16
12318,1
12318,19
12319,16
12320,3
12321,4
12321,11
12321,17
12322,13
12322,15
12322,18
12323,1
12323,12
12324,19
12325,11
12326,2
12326,12
12326,20
12327,5
12327,19
12328,3
12328,9
12328,17
12329,5
12329,13
12330,2
12330,17
12331,6
12331,7
12332,3
12332,14
12333,3
12333,4
12333,12
12334,2
12334,13
12335,16
12336,1
12336,17
12336,20
12337,2
12337,13
12337,17
12338,3
12339,5
12340,4
12340,11
12340,15
12341,5
12341,18
12341,20
12342,7
12343,3
12344,11
12345,16
12345,20
12346,12
12347,7
12348,4
12348,12
12348,14
12349,6
12349,15
12350,3
12350,4
12350,9
12351,9
12352,16
12353,5
12353,7
12353,16
12354,11
12355,8
12355,16
12355,20
12356,4
12356,6
12357,1
12357,5
12357,10
12358,2
12358,6
12358,9
12359,8
12359,20
12360,4
12360,9
12361,15
12361,17
12362,20
12363,5
12363,10
12363,20
12364,2
12364,11
12365,5
12365,8
12365,11
12366,1
12366,12
12366,19
12367,16
12367,18
12368,8
12368,20
12369,6
12369,10
12370,7
12370,15
12371,5
12371,12
12371,15
12372,17
12373,3
12373,4
12373,14
12374,19
12375,3
12376,11
12377,4
12378,3
12378,7
12378,8
12379,4
12380,16
12381,7
12381,12
12382,2
12382,6
12382,9
12383,9
12383,19
12384,4
12384,6
12384,10
12385,5
12386,5
12386,6
12386,8
12387,2
12388,8
12388,16
12388,17
12389,2
12389,16
12390,7
12390,10
12390,19
12391,4
12391,8
12391,16
12392,17
12393,15
12393,18
12394,6
12394,7
12394,16
12395,8
12396,14
12397,5
12397,6
12397,18
12398,2
12398,17
12399,20
12400,3
12400,7
12400,15
12401,4
12401,8
12402,15
12403,9
12403,10
12403,18
12404,1
12404,8
12404,18
12405,15
12406,8
12406,9
12406,15
12407,4
12407,8
12407,20
12408,15
12409,9
12410,6
12410,9
12410,13
12411,11
12411,12
12412,1
12412,15
12413,1
12413,20
12414,8
12414,12
12415,17
12415,20
12416,7
12417,4
12417,18
12418,1
12418,4
12418,17
12419,6
12419,8
12419,18
12420,2
12420,5
12420,11
12421,9
12421,16
12421,18
12422,18
12422,19
12423,11
12424,8
12424,12
12424,16
12425,3
12425,12
12426,4
12426,10
12427,7
12427,8
12428,1
12428,2
12428,15
12429,14
12429,20
12430,2
12430,13
12430,16
12431,8
12432,4
12433,3
12433,14
12433,20
12434,19
12435,8
12435,11
12436,20
12437,16
12438,4
12439,9
12440,2
12440,8
12440,16
12441,3
12441,20
12442,1
12442,7
12443,7
12443,19
12444,14
12445,18
12446,1
12446,2
12446,5
12447,12
12447,17
12448,2
12449,4
12449,5
12450,6
12450,9
12451,5
12451,10
12452,14
12452,18
12453,8
12453,16
12454,12
12455,2
12455,14
12456,5
12456,19
12457,1
12457,11
12457,20
12458,8
12458,13
12458,15
12459,1
12459,4
12459,5
12460,2
12460,6
12461,12
12461,16
12461,18
12462,1
12462,8
12462,20
12463,1
12463,11
12464,4
12464,14
12464,19
12465,9
12465,11
12465,20
12466,11
12466,15
12467,3
12467,15
12467,18
12468,6
12468,10
12469,11
12470,2
12470,12
12471,12
12472,11
12472,14
12472,16
12473,1
12473,19
12474,2
12475,13
12476,8
12476,11
12476,16
12477,1
12478,8
12479,3
12479,10
12480,12
12481,2
12481,13
12481,18
12482,1
12482,3
12482,16
12483,9
12483,14
12484,10
12484,17
12485,1
12485,2
12486,2
12487,1
12487,2
12488,9
12488,14
12489,9
12489,15
12490,7
12490,17
12491,15
12491,18
12492,6
12492,12
12493,1
12493,10
12494,5
12494,10
12494,19
12495,5
12495,14
12496,14
12496,15
12497,3
12498,17
12499,16
12500,3
12500,11
12500,19
12501,4
12501,6
12501,20
12502,6
12502,12
12503,2
12503,12
12503,18
12504,4
12504,11
12504,12
12505,1
12505,8
12505,10
12506,11
12507,15
12508,16
12509,3
12509,14
12510,9
12510,16
12510,19
12511,4
12511,7
12511,13
12512,2
12512,6
12512,8
12513,4
12513,8
12513,15
12514,2
12514,16
12515,12
12516,4
12516,13
12517,9
12517,17
12518,9
12518,13
12519,10
12519,12
12519,14
12520,6
12520,9
12520,17
12521,3
12521,10
12521,18
12522,6
12523,3
12523,8
12523,20
12524,5
12524,9
12525,6
12525,9
12525,16
12526,3
12526,11
12526,15
12527,9
12527,10
12527,17
12528,1
12528,10
12528,19
12529,10
12529,11
12529,13
12530,8
12530,9
12530,13
12531,5
12531,10
12531,18
12532,16
12532,17
12532,18
12533,16
12534,16
12535,14
12535,16
12536,16
12536,19
12537,15
12538,2
12538,8
12538,11
12539,5
12539,12
12540,19
12541,18
12542,4
12542,14
12543,18
12544,10
12544,15
12544,20
12545,14
12545,15
12546,2
12546,13
12547,3
12547,4
12547,20
12548,6
12548,7
12548,12
12549,5
12549,9
12550,7
12550,19
12551,15
12552,16
12552,19
12553,17
12554,14
12554,15
12555,4
12555,19
12556,12
12557,7
12557,14
12557,20
12558,2
12558,10
12559,15
12559,16
12560,4
12560,9
12561,12
12562,2
12562,15
12563,12
12564,1
12564,3
12564,12
12565,9
12565,10
12566,2
12566,10
12566,18
12567,11
12567,15
12568,12
12569,7
12569,16
12570,9
12570,18
12571,11
12571,12
12572,11
12572,13
12572,16
12573,7
12573,8
12573,14
12574,6
12574,9
12575,11
12576,19
12577,1
12577,7
12578,6
12578,15
12578,16
12579,5
12579,16
12579,17
12580,5
12580,13
12580,16
12581,11
12581,17
12581,18
12582,2
12582,18
12583,6
12583,9
12583,14
12584,1
12584,8
12585,14
12585,18
12586,6
12587,10
12587,14
12588,6
12588,18
12589,7
12589,10
12589,20
12590,2
12590,12
12590,19
12591,13
12591,20
12592,14
12593,8
12593,16
12594,15
12594,17
12595,5
12595,9
12596,4
12596,14
12597,3
12597,19
12598,4
12598,7
12598,13
12599,11
12599,14
12599,19
12600,16
12601,11
12602,2
12602,6
12602,12
12603,13
12604,3
12604,12
12604,14
12605,2
12605,16
12605,17
12606,17
12606,20
12607,7
12608,16
12609,1
12609,2
12609,17
12610,7
12611,10
12612,1
12612,5
12612,19
12613,16
12614,6
12614,8
12615,6
12615,19
12616,10
12616,20
12617,18
12618,3
12619,12
12619,13
12619,19
12620,4
12620,19
12620,20
12621,6
12621,10
12621,19
12622,2
12622,9
12623,3
12624,18
12625,18
12626,4
12626,20
12627,12
12627,14
12628,3
12628,4
12628,12
12629,1
12629,5
12629,7
12630,19
12631,2
12631,12
12631,13
12632,14
12632,19
12633,5
12633,7
12634,7
12634,10
12634,18
12635,7
12635,12
12635,16
12636,6
12636,10
12636,17
12637,8
12637,10
12637,13
12638,8
12638,16
12639,11
12639,18
12640,8
12641,6
12642,5
12642,16
12643,3
12643,7
12643,15
12644,13
12645,12
12646,11
12647,6
12647,7
12648,5
12648,15
12649,10
12649,17
12650,15
12651,13
12652,8
12652,15
12652,16
12653,9
12653,17
12653,20
12654,3
12654,6
12654,17
12655,6
12655,15
12656,9
12656,16
12656,20
12657,13
12657,18
12658,2
12658,3
12658,10
12659,15
12660,6
12660,13
12661,6
12661,11
12661,13
12662,4
12662,10
12662,11
12663,3
12663,8
12664,2
12664,5
12664,17
12665,10
12666,9
12667,1
12668,4
12668,19
12669,5
12670,8
12670,9
12670,19
12671,2
12671,6
12672,12
12672,15
12673,4
12673,10
12673,13
12674,12
12675,1
12675,3
12676,7
12676,12
12676,20
12677,3
12678,4
12679,10
12679,11
12679,17
12680,13
12680,15
12681,3
12682,16
12683,2
12684,3
12684,9
12684,15
12685,3
12685,7
12685,15
12686,1
12686,14
12687,1
12687,8
12688,4
12689,7
12689,15
12689,20
12690,8
12691,2
12691,3
12691,16
12692,4
12693,6
12693,10
12693,19
12694,3
12694,6
12695,6
12695,19
12695,20
12696,1
12696,9
12696,19
12697,3
12697,7
12698,9
12698,11
12698,13
12699,13
12699,14
12699,19
12700,6
12701,3
12701,9
12701,11
12702,11
12703,2
12703,9
12703,16
12704,3
12705,1
12705,2
12705,10
12706,2
12706,3
12707,3
12707,8
12708,4
12708,11
12708,19
12709,2
12709,5
12709,14
12710,7
12710,13
12711,9
12711,16
12711,19
12712,2
12712,14
12712,20
12713,9
12713,17
12714,5
12714,13
12715,12
12715,16
12716,9
12717,6
12718,9
12718,13
12719,13
12720,9
12720,14
12720,17
12721,16
12722,4
12722,9
12723,6
12723,16
12723,17
12724,4
12724,20
12725,18
12725,20
12726,13
12727,12
12728,1
12728,3
12728,16
12729,11
12729,12
12729,16
12730,18
12731,13
12732,13
12732,18
12733,2
12733,9
12734,3
12734,10
12735,5
12735,9
12736,5
12736,9
12736,13
12737,1
12737,17
12738,2
12738,12
12738,20
12739,11
12740,8
12741,14
12741,17
12742,14
12743,2
12743,9
12743,15
12744,5
12744,9
12745,14
12746,4
12746,17
12746,19
12747,1
12747,5
12748,13
12748,18
12749,15
12750,1
12750,2
12750,14
12751,3
12751,8
12751,9
12752,12
12752,19
12753,5
12753,8
12754,13
12754,14
12754,15
12755,2
12755,4
12755,11
12756,4
12756,15
12757,11
12758,1
12759,1
12759,14
12760,15
12761,4
12761,18
12762,1
12763,16
12763,18
12764,6
12764,17
12765,12
12765,20
12766,4
12766,14
12767,14
12767,16
12767,19
12768,14
12769,5
12769,16
12770,3
12770,6
12770,19
12771,4
12771,8
12771,10
12772,1
12772,7
12773,4
12773,5
12773,19
12774,6
12774,15
12775,12
12776,8
12776,16
12776,18
12777,14
12778,2
12778,9
12779,4
12779,6
12779,19
12780,2
12780,9
12780,12
12781,13
12781,15
12782,1
12782,18
12782,20
12783,6
12784,6
12784,11
12784,13
12785,2
12786,4
12786,7
12786,14
12787,1
12787,18
12787,19
12788,5
12789,2
12789,16
12790,13
12791,2
12791,6
12791,13
12792,2
12792,8
12792,15
12793,12
12794,12
12794,20
12795,4
12795,11
12795,20
12796,13
12796,15
12797,14
12798,5
12798,13
12798,14
12799,13
12799,18
12800,2
12800,7
12800,13
12801,12
12802,13
12803,5
12803,7
12803,16
12804,20
12805,6
12806,9
12806,12
12807,18
12808,13
12809,1
12809,9
12809,15
12810,7
12810,15
12810,18
12811,4
12811,18
12812,10
12813,2
12814,1
12815,11
12815,13
12816,10
12816,17
12816,20
12817,19
12818,1
12819,9
12820,2
12820,8
12821,1
12821,11
12821,14
12822,2
12822,16
12822,18
12823,9
12823,19
12824,8
12824,12
12824,16
12825,1
12825,10
12825,19
12826,2
12826,20
12827,8
12827,11
12827,18
12828,9
12829,1
12829,5
12830,17
12830,19
12831,6
12832,9
12832,14
12833,4
12833,7
12834,2
12835,2
12835,4
12836,11
12836,16
12836,18
12837,10
12837,16
12838,18
12839,1
12839,10
12839,18
12840,16
12841,1
12841,13
12842,17
12843,17
12844,1
12844,15
12845,12
12846,6
12846,8
12847,12
12848,5
12848,12
12848,18
12849,11
12850,2
12850,4
12851,11
12852,9
12853,3
12853,20
12854,17
12854,18
12855,1
12855,12
12856,4
12856,7
12856,12
12857,4
12857,9
12857,17
12858,17
12859,12
12860,3
12860,4
12860,10
12861,1
12862,1
12862,9
12862,16
12863,2
12863,9
12863,12
12864,11
12865,7
12865,19
12866,5
12867,5
12867,14
12868,18
12868,19
12869,8
12869,9
12869,15
12870,2
12870,7
12870,15
12871,5
12871,6
12871,12
12872,20
12873,13
12874,12
12875,7
12875,14
12876,15
12877,5
12878,4
12878,7
12879,7
12879,10
12880,3
12880,5
12880,11
12881,3
12881,8
12881,19
12882,13
12882,19
12883,7
12883,14
12884,7
12884,14
12885,3
12885,7
12886,9
12886,10
12886,11
12887,14
12887,18
12888,12
12889,18
12890,4
12890,10
12890,11
12891,4
12891,8
12892,15
12892,16
12892,18
12893,8
12893,20
12894,2
12894,5
12894,7
12895,9
12896,7
12897,8
12898,8
12898,17
12898,20
12899,19
12900,1
12900,5
12901,1
12901,5
12902,1
12902,9
12903,1
12904,8
12904,18
12905,13
12905,14
12906,2
12906,10
12906,15
12907,5
12907,13
12908,6
12909,11
12909,16
12910,14
12910,17
12910,19
12911,14
12912,1
12912,7
12912,12
12913,7
12913,17
12914,18
12915,5
12915,7
12915,19
12916,19
12917,1
12917,3
12918,6
12918,18
12918,19
12919,15
12919,16
12920,15
12921,4
12921,17
12922,4
12922,5
12922,13
12923,19
12924,7
12924,13
12924,14
12925,6
12925,17
12926,3
12926,14
12926,18
12927,1
12927,13
12927,19
12928,13
12928,17
12929,3
12929,6
12929,17
12930,2
12930,19
12931,6
12931,12
12932,18
12933,9
12933,11
12933,13
12934,1
12934,14
12934,18
12935,15
12936,5
12936,6
12936,10
12937,20
12938,1
12938,15
12938,20
12939,4
12940,18
12941,17
12942,9
12943,1
12943,12
12943,18
12944,9
12944,17
12944,20
12945,18
12945,19
12946,9
12947,7
12947,8
12947,9
12948,11
12948,18
12949,5
12949,15
12950,2
12950,6
12951,7
12952,17
12953,1
12953,14
12953,19
12954,2
12954,10
12954,14
12955,19
12955,20
12956,8
12956,10
12957,1
12957,16
12957,17
12958,1
12958,7
12958,18
12959,6
12959,17
12960,8
12960,11
12960,15
12961,5
12962,17
12962,20
12963,1
12963,10
12964,11
12965,16
12965,18
12966,4
12966,8
12966,15
12967,3
12968,4
12968,6
12969,11
12969,13
12970,9
12971,9
12971,20
12972,7
12972,8
12972,9
12973,16
12974,6
12974,8
12974,15
12975,2
12975,12
12975,16
12976,5
12976,14
12977,17
12978,1
12978,15
12979,9
12979,13
12979,20
12980,4
12981,15
12981,20
12982,13
12982,14
12983,4
12984,16
12984,17
12984,20
12985,11
12985,14
12985,20
12986,5
12986,11
12986,19
12987,5
12987,9
12987,10
12988,14
12988,18
12989,6
12989,15
12990,2
12990,6
12990,19
12991,5
12991,6
12992,9
12992,14
12992,16
12993,14
12994,1
12994,4
12994,11
12995,4
12995,8
12996,6
12996,8
12996,15
12997,14
12997,17
12997,18
12998,8
12999,5
12999,7
12999,18
13000,13
13000,17
13000,20
13001,5
13002,9
13002,14
13003,6
13003,14
13003,17
13004,3
13004,14
13004,20
13005,8
13006,12
13006,13
13007,9
13007,18
13008,18
13009,7
13009,16
13010,3
13010,6
13010,10
13011,5
13011,16
13012,12
13013,13
13014,2
13015,3
13015,5
13015,14
13016,10
13016,13
13017,2
13017,14
13017,19
13018,10
13019,2
13019,3
13019,19
13020,2
13021,4
13021,13
13021,14
13022,11
13022,19
13023,10
13023,11
13024,2
13024,8
13024,19
13025,16
13026,5
13026,9
13026,13
13027,6
13027,10
13027,16
13028,11
13029,5
13030,18
13030,19
13031,2
13031,7
13031,15
13032,6
13032,7
13033,14
13034,12
13034,13
13035,2
13035,4
13035,15
13036,18
13037,3
13037,4
13037,13
13038,3
13038,7
13039,1
13039,5
13039,9
13040,1
13040,2
13041,6
13041,9
13042,15
13043,8
13043,9
13044,10
13044,19
13045,5
13045,11
13045,14
13046,2
13046,12
13047,7
13047,10
13048,9
13048,16
13049,3
13050,1
13050,6
13051,12
13051,19
13051,20
13052,18
13053,11
13053,12
13053,16
13054,11
13054,16
13054,18
13055,2
13055,6
13055,9
13056,3
13056,11
13056,12
13057,17
13058,2
13058,6
13058,8
13059,13
13060,1
13060,8
13061,5
13061,8
13061,16
13062,9
13062,10
13063,8
13063,10
13063,19
13064,5
13064,10
13064,19
13065,15
13065,17
13066,10
13066,16
13067,2
13067,10
13067,16
13068,5
13068,9
13069,9
13069,13
13069,16
13070,17
13071,10
13072,19
13073,14
13074,1
13074,3
13075,20
13076,10
13076,15
13076,18
13077,6
13077,17
13078,19
13079,3
13079,8
13079,13
13080,4
13080,5
13080,9
13081,17
13082,14
13083,12
13083,17
13084,2
13084,6
13084,16
13085,17
13085,19
13086,1
13087,12
13087,16
13088,3
13088,19
13088,20
13089,9
13089,17
13090,9
13091,12
13091,13
13091,20
13092,5
13093,10
13094,9
13095,2
13095,15
13096,1
13096,17
13096,20
13097,3
13097,7
13098,8
13098,11
13098,19
13099,8
13099,10
13099,11
13100,9
13100,18
13101,1
13101,20
13102,4
13102,7
13102,16
13103,17
13104,3
13105,3
13105,4
13105,6
13106,5
13106,10
13107,17
13108,11
13109,9
13109,16
13110,7
13110,17
13110,19
13111,2
13111,15
13112,2
13112,12
13113,15
13114,20
13115,1
13115,13
13116,13
13117,6
13117,7
13117,15
13118,6
13118,9
13119,5
13119,7
13119,14
13120,5
13120,15
13121,16
13122,2
13122,9
13122,17
13123,2
13123,16
13123,20
13124,8
13124,15
13124,20
13125,16
13125,17
13125,19
13126,6
13126,7
13126,11
13127,7
13127,14
13127,19
13128,4
13128,19
13129,9
13129,10
13129,12
13130,4
13130,19
13131,8
13131,12
13131,17
13132,5
13132,19
13133,5
13133,6
13133,13
13134,1
13134,4
13134,20
13135,4
13135,12
13136,19
13136,20
13137,6
13137,16
13138,15
13138,18
13139,4
13139,12
13139,16
13140,7
13140,8
13140,11
13141,3
13142,8
13142,15
13142,19
13143,7
13144,10
13144,11
13144,16
13145,3
13145,14
13146,4
13146,13
13146,15
13147,2
13147,5
13148,1
13149,2
13150,16
13151,10
13151,12
13151,14
13152,1
13152,2
13152,15
13153,4
13153,5
13154,8
13154,17
13155,2
13155,7
13155,14
13156,20
13157,1
13157,7
13157,11
13158,7
13158,13
13159,18
13160,6
13160,19
13161,10
13161,13
13161,16
13162,6
13163,16
13163,17
13164,3
13164,7
13165,12
13166,9
13167,18
13168,1
13168,5
13169,11
13169,15
13170,4
13170,7
13170,10
13171,9
13171,10
13171,19
13172,19
13173,9
13173,13
13173,19
13174,13
13174,19
13175,9
13176,7
13176,9
13176,18
13177,19
13178,5
13178,15
13178,16
13179,3
13179,12
13179,15
13180,14
13181,1
13181,11
13181,15
13182,11
13183,4
13183,5
13183,18
13184,3
13184,4
13185,7
13186,18
13187,5
13187,15
13188,16
13189,4
13189,19
13190,9
13190,12
13191,3
13191,14
13192,13
13192,14
13192,15
13193,1
13193,3
13193,13
13194,2
13194,9
13194,11
13195,9
13196,3
13197,6
13198,11
13198,12
13199,10
13199,13
13200,12
13200,14
13201,12
13201,13
13201,15
13202,5
13203,10
13203,16
13203,20
13204,2
13205,1
13205,14
13206,1
13206,5
13206,11
13207,8
13208,20
13209,6
13209,14
13210,10
13211,1
13211,14
13211,16
13212,13
13213,8
13213,15
13214,1
13215,7
13215,10
13216,18
13217,1
13217,16
13217,17
13218,14
13219,19
13220,2
13221,4
13221,12
13221,13
13222,16
13223,2
13224,4
13224,13
13225,2
13225,20
13226,14
13227,2
13227,11
13228,2
13228,4
13228,9
13229,15
13230,15
13230,16
13230,19
13231,4
13231,7
13231,14
13232,10
13232,14
13232,19
13233,2
13233,19
13234,2
13234,13
13234,18
13235,9
13235,14
13236,5
13237,20
13238,1
13238,8
13238,17
13239,16
13239,17
13239,18
13240,15
13240,16
13241,17
13241,18
13241,19
13242,9
13243,15
13244,13
13244,20
13245,13
13245,14
13245,18
13246,15
13247,6
13247,17
13248,1
13248,2
13248,8
13249,3
13249,11
13249,15
13250,11
13250,16
13251,1
13251,4
13251,12
13252,7
13253,5
13253,15
13254,3
13254,11
13254,20
13255,15
13255,17
13256,9
13257,18
13258,18
13259,10
13260,4
13260,10
13261,3
13261,8
13261,15
13262,2
13262,11
13263,6
13263,7
13263,9
13264,4
13264,12
13264,14
13265,8
13265,16
13265,18
13266,8
13267,20
13268,12
13269,17
13270,3
13270,8
13270,13
13271,1
13271,9
13271,20
13272,2
13272,20
13273,10
13273,14
13274,9
13274,20
13275,12
13276,3
13276,11
13276,18
13277,20
13278,20
13279,5
13279,16
13280,3
13280,19
13280,20
13281,6
13281,14
13281,18
13282,1
13282,2
13282,17
13283,2
13283,14
13284,3
13284,10
13284,19
13285,14
13286,4
13286,13
13286,14
13287,16
13288,5
13288,9
13289,1
13290,2
13290,16
13291,1
13291,11
13291,17
13292,5
13292,12
13292,18
13293,1
13293,9
13294,11
13294,16
13294,20
13295,6
13295,10
13295,16
13296,2
13297,2
13298,3
13299,3
13299,17
13300,3
13300,15
13301,18
13301,19
13302,5
13302,6
13302,14
13303,10
13303,15
13303,20
13304,4
13304,9
13305,9
13305,12
13305,19
13306,6
13306,7
13306,12
13307,20
13308,1
13308,2
13308,3
13309,13
13310,7
13311,5
13311,20
13312,15
13313,2
13313,16
13314,10
13314,11
13314,19
13315,6
13315,14
13315,17
13316,8
13317,9
13317,12
13317,20
13318,9
13319,6
13319,18
13320,8
13321,1
13321,4
13321,19
13322,11
13322,16
13323,9
13323,20
13324,12
13325,7
13326,12
13326,18
13326,19
13327,6
13328,16
13329,1
13329,17
13330,20
13331,4
13331,8
13332,6
13332,11
13333,5
13333,8
13334,9
13335,9
13336,4
13336,5
13336,7
13337,12
13337,14
13337,16
13338,6
13338,14
13339,1
13339,7
13339,16
13340,12
13341,1
13342,9
13342,11
13343,2
13343,17
13344,6
13344,17
13345,2
13345,10
13345,16
13346,6
13346,17
13346,18
13347,6
13347,12
13348,12
13348,15
13348,17
13349,6
13349,7
13349,19
13350,1
13350,14
13350,15
13351,12
13352,7
13352,13
13352,15
13353,17
13354,12
13355,5
13355,18
13356,5
13356,14
13356,20
13357,3
13358,12
13358,15
13359,3
13360,12
13361,5
13362,1
13362,7
13362,15
13363,4
13363,10
13364,11
13364,16
13365,17
13365,18
13366,7
13366,14
13366,16
13367,8
13368,19
13368,20
13369,1
13369,16
13369,17
13370,11
13371,17
13372,18
13373,3
13373,6
13373,18
13374,5
13374,8
13374,13
13375,12
13375,15
13376,16
13377,9
13377,10
13378,4
13378,6
13379,5
13379,11
13379,13
13380,5
13381,18
13382,7
13382,9
13382,14
13383,5
13383,9
13384,4
13384,13
13384,19
13385,17
13386,15
13387,18
13388,2
13388,13
13388,14
13389,7
13389,9
13389,19
13390,2
13390,3
13391,7
13391,17
13392,3
13392,5
13392,20
13393,5
13393,19
13394,1
13394,10
13394,13
13395,6
13395,16
13395,17
13396,4
13396,16
13397,8
13398,1
13398,7
13399,11
13399,13
13400,6
13400,11
13400,14
13401,2
13401,13
13401,19
13402,3
13402,5
13402,10
13403,11
13404,18
13405,1
13405,18
13405,19
13406,17
13406,18
13406,19
13407,1
13407,17
13408,3
13409,15
13410,10
13411,6
13411,7
13411,13
13412,8
13413,1
13413,17
13414,11
13414,17
13414,18
13415,9
13415,20
13416,16
13417,4
13418,6
13419,16
13419,20
13420,7
13420,18
13421,3
13422,3
13422,17
13422,19
13423,10
13424,17
13425,2
13425,8
13426,16
13426,19
13426,20
13427,13
13427,17
13428,4
13428,6
13428,9
13429,2
13429,4
13429,18
13430,17
13431,9
13431,15
13431,16
13432,20
13433,8
13434,4
13435,13
13436,15
13436,20
13437,1
13437,13
13438,2
13439,7
13440,5
13441,16
13442,1
13442,4
13442,15
13443,6
13443,8
13444,16
13445,17
13445,18
13446,3
13446,18
13446,20
13447,6
13447,20
13448,14
13449,1
13450,4
13450,13
13451,5
13451,15
13452,13
13453,18
13454,1
13454,4
13454,12
13455,4
13456,1
13457,15
13458,3
13458,6
13458,11
13459,13
13460,5
13460,6
13460,7
13461,1
13461,3
13461,7
13462,2
13462,6
13462,15
13463,19
13464,3
13464,10
13464,18
13465,3
13466,13
13466,20
13467,8
13468,2
13468,15
13469,5
13469,16
13470,2
13471,2
13471,10
13471,12
13472,1
13472,18
13472,19
13473,7
13473,12
13474,8
13475,12
13476,4
13477,6
13477,14
13478,11
13479,2
13480,9
13480,19
13481,4
13481,16
13482,2
13483,3
13483,11
13484,7
13485,5
13486,19
13487,7
13487,15
13488,19
13489,10
13490,16
13491,3
13491,7
13492,14
13492,19
13493,8
13493,11
13494,19
13495,8
13496,8
13496,17
13497,9
13497,16
13498,8
13499,4
13499,11
13499,19
13500,1
13500,19
13500,20
13501,4
13501,10
13501,13
13502,13
13503,2
13503,12
13504,10
13505,8
13505,17
13506,4
13506,9
13506,13
13507,1
13507,20
13508,19
13509,12
13509,20
13510,10
13510,13
13510,20
13511,2
13511,4
13511,6
13512,1
13512,4
13512,5
13513,6
13514,4
13515,4
13515,12
13516,1
13516,17
13516,18
13517,1
13517,4
13518,2
13518,12
13519,4
13519,11
13520,6
13520,13
13520,19
13521,12
13521,16
13522,9
13523,4
13523,13
13524,5
13524,6
13524,17
13525,7
13525,10
13525,14
13526,14
13526,18
13527,6
13527,16
13527,18
13528,5
13529,9
13530,1
13530,3
13530,16
13531,13
13532,8
13532,10
13532,11
13533,10
13533,13
13534,9
13535,5
13535,16
13536,19
13537,10
13537,11
13538,3
13539,12
13539,19
13540,1
13540,12
13541,2
13541,5
13541,20
13542,1
13542,14
13542,20
13543,10
13543,12
13543,19
13544,7
13544,11
13545,5
13545,9
13546,5
13546,19
13547,7
13547,14
13548,1
13548,2
13548,3
13549,6
13549,9
13549,17
13550,2
13550,17
13551,9
13552,10
13552,14
13552,15
13553,5
13554,14
13555,15
13556,4
13556,16
13557,14
13558,6
13559,12
13560,11
13561,3
13561,7
13562,9
13563,3
13563,14
13563,15
13564,6
13565,1
13565,12
13565,19
13566,3
13566,16
13567,2
13567,9
13568,13
13569,15
13570,2
13570,12
13570,18
13571,6
13571,18
13572,4
13572,7
13572,15
13573,7
13573,13
13573,20
13574,1
13574,4
13574,18
13575,19
13576,12
13576,14
13577,5
13578,13
13579,9
13579,13
13580,13
13580,14
13580,16
13581,15
13581,18
13582,6
13582,13
13583,2
13583,18
13584,2
13584,12
13585,3
13585,8
13585,10
13586,5
13586,19
13586,20
13587,1
13587,15
13588,6
13588,17
13588,19
13589,1
13589,4
13590,17
13591,4
13591,11
13592,8
13592,17
13593,5
13593,11
13593,19
13594,1
13595,6
13596,11
13596,14
13596,18
13597,4
13597,18
13597,20
13598,2
13598,12
13598,17
13599,17
13600,20
13601,11
13602,1
13603,8
13603,16
13604,18
13605,2
13606,18
13607,1
13607,4
13607,10
13608,14
13608,15
13608,16
13609,5
13609,19
13610,3
13610,4
13610,19
13611,1
13611,11
13611,20
13612,4
13612,19
13613,2
13613,12
13614,10
13614,20
13615,1
13615,9
13616,4
13616,19
13617,8
13617,17
13618,14
13618,16
13619,18
13620,4
13620,8
13620,10
13621,11
13621,12
13621,14
13622,11
13622,14
13623,6
13623,13
13623,15
13624,14
13625,6
13626,6
13626,7
13626,16
13627,8
13627,16
13628,7
13629,2
13629,3
13629,20
13630,13
13630,14
13631,4
13631,9
13632,8
13633,1
13633,7
13634,13
13634,17
13635,5
13635,8
13635,17
13636,13
13636,18
13637,14
13638,12
13639,3
13639,4
13639,19
13640,1
13640,6
13641,6
13641,8
13641,9
13642,8
13642,15
13643,7
13643,15
13644,18
13645,3
13646,3
13647,7
13647,9
13647,10
13648,7
13649,4
13649,16
13650,5
13650,18
13651,3
13651,4
13652,10
13653,6
13653,13
13654,15
13655,9
13656,16
13656,18
13657,12
13658,4
13658,9
13659,12
13659,14
13660,7
13660,15
13661,4
13662,17
13662,18
13663,6
13663,19
13664,8
13664,13
13665,1
13665,20
13666,8
13666,9
13666,17
13667,2
13667,4
13667,7
13668,12
13668,18
13669,4
13669,17
13670,12
13670,14
13671,17
13672,2
13672,3
13672,9
13673,2
13673,5
13673,20
13674,10
13674,13
13675,6
13675,17
13675,18
13676,14
13677,15
13678,9
13679,2
13679,13
13679,18
13680,7
13680,14
13681,3
13682,7
13682,19
13683,3
13683,17
13683,20
13684,15
13685,5
13686,1
13686,7
13686,17
13687,1
13687,11
13688,1
13688,8
13688,17
13689,4
13689,8
13689,9
13690,3
13690,10
13690,13
13691,9
13691,14
13692,6
13692,7
13692,16
13693,4
13693,14
13693,18
13694,8
13695,5
13695,6
13695,16
13696,4
13696,16
13696,18
13697,3
13697,12
13697,19
13698,19
13699,12
13700,8
13700,17
13700,18
13701,6
13702,7
13703,3
13703,16
13704,2
13704,8
13705,17
13706,3
13706,16
13707,1
13707,13
13707,15
13708,17
13709,1
13709,10
13710,6
13710,14
13711,9
13711,17
13711,19
13712,1
13713,1
13713,8
13714,3
13714,14
13714,16
13715,3
13715,6
13715,17
13716,8
13716,15
13716,20
13717,8
13717,11
13717,18
13718,18
13719,6
13720,4
13720,17
13721,14
13721,19
13722,8
13722,19
13723,8
13723,14
13724,5
13724,8
13724,17
13725,2
13726,6
13726,10
13727,3
13727,4
13727,14
13728,6
13728,14
13729,2
13730,13
13730,16
13730,18
13731,3
13732,9
13732,13
13732,19
13733,2
13733,3
13734,3
13734,5
13735,1
13735,9
13735,10
13736,4
13736,6
13737,18
13738,14
13739,10
13740,10
13740,15
13740,17
13741,6
13741,13
13742,15
13743,3
13743,14
13743,18
13744,5
13744,8
13745,14
13745,15
13746,14
13747,20
13748,3
13748,8
13748,11
13749,18
13749,19
13750,2
13750,12
13750,14
13751,3
13751,10
13752,14
13752,18
13752,19
13753,8
13753,14
13754,8
13754,20
13755,12
13755,14
13756,17
13757,8
13757,12
13758,15
13758,16
13759,16
13759,17
13760,5
13760,19
13761,9
13761,11
13761,20
13762,3
13762,8
13762,14
13763,7
13763,15
13763,17
13764,10
13764,18
13765,6
13765,7
13765,13
13766,10
13767,9
13768,1
13768,11
13769,12
13770,2
13770,16
13771,4
13772,6
13772,17
13773,11
13773,18
13773,19
13774,3
13774,4
13774,13
13775,1
13775,8
13775,15
13776,6
13776,7
13776,14
13777,1
13777,8
13777,10
13778,1
13778,7
13778,10
13779,3
13779,9
13780,6
13780,14
13780,18
13781,17
13782,11
13782,13
13782,19
13783,1
13784,4
13784,14
13784,15
13785,16
13786,7
13786,17
13786,19
13787,3
13787,5
13787,8
13788,2
13788,6
13788,10
13789,10
13789,12
13789,16
13790,12
13791,3
13792,12
13792,15
13793,11
13793,12
13794,10
13794,17
13795,5
13795,7
13796,1
13796,3
13796,16
13797,1
13797,11
13797,13
13798,11
13799,7
13799,16
13800,2
13800,4
13800,10
13801,1
13801,13
13801,19
13802,4
13802,13
13802,14
13803,3
13803,11
13804,3
13805,13
13805,20
13806,6
13807,10
13807,12
13808,15
13808,20
13809,3
13809,17
13809,19
13810,10
13811,8
13812,11
13812,13
13812,15
13813,11
13813,12
13814,1
13814,13
13815,7
13815,18
13816,6
13816,14
13817,12
13818,8
13819,6
13819,10
13819,18
13820,13
13820,14
13820,19
13821,2
13821,18
13822,4
13822,15
13822,17
13823,17
13823,18
13824,10
13825,10
13826,1
13826,7
13826,14
13827,10
13828,9
13828,11
13828,15
13829,5
13830,4
13830,8
13830,13
13831,2
13831,20
13832,6
13833,1
13833,7
13833,20
13834,7
13834,10
13834,20
13835,6
13836,7
13837,11
13837,20
13838,1
13838,20
13839,16
13840,11
13841,13
13841,18
13842,5
13842,8
13843,13
13844,7
13844,12
13844,14
13845,7
13845,17
13846,3
13846,12
13847,2
13848,4
13848,8
13849,15
13849,16
13850,13
13850,16
13851,7
13851,12
13851,19
13852,5
13852,9
13852,20
13853,7
13853,13
13853,16
13854,3
13854,19
13855,11
13855,16
13856,15
13856,19
13857,5
13858,20
13859,9
13859,11
13860,1
13860,6
13860,18
13861,9
13861,10
13861,20
13862,18
13863,5
13863,13
13863,17
13864,9
13864,13
13864,15
13865,8
13866,13
13866,16
13866,20
13867,17
13867,18
13868,17
13868,19
13869,1
13869,20
13870,14
13870,16
13870,17
13871,19
13872,10
13873,18
13874,2
13874,8
13874,11
13875,2
13875,10
13875,20
13876,9
13876,10
13876,20
13877,6
13877,9
13878,2
13878,15
13879,12
13880,9
13880,11
13881,5
13881,16
13881,18
13882,2
13882,3
13883,9
13883,11
13883,15
13884,6
13884,16
13884,18
13885,2
13885,15
13886,3
13886,8
13887,4
13887,9
13887,13
13888,8
13889,6
13889,18
13890,1
13890,8
13890,11
13891,4
13891,17
13892,1
13892,12
13892,18
13893,15
13893,16
13893,20
13894,16
13895,1
13895,4
13896,19
13897,6
13897,7
13897,20
13898,13
13898,15
13899,10
13899,13
13899,16
13900,3
13901,3
13901,16
13902,6
13902,13
13902,14
13903,15
13903,17
13904,3
13904,13
13905,8
13906,7
13906,13
13906,18
13907,8
13908,7
13909,14
13910,10
13911,14
13911,17
13911,20
13912,1
13912,9
13913,12
13913,13
13914,16
13914,19
13915,1
13915,11
13916,13
13917,8
13917,9
13918,11
13918,19
13919,4
13919,5
13920,15
13921,2
13921,6
13922,2
13922,3
13922,6
13923,8
13923,9
13923,20
13924,1
13924,6
13924,18
13925,19
13926,1
13927,8
13927,13
13928,1
13928,10
13929,12
13929,13
13929,17
13930,14
13930,20
13931,2
13931,3
13931,20
13932,6
13932,7
13932,19
13933,11
13934,10
13935,9
13936,11
13937,11
13937,15
13937,17
13938,5
13938,9
13938,15
13939,14
13939,17
13940,6
13941,15
13941,19
13942,7
13942,8
13942,19
13943,11
13944,10
13944,20
13945,1
13946,18
13947,9
13947,11
13948,13
13948,20
13949,14
13950,6
13950,12
13950,19
13951,14
13952,1
13952,3
13953,3
13954,3
13954,10
13954,16
13955,6
13956,5
13956,12
13956,14
13957,9
13958,12
13958,14
13958,19
13959,3
13959,14
13960,2
13961,18
13962,14
13962,15
13963,6
13963,9
13963,14
13964,2
13964,3
13965,6
13965,17
13965,20
13966,4
13966,7
13966,10
13967,7
13967,11
13968,6
13968,9
13968,11
13969,5
13969,14
13969,18
13970,1
13970,14
13970,16
13971,3
13971,8
13971,17
13972,10
13972,11
13972,15
13973,8
13974,2
13974,9
13974,15
13975,3
13975,9
13975,17
13976,1
13976,11
13976,12
13977,5
13977,9
13977,18
13978,12
13979,9
13979,11
13979,14
13980,3
13980,5
13980,12
13981,13
13982,1
13982,4
13982,14
13983,20
13984,12
13984,15
13984,19
13985,15
13986,11
13987,1
13988,4
13989,9
13989,18
13990,8
13990,10
13991,5
13991,9
13991,20
13992,1
13992,9
13992,11
13993,1
13993,2
13993,6
13994,4
13994,7
13994,12
13995,16
13996,1
13996,8
13996,16
13997,7
13997,19
13998,2
13999,9
14000,6
14000,7
14000,19
14001,1
14001,5
14002,12
14002,20
14003,5
14003,12
14003,13
14004,10
14004,12
14004,16
14005,12
14005,15
14006,8
14006,19
14006,20
14007,7
14007,10
14007,19
14008,1
14009,3
14009,12
14009,18
14010,12
14010,15
14010,17
14011,6
14011,15
14011,17
14012,1
14012,11
14012,19
14013,6
14013,17
14014,20
14015,7
14015,17
14016,3
14017,14
14017,18
14017,20
14018,17
14018,19
14019,1
14019,13
14020,10
14020,11
14021,6
14021,11
14022,1
14022,13
14022,15
14023,6
14024,4
14024,18
14025,12
14025,15
14025,17
14026,2
14026,11
14026,15
14027,2
14027,5
14027,18
14028,16
14029,2
14029,5
14030,13
14030,19
14031,15
14032,7
14032,19
14033,13
14034,9
14034,18
14035,7
14035,16
14036,2
14036,5
14036,6
14037,9
14037,20
14038,16
14039,4
14040,3
14040,16
14040,18
14041,1
14041,4
14041,20
14042,6
14043,7
14044,6
14044,16
14045,3
14045,9
14045,13
14046,14
14047,13
14048,9
14048,14
14049,1
14049,3
14050,8
14050,19
14051,6
14051,15
14052,12
14052,14
14053,1
14054,4
14054,7
14054,8
14055,1
14056,13
14057,17
14058,6
14059,11
14060,19
14061,2
14062,3
14062,10
14063,9
14063,13
14063,20
14064,2
14065,1
14065,10
14065,13
14066,18
14067,4
14067,8
14067,13
14068,5
14068,7
14069,10
14070,9
14070,20
14071,2
14071,4
14072,2
14072,13
14073,14
14074,8
14074,16
14075,17
14075,18
14076,3
14076,6
14076,9
14077,18
14078,2
14079,15
14080,20
14081,17
14082,9
14082,16
14082,18
14083,2
14083,4
14083,19
14084,2
14084,12
14085,9
14085,15
14086,11
14086,14
14086,18
14087,12
14087,15
14087,20
14088,1
14088,19
14089,8
14090,11
14090,15
14091,9
14091,16
14091,19
14092,1
14092,3
14092,7
14093,10
14093,16
14093,17
14094,6
14094,11
14094,13
14095,2
14096,1
14096,10
14096,11
14097,7
14098,1
14098,7
14099,18
14099,20
14100,1
14101,1
14101,2
14102,5
14103,12
14103,15
14104,9
14104,15
14105,7
14105,14
14106,3
14106,14
14107,17
14108,11
14109,4
14110,5
14110,7
14111,7
14112,6
14112,17
14113,16
14114,13
14115,8
14116,18
14117,9
14118,1
14118,17
14118,18
14119,3
14119,4
14119,14
14120,12
14121,1
14121,10
14121,19
14122,2
14122,8
14122,13
14123,15
14123,16
14124,3
14125,5
14126,4
14126,13
14127,1
14127,4
14127,17
14128,15
14129,8
14129,14
14130,3
14130,5
14131,5
14131,14
14132,7
14132,15
14133,3
14134,15
14135,13
14136,14
14136,17
14136,20
14137,10
14137,14
14138,10
14139,8
14139,12
14140,10
14140,14
14140,18
14141,7
14141,11
14141,15
14142,6
14142,11
14143,11
14144,13
14144,15
14145,16
14145,19
14145,20
14146,8
14146,12
14146,16
14147,13
14148,2
14148,8
14148,13
14149,6
14149,8
14149,16
14150,1
14150,4
14150,9
14151,1
14151,2
14151,12
14152,3
14152,12
14152,15
14153,4
14153,8
14153,13
14154,8
14155,10
14156,5
14156,16
14157,14
14157,19
14158,3
14159,12
14159,20
14160,8
14160,17
14160,20
14161,3
14161,13
14162,19
14163,1
14163,6
14163,14
14164,3
14164,11
14164,17
14165,2
14165,13
14165,14
14166,1
14166,7
14166,18
14167,12
14168,17
14169,9
14170,9
14171,7
14171,8
14171,14
14172,14
14172,17
14173,17
14174,8
14174,15
14175,5
14175,16
14176,4
14176,9
14177,13
14177,14
14177,15
14178,4
14179,8
14179,10
14179,16
14180,20
14181,10
14181,16
14182,5
14182,7
14183,13
14184,8
14184,10
14184,17
14185,1
14185,6
14186,4
14186,11
14186,14
14187,2
14187,6
14187,18
14188,9
14188,10
14188,12
14189,5
14189,13
14189,20
14190,7
14190,16
14191,4
14192,11
14193,4
14193,5
14193,18
14194,13
14194,20
14195,9
14196,9
14197,20
14198,9
14198,20
14199,11
14199,14
14200,5
14200,6
14200,10
14201,13
14201,20
14202,4
14202,11
14202,14
14203,3
14203,6
14203,16
14204,3
14204,15
14205,8
14206,5
14206,18
14207,9
14207,11
14208,1
14208,11
14208,15
14209,1
14210,9
14210,15
14211,2
14211,11
14211,17
14212,14
14212,20
14213,15
14213,18
14214,4
14214,8
14214,10
14215,4
14215,6
14215,8
14216,2
14216,14
14217,8
14217,18
14218,12
14219,6
14219,10
14219,18
14220,5
14220,9
14220,12
14221,10
14222,4
14222,13
14222,18
14223,7
14224,8
14224,10
14225,16
14226,10
14226,12
14227,4
14227,9
14228,4
14229,2
14229,4
14229,19
14230,4
14230,10
14230,15
14231,19
14232,3
14232,6
14232,17
14233,8
14233,11
14233,17
14234,10
14234,18
14235,1
14235,4
14235,5
14236,3
14236,16
14237,15
14238,4
14238,11
14239,11
14239,17
14240,20
14241,19
14242,15
14243,9
14243,16
14244,1
14244,9
14244,17
14245,7
14246,18
14247,2
14247,6
14247,20
14248,4
14248,9
14249,11
14249,13
14249,20
14250,2
14250,5
14250,10
14251,8
14251,15
14251,19
14252,9
14252,11
14253,14
14254,11
14254,15
14254,18
14255,17
14256,6
14257,18
14258,11
14258,14
14259,14
14260,1
14261,1
14261,12
14261,18
14262,4
14263,1
14263,17
14263,18
14264,8
14265,1
14266,7
14266,15
14267,5
14267,13
14267,18
14268,5
14268,6
14268,16
14269,7
14270,15
14271,2
14272,3
14272,6
14272,14
14273,7
14274,13
14274,15
14274,19
14275,4
14275,6
14275,13
14276,3
14276,9
14277,3
14277,19
14278,1
14278,2
14278,15
14279,5
14279,15
14279,20
14280,5
14280,6
14280,10
14281,7
14281,14
14281,18
14282,8
14282,18
14283,6
14283,19
14284,7
14284,13
14284,18
14285,9
14285,16
14285,18
14286,3
14286,11
14286,12
14287,20
14288,8
14289,12
14290,17
14290,20
14291,5
14291,15
14292,8
14292,9
14292,13
14293,4
14293,7
14293,17
14294,1
14294,3
14295,11
14295,18
14296,7
14296,12
14297,5
14298,3
14298,9
14298,14
14299,2
14299,10
14299,19
14300,14
14301,11
14301,19
14302,2
14302,6
14302,20
14303,17
14303,20
14304,4
14304,9
14304,11
14305,3
14305,18
14306,18
14307,4
14307,6
14307,16
14308,9
14308,11
14308,17
14309,16
14309,18
14310,9
14310,19
14311,2
14312,6
14312,14
14312,20
14313,12
14313,13
14313,17
14314,1
14314,16
14314,18
14315,1
14315,2
14315,6
14316,1
14316,12
14316,15
14317,3
14318,7
14318,10
14318,16
14319,11
14319,15
14319,20
14320,5
14320,11
14320,20
14321,12
14321,14
14322,1
14322,9
14322,18
14323,1
14323,20
14324,4
14325,4
14325,18
14326,7
14327,5
14327,9
14328,6
14328,10
14328,19
14329,1
14329,2
14330,12
14331,19
14332,2
14332,13
14332,15
14333,10
14334,2
14334,9
14334,14
14335,12
14335,16
14335,19
14336,10
14337,10
14337,16
14337,20
14338,8
14338,13
14339,18
14340,11
14341,5
14341,18
14342,1
14342,2
14342,4
14343,14
14344,9
14345,3
14345,10
14345,15
14346,1
14346,5
14346,9
14347,5
14348,7
14349,11
14350,12
14350,15
14350,16
14351,7
14352,6
14352,18
14353,12
14353,13
14353,16
14354,12
14354,20
14355,5
14355,11
14356,11
14356,14
14356,18
14357,12
14357,18
14358,14
14359,9
14359,17
14360,6
14360,17
14361,10
14361,13
14361,17
14362,4
14362,8
14363,2
14364,6
14365,9
14365,12
14366,9
14366,11
14367,8
14368,15
14368,17
14369,5
14369,19
14370,10
14370,17
14371,1
14371,15
14372,4
14372,10
14373,2
14373,11
14374,7
14374,13
14374,19
14375,2
14375,14
14376,3
14376,4
14376,11
14377,4
14377,13
14377,19
14378,4
14378,7
14378,18
14379,12
14379,15
14379,19
14380,9
14380,19
14381,6
14382,4
14382,7
14382,17
14383,5
14384,3
14384,15
14385,3
14385,20
14386,1
14386,4
14386,13
14387,10
14387,15
14388,13
14389,9
14390,1
14390,17
14390,20
14391,5
14391,20
14392,4
14392,9
14393,14
14394,9
14394,16
14394,20
14395,7
14395,10
14395,16
14396,17
14396,18
14397,7
14397,14
14397,17
14398,13
14399,3
14399,16
14399,17
14400,10
14400,13
14401,2
14401,11
14401,17
14402,3
14402,7
14402,10
14403,6
14403,11
14403,14
14404,2
14404,3
14404,15
14405,1
14405,7
14405,11
14406,3
14406,5
14406,14
14407,12
14408,10
14408,16
14409,5
14410,10
14410,11
14410,18
14411,12
14411,15
14411,18
14412,11
14412,19
14413,4
14413,19
14414,6
14414,14
14414,17
14415,8
14416,16
14417,7
14417,8
14417,15
14418,17
14419,8
14419,10
14419,12
14420,6
14421,8
14421,9
14421,11
14422,6
14422,7
14422,20
14423,2
14423,17
14424,6
14424,10
14424,12
14425,3
14425,16
14426,13
14427,15
14428,7
14428,11
14429,10
14430,5
14430,14
14430,17
14431,5
14432,2
14432,5
14433,4
14434,2
14434,9
14435,17
14436,2
14436,3
14436,13
14437,16
14438,8
14438,10
14439,7
14439,20
14440,1
14440,14
14441,13
14442,8
14443,9
14443,12
14443,13
14444,13
14445,6
14445,18
14445,19
14446,2
14446,6
14446,16
14447,4
14447,5
14448,3
14448,9
14449,4
14449,8
14449,12
14450,5
14450,7
14451,12
14451,13
14451,17
14452,9
14453,10
14453,12
14453,18
14454,13
14455,5
14456,8
14456,10
14456,11
14457,5
14457,6
14457,16
14458,2
14458,11
14459,2
14459,8
14459,12
14460,3
14460,4
14461,20
14462,1
14463,12
14463,17
14464,5
14464,12
14464,16
14465,6
14465,7
14465,9
14466,17
14467,2
14467,12
14468,8
14468,18
14469,11
14470,12
14470,13
14471,17
14472,18
14472,19
14473,17
14474,18
14475,7
14475,19
14476,10
14476,17
14477,18
14477,19
14478,2
14479,12
14479,16
14480,7
14480,17
14480,20
14481,15
14482,5
14482,13
14482,19
14483,19
14484,1
14484,10
14484,20
14485,12
14485,15
14486,4
14487,1
14487,11
14488,13
14488,14
14489,11
14489,17
14490,2
14490,13
14490,20
14491,13
14491,18
14492,5
14492,6
14492,16
14493,6
14494,2
14494,6
14495,1
14495,8
14496,13
14497,3
14498,2
14498,4
14498,14
14499,4
14499,8
14499,16
14500,8
14500,11
14501,3
14501,10
14501,20
14502,2
14502,5
14502,20
14503,4
14503,5
14503,13
14504,7
14505,18
14506,4
14506,9
14507,5
14508,10
14508,11
14508,20
14509,5
14510,5
14510,20
14511,10
14512,1
14513,8
14514,1
14514,2
14514,5
14515,4
14516,5
14517,6
14517,17
14518,6
14518,8
14518,9
14519,2
14519,19
14520,4
14520,19
14521,8
14521,11
14521,20
14522,20
14523,4
14523,13
14524,6
14524,14
14524,16
14525,9
14525,17
14525,20
14526,13
14526,16
14527,2
14527,18
14528,12
14528,15
14528,20
14529,13
14530,9
14531,18
14532,1
14533,2
14533,15
14533,19
14534,8
14534,20
14535,2
14535,5
14536,4
14536,7
14537,11
14537,14
14537,16
14538,3
14538,6
14538,14
14539,7
14539,14
14540,19
14541,10
14542,18
14542,20
14543,15
14543,16
14543,19
14544,18
14545,6
14545,7
14545,10
14546,3
14546,5
14546,9
14547,6
14547,20
14548,6
14549,17
14550,7
14551,3
14551,7
14551,17
14552,6
14552,20
14553,11
14554,1
14554,5
14554,13
14555,1
14555,19
14556,2
14556,4
14556,10
14557,3
14557,10
14558,10
14559,6
14559,20
14560,5
14560,9
14560,12
14561,1
14561,15
14562,8
14562,19
14562,20
14563,2
14563,9
14563,12
14564,6
14564,7
14565,15
14566,4
14566,12
14567,11
14568,7
14568,8
14568,17
14569,17
14569,19
14570,3
14570,20
14571,1
14571,11
14571,20
14572,2
14573,9
14573,11
14573,18
14574,12
14574,19
14575,2
14575,17
14576,6
14576,12
14576,16
14577,8
14578,7
14579,1
14580,1
14580,18
14581,3
14581,18
14582,10
14582,20
14583,10
14583,13
14583,15
14584,12
14584,15
14585,20
14586,9
14587,8
14587,12
14587,13
14588,2
14588,18
14589,5
14589,13
14589,19
14590,1
14590,5
14590,15
14591,5
14591,6
14591,11
14592,4
14592,9
14592,12
14593,2
14594,12
14594,14
14595,10
14596,5
14597,14
14597,15
14598,1
14598,17
14599,2
14599,9
14599,19
14600,11
14600,13
14600,19
14601,2
14601,16
14602,7
14603,6
14603,9
14604,7
14604,11
14605,1
14605,5
14605,14
14606,8
14606,9
14607,14
14608,3
14608,8
14608,10
14609,2
14609,7
14610,3
14610,12
14611,9
14612,4
14613,20
14614,11
14615,8
14615,14
14615,18
14616,1
14616,8
14616,12
14617,3
14617,6
14617,19
14618,6
14618,13
14619,15
14619,19
14620,15
14620,18
14621,2
14621,14
14622,10
14622,13
14623,6
14623,17
14624,2
14624,8
14625,1
14625,15
14626,2
14626,3
14626,20
14627,2
14627,4
14627,5
14628,10
14628,17
14629,12
14630,10
14630,20
14631,4
14632,17
14633,10
14633,19
14634,1
14634,9
14634,20
14635,3
14635,19
14636,2
14637,6
14637,7
14638,3
14638,6
14638,10
14639,10
14640,1
14640,7
14640,20
14641,2
14641,10
14641,14
14642,3
14642,5
14643,2
14644,2
14644,9
14645,1
14645,3
14645,7
14646,1
14646,12
14647,3
14648,17
14648,20
14649,11
14649,18
14650,13
14651,1
14651,14
14652,4
14652,12
14653,4
14653,9
14654,3
14654,8
14654,12
14655,1
14655,13
14656,4
14656,9
14656,12
14657,5
14657,15
14657,16
14658,5
14659,11
14660,18
14661,4
14661,20
14662,4
14662,20
14663,14
14664,16
14665,9
14666,12
14667,4
14667,7
14667,9
14668,13
14669,14
14670,1
14670,9
14671,6
14671,11
14671,16
14672,4
14672,7
14673,2
14673,7
14673,16
14674,3
14674,6
14675,1
14676,5
14676,11
14677,2
14677,10
14677,18
14678,6
14678,10
14679,18
14680,2
14680,14
14680,20
14681,5
14681,11
14681,19
14682,8
14683,2
14683,4
14684,1
14684,8
14684,19
14685,19
14686,9
14687,1
14688,4
14688,17
14688,20
14689,20
14690,4
14690,19
14691,6
14692,10
14692,15
14692,17
14693,3
14693,9
14693,11
14694,5
14694,9
14694,12
14695,7
14695,10
14695,11
14696,5
14697,9
14697,14
14698,6
14698,8
14698,16
14699,13
14699,14
14699,20
14700,3
14700,18
14701,2
14702,3
14702,6
14703,5
14703,15
14703,20
14704,1
14704,7
14705,14
14705,16
14705,19
14706,17
14706,20
14707,13
14708,15
14708,17
14709,1
14710,1
14710,17
14711,2
14711,5
14711,9
14712,8
14712,12
14712,20
14713,8
14714,4
14715,15
14715,19
14716,2
14717,6
14717,8
14717,14
14718,3
14718,13
14719,1
14719,3
14719,6
14720,5
14720,19
14721,4
14721,5
14722,2
14722,13
14723,14
14723,18
14723,19
14724,3
14725,18
14726,1
14726,8
14727,1
14727,6
14727,19
14728,13
14728,16
14728,20
14729,14
14730,17
14731,7
14731,8
14732,19
14733,2
14733,12
14733,13
14734,13
14734,16
14735,1
14735,11
14736,1
14736,17
14737,1
14737,2
14737,11
14738,20
14739,18
14740,2
14741,6
14741,20
14742,2
14742,19
14743,2
14743,12
14743,19
14744,10
14744,20
14745,19
14746,3
14746,5
14746,10
14747,7
14747,14
14748,13
14749,12
14750,6
14751,2
14751,15
14751,19
14752,3
14752,19
14753,17
14754,10
14755,7
14755,14
14755,18
14756,9
14756,17
14757,1
14757,5
14757,8
14758,15
14759,9
14759,19
14760,3
14760,4
14760,16
14761,11
14761,15
14762,1
14762,2
14763,7
14763,16
14764,4
14764,7
14765,12
14765,15
14766,5
14766,6
14766,11
14767,18
14768,18
14769,2
14769,7
14770,2
14770,7
14770,14
14771,10
14771,18
14772,12
14772,15
14773,12
14773,16
14774,11
14775,11
14776,9
14777,7
14777,10
14777,16
14778,1
14778,5
14778,16
14779,2
14779,4
14779,6
14780,2
14780,18
14781,1
14781,7
14781,16
14782,1
14782,3
14782,4
14783,8
14784,1
14784,5
14784,17
14785,8
14786,4
14786,13
14787,20
14788,1
14788,15
14788,20
14789,16
14789,17
14790,4
14790,12
14790,13
14791,3
14791,19
14792,16
14793,9
14793,10
14794,2
14794,20
14795,8
14795,19
14796,3
14796,13
14797,5
14797,20
14798,6
14798,15
14798,19
14799,14
14800,1
14801,2
14801,9
14802,13
14803,6
14804,10
14804,12
14804,14
14805,5
14805,11
14805,19
14806,17
14807,11
14807,13
14807,18
14808,7
14808,9
14808,13
14809,19
14810,9
14810,12
14811,20
14812,18
14813,6
14814,18
14815,15
14815,18
14816,3
14816,10
14817,8
14817,9
14818,8
14818,15
14818,20
14819,2
14819,20
14820,11
14820,15
14820,20
14821,15
14822,10
14822,13
14822,15
14823,4
14824,6
14824,7
14824,9
14825,1
14825,19
14825,20
14826,10
14827,6
14827,16
14827,18
14828,6
14828,7
14829,3
14829,13
14830,3
14830,6
14831,14
14832,1
14832,13
14833,2
14833,14
14833,20
14834,1
14835,11
14835,14
14836,15
14836,17
14836,20
14837,5
14837,6
14837,10
14838,12
14838,14
14838,20
14839,5
14839,7
14839,19
14840,2
14840,9
14840,11
14841,10
14841,11
14841,20
14842,8
14843,7
14843,13
14843,18
14844,7
14844,9
14844,13
14845,1
14845,20
14846,4
14846,9
14846,10
14847,2
14847,13
14847,17
14848,20
14849,8
14849,11
14849,13
14850,18
14851,3
14851,8
14851,12
14852,1
14852,7
14852,16
14853,15
14854,2
14854,4
14854,10
14855,16
14855,17
14855,20
14856,1
14856,3
14857,2
14857,17
14858,8
14858,9
14858,20
14859,3
14859,6
14860,5
14860,9
14860,17
14861,3
14861,9
14862,7
14862,16
14862,20
14863,4
14863,10
14863,17
14864,5
14864,10
14864,16
14865,1
14865,15
14866,8
14866,17
14867,2
14868,20
14869,2
14869,20
14870,14
14870,17
14871,11
14871,15
14872,1
14872,2
14873,7
14873,11
14874,2
14874,13
14875,8
14875,13
14875,15
14876,7
14877,3
14877,9
14878,9
14879,3
14879,9
14880,3
14880,14
14881,5
14881,8
14881,11
14882,3
14882,14
14883,6
14883,9
14883,17
14884,8
14884,9
14884,14
14885,11
14885,18
14886,15
14887,6
14887,12
14887,15
14888,7
14888,16
14888,20
14889,13
14890,9
14891,1
14891,3
14892,3
14892,9
14893,1
14893,10
14893,13
14894,2
14894,5
14894,20
14895,14
14895,17
14896,11
14897,5
14897,14
14897,15
14898,8
14898,16
14898,18
14899,13
14899,16
14900,1
14900,9
14901,8
14902,4
14902,16
14903,4
14903,12
14904,15
14905,1
14905,5
14906,6
14906,12
14906,14
14907,6
14907,11
14907,14
14908,8
14908,13
14908,16
14909,6
14909,13
14910,9
14910,12
14911,1
14911,9
14912,10
14913,8
14913,17
14913,19
14914,12
14914,15
14914,19
14915,8
14915,13
14916,6
14916,10
14916,19
14917,2
14917,9
14917,19
14918,2
14918,11
14919,9
14919,16
14920,12
14920,17
14921,1
14921,3
14921,7
14922,6
14922,13
14922,15
14923,2
14923,9
14924,17
14925,5
14925,11
14925,17
14926,3
14926,12
14927,8
14927,9
14927,17
14928,1
14928,8
14928,9
14929,19
14930,8
14930,15
14930,18
14931,9
14931,10
14932,9
14933,5
14934,1
14934,9
14934,18
14935,14
14935,17
14936,2
14936,13
14936,18
14937,7
14937,13
14937,15
14938,6
14938,16
14939,10
14940,4
14940,15
14941,12
14942,15
14942,18
14943,16
14944,3
14944,11
14944,14
14945,13
14946,3
14947,7
14947,13
14947,16
14948,3
14948,8
14949,7
14949,16
14949,17
14950,10
14951,7
14952,19
14953,4
14953,13
14953,14
14954,4
14954,14
14955,10
14956,13
14956,17
14956,18
14957,14
14957,16
14957,19
14958,3
14958,6
14959,5
14959,6
14959,10
14960,6
14960,19
14961,9
14962,13
14962,18
14963,2
14963,15
14964,4
14964,13
14964,15
14965,3
14965,9
14966,12
14966,15
14966,19
14967,5
14967,11
14967,15
14968,6
14968,7
14968,12
14969,5
14969,17
14970,1
14971,3
14971,7
14971,10
14972,15
14973,9
14974,5
14974,9
14975,4
14975,16
14976,12
14977,6
14977,17
14978,3
14979,4
14979,11
14979,19
14980,15
14981,20
14982,15
14983,14
14984,14
14984,16
14985,4
14985,7
14985,20
14986,4
14987,10
14987,11
14988,18
14989,7
14990,6
14990,10
14991,1
14991,11
14992,12
14993,8
14994,2
14994,3
14994,6
14995,6
14996,10
14996,13
14997,3
14997,11
14998,19
14998,20
14999,12
14999,15
14999,20
15000,2
15000,8
15001,16
15002,12
15003,5
15003,18
15004,7
15004,18
15005,2
15006,9
15007,11
15008,12
15008,13
15009,13
15010,17
15010,20
15011,8
15011,14
15011,17
15012,8
15012,14
15013,10
15013,19
15013,20
15014,1
15014,4
15014,17
15015,5
15015,7
15015,13
15016,7
15016,15
15017,1
15017,5
15017,13
15018,1
15018,5
15018,9
15019,5
15019,10
15019,19
15020,3
15021,6
15021,9
15021,15
15022,7
15022,11
15023,14
15024,6
15024,16
15024,18
15025,19
15026,7
15026,16
15026,17
15027,4
15028,5
15029,7
15030,5
15030,17
15030,19
15031,19
15032,2
15032,4
15032,12
15033,12
15034,10
15034,12
15034,16
15035,3
15035,14
15036,2
15036,13
15036,17
15037,8
15038,10
15039,1
15039,11
15039,20
15040,9
15040,14
15040,17
15041,3
15042,4
15042,7
15042,9
15043,8
15044,1
15044,12
15045,7
15045,9
15046,4
15047,4
15047,12
15047,20
15048,11
15048,19
15049,3
15049,5
15049,20
15050,4
15050,13
15050,16
15051,2
15051,3
15051,8
15052,3
15052,10
15053,11
15053,14
15054,1
15054,5
15054,19
15055,10
15055,19
15056,1
15056,7
15056,13
15057,1
15057,3
15057,14
15058,1
15058,3
15058,4
15059,7
15059,14
15060,20
15061,7
15061,10
15062,7
15062,10
15062,12
15063,7
15063,9
15063,16
15064,2
15065,19
15066,2
15066,4
15067,7
15067,11
15068,1
15069,6
15069,8
15070,6
15070,14
15071,18
15071,20
15072,1
15072,18
15072,20
15073,16
15073,20
15074,9
15075,9
15075,18
15076,11
15076,12
15076,20
15077,13
15078,6
15078,7
15078,10
15079,11
15080,4
15080,10
15080,15
15081,19
15082,12
15083,19
15084,1
15085,17
15086,3
15086,13
15086,19
15087,15
15087,16
15088,1
15088,5
15088,12
15089,17
15090,13
15090,17
15091,2
15091,7
15091,9
15092,1
15092,5
15092,9
15093,17
15094,5
15094,17
15094,19
15095,11
15095,18
15096,7
15096,17
15097,2
15097,7
15097,18
15098,1
15098,7
15099,7
15099,16
15100,5
15101,12
15102,10
15102,14
15102,18
15103,2
15103,7
15103,12
15104,9
15104,17
15105,3
15105,18
15106,9
15107,19
15108,4
15108,9
15109,11
15110,3
15111,4
15111,8
15111,13
15112,16
15113,1
15114,9
15115,4
15115,10
15115,12
15116,5
15116,7
15116,9
15117,1
15117,4
15117,10
15118,6
15118,11
15118,20
15119,8
15119,19
15120,5
15120,11
15121,3
15121,14
15122,4
15122,9
15123,19
15124,2
15124,3
15124,15
15125,20
15126,5
15127,11
15128,19
15129,4
15129,16
15130,4
15130,20
15131,10
15132,6
15132,8
15132,9
15133,2
15133,11
15133,13
15134,14
15135,5
15136,13
15137,10
15137,19
15138,1
15138,2
15138,3
15139,3
15140,7
15141,1
15142,14
15143,13
15143,19
15144,12
15144,13
15145,6
15145,8
15145,15
15146,18
15147,7
15147,13
15147,17
15148,4
15148,10
15149,10
15150,6
15150,13
15151,17
15152,16
15153,2
15153,20
15154,7
15154,17
15155,1
15155,11
15155,19
15156,1
15156,12
15156,20
15157,6
15157,9
15157,17
15158,3
15158,14
15158,18
15159,13
15160,11
15161,6
15161,16
15162,1
15163,6
15163,16
15163,17
15164,4
15164,10
15165,12
15166,3
15166,12
15166,15
15167,3
15167,12
15167,17
15168,3
15168,11
15169,10
15169,12
15169,19
15170,6
15170,12
15170,14
15171,8
15171,11
15172,5
15173,16
15174,5
15175,5
15175,9
15175,10
15176,6
15176,16
15176,18
15177,6
15178,5
15179,3
15179,6
15179,15
15180,4
15180,11
15181,5
15181,8
15181,9
15182,10
15183,11
15183,16
15183,17
15184,8
15185,10
15186,5
15186,13
15187,2
15187,8
15187,12
15188,2
15189,9
15190,8
15191,1
15192,4
15193,3
15194,10
15194,14
15195,3
15195,6
15196,8
15196,15
15197,1
15197,16
15197,17
15198,5
15198,11
15199,5
15199,16
15199,19
15200,5
15201,2
15201,10
15202,13
15202,15
15202,16
15203,15
15203,17
15203,19
15204,6
15204,12
15204,13
15205,10
15205,14
15205,19
15206,3
15207,12
15208,15
15209,10
15209,13
15209,14
15210,6
15210,15
15211,7
15211,13
15211,19
15212,1
15212,14
15212,17
15213,15
15214,4
15215,10
15215,11
15215,16
15216,12
15217,2
15217,5
15217,6
15218,3
15219,16
15220,10
15221,5
15222,8
15222,12
15222,19
15223,5
15224,18
15225,10
15226,7
15227,14
15228,14
15229,16
15229,20
15230,10
15230,14
15231,2
15231,16
15231,20
15232,4
15233,11
15233,17
15233,19
15234,4
15235,12
15236,15
15236,18
15237,8
15238,2
15238,7
15238,16
15239,11
15240,12
15240,13
15240,17
15241,6
15242,5
15242,10
15243,13
15244,10
15245,17
15245,18
15246,7
15246,10
15246,13
15247,3
15247,9
15248,16
15248,18
15249,1
15249,17
15250,1
15250,12
15250,15
15251,3
15251,16
15251,20
15252,9
15252,10
15252,20
15253,2
15254,16
15255,9
15255,17
15256,9
15257,8
15257,15
15258,7
15258,13
15258,19
15259,2
15259,10
15260,13
15260,18
15261,4
15261,15
15261,19
15262,3
15262,14
15262,17
15263,17
15264,16
15265,8
15265,10
15265,15
15266,10
15266,15
15267,14
15267,15
15267,17
15268,5
15268,10
15268,12
15269,8
15269,20
15270,4
15270,17
15270,19
15271,11
15272,11
15272,16
15273,4
15273,7
15274,9
15274,12
15275,15
15275,20
15276,1
15276,2
15276,15
15277,2
15277,15
15278,11
15278,12
15279,1
15280,3
15281,4
15281,7
15282,4
15282,5
15283,6
15283,12
15284,4
15284,6
15284,20
15285,12
15285,13
15285,18
15286,5
15286,9
15287,12
15288,6
15288,11
15289,4
15289,16
15290,10
15290,18
15291,11
15291,14
15292,13
15293,5
15293,9
15294,15
15295,5
15295,17
15296,1
15296,5
15296,20
15297,5
15298,9
15299,1
15300,10
15300,19
15301,2
15301,15
15302,13
15303,2
15303,6
15304,4
15304,9
15304,17
15305,2
15305,14
15306,8
15306,14
15306,15
15307,6
15307,12
15308,2
15309,4
15309,6
15309,8
15310,11
15310,13
15310,19
15311,6
15311,7
15311,20
15312,12
15313,1
15313,12
15313,14
15314,13
15315,4
15315,11
15315,13
15316,9
15316,17
15316,19
15317,5
15317,7
15317,12
15318,9
15318,19
15319,3
15319,4
15320,1
15320,2
15320,6
15321,18
15322,13
15322,16
15322,20
15323,2
15323,10
15323,20
15324,5
15324,8
15325,4
15326,4
15326,15
15327,4
15327,13
15328,6
15328,19
15329,1
15329,11
15329,14
15330,8
15330,12
15330,14
15331,9
15332,6
15332,7
15332,9
15333,2
15334,2
15334,10
15335,3
15336,2
15336,15
15336,19
15337,6
15338,18
15339,9
15339,11
15340,7
15340,13
15340,19
15341,6
15341,10
15342,2
15342,3
15342,13
15343,13
15343,16
15344,7
15344,15
15344,17
15345,2
15345,4
15345,17
15346,3
15347,2
15348,5
15348,6
15348,12
15349,17
15350,12
15351,5
15352,15
15353,2
15353,11
15354,10
15354,17
15355,13
15356,6
15356,8
15356,9
15357,13
15357,18
15358,2
15358,9
15358,14
15359,4
15359,6
15360,4
15360,13
15361,10
15361,11
15361,12
15362,15
15363,7
15363,8
15363,16
15364,5
15365,10
15366,3
15366,13
15366,20
15367,2
15367,10
15367,16
15368,2
15368,3
15368,13
15369,20
15370,9
15370,12
15371,3
15371,19
15372,2
15372,7
15372,9
15373,2
15373,15
15374,20
15375,2
15375,14
15375,15
15376,1
15376,7
15377,6
15377,14
15378,15
15379,9
15380,9
15380,11
15381,1
15381,10
15382,3
15382,12
15382,19
15383,2
15383,13
15383,19
15384,8
15384,13
15385,6
15386,3
15386,13
15386,16
15387,3
15388,11
15388,17
15389,6
15390,6
15390,20
15391,3
15391,6
15391,15
15392,10
15392,20
15393,5
15394,20
15395,12
15396,18
15397,3
15397,18
15398,11
15398,16
15399,3
15399,16
15400,12
15400,16
15401,6
15402,9
15402,12
15402,17
15403,8
15403,14
15403,19
15404,16
15405,7
15405,8
15405,18
15406,2
15406,10
15406,17
15407,7
15408,7
15408,17
15409,4
15409,12
15410,6
15410,13
15410,19
15411,13
15411,17
15412,1
15412,17
15413,1
15413,12
15413,16
15414,8
15414,11
15415,1
15416,6
15417,16
15418,1
15418,7
15419,1
15419,9
15419,14
15420,1
15420,5
15421,2
15421,8
15421,19
15422,3
15422,9
15423,4
15424,16
15425,6
15425,15
15426,8
15426,19
15427,5
15427,6
15427,14
15428,9
15428,11
15428,17
15429,6
15429,16
15430,5
15430,8
15431,8
15431,13
15431,17
15432,5
15433,1
15433,16
15434,17
15435,20
15436,17
15436,20
15437,14
15438,17
15439,19
15440,1
15440,18
15440,19
15441,1
15441,2
15441,9
15442,7
15442,8
15442,13
15443,5
15443,6
15443,15
15444,10
15444,11
15445,6
15446,9
15446,12
15447,13
15448,5
15448,8
15449,6
15449,16
15449,19
15450,4
15451,8
15451,12
15452,11
15453,4
15454,19
15454,20
15455,6
15456,9
15456,12
15456,15
15457,3
15458,3
15458,11
15458,13
15459,1
15459,18
15460,6
15460,10
15461,4
15461,8
15461,11
15462,19
15463,1
15463,14
15464,11
15464,15
15464,20
15465,19
15466,10
15466,13
15467,3
15467,20
15468,3
15468,5
15468,7
15469,1
15469,5
15469,15
15470,19
15471,19
15472,3
15472,9
15472,18
15473,11
15473,12
15474,14
15475,14
15476,3
15476,11
15476,17
15477,14
15477,15
15478,3
15478,12
15478,20
15479,13
15479,14
15479,15
15480,2
15480,6
15481,7
15482,9
15482,10
15483,4
15483,12
15483,19
15484,8
15484,15
15485,1
15485,7
15485,9
15486,5
15486,9
15486,10
15487,4
15487,5
15487,14
15488,4
15488,7
15489,15
15489,16
15490,5
15490,9
15491,5
15492,6
15493,4
15493,5
15493,10
15494,7
15494,16
15494,19
15495,1
15495,3
15495,19
15496,9
15497,4
15497,7
15498,4
15498,11
15499,6
15500,8
15500,12
15500,18
15501,1
15501,11
15501,18
15502,6
15502,7
15502,8
15503,1
15503,4
15504,7
15504,11
15505,3
15505,7
15505,11
15506,7
15506,14
15507,3
15507,8
15507,10
15508,3
15508,15
15508,19
15509,7
15509,8
15510,9
15510,15
15511,3
15511,9
15511,12
15512,8
15513,6
15513,11
15513,17
15514,4
15514,16
15515,18
15515,19
15516,5
15517,13
15518,5
15518,9
15518,19
15519,2
15519,18
15520,17
15521,12
15521,15
15522,18
15523,4
15523,19
15524,3
15524,14
15524,17
15525,6
15525,10
15525,12
15526,4
15526,7
15526,20
15527,8
15527,11
15528,4
15528,11
15528,14
15529,7
15530,4
15530,8
15530,14
15531,10
15531,15
15532,3
15532,14
15533,14
15534,11
15535,8
15535,20
15536,1
15536,16
15537,8
15537,13
15537,16
15538,5
15539,9
15539,16
15540,14
15541,3
15541,8
15541,12
15542,4
15543,10
15543,17
15544,13
15545,5
15545,14
15545,15
15546,2
15546,5
15547,3
15547,18
15548,6
15548,7
15549,20
15550,13
15551,15
15551,18
15552,13
15552,18
15553,9
15553,16
15553,20
15554,4
15555,5
15555,12
15555,19
15556,4
15557,11
15557,20
15558,9
15559,4
15559,14
15560,10
15561,8
15561,9
15561,18
15562,8
15563,5
15563,13
15563,15
15564,10
15564,11
15565,14
15565,15
15566,2
15566,10
15566,19
15567,9
15568,12
15569,2
15569,12
15569,13
15570,14
15571,2
15571,7
15571,17
15572,6
15572,11
15573,6
15573,7
15573,17
15574,7
15575,20
15576,14
15576,16
15576,17
15577,10
15578,12
15579,4
15579,12
15579,19
15580,14
15580,15
15580,20
15581,17
15582,13
15582,17
15583,5
15583,19
15583,20
15584,8
15584,9
15585,7
15585,14
15586,6
15586,13
15587,3
15587,4
15587,16
15588,4
15588,14
15589,7
15589,11
15590,7
15590,11
15590,12
15591,2
15591,9
15591,12
15592,17
15592,19
15593,5
15593,11
15593,17
15594,9
15594,14
15594,18
15595,2
15596,5
15596,15
15596,19
15597,9
15597,11
15597,20
15598,15
15599,7
15599,8
15599,10
15600,10
15601,4
15601,6
15601,9
15602,12
15603,2
15603,10
15604,13
15604,15
15604,20
15605,10
15606,18
15607,9
15607,16
15608,10
15609,12
15610,16
15611,1
15611,7
15611,15
15612,9
15612,15
15613,8
15613,13
15614,15
15615,15
15615,16
15615,19
15616,1
15616,3
15617,1
15617,12
15617,13
15618,20
15619,1
15619,16
15620,8
15621,4
15621,14
15622,2
15622,9
15623,3
15624,2
15624,17
15625,19
15626,5
15627,19
15628,11
15629,7
15630,1
15630,6
15630,20
15631,2
15631,3
15631,12
15632,3
15632,10
15632,15
15633,6
15633,15
15634,2
15634,12
15634,19
15635,5
15635,11
15636,16
15637,1
15637,7
15637,9
15638,12
15638,16
15638,20
15639,10
15639,11
15639,13
15640,5
15640,10
15640,20
15641,7
15641,8
15642,8
15643,10
15643,18
15643,20
15644,3
15644,11
15644,14
15645,2
15645,7
15645,10
15646,2
15646,7
15646,18
15647,10
15648,7
15649,4
15650,2
15650,13
15651,2
15651,9
15651,20
15652,12
15653,8
15653,10
15653,19
15654,16
15655,7
15655,16
15655,19
15656,2
15656,8
15657,4
15657,15
15657,18
15658,4
15658,5
15658,18
15659,3
15660,1
15660,14
15661,6
15661,7
15661,19
15662,3
15663,13
15663,15
15663,17
15664,3
15665,1
15665,2
15665,18
15666,8
15667,8
15667,13
15667,18
15668,1
15668,5
15668,16
15669,11
15669,12
15669,15
15670,12
15671,9
15671,10
15672,3
15672,7
15672,20
15673,10
15673,15
15674,6
15674,13
15674,17
15675,19
15676,6
15676,10
15676,13
15677,6
15678,17
15679,2
15679,5
15679,9
15680,3
15681,3
15681,12
15682,1
15682,11
15683,1
15683,2
15683,7
15684,5
15684,12
15684,16
15685,8
15685,11
15685,13
15686,19
15687,1
15687,3
15687,13
15688,8
15688,16
15688,19
15689,17
15690,15
15691,7
15691,11
15692,2
15692,18
15693,10
15694,13
15694,17
15694,20
15695,6
15695,8
15695,19
15696,12
15696,18
15696,20
15697,1
15697,6
15697,11
15698,1
15699,4
15699,10
15699,12
15700,10
15700,18
15701,5
15701,16
15702,15
15703,2
15703,12
15704,18
15705,1
15705,7
15706,4
15706,5
15706,6
15707,11
15707,15
15707,20
15708,2
15708,5
15708,20
15709,9
15709,17
15710,19
15711,1
15712,6
15713,9
15714,2
15715,16
15716,17
15717,2
15718,20
15719,6
15719,11
15720,11
15720,12
15721,5
15722,7
15722,15
15723,2
15724,14
15724,20
15725,1
15725,7
15725,20
15726,6
15727,4
15727,15
15728,14
15728,20
15729,4
15729,6
15729,20
15730,16
15731,6
15731,14
15732,7
15733,10
15734,12
15734,19
15735,6
15735,12
15735,13
15736,6
15736,13
15737,19
15738,20
15739,2
15739,10
15739,11
15740,3
15740,10
15741,7
15741,12
15742,7
15742,14
15743,6
15743,18
15744,10
15744,14
15745,12
15745,14
15745,18
15746,14
15746,16
15747,12
15747,19
15748,11
15748,16
15748,19
15749,1
15749,4
15749,11
15750,2
15750,12
15750,14
15751,15
15751,19
15752,9
15752,11
15753,4
15754,1
15754,19
15755,5
15755,20
15756,14
15756,17
15757,1
15757,10
15758,14
15759,13
15759,16
15760,2
15760,12
15760,18
15761,10
15762,1
15762,13
15762,14
15763,8
15763,13
15763,17
15764,6
15764,12
15764,17
15765,10
15766,14
15767,15
15768,1
15768,6
15769,20
15770,6
15771,4
15771,6
15772,8
15773,1
15773,6
15773,10
15774,5
15774,13
15775,8
15775,13
15776,4
15776,10
15777,9
15777,15
15777,16
15778,3
15778,4
15778,11
15779,20
15780,9
15780,12
15781,8
15781,18
15781,20
15782,8
15782,20
15783,10
15783,17
15784,3
15784,14
15784,20
15785,8
15785,12
15785,20
15786,5
15786,11
15786,20
15787,18
15788,3
15788,11
15788,16
15789,1
15790,2
15790,3
15790,18
15791,16
15792,10
15792,15
15792,19
15793,3
15794,3
15795,14
15795,20
15796,7
15797,1
15797,19
15798,2
15798,4
15798,20
15799,1
15799,10
15800,4
15800,11
15800,13
15801,2
15801,9
15801,15
15802,12
15803,12
15803,16
15803,17
15804,9
15805,9
15805,10
15805,12
15806,3
15807,10
15808,1
15809,3
15809,10
15809,17
15810,6
15810,14
15810,18
15811,9
15811,19
15812,15
15813,6
15813,11
15813,15
15814,2
15814,12
15815,4
15815,11
15816,20
15817,19
15818,15
15819,15
15819,20
15820,15
15821,1
15821,13
15821,20
15822,14
15823,4
15823,7
15823,9
15824,4
15824,6
15825,7
15825,9
15825,18
15826,11
15826,20
15827,12
15827,19
15828,6
15828,15
15828,16
15829,2
15829,5
15829,14
15830,14
15831,4
15831,12
15831,13
15832,1
15832,9
15832,14
15833,17
15834,6
15834,14
15834,16
15835,1
15836,6
15837,3
15837,8
15837,12
15838,1
15838,5
15838,9
15839,13
15839,19
15840,4
15840,11
15840,16
15841,9
15842,7
15842,9
15842,18
15843,7
15843,14
15844,16
15845,17
15845,19
15846,3
15846,9
15846,19
15847,18
15848,16
15848,17
15848,20
15849,4
15850,3
15850,17
15850,19
15851,8
15852,16
15853,6
15853,7
15853,11
15854,4
15855,6
15855,8
15856,3
15856,15
15857,15
15858,5
15859,16
15859,17
15860,8
15860,14
15860,19
15861,2
15861,16
15861,17
15862,3
15862,6
15862,7
15863,2
15864,2
15864,5
15864,6
15865,10
15865,17
15866,8
15866,11
15867,20
15868,17
15868,18
15869,14
15870,12
15870,19
15871,2
15871,4
15872,5
15872,11
15873,1
15873,19
15873,20
15874,6
15874,10
15874,17
15875,5
15876,4
15876,16
15877,4
15878,4
15878,8
15878,20
15879,9
15879,16
15880,9
15881,8
15882,11
15883,6
15883,16
15883,19
15884,3
15884,16
15885,8
15886,12
15887,4
15887,8
15887,14
15888,2
15888,6
15888,20
15889,11
15890,20
15891,14
15891,16
15891,18
15892,10
15892,13
15893,3
15894,13
15895,1
15895,2
15896,2
15896,6
15897,4
15897,5
15897,20
15898,1
15898,15
15899,10
15899,13
15899,14
15900,7
15900,11
15900,13
15901,19
15902,4
15903,2
15903,8
15903,11
15904,4
15904,8
15904,20
15905,9
15905,13
15906,1
15906,11
15906,19
15907,3
15907,5
15907,19
15908,9
15908,10
15908,17
15909,9
15909,19
15910,15
15910,20
15911,12
15912,5
15912,15
15913,2
15913,10
15913,16
15914,5
15914,10
15915,4
15915,12
15915,15
15916,8
15916,19
15917,1
15917,19
15918,11
15918,13
15919,10
15920,9
15920,10
15921,12
15921,16
15922,3
15922,17
15923,6
15923,11
15924,5
15924,17
15925,10
15925,13
15925,18
15926,1
15926,11
15927,1
15927,8
15927,20
15928,3
15928,8
15929,10
15929,18
15930,3
15931,20
15932,8
15933,16
15933,20
15934,9
15934,17
15935,20
15936,16
15937,5
15937,16
15938,4
15938,12
15938,15
15939,5
15939,6
15940,4
15940,6
15941,1
15941,7
15942,4
15942,7
15942,9
15943,10
15944,5
15944,6
15945,15
15946,2
15947,3
15947,10
15948,7
15948,12
15948,16
15949,2
15949,20
15950,6
15950,8
15951,20
15952,16
15952,18
15952,20
15953,7
15953,8
15954,4
15954,6
15955,17
15956,7
15956,17
15957,12
15957,15
15957,19
15958,6
15958,14
15958,18
15959,6
15960,17
15961,4
15961,9
15961,12
15962,2
15962,17
15962,18
15963,17
15963,19
15964,3
15964,17
15964,19
15965,4
15965,9
15965,20
15966,18
15967,16
15968,8
15968,10
15968,18
15969,1
15970,7
15970,9
15971,19
15972,7
15972,11
15972,20
15973,7
15973,20
15974,15
15974,19
15975,4
15975,5
15975,15
15976,1
15976,2
15976,9
15977,6
15977,7
15977,10
15978,9
15979,2
15980,20
15981,3
15981,8
15981,15
15982,13
15983,8
15984,10
15985,1
15985,8
15985,17
15986,6
15986,10
15986,16
15987,16
15987,17
15988,19
15989,1
15989,4
15989,16
15990,3
15991,12
15992,18
15992,20
15993,2
15993,3
15993,14
15994,10
15995,19
15996,6
15996,16
15996,20
15997,10
15997,12
15998,2
15999,13
15999,19
16000,3
16000,5
16000,12
16001,3
16001,7
16001,19
16002,15
16002,16
16002,17
16003,4
16003,12
16003,14
16004,2
16004,12
16005,18
16006,2
16007,9
16007,10
16008,5
16009,13
16009,15
16010,4
16011,4
16011,5
16011,8
16012,5
16012,11
16013,3
16013,12
16014,2
16015,7
16016,14
16016,18
16017,10
16017,16
16018,19
16019,8
16019,18
16020,3
16020,15
16021,9
16021,12
16021,18
16022,3
16022,8
16022,13
16023,6
16024,6
16025,3
16025,6
16025,18
16026,14
16027,16
16028,11
16029,3
16030,20
16031,2
16031,7
16031,17
16032,2
16032,3
16032,5
16033,5
16033,8
16034,1
16034,12
16035,13
16036,10
16036,18
16037,6
16037,12
16037,20
16038,19
16039,11
16040,11
16040,13
16041,9
16041,13
16041,16
16042,3
16043,3
16043,20
16044,12
16044,20
16045,2
16045,7
16045,13
16046,8
16046,12
16047,6
16047,7
16047,10
16048,6
16048,9
16049,14
16049,15
16050,5
16050,6
16051,13
16051,16
16052,16
16053,15
16053,19
16054,9
16055,6
16055,11
16056,10
16057,2
16057,6
16057,12
16058,5
16058,9
16058,14
16059,10
16059,15
16060,2
16060,9
16060,13
16061,16
16062,20
16063,2
16063,7
16063,13
16064,16
16064,17
16065,3
16066,14
16067,4
16068,11
16068,13
16069,19
16070,3
16070,6
16070,12
16071,11
16072,6
16072,9
16073,3
16074,1
16074,9
16075,15
16076,2
16076,14
16076,17
16077,1
16077,17
16077,19
16078,11
16079,12
16079,17
16079,20
16080,8
16080,9
16080,14
16081,9
16081,18
16082,12
16082,15
16083,9
16083,16
16083,19
16084,12
16085,2
16085,6
16085,10
16086,7
16086,10
16086,13
16087,6
16087,11
16087,16
16088,9
16088,17
16089,11
16089,16
16089,17
16090,15
16091,6
16091,14
16091,16
16092,2
16092,8
16093,4
16093,11
16093,17
16094,18
16095,15
16095,17
16096,9
16096,12
16096,20
16097,4
16098,6
16098,8
16098,10
16099,3
16099,16
16100,5
16100,19
16100,20
16101,6
16101,11
16102,15
16103,1
16104,5
16105,12
16105,13
16105,20
16106,11
16107,18
16108,12
16108,15
16109,12
16110,6
16111,19
16112,3
16112,8
16112,13
16113,1
16114,10
16115,9
16115,14
16116,20
16117,6
16117,19
16118,2
16118,3
16118,10
16119,14
16120,11
16120,17
16121,13
16122,5
16122,8
16122,17
16123,2
16123,3
16123,9
16124,15
16125,7
16126,8
16127,1
16127,15
16127,16
16128,17
16129,14
16129,15
16130,2
16130,15
16130,18
16131,8
16131,16
16132,4
16133,5
16133,19
16134,6
16134,12
16135,10
16135,14
16136,3
16137,1
16138,15
16138,20
16139,2
16139,10
16140,20
16141,2
16141,3
16141,15
16142,5
16142,7
16142,12
16143,3
16143,13
16143,20
16144,1
16144,4
16144,13
16145,17
16146,8
16146,15
16147,1
16148,1
16148,2
16149,1
16150,5
16151,4
16152,13
16153,2
16153,7
16153,11
16154,2
16155,3
16156,3
16156,7
16156,13
16157,4
16157,19
16158,13
16159,14
16159,17
16160,2
16160,3
16161,10
16162,3
16162,10
16162,19
16163,6
16163,8
16164,5
16164,12
16164,20
16165,19
16166,5
16166,9
16167,11
16167,13
16167,17
16168,14
16169,4
16169,5
16170,16
16171,5
16172,9
16172,10
16173,11
16173,13
16173,19
16174,6
16175,3
16175,6
16175,9
16176,5
16176,9
16176,11
16177,2
16177,11
16177,17
16178,11
16178,12
16178,15
16179,6
16180,5
16180,9
16181,5
16181,7
16181,14
16182,12
16183,8
16184,15
16185,10
16185,11
16185,17
16186,4
16186,16
16187,1
16187,5
16187,7
16188,1
16189,3
16189,7
16190,1
16190,5
16190,8
16191,17
16192,14
16192,15
16193,9
16193,10
16193,15
16194,6
16194,17
16194,20
16195,1
16195,16
16195,18
16196,2
16196,7
16197,10
16198,2
16198,8
16198,14
16199,13
16199,14
16199,19
16200,14
16200,15
16201,19
16202,2
16202,6
16203,10
16203,14
16203,20
16204,2
16204,3
16204,20
16205,4
16205,16
16206,10
16206,11
16207,11
16207,17
16208,10
16208,14
16209,15
16209,20
16210,4
16210,8
16210,15
16211,12
16212,9
16213,15
16214,6
16214,7
16214,19
16215,5
16215,7
16215,15
16216,15
16217,11
16217,14
16218,10
16218,18
16219,16
16220,10
16220,20
16221,10
16221,11
16222,2
16222,7
16222,9
16223,1
16223,5
16223,20
16224,4
16224,8
16224,10
16225,11
16225,14
16226,7
16226,10
16226,12
16227,6
16227,7
16227,18
16228,8
16229,8
16229,11
16230,12
16231,14
16231,17
16232,5
16233,12
16233,14
16233,20
16234,10
16234,12
16235,1
16235,5
16235,8
16236,1
16236,18
16236,20
16237,7
16238,15
16239,3
16239,13
16239,19
16240,15
16240,16
16241,4
16242,3
16242,4
16243,12
16244,4
16244,13
16244,17
16245,7
16246,12
16247,20
16248,6
16248,18
16249,4
16250,15
16250,18
16251,2
16251,11
16251,13
16252,3
16252,7
16252,13
16253,1
16253,12
16253,15
16254,5
16254,15
16255,12
16256,2
16257,3
16257,18
16257,20
16258,1
16259,9
16259,10
16259,19
16260,1
16261,5
16262,8
16262,16
16263,1
16264,11
16264,13
16264,20
16265,5
16265,10
16265,15
16266,7
16266,14
16266,18
16267,17
16268,13
16269,6
16270,14
16270,15
16271,3
16271,4
16271,8
16272,3
16272,8
16273,2
16273,11
16273,15
16274,20
16275,3
16275,9
16275,16
16276,9
16277,14
16278,5
16278,8
16278,10
16279,13
16280,4
16280,9
16280,13
16281,7
16281,17
16282,3
16282,7
16282,17
16283,10
16283,16
16284,5
16284,11
16284,18
16285,2
16285,12
16286,9
16286,10
16286,16
16287,18
16288,10
16288,11
16288,16
16289,17
16290,6
16290,10
16290,16
16291,15
16291,20
16292,18
16292,19
16292,20
16293,6
16294,11
16294,12
16295,1
16295,9
16295,10
16296,4
16297,1
16298,10
16299,4
16299,13
16299,19
16300,16
16301,11
16301,17
16302,7
16302,12
16303,2
16303,12
16303,15
16304,13
16304,18
16304,20
16305,5
16305,14
16306,6
16306,7
16306,8
16307,1
16307,8
16307,11
16308,5
16309,7
16309,12
16309,20
16310,6
16310,11
16310,12
16311,7
16311,15
16312,4
16312,7
16313,12
16314,10
16315,16
16315,17
16316,4
16317,4
16318,3
16318,4
16318,15
16319,4
16319,16
16320,7
16321,7
16321,18
16322,5
16322,10
16323,4
16323,6
16323,11
16324,11
16325,10
16325,19
16326,8
16326,18
16327,16
16327,18
16328,15
16329,8
16330,7
16330,20
16331,17
16331,19
16332,2
16333,9
16333,18
16334,11
16335,6
16335,16
16336,20
16337,7
16337,9
16338,4
16338,7
16338,14
16339,5
16340,20
16341,5
16341,14
16341,18
16342,16
16342,18
16342,20
16343,5
16343,16
16344,4
16344,11
16345,8
16345,13
16346,2
16346,5
16346,15
16347,12
16347,15
16347,19
16348,13
16349,19
16349,20
16350,5
16351,11
16351,13
16351,18
16352,9
16352,11
16352,19
16353,3
16353,14
16354,8
16354,19
16355,4
16356,3
16357,13
16357,18
16358,1
16358,10
16359,13
16360,4
16360,5
16360,17
16361,13
16362,1
16362,8
16362,14
16363,6
16364,12
16365,4
16365,11
16365,18
16366,5
16367,3
16367,12
16367,14
16368,3
16368,7
16369,2
16369,8
16369,15
16370,3
16370,15
16370,17
16371,10
16371,17
16371,20
16372,9
16372,10
16372,11
16373,1
16374,15
16375,10
16375,11
16375,15
16376,10
16376,16
16376,20
16377,10
16378,4
16378,12
16379,4
16379,7
16379,13
16380,7
16381,12
16382,8
16383,2
16383,7
16383,14
16384,12
16384,15
16385,13
16385,17
16386,2
16386,15
16387,6
16388,1
16388,15
16389,13
16389,14
16389,19
16390,13
16391,1
16391,12
16391,17
16392,5
16392,14
16393,2
16394,14
16394,17
16395,7
16395,12
16396,13
16397,9
16397,16
16398,9
16399,6
16400,1
16400,9
16400,20
16401,19
16402,10
16402,17
16403,7
16403,11
16403,13
16404,1
16405,3
16406,1
16406,5
16406,17
16407,4
16407,13
16408,7
16408,17
16408,18
16409,19
16410,19
16411,3
16411,5
16411,16
16412,4
16412,8
16412,17
16413,4
16413,16
16413,18
16414,4
16414,5
16414,14
16415,1
16415,4
16416,3
16416,12
16416,15
16417,1
16417,14
16418,17
16419,17
16420,11
16420,15
16421,5
16421,14
16421,20
16422,10
16423,3
16423,5
16423,11
16424,6
16424,8
16424,17
16425,4
16425,13
16425,14
16426,3
16426,16
16427,3
16427,7
16428,3
16429,8
16429,10
16429,15
16430,8
16431,5
16431,16
16432,6
16432,12
16432,14
16433,8
16433,20
16434,12
16434,14
16435,3
16436,5
16436,11
16436,14
16437,4
16437,11
16438,4
16438,7
16439,6
16439,16
16440,11
16441,7
16441,18
16442,6
16442,18
16443,7
16444,4
16444,8
16445,1
16445,7
16446,10
16447,1
16447,16
16448,14
16448,19
16449,11
16449,15
16449,17
16450,10
16450,20
16451,10
16451,11
16452,5
16452,9
16452,18
16453,17
16454,7
16454,18
16455,4
16455,5
16455,6
16456,11
16456,17
16457,9
16457,16
16457,20
16458,12
16459,7
16460,11
16461,7
16462,12
16462,13
16463,18
16464,11
16464,14
16464,20
16465,8
16465,14
16465,19
16466,9
16466,10
16466,16
16467,3
16467,16
16468,10
16469,6
16470,8
16470,17
16471,3
16471,8
16471,9
16472,14
16473,5
16473,15
16474,14
16474,15
16474,20
16475,12
16475,14
16476,2
16477,2
16477,16
16478,20
16479,7
16480,15
16480,16
16481,9
16481,10
16482,2
16483,7
16483,9
16483,18
16484,4
16484,16
16484,19
16485,1
16485,2
16485,6
16486,9
16487,20
16488,8
16488,11
16488,17
16489,16
16490,4
16490,7
16490,16
16491,2
16491,5
16491,7
16492,1
16493,13
16493,20
16494,12
16494,14
16495,17
16496,16
16496,17
16497,15
16497,16
16497,17
16498,10
16498,12
16498,17
16499,12
16499,15
16499,16
16500,3
16500,16
16500,19
16501,10
16502,3
16502,10
16502,15
16503,2
16503,3
16504,6
16504,19
16505,19
16506,1
16506,4
16507,5
16507,7
16507,16
16508,13
16508,17
16508,19
16509,14
16509,17
16509,18
16510,1
16510,5
16511,8
16512,13
16513,2
16513,8
16514,11
16515,9
16516,4
16517,2
16517,6
16518,12
16518,14
16518,15
16519,8
16520,11
16521,19
16522,12
16522,20
16523,2
16523,14
16524,19
16525,1
16525,3
16526,6
16526,9
16526,19
16527,2
16527,16
16527,19
16528,7
16528,11
16529,14
16529,15
16529,18
16530,3
16530,5
16531,14
16531,15
16531,19
16532,5
16532,13
16533,7
16534,10
16534,11
16535,3
16535,9
16536,4
16536,8
16536,12
16537,7
16537,17
16537,20
16538,10
16538,12
16538,18
16539,3
16540,2
16541,17
16542,2
16542,19
16543,1
16543,2
16544,9
16545,15
16546,7
16547,6
16547,9
16548,16
16549,3
16549,7
16549,8
16550,10
16551,3
16551,5
16551,10
16552,4
16552,15
16553,13
16553,16
16553,19
16554,3
16555,10
16555,16
16556,4
16556,5
16556,6
16557,4
16558,5
16558,16
16559,5
16559,18
16560,11
16561,16
16562,1
16562,16
16563,8
16563,14
16563,19
16564,8
16565,9
16566,2
16566,9
16566,13
16567,20
16568,3
16568,11
16569,6
16569,13
16569,20
16570,3
16570,9
16571,2
16571,16
16572,11
16572,18
16573,14
16573,17
16573,20
16574,7
16575,12
16575,17
16576,4
16576,15
16576,20
16577,4
16577,6
16577,15
16578,19
16579,3
16579,7
16579,19
16580,13
16580,16
16581,16
16582,1
16582,5
16582,20
16583,15
16584,6
16584,9
16584,14
16585,6
16585,11
16586,10
16586,17
16587,1
16588,1
16588,8
16588,18
16589,2
16589,17
16590,10
16590,14
16591,10
16591,19
16592,3
16592,18
16592,20
16593,10
16593,18
16594,9
16594,16
16594,17
16595,1
16595,6
16595,7
16596,19
16597,6
